Judet,UAT,Localitate,Siruta,"Nr sectie de votare","Nume sectie de votare",Mediu,"Înscriși pe liste permanente","Înscriși pe liste complementare",LP,LS,LC,UM,LT,"Barbati 18-24","Barbati 25-34","Barbati 35-44","Barbati 45-64","Barbati 65+","Femei 18-24","Femei 25-34","Femei 35-44","Femei 45-64","Femei 65+","Barbati 18","Barbati 19","Barbati 20","Barbati 21","Barbati 22","Barbati 23","Barbati 24","Barbati 25","Barbati 26","Barbati 27","Barbati 28","Barbati 29","Barbati 30","Barbati 31","Barbati 32","Barbati 33","Barbati 34","Barbati 35","Barbati 36","Barbati 37","Barbati 38","Barbati 39","Barbati 40","Barbati 41","Barbati 42","Barbati 43","Barbati 44","Barbati 45","Barbati 46","Barbati 47","Barbati 48","Barbati 49","Barbati 50","Barbati 51","Barbati 52","Barbati 53","Barbati 54","Barbati 55","Barbati 56","Barbati 57","Barbati 58","Barbati 59","Barbati 60","Barbati 61","Barbati 62","Barbati 63","Barbati 64","Barbati 65","Barbati 66","Barbati 67","Barbati 68","Barbati 69","Barbati 70","Barbati 71","Barbati 72","Barbati 73","Barbati 74","Barbati 75","Barbati 76","Barbati 77","Barbati 78","Barbati 79","Barbati 80","Barbati 81","Barbati 82","Barbati 83","Barbati 84","Barbati 85","Barbati 86","Barbati 87","Barbati 88","Barbati 89","Barbati 90","Barbati 91","Barbati 92","Barbati 93","Barbati 94","Barbati 95","Barbati 96","Barbati 97","Barbati 98","Barbati 99","Barbati 100","Barbati 101","Barbati 102","Barbati 103","Barbati 104","Barbati 105","Barbati 106","Barbati 107","Barbati 108","Barbati 109","Barbati 110","Barbati 111","Barbati 112","Barbati 113","Barbati 114","Barbati 115","Barbati 116","Barbati 117","Barbati 118","Barbati 119","Barbati 120","Femei 18","Femei 19","Femei 20","Femei 21","Femei 22","Femei 23","Femei 24","Femei 25","Femei 26","Femei 27","Femei 28","Femei 29","Femei 30","Femei 31","Femei 32","Femei 33","Femei 34","Femei 35","Femei 36","Femei 37","Femei 38","Femei 39","Femei 40","Femei 41","Femei 42","Femei 43","Femei 44","Femei 45","Femei 46","Femei 47","Femei 48","Femei 49","Femei 50","Femei 51","Femei 52","Femei 53","Femei 54","Femei 55","Femei 56","Femei 57","Femei 58","Femei 59","Femei 60","Femei 61","Femei 62","Femei 63","Femei 64","Femei 65","Femei 66","Femei 67","Femei 68","Femei 69","Femei 70","Femei 71","Femei 72","Femei 73","Femei 74","Femei 75","Femei 76","Femei 77","Femei 78","Femei 79","Femei 80","Femei 81","Femei 82","Femei 83","Femei 84","Femei 85","Femei 86","Femei 87","Femei 88","Femei 89","Femei 90","Femei 91","Femei 92","Femei 93","Femei 94","Femei 95","Femei 96","Femei 97","Femei 98","Femei 99","Femei 100","Femei 101","Femei 102","Femei 103","Femei 104","Femei 105","Femei 106","Femei 107","Femei 108","Femei 109","Femei 110","Femei 111","Femei 112","Femei 113","Femei 114","Femei 115","Femei 116","Femei 117","Femei 118","Femei 119","Femei 120"
BH,REMETEA,REMETEA,30719,515,"ȘCOALA GIMNAZIALĂ NR 1",R,689,2,447,2,0,8,457,14,32,48,81,54,17,30,42,77,62,2,1,2,4,2,2,1,3,2,7,1,3,2,2,3,3,6,3,2,6,4,9,6,8,5,3,2,4,2,5,4,5,5,4,4,5,4,5,4,7,4,4,6,2,3,1,3,4,3,8,4,2,5,7,4,5,1,2,3,3,0,1,0,1,0,0,0,1,0,0,0,0,0,0,0,0,0,0,0,0,0,0,0,0,0,0,0,0,0,0,0,0,0,0,0,0,0,0,0,0,0,0,0,2,2,3,1,3,5,1,0,2,5,4,1,5,2,3,3,5,3,6,6,6,5,3,3,2,5,3,3,3,2,4,6,1,5,3,4,7,3,3,8,7,1,5,2,3,2,5,5,7,5,6,2,5,6,2,3,6,2,4,1,2,3,0,2,0,1,0,0,0,0,0,0,0,0,0,0,0,0,0,0,0,0,0,0,0,0,0,0,0,0,0,0,0,0,0,0,0,0,0,0,0,0,0
BH,REMETEA,MEZIAD,30719,517,"ȘCOALA GIMNAZIALĂ NR 2",R,888,2,608,4,0,36,648,37,32,49,114,73,32,37,58,117,99,6,7,4,4,5,4,7,2,6,7,2,3,2,5,1,1,3,4,2,4,5,9,4,7,8,2,4,3,9,10,9,6,8,6,8,6,9,5,6,2,6,0,4,2,4,3,8,4,2,6,1,9,7,4,5,4,3,2,4,2,1,4,3,2,0,2,3,2,0,0,1,0,0,2,0,0,0,0,0,0,0,0,0,0,0,0,0,0,0,0,0,0,0,0,0,0,0,0,0,0,0,0,0,7,2,5,7,4,2,5,2,6,4,2,2,0,6,6,4,5,4,4,4,6,8,7,9,7,6,3,8,3,9,7,8,5,4,4,9,5,7,4,7,7,4,5,3,6,5,7,2,9,7,5,5,3,7,8,6,6,8,4,3,3,1,1,4,0,2,2,3,2,1,1,3,1,1,0,0,0,0,1,0,0,0,0,0,0,0,0,0,0,0,0,0,0,0,0,0,0,0,0,0,0,0,0
BH,REMETEA,DRĂGOTENI,30719,516,"ȘCOALA PRIMARĂ NR. 2",R,291,0,203,3,0,12,218,14,12,10,43,31,10,7,18,30,43,3,1,2,0,4,1,3,1,2,1,2,0,1,0,1,1,3,2,1,1,0,1,0,1,1,1,2,4,0,6,3,2,4,1,3,1,1,2,2,4,2,2,0,0,1,4,1,1,0,3,2,1,4,2,1,3,0,0,3,2,0,0,3,0,0,0,0,2,1,0,1,1,0,0,0,1,0,0,0,0,0,0,0,0,0,0,0,0,0,0,0,0,0,0,0,0,0,0,0,0,0,0,0,0,3,1,1,2,2,1,2,1,0,1,0,0,1,0,0,2,0,2,2,1,1,2,3,3,2,2,4,1,1,3,0,2,0,1,0,1,4,3,4,2,3,0,1,0,0,0,1,3,2,3,1,3,2,4,2,4,2,2,5,1,3,2,2,0,0,0,0,0,0,0,1,0,0,0,0,0,0,0,0,0,0,0,0,0,0,0,0,0,0,0,0,0,0,0,0,0,0,0,0,0,0,0
BH,REMETEA,PETREASA,30719,518,"CĂMINUL CULTURAL PETREASA",R,360,1,219,2,0,11,232,12,17,20,45,32,8,13,12,37,36,2,1,1,1,1,3,3,0,1,1,5,2,1,1,2,4,0,5,0,4,1,1,2,1,3,3,0,1,2,4,1,1,1,3,2,2,3,4,6,1,3,3,4,1,1,0,2,0,2,1,1,2,1,2,1,0,3,3,2,4,1,0,2,0,1,1,1,1,0,2,0,0,0,0,0,1,0,0,0,0,0,0,0,0,0,0,0,0,0,0,0,0,0,0,0,0,0,0,0,0,0,0,0,1,0,3,1,1,1,1,2,4,0,2,1,1,0,0,2,1,3,0,1,1,0,2,1,1,2,1,0,0,2,2,2,4,1,3,1,1,3,1,4,5,1,1,3,1,1,1,0,3,5,2,4,2,2,1,1,3,1,1,1,1,2,2,1,0,2,0,0,1,0,0,0,1,0,0,0,0,0,0,0,0,0,0,0,0,0,0,0,0,0,0,0,0,0,0,0,0,0,0,0,0,0,0
BH,REMETEA,ŞOIMUŞ,30719,519,"CĂMINUL CULTURAL ŞOIMUŞ",R,100,0,61,0,0,1,62,2,9,2,9,8,1,5,2,10,14,0,0,0,0,1,0,1,0,1,0,0,0,2,2,1,1,2,1,0,1,0,0,0,0,0,0,0,0,0,1,0,0,1,0,0,1,1,1,0,0,0,1,0,1,1,1,0,1,2,0,2,0,0,0,0,1,0,0,0,1,1,0,0,0,0,0,0,0,0,0,0,0,0,0,0,0,0,0,0,0,0,0,0,0,0,0,0,0,0,0,0,0,0,0,0,0,0,0,0,0,0,0,0,0,0,0,1,0,0,0,2,0,0,0,2,0,1,0,0,0,1,0,0,0,0,0,0,0,0,1,0,0,1,0,1,0,1,0,1,1,2,1,1,0,0,0,0,0,0,1,2,1,0,0,1,2,1,1,1,0,1,0,1,1,0,1,0,0,0,0,1,0,0,0,0,0,0,0,0,0,0,0,0,0,0,0,0,0,0,0,0,0,0,0,0,0,0,0,0,0,0,0,0,0,0,0
BT,"MIHAI EMINESCU",IPOTEŞTI,38063,305,"SCOALA IPOTEȘTI",R,516,2,310,2,1,0,313,8,27,20,68,32,8,21,22,66,41,1,2,0,0,1,3,1,1,1,2,3,2,1,8,2,5,2,1,2,1,3,2,0,1,1,6,3,1,3,1,2,1,6,3,2,5,3,7,5,11,6,4,3,2,1,0,2,0,2,1,3,4,1,2,1,1,1,3,0,0,2,1,1,1,2,0,0,0,1,2,1,0,0,1,1,0,0,0,0,0,0,0,0,0,0,0,0,0,0,0,0,0,0,0,0,0,0,0,0,0,0,0,0,2,1,0,0,3,2,0,0,2,4,4,1,2,0,4,1,3,0,3,3,2,2,3,5,1,1,2,2,3,2,2,3,6,6,4,7,6,2,7,1,4,3,0,3,2,1,2,7,4,2,3,1,0,4,2,3,5,2,1,1,0,0,0,2,1,0,1,0,1,1,0,0,0,0,0,0,0,0,0,0,0,0,0,0,0,0,0,0,0,0,0,0,0,0,0,0,0,0,0,0,0,0,0
BT,"MIHAI EMINESCU",CUCORĂNI,38063,310,"SCOALA CUCORĂNI",R,689,1,392,1,0,0,393,19,21,45,89,33,13,16,42,73,42,4,4,1,2,5,3,0,3,2,1,6,1,0,2,3,2,1,2,2,1,5,4,4,6,4,4,13,6,6,0,2,2,4,10,5,6,8,6,4,8,6,2,5,2,5,1,1,1,8,3,2,2,1,1,3,2,2,1,2,1,1,2,1,0,0,0,0,0,0,0,0,0,0,0,0,0,0,0,0,0,0,0,0,0,0,0,0,0,0,0,0,0,0,0,0,0,0,0,0,0,0,0,0,3,2,1,1,2,3,1,0,0,5,1,1,3,0,2,2,2,4,5,5,6,1,5,2,1,6,7,5,6,2,3,4,5,2,3,7,6,2,3,4,8,3,4,2,0,3,1,3,2,4,3,1,5,4,6,1,4,3,1,0,0,0,0,2,0,1,0,1,1,0,0,0,0,0,0,0,0,0,0,0,0,0,0,0,0,0,0,0,0,0,0,0,0,0,0,0,0,0,0,0,0,0,0
BT,"MIHAI EMINESCU",CERVICEŞTI,38063,309,"SCOALA CERVICEȘTI",R,719,0,381,0,0,0,381,22,20,41,94,32,16,20,32,60,44,4,5,2,4,4,2,1,4,2,2,2,1,1,3,2,3,0,3,5,5,3,6,4,4,6,2,3,6,5,5,4,6,3,7,6,1,12,7,7,6,4,1,2,1,4,2,5,1,4,1,0,4,2,3,1,3,2,2,3,3,0,1,1,0,0,0,1,0,0,0,0,0,0,0,0,0,0,0,0,0,0,0,0,0,0,0,0,0,0,0,0,0,0,0,0,0,0,0,0,0,0,0,0,8,3,0,2,1,1,1,2,1,1,4,3,1,3,1,2,2,4,3,4,2,3,3,5,2,3,3,6,3,6,2,3,3,2,3,2,3,3,6,4,3,2,5,0,0,3,1,5,2,5,1,0,4,2,6,0,3,6,1,1,3,2,0,1,0,0,0,2,0,0,0,0,0,0,0,0,0,0,0,0,0,0,0,0,0,0,0,0,0,0,0,0,0,0,0,0,0,0,0,0,0,0,0
BT,"MIHAI EMINESCU",CĂTĂMĂREŞTI-DEAL,38063,307,"SCOALA CĂTĂMĂREȘTI DEAL",R,1753,3,750,1,0,0,751,18,33,84,166,55,26,42,86,169,72,5,4,4,0,3,1,1,1,1,4,3,3,2,2,4,6,7,9,5,5,12,10,6,6,13,9,9,13,7,7,9,8,11,7,12,7,9,12,11,10,10,5,6,5,5,6,6,8,2,8,5,7,3,1,4,2,1,4,3,2,0,0,0,1,1,1,1,0,0,0,1,0,0,0,0,0,0,0,0,0,0,0,0,0,0,0,0,0,0,0,0,0,0,0,0,0,0,0,0,0,0,0,0,6,5,0,5,2,4,4,4,3,5,2,2,8,5,2,5,6,12,7,8,7,9,7,8,10,10,8,15,5,5,12,8,6,11,6,16,12,12,13,11,8,10,0,4,3,6,6,9,6,8,6,7,6,5,3,4,2,4,2,4,0,2,1,0,1,1,0,0,1,0,0,0,0,0,0,0,0,0,0,0,0,0,0,0,0,0,0,0,0,0,0,0,0,0,0,0,0,0,0,0,0,0,0
BT,"MIHAI EMINESCU",CĂTĂMĂREŞTI-DEAL,38063,308,"SCOALA CĂTĂMĂREȘTI DEAL",R,1736,2,642,1,0,0,643,15,25,87,148,62,11,38,68,134,55,8,2,0,1,2,1,1,0,2,1,0,3,2,2,5,6,4,7,7,12,10,9,11,12,10,3,6,6,5,10,7,13,11,8,9,6,3,9,14,12,9,5,5,4,2,3,7,5,8,7,6,8,5,1,5,1,3,5,1,3,0,1,0,0,1,0,0,1,1,0,0,0,0,0,0,0,0,0,0,0,0,0,0,0,0,0,0,0,0,0,0,0,0,0,0,0,0,0,0,0,0,0,0,3,1,0,3,1,1,2,0,2,1,1,1,4,6,8,8,7,6,6,11,8,8,6,9,7,3,4,10,2,10,6,8,3,9,9,9,7,9,11,4,6,7,3,8,6,0,7,9,8,4,7,3,3,7,1,4,1,1,3,2,0,2,0,0,0,0,0,0,0,0,0,0,0,0,0,0,0,0,0,0,0,0,0,0,0,0,0,0,0,0,0,0,0,0,0,0,0,0,0,0,0,0,0
BT,"MIHAI EMINESCU",STÂNCEŞTI,38063,311,"ȘCOALA STÎNCEȘTI",R,1456,4,539,0,0,0,539,15,20,63,134,49,12,30,45,105,66,4,5,2,0,0,0,4,1,4,2,2,1,0,3,1,4,2,9,4,3,7,8,3,5,4,11,9,8,5,8,16,8,6,7,9,4,6,13,5,11,6,8,2,1,4,4,3,6,6,3,0,2,9,5,3,1,4,1,1,1,1,3,1,2,0,0,0,0,0,0,0,0,0,0,0,0,0,0,0,0,0,0,0,0,0,0,0,0,0,0,0,0,0,0,0,0,0,0,0,0,0,0,0,4,3,0,1,1,1,2,1,1,9,2,2,3,3,1,8,0,1,4,1,5,4,6,7,4,5,8,3,9,6,7,5,6,7,6,2,11,10,3,10,6,3,2,2,1,1,5,3,7,3,4,6,7,6,2,4,7,2,4,3,0,3,1,2,1,0,0,1,0,0,0,0,0,0,0,0,0,0,0,0,0,0,0,0,0,0,0,0,0,0,0,0,0,0,0,0,0,0,0,0,0,0,0
BT,"MIHAI EMINESCU",CĂTĂMĂREŞTI,38063,306,"ȘCOALA CĂTĂMĂREȘTI",R,514,1,248,0,0,0,248,14,10,20,53,19,9,16,21,51,35,3,0,0,1,2,3,5,1,1,1,1,2,0,1,0,2,1,3,1,3,2,3,2,1,0,2,3,3,3,5,2,0,1,3,3,5,3,2,3,5,4,1,1,1,1,3,4,2,0,3,4,1,1,0,0,0,0,2,0,1,0,1,1,0,0,2,0,0,0,0,0,0,0,1,0,0,0,0,0,0,0,0,0,0,0,0,0,0,0,0,0,0,0,0,0,0,0,0,0,0,0,0,0,2,0,3,1,1,1,1,3,0,1,2,0,5,3,1,0,1,1,2,0,2,4,2,3,1,6,0,1,5,0,1,2,3,2,7,5,2,2,4,1,1,3,4,1,3,2,2,3,2,5,2,3,3,0,2,0,4,2,0,2,0,0,1,1,2,2,1,0,0,0,0,0,0,0,0,0,0,0,0,0,0,0,0,0,0,0,0,0,0,0,0,0,0,0,0,0,0,0,0,0,0,0,0
BZ,"MUNICIPIUL BUZĂU",BUZĂU,44818,1,"ȘCOALA GIMNAZIALĂ ”EPISCOP DIONISIE ROMANO”",U,1487,1,422,10,0,0,432,10,12,23,80,76,5,12,35,96,83,3,1,1,1,2,1,1,3,1,0,2,0,0,2,2,0,2,0,0,1,2,0,5,2,2,5,6,2,3,6,4,3,2,4,5,4,5,5,8,5,6,1,4,2,1,4,6,1,9,10,10,5,7,4,4,5,5,3,5,3,2,1,0,1,0,0,0,0,0,0,0,0,0,0,1,0,0,0,0,0,0,0,0,0,0,0,0,0,0,0,0,0,0,0,0,0,0,0,0,0,0,0,0,1,0,0,1,1,2,0,1,1,0,1,1,1,2,0,3,2,0,1,7,1,2,7,7,3,4,3,2,3,2,1,6,5,5,4,6,3,3,8,8,7,5,4,2,7,6,9,8,8,12,8,2,3,6,9,6,3,3,4,2,2,1,1,0,0,0,1,2,0,0,1,0,0,0,1,0,0,0,0,0,0,0,0,0,0,0,0,0,0,0,0,0,0,0,0,0,0,0,0,0,0,0,0
BZ,"MUNICIPIUL BUZĂU",BUZĂU,44818,3,"ŞCOALA GIMNAZIALĂ NR.11",U,1173,0,260,9,0,0,269,8,2,24,47,47,4,11,20,55,51,2,1,1,1,1,2,0,1,0,0,0,0,0,0,0,0,1,2,1,0,2,5,1,4,3,5,1,2,4,2,2,0,4,2,3,1,1,7,5,2,2,1,2,0,2,0,5,4,4,2,1,2,1,5,2,2,4,4,2,0,3,1,3,0,1,1,1,2,0,0,1,1,0,0,0,0,0,0,0,0,0,0,0,0,0,0,0,0,0,0,0,0,0,0,0,0,0,0,0,0,0,0,0,0,1,1,0,0,2,0,3,0,1,1,0,1,1,2,1,1,1,1,3,3,5,2,1,2,2,0,0,2,3,4,1,1,3,6,3,2,5,3,6,4,0,0,6,3,2,1,6,6,2,3,3,4,1,3,0,2,7,3,2,2,0,1,2,0,0,0,0,0,0,1,1,1,0,1,0,0,0,0,0,0,0,0,0,0,0,0,0,0,0,0,0,0,0,0,0,0,0,0,0,0,0,0
BZ,"MUNICIPIUL BUZĂU",BUZĂU,44818,4,"ŞCOALA GIMNAZIALĂ NR.11",U,1460,3,381,8,0,0,389,7,9,27,93,58,6,9,22,85,73,3,3,0,0,0,1,0,0,1,0,1,0,0,0,1,4,2,2,3,2,2,3,5,2,1,3,4,2,3,6,4,12,4,6,7,4,2,5,6,7,8,4,3,0,2,3,5,4,0,0,2,2,7,3,3,6,9,6,2,4,4,0,1,1,2,2,0,0,0,0,0,0,0,0,0,0,0,0,0,0,0,0,0,0,0,0,0,0,0,0,0,0,0,0,0,0,0,0,0,0,0,0,0,1,1,1,0,0,2,1,0,0,0,0,2,1,0,1,3,2,2,1,1,6,4,1,2,0,1,4,4,1,7,9,3,5,2,5,5,6,4,5,6,9,1,2,1,2,2,6,1,0,4,7,5,7,13,8,3,4,7,3,2,3,2,0,0,1,1,0,0,1,1,0,0,0,0,0,0,0,0,0,0,0,0,0,0,0,0,0,0,0,0,0,0,0,0,0,0,0,0,0,0,0,0,0
BZ,"MUNICIPIUL BUZĂU",BUZĂU,44818,5,"ŞCOALA GIMNAZIALĂ NR.11",U,1474,0,350,7,0,13,370,11,10,34,82,48,6,13,33,67,66,2,1,3,3,1,1,0,1,1,1,2,0,0,1,2,1,1,2,3,3,3,5,3,5,2,2,6,9,6,6,7,5,5,6,5,3,5,4,4,3,2,3,3,2,2,2,0,5,3,1,3,3,3,2,2,0,7,1,7,2,3,3,0,0,1,1,0,0,0,0,1,0,0,0,0,0,0,0,0,0,0,0,0,0,0,0,0,0,0,0,0,0,0,0,0,0,0,0,0,0,0,0,0,3,1,0,1,0,1,0,2,2,0,1,1,2,1,1,1,2,2,6,1,4,5,4,2,1,3,5,3,5,4,6,6,6,6,6,3,6,5,1,2,1,3,1,1,1,1,0,4,2,3,2,1,5,10,7,7,5,2,5,6,2,1,1,0,2,0,0,0,0,0,1,0,0,0,0,0,0,0,0,0,0,0,0,0,0,0,0,0,0,0,0,0,0,0,0,0,0,0,0,0,0,0,0
BZ,"MUNICIPIUL BUZĂU",BUZĂU,44818,6,"ŞCOALA GIMNAZIALĂ NR.11",U,1275,0,335,7,0,0,342,13,10,32,69,51,7,7,31,56,66,2,6,1,1,2,1,0,2,2,0,1,0,2,0,0,1,2,3,5,0,3,4,6,0,2,2,7,5,5,6,4,4,6,4,3,4,2,3,3,5,4,2,1,2,2,3,1,0,1,2,1,0,1,0,7,2,4,6,9,5,4,1,2,2,0,2,0,1,0,0,1,0,0,0,0,0,0,0,0,0,0,0,0,0,0,0,0,0,0,0,0,0,0,0,0,0,0,0,0,0,0,0,0,2,1,1,2,0,0,1,0,0,0,1,1,1,2,0,1,1,2,2,3,3,2,5,4,3,1,6,5,3,2,4,4,2,5,2,3,3,2,4,5,4,1,2,3,0,0,2,1,1,3,5,7,11,6,6,5,4,3,5,3,2,1,2,1,0,0,0,0,0,0,0,0,0,0,0,0,0,0,0,0,0,0,0,0,0,0,0,0,0,0,0,0,0,0,0,0,0,0,0,0,0,0,0
BZ,"MUNICIPIUL BUZĂU",BUZĂU,44818,7,"LICEUL TEHNOLOGIC ”GRIGORE C. MOISIL”– SALĂ DE SPORT",U,951,1,229,10,0,0,239,10,8,15,51,38,4,4,20,50,39,2,1,1,4,2,0,0,1,0,0,0,0,2,1,1,3,0,1,1,1,2,0,2,2,2,1,3,4,2,1,2,1,4,3,3,1,6,4,2,3,5,2,1,0,2,3,2,3,4,4,4,2,2,4,3,1,3,2,1,2,0,1,0,0,1,1,0,0,0,0,0,0,0,0,0,0,0,0,0,0,0,0,0,0,0,0,0,0,0,0,0,0,0,0,0,0,0,0,0,0,0,0,0,1,0,1,1,0,0,1,0,0,0,1,0,1,2,0,0,0,1,7,1,0,0,0,1,3,4,3,2,2,2,4,3,0,3,6,3,2,3,4,2,3,0,2,2,3,1,3,4,1,2,7,3,1,5,2,3,2,5,2,0,0,0,1,0,0,1,0,0,0,0,0,0,0,0,0,0,0,0,0,0,0,0,0,0,0,0,0,0,0,0,0,0,0,0,0,0,0,0,0,0,0,0,0
BZ,"MUNICIPIUL BUZĂU",BUZĂU,44818,8,"LICEUL TEHNOLOGIC ”GRIGORE C. MOISIL”– SALĂ DE SPORT",U,1055,1,269,11,0,0,280,7,7,18,71,35,2,12,24,68,36,1,1,0,2,0,2,1,2,1,0,0,0,0,1,2,1,0,2,3,2,3,0,1,1,1,1,4,1,1,6,3,3,1,2,2,5,5,6,6,6,8,2,4,3,2,3,2,3,1,2,4,3,6,5,3,4,1,2,1,0,0,0,0,0,0,0,0,0,0,0,0,0,0,0,0,0,0,0,0,0,0,0,0,0,0,0,0,0,0,0,0,0,0,0,0,0,0,0,0,0,0,0,0,0,0,0,1,0,1,0,2,0,1,0,0,1,1,1,4,2,0,3,2,5,3,2,3,2,1,3,5,3,2,1,3,0,3,8,4,2,3,7,4,9,3,3,3,2,2,1,5,1,10,3,0,2,3,3,1,4,1,1,0,0,0,1,0,0,0,0,0,0,0,0,0,1,0,0,0,0,0,0,0,0,0,0,0,0,0,0,0,0,0,0,0,0,0,0,0,0,0,0,0,0,0,0
BZ,"MUNICIPIUL BUZĂU",BUZĂU,44818,9,"LICEUL TEHNOLOGIC ”GRIGORE C. MOISIL”",U,1510,0,330,7,0,0,337,7,7,20,86,50,8,10,17,73,59,2,0,0,2,2,0,1,0,0,2,0,2,1,0,1,1,0,1,2,2,4,2,2,0,1,2,4,6,6,9,7,3,4,4,2,4,5,3,2,2,10,0,2,5,2,7,3,3,2,2,2,3,4,8,6,4,3,5,6,1,0,0,0,0,0,0,1,0,0,0,0,0,0,0,0,0,0,0,0,0,0,0,0,0,0,0,0,0,0,0,0,0,0,0,0,0,0,0,0,0,0,0,0,1,3,0,0,2,2,0,2,1,0,0,1,1,1,1,2,1,0,4,1,2,1,2,4,0,2,1,4,6,3,9,5,2,2,6,3,2,2,3,5,4,5,2,1,2,1,6,3,3,5,9,9,2,4,6,4,2,5,3,1,1,0,0,1,0,0,0,1,0,0,0,0,0,0,0,0,0,0,0,0,0,0,0,0,0,0,0,0,0,0,0,0,0,0,0,0,0,0,0,0,0,0,0
BZ,"MUNICIPIUL BUZĂU",BUZĂU,44818,10,"LICEUL TEHNOLOGIC ”GRIGORE C. MOISIL”",U,1318,0,306,7,0,0,313,7,6,27,57,60,7,4,26,67,52,2,1,0,1,1,0,2,0,0,0,0,1,1,1,1,1,1,1,0,0,6,5,4,3,3,1,4,4,4,11,2,5,2,3,2,3,7,3,1,4,1,0,0,0,4,0,1,3,2,6,6,5,7,6,3,5,9,0,6,0,0,0,1,0,0,0,0,0,1,0,0,0,0,0,0,0,0,0,0,0,0,0,0,0,0,0,0,0,0,0,0,0,0,0,0,0,0,0,0,0,0,0,0,3,1,1,0,0,1,1,0,1,0,0,0,0,1,1,0,1,0,1,1,5,6,5,1,1,3,3,5,7,4,4,3,2,7,0,2,3,0,2,4,3,3,0,5,4,3,6,7,8,9,7,5,2,3,5,2,0,2,1,0,0,0,0,1,0,0,0,0,0,0,0,0,0,0,0,0,0,0,0,0,0,0,0,0,0,0,0,0,0,0,0,0,0,0,0,0,0,0,0,0,0,0,0
BZ,"MUNICIPIUL BUZĂU",BUZĂU,44818,11,"LICEUL TEHNOLOGIC ”GRIGORE C. MOISIL”",U,1150,1,244,9,0,0,253,5,10,17,47,54,1,7,20,47,45,4,1,0,0,0,0,0,2,0,1,0,1,1,0,2,2,1,0,0,3,0,3,4,1,2,2,2,4,1,3,2,3,3,3,3,5,1,0,5,4,1,4,1,1,1,1,1,4,8,7,5,2,5,4,4,3,4,4,2,1,0,0,0,0,0,0,0,0,0,0,0,0,1,0,0,0,0,0,0,0,0,0,0,0,0,0,0,0,0,0,0,0,0,0,0,0,0,0,0,0,0,0,0,0,0,0,0,0,0,1,0,1,0,1,2,1,0,0,2,0,2,1,2,1,1,3,3,1,4,2,4,2,2,1,2,0,2,2,2,2,5,2,4,3,0,2,3,0,6,3,4,7,4,10,6,5,2,0,1,4,0,2,0,0,0,0,0,0,0,0,0,0,0,0,0,0,0,0,0,0,0,0,0,0,0,0,0,0,0,0,0,0,0,0,0,0,0,0,0,0,0,0,0,0,0,0
BZ,"MUNICIPIUL BUZĂU",BUZĂU,44818,12,"LICEUL TEHNOLOGIC ”GRIGORE C. MOISIL”",U,1288,1,241,9,0,0,250,5,5,22,52,41,4,8,15,58,40,0,2,1,0,0,1,1,0,1,0,0,0,1,1,0,1,1,1,1,0,1,4,4,2,2,1,6,2,8,2,4,1,4,0,3,3,1,8,3,1,4,1,0,3,1,2,1,4,3,4,3,8,1,5,4,1,2,0,3,0,0,1,0,0,0,0,0,1,0,1,0,0,0,0,0,0,0,0,0,0,0,0,0,0,0,0,0,0,0,0,0,0,0,0,0,0,0,0,0,0,0,0,0,0,1,2,1,0,0,0,0,0,1,1,1,1,0,2,0,2,1,1,1,2,2,2,4,0,1,1,3,7,3,4,5,1,1,5,2,2,5,2,4,2,3,1,2,1,2,3,8,5,6,6,4,1,0,1,2,0,2,1,1,0,1,0,0,2,0,0,0,0,0,0,0,0,0,0,0,0,0,0,0,0,0,0,0,0,0,0,0,0,0,0,0,0,0,0,0,0,0,0,0,0,0,0
BZ,"MUNICIPIUL BUZĂU",BUZĂU,44818,13,"COLEGIUL UNIVERSITAR ECONOMIC",U,1550,0,377,8,0,0,385,10,10,26,72,60,6,14,31,85,71,2,3,1,0,2,1,1,3,2,1,1,1,0,0,0,1,1,1,2,3,0,1,5,2,3,5,4,4,4,2,5,4,6,8,3,2,3,3,5,3,3,5,1,2,2,3,4,3,5,5,4,4,4,5,10,1,7,3,3,3,1,0,0,1,0,0,0,1,0,0,0,0,0,0,0,0,0,0,0,0,0,0,0,0,0,0,0,0,0,0,0,0,0,0,0,0,0,0,0,0,0,0,0,1,1,1,0,1,1,1,2,1,1,0,1,0,2,3,2,2,2,3,2,2,3,2,3,3,6,5,5,1,6,3,4,4,3,3,5,3,6,6,6,4,2,1,4,5,6,8,3,3,12,11,11,8,6,4,4,3,2,2,1,1,0,0,0,0,0,0,0,0,0,0,0,0,0,0,0,0,0,0,0,0,0,0,0,0,0,0,0,0,0,0,0,0,0,0,0,0,0,0,0,0,0,0
BZ,"MUNICIPIUL BUZĂU",BUZĂU,44818,14,"ŞCOALA GIMNAZIALĂ NR. 7",U,1652,0,277,7,0,0,284,8,8,22,76,37,7,7,21,61,37,2,0,2,0,2,1,1,1,0,1,2,1,0,0,2,0,1,2,1,1,2,3,2,3,2,2,4,4,4,5,4,4,5,2,6,4,4,6,8,4,3,3,2,4,1,3,0,1,0,5,2,2,7,6,4,0,1,1,3,0,0,1,1,0,0,1,0,0,1,0,1,0,0,0,0,0,0,0,0,0,0,0,0,0,0,0,0,0,0,0,0,0,0,0,0,0,0,0,0,0,0,0,0,3,1,2,0,0,1,0,2,1,1,0,2,0,0,1,0,0,1,2,3,1,0,3,2,4,2,3,3,5,2,6,3,3,4,3,0,3,3,3,2,3,3,1,2,2,5,5,4,4,3,6,7,7,2,0,0,2,1,0,0,0,0,1,0,0,0,0,0,0,0,0,0,0,0,0,0,0,0,0,0,0,0,0,0,0,0,0,0,0,0,0,0,0,0,0,0,0,0,0,0,0,0,0
BZ,"MUNICIPIUL BUZĂU",BUZĂU,44818,15,"ŞCOALA GIMNAZIALĂ NR. 7",U,1566,1,362,9,0,0,371,6,8,33,76,62,9,9,29,83,56,1,1,0,1,3,0,0,3,0,1,0,0,0,0,0,2,2,2,2,4,3,0,3,3,7,8,1,9,9,4,8,4,5,2,1,3,1,3,4,7,1,1,1,2,4,1,6,3,8,8,5,6,4,10,3,3,3,4,2,0,0,0,0,2,0,1,0,0,0,0,0,0,0,0,0,0,0,0,0,0,0,0,0,0,0,0,0,0,0,0,0,0,0,0,0,0,0,0,0,0,0,0,0,1,3,2,2,1,0,0,0,0,0,1,2,4,0,1,1,0,1,2,3,3,4,5,2,3,3,3,4,5,9,3,4,4,3,4,2,4,3,1,6,4,6,3,4,4,4,6,7,8,6,6,5,9,3,1,3,4,3,1,0,0,0,0,0,0,0,0,0,0,0,0,0,0,0,0,0,0,0,0,0,0,0,0,0,0,0,0,0,0,0,0,0,0,0,0,0,0,0,0,0,0,0,0
BZ,"MUNICIPIUL BUZĂU",BUZĂU,44818,16,"ŞCOALA GIMNAZIALĂ ”GENERAL GRIGORE BAŞTAN”",U,998,1,210,9,0,0,219,9,3,14,66,29,4,4,5,55,30,2,2,1,4,0,0,0,0,0,1,1,0,1,0,0,0,0,0,0,2,2,0,2,4,0,2,2,2,2,4,5,2,3,8,2,2,2,4,1,8,6,2,1,2,3,4,3,4,5,0,4,3,3,6,2,1,0,1,0,0,0,0,0,0,0,0,0,0,0,0,0,0,0,0,0,0,0,0,0,0,0,0,0,0,0,0,0,0,0,0,0,0,0,0,0,0,0,0,0,0,0,0,0,1,1,1,0,0,1,0,0,0,1,0,0,1,0,1,1,0,0,0,0,2,1,0,0,1,1,0,4,4,1,3,2,2,3,2,0,2,4,3,1,8,2,2,2,4,1,5,2,3,6,7,3,0,2,3,1,0,1,2,0,0,0,0,0,0,0,0,0,0,0,0,0,0,0,0,0,0,0,0,0,0,0,0,0,0,0,0,0,0,0,0,0,0,0,0,0,0,0,0,0,0,0,0
BZ,"MUNICIPIUL BUZĂU",BUZĂU,44818,17,"ŞCOALA GIMNAZIALĂ ”GENERAL GRIGORE BAŞTAN”",U,1088,0,239,9,0,0,248,5,7,22,50,39,7,7,14,60,37,1,2,0,1,0,1,0,1,0,0,0,1,0,2,2,1,0,1,2,2,2,3,1,5,2,3,1,4,5,2,3,1,2,2,4,5,1,2,4,4,0,3,0,4,0,1,3,5,6,3,7,3,3,4,1,2,3,1,1,0,0,0,0,0,0,0,0,0,0,0,0,0,0,0,0,0,0,0,0,0,0,0,0,0,0,0,0,0,0,0,0,0,0,0,0,0,0,0,0,0,0,0,0,1,1,2,2,0,0,1,0,0,2,1,1,0,0,0,1,2,0,2,1,3,0,0,1,2,4,1,3,3,3,4,3,3,5,1,1,2,1,1,6,2,1,0,7,4,8,2,7,5,4,7,5,2,2,2,0,0,0,1,0,1,1,0,0,0,0,0,0,0,0,0,0,0,0,0,0,0,0,0,0,0,0,0,0,0,0,0,0,0,0,0,0,0,0,0,0,0,0,0,0,0,0,0
BZ,"MUNICIPIUL BUZĂU",BUZĂU,44818,18,"ŞCOALA GIMNAZIALĂ ”GENERAL GRIGORE BAŞTAN”",U,1135,1,230,8,0,0,238,6,2,13,49,39,4,5,27,49,44,1,2,0,1,1,1,0,0,0,0,0,0,1,0,0,0,1,0,0,1,1,2,2,0,1,2,4,3,3,3,4,3,2,4,2,3,1,3,3,4,1,0,1,3,2,2,2,2,2,3,1,2,4,6,4,1,5,3,3,1,0,1,0,0,0,1,0,0,0,0,0,0,0,0,0,0,0,0,0,0,0,0,0,0,0,0,0,0,0,0,0,0,0,0,0,0,0,0,0,0,0,0,0,0,0,1,1,0,1,1,0,0,2,1,1,0,0,0,0,1,2,3,2,2,1,2,4,1,5,5,3,4,1,2,3,1,1,1,3,2,3,6,3,3,2,2,2,2,3,2,6,2,6,5,5,3,3,2,1,3,2,2,1,1,0,1,0,1,0,0,0,0,0,0,0,0,0,0,0,0,0,0,0,0,0,0,0,0,0,0,0,0,0,0,0,0,0,0,0,0,0,0,0,0,0,0
BZ,"MUNICIPIUL BUZĂU",BUZĂU,44818,19,"ŞCOALA GIMNAZIALĂ ”GENERAL GRIGORE BAŞTAN”",U,1124,0,246,9,0,0,255,4,5,18,66,32,7,9,13,57,44,0,1,1,0,1,1,0,0,0,0,1,0,3,0,0,0,1,2,2,1,0,1,3,2,2,1,4,7,2,5,4,2,2,7,5,3,0,5,2,5,3,3,0,3,3,4,1,1,2,2,4,4,5,2,1,1,3,2,2,0,1,1,0,0,0,1,0,0,0,0,0,0,0,0,0,0,0,0,0,0,0,0,0,0,0,0,0,0,0,0,0,0,0,0,0,0,0,0,0,0,0,0,0,2,0,2,1,0,2,0,1,2,0,2,1,3,0,0,0,0,2,1,1,2,2,0,0,0,3,2,4,5,4,2,1,5,4,0,3,3,3,3,2,1,6,3,2,1,2,3,3,8,5,4,4,2,6,4,3,0,0,1,0,2,1,0,0,1,0,0,0,0,0,0,0,0,0,0,0,0,0,0,0,0,0,0,0,0,0,0,0,0,0,0,0,0,0,0,0,0,0,0,0,0,0,0
BZ,"MUNICIPIUL BUZĂU",BUZĂU,44818,20,"LICEUL TEORETIC DE INFORMATICĂ ”ALEXANDRU MARGHILOMAN”",U,1225,0,312,9,0,0,321,6,13,31,78,40,5,15,27,79,27,2,0,2,2,0,0,0,0,0,0,2,2,1,1,3,1,3,3,3,1,1,2,4,7,3,2,5,2,1,4,8,3,4,3,2,1,4,3,4,6,5,3,3,8,7,4,3,5,3,8,7,2,0,3,4,1,3,1,1,0,1,0,0,0,0,0,0,1,0,0,0,0,0,0,0,0,0,0,0,0,0,0,0,0,0,0,0,0,0,0,0,0,0,0,0,0,0,0,0,0,0,0,0,1,2,0,1,1,0,0,3,1,3,3,1,0,0,1,0,3,2,5,4,2,1,0,4,3,5,1,3,5,3,4,3,1,6,1,5,1,3,4,4,5,3,9,3,6,6,4,4,2,5,4,2,3,2,1,0,1,1,0,1,0,0,0,0,1,0,0,0,0,0,0,0,0,0,0,0,0,0,0,0,0,0,0,0,0,0,0,0,0,0,0,0,0,0,0,0,0,0,0,0,0,0,0
BZ,"MUNICIPIUL BUZĂU",BUZĂU,44818,21,"LICEUL TEORETIC DE INFORMATICĂ ”ALEXANDRU MARGHILOMAN”",U,1218,0,221,7,0,0,228,8,6,19,57,27,3,4,26,49,29,2,1,1,1,1,0,2,0,1,0,0,0,0,2,1,1,1,0,1,3,0,3,2,2,3,3,2,2,3,3,3,6,5,4,4,1,3,1,2,2,5,1,2,2,1,2,5,4,3,3,3,0,2,2,3,3,1,1,1,0,0,0,1,0,0,0,0,0,0,0,0,0,0,0,0,0,0,0,0,0,0,0,0,0,0,0,0,0,0,0,0,0,0,0,0,0,0,0,0,0,0,0,0,0,0,2,1,0,0,0,0,0,0,0,1,0,2,0,0,1,2,0,1,2,1,4,7,2,3,4,2,7,3,2,4,3,0,0,1,3,5,1,1,4,1,2,2,4,3,1,3,3,3,2,4,2,2,3,1,2,1,0,1,1,1,0,0,0,0,0,0,0,0,0,0,0,0,0,0,0,0,0,0,0,0,0,0,0,0,0,0,0,0,0,0,0,0,0,0,0,0,0,0,0,0,0
BZ,"MUNICIPIUL BUZĂU",BUZĂU,44818,22,"LICEUL TEORETIC DE INFORMATICĂ ”ALEXANDRU MARGHILOMAN”",U,1269,1,292,9,0,0,301,3,10,24,65,41,14,14,19,78,33,0,0,1,1,0,1,0,1,0,1,0,2,2,1,1,1,1,3,2,0,4,7,0,2,1,2,3,4,6,2,1,3,3,1,7,0,5,4,4,5,1,2,1,5,2,4,5,5,7,4,7,4,3,4,3,2,0,1,0,0,0,0,0,0,1,0,0,0,0,0,0,0,0,0,0,0,0,0,0,0,0,0,0,0,0,0,0,0,0,0,0,0,0,0,0,0,0,0,0,0,0,0,0,6,3,1,0,1,2,1,2,1,0,0,1,0,1,4,4,1,0,1,3,2,3,1,3,2,2,2,5,4,1,1,3,3,6,4,6,2,2,3,4,3,1,7,4,8,4,7,8,5,3,3,0,3,2,1,2,1,0,2,1,0,1,0,0,0,0,1,0,0,0,0,0,0,0,0,0,0,0,0,0,0,0,0,0,0,0,0,0,0,0,0,0,0,0,0,0,0,0,0,0,0,0,0
BZ,"MUNICIPIUL BUZĂU",BUZĂU,44818,23,"LICEUL TEHNOLOGIC ”HENRI COANDĂ”",U,1324,0,159,9,0,0,168,3,13,14,38,19,0,5,18,40,18,1,0,2,0,0,0,0,0,2,1,2,0,0,2,3,1,2,0,2,1,0,2,1,2,2,0,4,4,0,2,2,0,1,2,4,4,2,3,4,2,3,1,1,1,0,1,1,2,1,1,0,3,2,1,1,2,0,1,1,0,0,2,0,2,0,0,0,0,0,0,0,0,0,0,0,0,0,0,0,0,0,0,0,0,0,0,0,0,0,0,0,0,0,0,0,0,0,0,0,0,0,0,0,0,0,0,0,0,0,0,2,0,0,0,1,0,1,0,0,1,2,2,0,3,3,1,1,1,4,1,3,3,3,2,4,2,2,2,1,5,1,1,0,3,1,1,1,3,2,0,2,1,2,1,1,4,1,1,1,1,2,0,0,1,0,0,0,0,0,0,0,0,0,0,0,0,0,0,0,0,0,0,0,0,0,0,0,0,0,0,0,0,0,0,0,0,0,0,0,0,0,0,0,0,0,0
BZ,"MUNICIPIUL BUZĂU",BUZĂU,44818,24,"LICEUL TEHNOLOGIC ”HENRI COANDĂ”",U,1219,0,158,13,0,0,171,7,11,18,36,13,4,11,21,40,10,2,0,1,1,2,0,1,0,3,0,1,0,2,3,1,1,0,3,3,0,2,3,1,2,0,0,4,0,2,3,1,4,1,1,3,0,3,2,1,2,3,1,1,3,1,2,2,1,2,3,2,0,1,1,0,0,0,1,0,0,0,1,0,1,0,0,0,0,0,0,0,0,0,0,0,0,0,0,0,0,0,0,0,0,0,0,0,0,0,0,0,0,0,0,0,0,0,0,0,0,0,0,0,0,0,3,0,0,0,1,1,2,2,1,2,0,0,0,2,1,0,3,2,3,2,1,3,1,3,3,3,2,3,3,2,5,3,0,2,1,2,0,4,4,0,1,1,1,0,3,0,2,2,0,2,1,0,0,0,0,0,2,0,0,0,0,0,1,0,0,0,0,0,0,0,0,0,0,0,0,0,0,0,0,0,0,0,0,0,0,0,0,0,0,0,0,0,0,0,0,0,0,0,0,0,0
BZ,"MUNICIPIUL BUZĂU",BUZĂU,44818,25,"LICEUL TEHNOLOGIC ”HENRI COANDĂ”",U,1088,0,213,10,0,11,234,12,7,15,56,34,6,3,16,59,26,2,3,3,1,1,0,2,0,3,0,1,0,0,2,1,0,0,1,1,4,1,2,2,0,0,1,3,1,0,3,2,7,2,1,3,1,5,4,4,4,4,3,4,2,3,2,1,1,3,2,2,3,4,3,1,0,2,0,3,2,0,2,0,0,0,2,0,1,1,1,0,0,0,0,0,0,1,0,0,0,0,0,0,0,0,0,0,0,0,0,0,0,0,0,0,0,0,0,0,0,0,0,0,1,1,2,1,1,0,0,0,0,0,1,2,0,0,0,0,0,2,0,2,5,2,2,1,2,0,0,1,3,1,3,1,3,4,3,3,3,6,4,4,6,2,0,2,3,5,2,0,1,2,3,2,3,0,0,2,1,0,3,2,1,1,0,1,0,1,0,0,1,1,0,1,0,0,0,0,0,0,0,0,0,0,0,0,0,0,0,0,0,0,0,0,0,0,0,0,0,0,0,0,0,0,0
BZ,"MUNICIPIUL BUZĂU",BUZĂU,44818,26,"LICEUL TEHNOLOGIC ”HENRI COANDĂ”",U,1210,2,224,9,0,0,233,6,7,19,61,31,8,5,23,48,25,1,2,1,2,0,0,0,0,1,2,0,1,0,0,0,0,3,2,1,2,1,1,0,3,3,3,3,6,3,5,1,3,2,7,3,4,4,2,3,1,4,2,1,4,2,2,2,2,6,4,4,5,5,0,1,1,1,0,0,1,1,0,0,0,0,0,0,0,0,0,0,0,0,0,0,0,0,0,0,0,0,0,0,0,0,0,0,0,0,0,0,0,0,0,0,0,0,0,0,0,0,0,0,2,2,1,2,0,0,1,0,0,1,0,1,2,0,0,1,0,0,0,3,5,3,3,3,0,3,3,2,3,3,3,2,4,3,1,2,4,1,2,6,1,1,1,1,0,3,5,5,3,4,1,4,1,0,1,1,0,1,2,1,0,0,0,0,0,0,0,0,0,0,0,0,0,1,0,0,0,0,0,0,0,0,0,0,0,0,0,0,0,0,0,0,0,0,0,0,0,0,0,0,0,0,0
BZ,"MUNICIPIUL BUZĂU",BUZĂU,44818,27,"ŞCOALA GIMNAZIALĂ ”ION CREANGĂ”",U,1437,0,270,10,0,0,280,7,4,24,61,38,3,15,22,56,50,1,3,0,1,0,1,1,0,0,0,0,0,0,1,1,1,1,1,3,0,3,2,2,4,1,4,4,1,4,2,3,0,7,2,5,5,3,3,5,4,3,2,3,2,2,1,4,2,2,2,4,5,3,5,3,2,3,1,1,1,3,0,0,1,0,0,0,0,0,0,0,0,0,0,0,0,0,0,0,0,0,0,0,0,0,0,0,0,0,0,0,0,0,0,0,0,0,0,0,0,0,0,0,1,1,0,0,1,0,0,0,2,1,2,3,1,0,3,0,3,1,2,2,1,2,1,2,1,3,7,1,3,2,4,2,3,0,2,3,0,4,7,6,2,3,4,3,4,3,0,4,3,5,5,8,7,7,5,1,1,3,0,0,0,1,0,0,0,0,0,0,0,0,0,0,0,0,0,0,0,0,0,0,0,0,0,0,0,0,0,0,0,0,0,0,0,0,0,0,0,0,0,0,0,0,0
BZ,"MUNICIPIUL BUZĂU",BUZĂU,44818,28,"ŞCOALA GIMNAZIALĂ ”ION CREANGĂ”",U,1269,0,297,11,0,0,308,7,6,28,75,41,11,4,20,74,42,3,1,2,0,0,0,1,0,0,1,0,1,2,1,0,0,1,0,3,4,4,1,4,5,2,1,4,1,4,5,4,3,1,5,5,3,8,4,4,8,4,2,1,4,3,4,2,1,1,2,0,2,3,6,2,4,3,5,6,0,1,1,0,0,0,2,1,0,1,0,0,0,0,0,0,0,0,0,0,0,0,0,0,0,0,0,0,0,0,0,0,0,0,0,0,0,0,0,0,0,0,0,0,5,3,0,1,0,1,1,1,0,0,0,0,0,1,0,1,1,2,2,5,4,3,1,2,0,1,0,3,1,3,4,7,4,6,4,1,4,6,4,5,4,3,5,2,2,3,3,4,1,1,2,4,3,7,3,3,2,4,1,4,1,0,0,1,0,0,0,1,0,0,0,0,0,0,0,0,0,0,0,0,0,0,0,0,0,0,0,0,0,0,0,0,0,0,0,0,0,0,0,0,0,0,0
BZ,"MUNICIPIUL BUZĂU",BUZĂU,44818,29,"ŞCOALA GIMNAZIALĂ ”ION CREANGĂ”",U,1482,1,285,8,0,0,293,9,7,21,68,37,5,13,24,63,46,2,1,4,1,0,1,0,0,1,0,0,2,1,0,1,0,2,1,2,2,1,1,3,4,1,5,1,4,1,2,6,4,5,7,3,3,5,2,3,6,1,1,4,3,3,4,1,3,1,2,2,2,2,1,1,2,5,3,4,2,2,0,0,0,0,0,1,0,1,0,3,0,0,0,0,0,0,0,0,0,0,0,0,0,0,0,0,0,0,0,0,0,0,0,0,0,0,0,0,0,0,0,0,2,0,0,0,1,1,1,1,0,3,1,1,1,0,1,3,2,1,0,4,3,2,2,2,2,6,2,1,2,5,3,1,3,3,3,1,1,6,6,1,3,7,0,2,3,7,5,2,2,3,3,2,6,5,5,3,1,3,1,3,3,0,2,0,0,0,0,1,1,0,0,0,0,0,0,0,0,0,0,0,0,0,0,0,0,0,0,0,0,0,0,0,0,0,0,0,0,0,0,0,0,0,0
BZ,"MUNICIPIUL BUZĂU",BUZĂU,44818,30,"ŞCOALA GIMNAZIALĂ ”ION CREANGĂ”",U,1256,2,277,8,0,0,285,6,9,16,65,52,6,9,11,66,45,3,2,0,0,1,0,0,0,2,2,1,0,3,0,1,0,0,1,0,2,0,3,2,0,1,4,3,4,3,4,5,4,5,1,2,3,2,3,8,4,7,2,2,1,2,0,3,2,5,5,3,3,5,1,4,1,4,4,5,2,2,1,1,1,1,0,0,1,0,1,0,0,0,0,0,0,0,0,0,0,0,0,0,0,0,0,0,0,0,0,0,0,0,0,0,0,0,0,0,0,0,0,0,4,0,0,1,0,1,0,2,0,1,0,0,3,0,2,1,0,0,0,0,1,3,2,2,0,1,2,3,2,4,7,3,1,0,4,3,2,4,8,5,4,2,1,3,3,4,3,3,0,2,5,3,6,4,7,3,3,4,1,2,0,0,1,0,0,1,0,0,0,0,0,0,0,0,0,0,0,0,0,0,0,0,0,0,0,0,0,0,0,0,0,0,0,0,0,0,0,0,0,0,0,0,0
BZ,"MUNICIPIUL BUZĂU",BUZĂU,44818,31,"LICEUL TEHNOLOGIC „ALEXANDRU IOAN CUZA”",U,779,0,168,10,0,6,184,4,9,9,39,30,2,7,9,35,40,0,1,1,0,1,0,1,1,2,0,1,1,0,2,0,1,1,0,0,0,1,2,1,1,1,1,2,0,1,2,5,3,4,0,3,1,2,1,3,2,3,3,1,2,0,0,3,0,1,2,0,1,2,0,1,0,4,3,3,2,2,3,1,0,2,0,1,2,0,0,0,0,0,0,0,0,0,0,0,0,0,0,0,0,0,0,0,0,0,0,0,0,0,0,0,0,0,0,0,0,0,0,0,1,0,0,0,0,1,0,0,1,1,0,0,0,3,1,1,0,1,1,1,1,1,0,1,1,0,2,2,2,2,0,2,5,3,1,2,2,2,4,2,1,2,1,0,1,0,1,0,1,1,4,3,4,2,3,1,2,3,7,3,2,1,2,1,0,0,0,0,0,0,0,0,0,0,0,0,0,0,0,0,0,0,0,0,0,0,0,0,0,0,0,0,0,0,0,0,0,0,0,0,0,0,0
BZ,"MUNICIPIUL BUZĂU",BUZĂU,44818,32,"LICEUL TEHNOLOGIC „ALEXANDRU IOAN CUZA”",U,780,1,128,12,0,0,140,5,3,8,21,26,2,3,9,36,27,1,1,0,2,0,1,0,0,0,0,1,0,0,0,0,1,1,1,1,0,1,0,0,2,1,1,1,1,0,1,0,2,1,3,2,3,1,1,0,1,0,0,1,0,4,0,0,4,1,0,1,0,1,0,1,1,1,5,4,2,2,0,0,0,0,1,1,0,0,1,0,0,0,0,0,0,0,0,0,0,0,0,0,0,0,0,0,0,0,0,0,0,0,0,0,0,0,0,0,0,0,0,0,1,1,0,0,0,0,0,0,0,0,2,0,1,0,0,0,0,0,1,3,1,0,1,1,0,1,1,3,2,2,1,3,3,3,1,3,2,1,2,4,0,2,1,1,1,1,0,2,0,4,1,3,4,3,2,3,2,1,1,0,0,0,0,1,0,0,0,0,0,0,0,0,0,0,0,0,0,0,0,0,0,0,0,0,0,0,0,0,0,0,0,0,0,0,0,0,0,0,0,0,0,0,0
BZ,"MUNICIPIUL BUZĂU",BUZĂU,44818,33,"LICEUL DE ARTE ”MARGARETA STERIAN”",U,1373,1,320,8,0,0,328,7,6,23,65,60,9,9,24,72,53,3,0,2,0,0,1,1,1,2,1,0,0,1,0,0,0,1,0,1,4,3,2,2,3,0,3,5,7,5,5,5,4,4,3,1,2,4,5,1,5,4,3,2,1,3,1,0,3,9,4,2,8,5,4,3,4,3,6,1,1,1,0,2,2,0,0,0,0,0,0,0,1,1,0,0,0,0,0,0,0,0,0,0,0,0,0,0,0,0,0,0,0,0,0,0,0,0,0,0,0,0,0,0,3,1,3,0,1,0,1,1,0,0,1,0,1,1,1,3,1,4,1,3,3,4,3,2,2,2,0,6,1,4,2,3,2,5,8,4,2,4,3,5,3,3,2,4,5,0,6,5,3,3,5,5,6,3,3,5,2,3,4,0,2,1,0,0,1,1,0,0,0,1,0,0,0,0,0,0,0,0,0,0,0,0,0,0,0,0,0,0,0,0,0,0,0,0,0,0,0,0,0,0,0,0,0
BZ,"MUNICIPIUL BUZĂU",BUZĂU,44818,34,"COLEGIUL NAȚIONAL ”B. P. HASDEU”",U,1322,1,321,9,0,37,367,9,4,28,87,70,10,4,28,74,53,2,1,1,1,1,2,1,1,0,1,1,0,0,0,0,0,1,2,3,2,2,1,1,7,3,4,3,3,2,6,6,3,5,7,7,3,2,2,8,6,7,0,3,3,3,3,8,6,1,4,6,5,5,5,6,3,7,4,5,2,1,2,1,1,2,0,2,1,0,1,0,0,0,0,0,0,0,0,0,0,0,0,0,0,0,0,0,0,0,0,0,0,0,0,0,0,0,0,0,0,0,0,0,0,5,1,1,1,0,2,0,0,0,0,2,1,0,0,0,1,3,1,2,2,5,2,2,5,1,5,1,2,4,7,3,5,2,1,4,3,3,8,2,7,3,3,4,4,5,3,5,4,1,6,4,5,7,3,2,4,4,0,0,1,2,0,1,0,1,1,1,0,0,1,0,0,0,0,0,0,0,0,0,0,0,0,0,0,0,0,0,0,0,0,0,0,0,0,0,0,0,0,0,0,0,0
BZ,"MUNICIPIUL BUZĂU",BUZĂU,44818,35,"ŞCOALA GIMNAZIALĂ ”P.H. ZANGOPOL”",U,875,1,144,6,0,0,150,1,6,20,37,19,4,3,13,26,21,0,1,0,0,0,0,0,0,0,3,0,1,0,0,1,1,0,3,0,1,3,2,0,0,2,2,7,4,3,2,2,1,1,4,0,3,2,1,3,3,2,0,2,0,1,2,1,1,1,1,1,2,3,3,1,3,0,2,0,1,0,0,0,0,0,0,0,0,0,0,0,0,0,0,0,0,0,0,0,0,0,0,0,0,0,0,0,0,0,0,0,0,0,0,0,0,0,0,0,0,0,0,0,0,1,1,1,1,0,0,0,1,0,1,0,0,0,0,1,0,1,2,0,1,0,3,0,1,1,4,2,0,1,1,2,3,1,2,3,0,1,0,1,4,0,0,1,1,1,2,2,0,3,0,4,3,1,3,2,1,0,1,0,0,0,0,0,0,0,0,1,0,0,0,0,0,0,0,0,0,0,0,0,0,0,0,0,0,0,0,0,0,0,0,0,0,0,0,0,0,0,0,0,0,0,0
BZ,"MUNICIPIUL BUZĂU",BUZĂU,44818,36,"ŞCOALA GIMNAZIALĂ ”P.H. ZANGOPOL”",U,1117,0,183,7,0,0,190,2,5,12,57,24,3,8,14,43,22,1,0,0,1,0,0,0,2,0,2,0,0,1,0,0,0,0,2,1,0,2,2,1,1,1,1,1,2,1,1,3,2,0,5,2,2,2,4,4,5,5,3,4,2,4,2,4,1,4,2,4,0,1,0,4,1,1,0,2,2,0,0,1,0,0,0,1,0,0,0,0,0,0,0,0,0,0,0,0,0,0,0,0,0,0,0,0,0,0,0,0,0,0,0,0,0,0,0,0,0,0,0,0,2,0,0,0,0,1,0,1,0,1,1,2,1,0,0,1,1,1,0,2,2,1,1,0,2,2,3,3,2,3,0,3,0,1,3,2,4,1,2,5,1,4,1,3,2,2,1,4,0,1,2,4,3,1,1,1,1,0,1,1,0,0,2,0,0,0,0,0,0,0,0,0,0,0,0,0,0,0,0,0,0,0,0,0,0,0,0,0,0,0,0,0,0,0,0,0,0,0,0,0,0,0,0
BZ,"MUNICIPIUL BUZĂU",BUZĂU,44818,37,"ŞCOALA GIMNAZIALĂ ”P.H. ZANGOPOL”",U,1416,1,264,8,0,0,272,6,9,22,66,46,3,12,17,57,34,3,0,1,0,0,1,1,0,2,0,1,1,1,0,2,1,1,2,4,1,1,2,1,2,4,3,2,1,3,4,4,0,2,4,1,4,4,6,2,9,6,2,2,4,0,4,4,8,4,5,4,3,6,2,2,0,4,0,2,1,1,1,1,0,0,0,0,1,0,1,0,0,0,0,0,0,0,0,0,0,0,0,0,0,0,0,0,0,0,0,0,0,0,0,0,0,0,0,0,0,0,0,0,0,0,0,0,0,1,2,0,1,1,1,0,3,1,1,1,3,0,3,1,2,1,6,3,1,0,0,2,3,3,2,2,2,2,3,1,4,2,2,8,5,1,3,0,4,2,6,4,4,3,2,2,4,1,6,3,0,2,2,0,0,0,0,0,0,0,0,0,0,0,0,1,0,0,0,0,0,0,0,0,0,0,0,0,0,0,0,0,0,0,0,0,0,0,0,0,0,0,0,0,0,0,0
BZ,"MUNICIPIUL BUZĂU",BUZĂU,44818,38,"LICEUL TEHNOLOGIC ”DIMITRIE FILIPESCU”",U,1309,2,237,9,0,0,246,9,6,25,58,35,2,6,21,49,35,5,1,1,0,0,1,1,1,0,1,0,1,0,2,0,1,0,1,3,3,1,1,5,0,2,3,6,0,4,5,2,0,1,5,1,4,1,4,7,4,3,3,6,0,0,2,6,3,5,4,5,4,0,3,2,0,1,2,2,1,0,0,1,2,0,0,0,0,0,0,0,0,0,0,0,0,0,0,0,0,0,0,0,0,0,0,0,0,0,0,0,0,0,0,0,0,0,0,0,0,0,0,0,0,0,1,0,0,0,1,0,1,2,0,0,1,0,1,0,1,2,1,2,2,2,2,4,3,0,3,1,0,1,3,2,0,2,3,1,2,6,4,3,3,3,5,2,3,3,2,8,2,4,5,2,1,2,2,1,3,2,2,0,0,0,0,0,0,1,0,0,0,0,0,0,0,0,0,0,0,0,0,0,0,0,0,0,0,0,0,0,0,0,0,0,0,0,0,0,0,0,0,0,0,0,0
BZ,"MUNICIPIUL BUZĂU",BUZĂU,44818,39,"LICEUL TEHNOLOGIC ”DIMITRIE FILIPESCU”",U,1351,0,223,9,0,0,232,6,8,12,75,24,2,8,10,70,17,1,1,0,0,0,2,2,0,0,1,0,1,0,1,2,3,0,2,2,0,0,2,2,1,1,1,1,3,0,1,5,2,5,1,1,1,1,3,3,9,9,3,9,3,4,7,5,8,4,3,2,1,1,2,2,0,1,0,0,0,0,0,0,0,0,0,0,0,0,0,0,0,0,0,0,0,0,0,0,0,0,0,0,0,0,0,0,0,0,0,0,0,0,0,0,0,0,0,0,0,0,0,0,1,0,0,0,0,0,1,1,3,0,1,1,0,1,0,1,0,0,0,1,0,2,2,1,3,0,1,2,0,4,2,2,1,4,3,1,6,3,7,10,6,4,5,0,1,3,6,3,2,2,2,1,3,1,0,0,1,0,1,1,0,0,0,0,0,0,0,0,0,0,0,0,0,0,0,0,0,0,0,0,0,0,0,0,0,0,0,0,0,0,0,0,0,0,0,0,0,0,0,0,0,0,0
BZ,"MUNICIPIUL BUZĂU",BUZĂU,44818,40,"LICEUL AGRICOL ”DR. CONSTANTIN ANGELESCU”",U,1220,2,321,10,0,0,331,6,12,25,69,60,3,9,31,59,57,1,1,1,1,1,0,1,2,1,0,1,1,1,1,2,2,1,2,2,0,2,2,2,1,3,5,6,8,2,1,3,2,6,6,1,1,2,4,6,7,8,1,4,2,0,2,3,3,5,5,5,6,4,4,3,4,4,3,2,3,3,2,1,2,0,1,0,0,0,0,0,0,0,0,0,0,0,0,0,0,0,0,0,0,0,0,0,0,0,0,0,0,0,0,0,0,0,0,0,0,0,0,0,2,0,0,0,1,0,0,1,0,0,0,0,2,1,3,1,1,1,2,4,4,2,2,3,3,5,5,1,3,2,4,1,3,3,3,3,2,3,1,5,3,2,4,4,5,5,2,5,3,7,2,5,5,5,7,2,1,4,2,2,1,1,1,1,0,1,1,0,0,1,0,0,0,0,0,0,0,0,0,0,0,0,0,0,0,0,0,0,0,0,0,0,0,0,0,0,0,0,0,0,0,0,0
BZ,"MUNICIPIUL BUZĂU",BUZĂU,44818,41,"ȘCOALA GIMNAZIALĂ ”NICU CONSTANTINESCU”",U,1018,0,228,9,0,0,237,4,5,19,66,29,8,9,21,62,14,0,0,2,0,1,0,1,2,0,0,1,1,0,0,0,0,1,0,2,2,1,1,2,5,4,1,1,1,4,2,5,3,3,5,1,4,2,6,4,6,7,0,3,3,2,3,2,5,4,4,3,3,3,1,1,2,1,0,2,0,0,0,0,0,0,0,0,0,0,0,0,0,0,0,0,0,0,0,0,0,0,0,0,0,0,0,0,0,0,0,0,0,0,0,0,0,0,0,0,0,0,0,0,3,2,1,0,0,1,1,3,0,0,1,1,1,1,0,2,0,0,1,2,2,1,1,6,1,6,1,4,2,4,2,3,6,4,2,4,1,1,5,1,5,6,3,2,2,3,2,1,1,2,1,1,1,1,1,0,1,1,2,1,0,0,0,0,0,0,0,0,0,0,0,0,0,0,0,0,0,0,0,0,0,0,0,0,0,0,0,0,0,0,0,0,0,0,0,0,0,0,0,0,0,0,0
BZ,"MUNICIPIUL BUZĂU",BUZĂU,44818,42,"ȘCOALA GIMNAZIALĂ ”NICU CONSTANTINESCU”",U,896,2,233,7,0,0,240,5,6,20,55,28,8,10,22,60,26,2,0,0,0,0,2,1,0,0,0,0,1,1,2,0,2,0,0,3,1,1,5,1,2,4,1,2,4,1,6,4,2,3,2,2,0,3,1,1,2,6,2,3,1,2,7,3,2,3,5,2,4,2,2,1,2,1,1,0,1,1,0,0,0,0,0,0,1,0,0,0,0,0,0,0,0,0,0,0,0,0,0,0,0,0,0,0,0,0,0,0,0,0,0,0,0,0,0,0,0,0,0,0,3,0,0,1,1,1,2,0,2,1,0,1,1,0,1,3,1,2,1,2,2,2,4,1,2,2,4,3,2,1,4,5,2,2,1,1,1,4,3,10,5,0,1,2,3,4,6,4,2,2,3,1,2,2,3,4,1,0,0,0,2,0,0,0,0,0,0,0,0,0,0,0,0,0,0,0,0,0,0,0,0,0,0,0,0,0,0,0,0,0,0,0,0,0,0,0,0,0,0,0,0,0,0
BZ,"MUNICIPIUL BUZĂU",BUZĂU,44818,43,"ȘCOALA GIMNAZIALĂ ”NICU CONSTANTINESCU”",U,1578,4,349,8,0,0,357,8,6,20,86,64,4,6,21,88,54,2,1,1,0,2,0,2,0,0,2,1,0,1,1,1,0,0,1,3,2,0,1,3,3,3,2,2,5,5,4,6,5,1,4,2,6,3,3,6,9,7,4,5,2,1,3,5,8,3,7,6,7,2,4,3,5,2,3,4,3,1,3,1,0,0,1,0,1,0,0,0,0,0,0,0,0,0,0,0,0,0,0,0,0,0,0,0,0,0,0,0,0,0,0,0,0,0,0,0,0,0,0,0,0,2,0,0,0,2,0,0,0,0,1,1,1,0,2,0,1,1,3,2,2,4,3,2,1,0,3,4,0,4,5,3,0,3,5,5,5,6,8,6,6,2,7,4,2,9,4,7,8,6,5,3,5,3,2,2,2,4,4,2,1,0,0,0,0,0,0,0,0,0,0,0,0,0,0,0,0,0,0,0,0,0,0,0,0,0,0,0,0,0,0,0,0,0,0,0,0,0,0,0,0,0,0
BZ,"MUNICIPIUL BUZĂU",BUZĂU,44818,44,"GRADINIȚA CU PROGRAM PRELUNGIT NR.8",U,940,1,244,8,0,0,252,8,6,20,43,43,9,13,19,44,47,1,0,2,2,0,1,2,1,0,2,0,0,2,1,0,0,0,3,0,2,2,3,1,3,0,3,3,1,4,2,2,2,2,3,1,2,3,3,3,3,6,1,0,2,1,1,1,3,2,5,4,3,4,4,5,2,2,4,1,1,1,0,0,1,0,1,0,0,0,0,0,0,0,0,0,0,0,0,0,0,0,0,0,0,0,0,0,0,0,0,0,0,0,0,0,0,0,0,0,0,0,0,0,2,1,2,2,1,1,0,2,0,0,0,0,4,4,1,1,1,0,2,1,1,1,0,3,3,4,4,2,1,3,2,3,2,2,2,3,2,4,2,4,1,4,1,1,1,2,2,4,4,3,8,3,4,4,5,1,5,0,2,1,1,1,0,1,0,0,0,0,0,0,0,0,0,0,0,0,0,0,0,0,0,0,0,0,0,0,0,0,0,0,0,0,0,0,0,0,0,0,0,0,0,0,0
BZ,"MUNICIPIUL BUZĂU",BUZĂU,44818,45,"GRADINIȚA CU PROGRAM PRELUNGIT NR.8",U,738,0,199,10,0,0,209,3,3,19,32,34,4,8,11,44,51,1,0,2,0,0,0,0,0,0,0,0,0,0,1,0,1,1,2,2,4,1,2,1,2,2,1,2,5,0,3,8,2,3,4,1,0,0,1,1,1,0,0,2,0,1,0,0,3,1,1,2,0,8,3,5,3,2,1,3,0,0,2,0,0,0,0,0,0,0,0,0,0,0,0,0,0,0,0,0,0,0,0,0,0,0,0,0,0,0,0,0,0,0,0,0,0,0,0,0,0,0,0,0,0,0,1,2,1,0,0,2,0,0,1,1,0,2,0,0,2,1,0,0,0,1,4,0,2,3,0,2,5,5,3,3,1,4,1,2,0,2,1,0,1,1,3,2,3,3,2,4,5,8,1,7,2,4,4,3,6,3,2,0,0,1,0,0,0,1,0,0,0,0,0,0,0,0,0,0,0,0,0,0,0,0,0,0,0,0,0,0,0,0,0,0,0,0,0,0,0,0,0,0,0,0,0
BZ,"MUNICIPIUL BUZĂU",BUZĂU,44818,46,"GRADINIȚA CU PROGRAM PRELUNGIT NR.8",U,1517,3,379,7,0,0,386,4,4,30,64,82,7,9,26,94,66,1,0,0,1,1,1,0,0,0,0,0,2,1,0,0,0,1,4,3,1,1,1,2,7,3,3,5,5,4,4,3,8,7,5,2,1,5,4,2,3,1,1,4,2,0,2,1,3,9,10,6,11,11,5,6,2,6,2,3,1,1,0,2,2,0,0,0,1,1,0,0,0,0,0,0,0,0,0,0,0,0,0,0,0,0,0,0,0,0,0,0,0,0,0,0,0,0,0,0,0,0,0,0,3,0,1,0,2,1,0,0,2,1,1,0,1,1,2,1,0,0,2,6,3,3,0,2,7,2,1,6,4,3,5,6,3,4,1,6,3,4,6,4,3,4,2,4,8,6,12,5,5,12,5,9,6,5,3,4,3,3,4,0,0,1,0,0,0,0,0,0,0,0,1,0,0,0,0,0,0,0,0,0,0,0,0,0,0,0,0,0,0,0,0,0,0,0,0,0,0,0,0,0,0,0,0
BZ,"MUNICIPIUL BUZĂU",BUZĂU,44818,47,"COLEGIUL NAȚIONAL PEDAGOGIC ”SPIRU HARET”",U,1468,3,368,9,0,0,377,4,13,27,79,63,8,10,30,72,71,1,2,0,0,0,1,0,1,3,0,0,0,3,1,2,2,1,3,1,0,4,7,3,1,3,3,2,4,3,3,7,3,6,4,2,4,2,4,9,5,5,3,3,0,3,5,4,3,6,8,5,5,2,1,3,2,7,7,5,2,2,3,1,0,0,0,0,1,0,0,0,0,0,0,0,0,0,0,0,0,0,0,0,0,0,0,0,0,0,0,0,0,0,0,0,0,0,0,0,0,0,0,0,1,1,1,0,1,3,1,1,1,2,0,0,2,3,0,0,1,1,2,4,6,2,2,4,2,4,3,2,3,2,4,2,2,3,4,3,3,6,7,6,8,1,2,4,1,5,4,4,8,9,2,12,7,5,7,1,6,1,3,4,0,0,0,0,2,0,0,0,0,0,0,0,0,0,0,0,0,0,0,0,0,0,0,0,0,0,0,0,0,0,0,0,0,0,0,0,0,0,0,0,0,0,0
BZ,"MUNICIPIUL BUZĂU",BUZĂU,44818,48,"COLEGIUL NAȚIONAL PEDAGOGIC ”SPIRU HARET”",U,1096,0,282,9,0,0,291,6,5,18,61,49,6,6,22,61,57,1,0,0,1,0,1,3,0,1,0,2,0,0,1,0,0,1,0,4,0,0,2,2,1,2,3,4,2,4,1,3,3,2,2,2,3,6,4,1,3,10,3,2,1,3,1,5,6,2,1,3,3,2,4,1,2,4,4,1,2,1,3,1,1,0,1,0,0,0,1,1,0,1,0,0,4,0,0,0,0,0,0,0,0,0,0,0,0,0,0,0,0,0,0,0,0,0,0,0,0,0,0,0,3,0,0,0,1,1,1,0,0,1,1,3,0,0,0,0,1,1,3,3,3,2,0,2,2,4,2,2,2,2,2,0,2,6,1,2,5,3,6,5,3,3,3,0,3,2,9,2,3,2,3,3,4,3,2,4,3,2,2,0,2,2,5,1,2,2,2,1,2,1,2,1,1,0,0,0,0,0,0,0,0,0,0,0,0,0,0,0,0,0,0,0,0,0,0,0,0,0,0,0,0,0,0
BZ,"MUNICIPIUL BUZĂU",BUZĂU,44818,49,"COLEGIUL NAȚIONAL PEDAGOGIC ”SPIRU HARET”",U,1518,1,318,8,0,0,326,11,5,18,71,48,4,7,30,70,62,1,1,4,2,1,1,1,1,1,0,0,2,0,0,1,0,0,3,0,0,2,2,0,1,2,4,4,2,3,2,4,3,5,10,1,5,2,4,5,5,7,2,3,5,2,1,0,3,6,0,3,5,7,2,3,2,2,0,2,3,0,1,2,3,2,0,0,0,0,0,1,1,0,0,0,0,0,0,0,0,0,0,0,0,0,0,0,0,0,0,0,0,0,0,0,0,0,0,0,0,0,0,0,3,0,0,0,0,1,0,1,0,2,0,0,1,1,1,1,0,4,2,2,1,2,2,3,4,5,5,3,4,0,3,6,3,5,2,8,5,2,5,3,2,3,4,3,1,4,4,3,5,8,8,6,3,7,5,1,1,3,3,1,0,0,0,1,2,1,0,1,2,1,0,0,0,0,0,0,0,0,0,0,0,0,0,0,0,0,0,0,0,0,0,0,0,0,0,0,0,0,0,0,0,0,0
BZ,"MUNICIPIUL BUZĂU",BUZĂU,44818,50,"COLEGIUL NAȚIONAL PEDAGOGIC ”SPIRU HARET”",U,1209,3,300,8,0,0,308,6,7,17,66,38,13,6,18,77,60,3,0,0,0,0,2,1,1,0,1,0,0,0,0,2,1,2,0,2,1,3,0,0,3,1,1,6,0,5,3,2,4,8,0,3,6,4,6,1,2,10,3,2,1,1,3,2,4,2,0,5,3,4,0,2,0,0,0,2,3,2,0,1,0,3,4,0,0,0,1,0,0,0,0,0,1,0,1,0,0,0,0,0,0,0,0,0,0,0,0,0,0,0,0,0,0,0,0,0,0,0,0,0,2,3,2,3,3,0,0,0,0,1,0,2,0,1,1,0,1,0,2,2,1,1,3,2,3,1,3,2,2,3,2,3,2,6,7,1,2,7,3,8,10,3,4,0,1,8,3,8,6,1,5,3,5,3,2,3,1,5,3,4,1,1,2,2,1,0,1,2,1,0,0,0,0,0,0,0,0,0,0,0,0,0,0,0,0,0,0,0,0,0,0,0,0,0,0,0,0,0,0,0,0,0,0
BZ,"MUNICIPIUL BUZĂU",BUZĂU,44818,2,"ŞCOALA GIMNAZIALĂ ”EPISCOP DIONISIE ROMANO”",U,1357,1,350,11,0,0,361,8,11,25,58,70,3,5,27,76,78,3,2,0,0,1,1,1,0,0,1,0,2,3,1,1,2,1,0,3,0,6,3,2,3,5,1,2,5,4,5,1,3,4,3,5,1,2,1,3,2,6,3,1,3,2,1,3,5,7,1,3,7,9,2,5,6,7,5,4,1,1,0,3,0,0,1,1,1,0,1,0,0,0,0,0,0,0,0,0,0,0,0,0,0,0,0,0,0,0,0,0,0,0,0,0,0,0,0,0,0,0,0,0,0,1,0,1,1,0,0,0,0,2,1,0,0,1,0,1,0,0,1,3,5,2,2,2,5,3,4,3,3,4,1,4,2,4,3,8,4,3,4,3,10,1,1,1,10,1,6,10,5,8,9,8,3,6,6,5,3,4,3,3,1,0,2,0,2,0,0,0,0,0,0,0,0,0,0,0,0,0,0,0,0,0,0,0,0,0,0,0,0,0,0,0,0,0,0,0,0,0,0,0,0,0,0
BZ,"MUNICIPIUL BUZĂU",BUZĂU,44818,51,"GRĂDINIŢA CU PROGRAM PRELUNGIT NR. 1",U,1507,5,582,9,0,0,591,23,12,86,141,31,13,25,94,134,32,10,0,6,4,2,1,0,1,0,0,0,0,1,1,2,4,3,7,7,11,8,7,7,14,8,8,9,11,14,11,15,11,8,12,5,6,9,5,8,2,5,1,4,2,3,4,5,4,5,3,5,2,1,1,1,1,3,3,0,1,0,0,1,0,0,0,0,0,0,0,0,0,0,0,0,0,0,0,0,0,0,0,0,0,0,0,0,0,0,0,0,0,0,0,0,0,0,0,0,0,0,0,0,3,5,4,1,0,0,0,1,2,1,3,0,4,3,1,5,5,10,7,7,12,10,13,13,8,7,7,13,9,10,10,13,6,16,4,5,4,9,5,9,5,1,4,4,2,1,4,3,6,6,3,1,1,0,3,0,1,2,3,2,0,0,0,0,0,0,0,0,0,0,0,1,0,0,0,0,0,0,0,0,0,0,0,0,0,0,0,0,0,0,0,0,0,0,0,0,0,0,0,0,0,0,0
BZ,"MUNICIPIUL BUZĂU",BUZĂU,44818,52,"ȘCOALA GIMNAZIALĂ ”GEORGE EMIL PALADE”",U,1227,3,336,6,0,0,342,7,6,30,72,54,6,12,31,71,53,4,0,0,0,2,1,0,1,1,1,0,0,1,0,0,2,0,1,1,3,3,5,4,4,4,3,2,3,1,4,1,2,3,7,2,5,5,7,4,8,4,4,3,1,1,3,4,1,3,8,3,5,5,2,3,3,4,3,0,1,2,1,2,1,2,2,1,0,0,2,0,0,0,0,0,0,0,0,0,0,0,0,0,0,0,0,0,0,0,0,0,0,0,0,0,0,0,0,0,0,0,0,0,2,1,1,0,1,0,1,2,0,1,3,0,2,0,3,0,1,2,4,4,7,2,1,1,2,4,4,2,3,5,0,2,4,0,5,5,5,8,3,3,7,2,2,2,4,5,4,3,10,1,3,5,5,1,4,1,6,5,2,1,1,0,1,1,0,0,0,1,0,2,0,0,0,0,0,0,0,0,0,0,0,0,0,0,0,0,0,0,0,0,0,0,0,0,0,0,0,0,0,0,0,0,0
BZ,"MUNICIPIUL BUZĂU",BUZĂU,44818,53,"ȘCOALA GIMNAZIALĂ ”GEORGE EMIL PALADE”",U,1355,0,363,9,0,0,372,11,11,32,71,57,6,13,34,79,58,6,0,1,1,2,1,0,0,0,1,0,0,0,1,1,4,4,2,1,1,3,5,5,3,4,2,6,4,3,3,6,2,6,4,5,2,3,8,4,5,1,4,2,1,3,2,3,2,3,6,2,11,4,5,4,3,3,3,5,2,1,0,0,0,3,0,0,0,0,0,0,0,0,0,0,0,0,0,0,0,0,0,0,0,0,0,0,0,0,0,0,0,0,0,0,0,0,0,0,0,0,0,0,0,3,1,0,1,0,1,0,3,2,2,1,2,0,2,0,1,5,2,5,1,6,2,1,4,3,5,6,4,4,6,6,4,4,3,1,3,0,4,6,9,5,2,2,5,1,4,11,8,5,4,6,4,3,2,2,4,1,4,0,1,2,0,0,0,0,0,1,0,0,0,0,0,0,0,0,0,0,0,0,0,0,0,0,0,0,0,0,0,0,0,0,0,0,0,0,0,0,0,0,0,0,0
BZ,"MUNICIPIUL BUZĂU",BUZĂU,44818,54,"ȘCOALA GIMNAZIALĂ ”GEORGE EMIL PALADE”",U,1063,16,256,6,0,0,262,3,5,22,54,37,6,11,16,65,43,1,0,1,0,0,0,1,1,0,1,0,0,1,0,0,0,2,0,1,2,2,3,1,2,0,3,8,0,2,5,1,1,2,3,1,4,5,3,3,2,5,1,3,4,2,3,4,2,3,3,5,2,2,4,2,4,3,0,4,1,0,1,0,0,0,0,0,0,0,1,0,0,0,0,0,0,0,0,0,0,0,0,0,0,0,0,0,0,0,0,0,0,0,0,0,0,0,0,0,0,0,0,0,1,1,0,1,1,1,1,0,1,1,1,0,2,1,1,3,1,1,4,1,2,3,1,2,0,0,2,3,5,3,6,1,3,2,2,3,4,6,3,2,6,1,6,2,1,3,3,6,2,0,3,8,2,4,2,2,5,3,0,0,1,0,1,1,1,1,1,0,0,0,0,0,0,0,0,0,0,0,0,0,0,0,0,0,0,0,0,0,0,0,0,0,0,0,0,0,0,0,0,0,0,0,0
BZ,"MUNICIPIUL BUZĂU",BUZĂU,44818,55,"ȘCOALA GIMNAZIALĂ ”GEORGE EMIL PALADE”",U,1382,1,356,9,0,0,365,7,3,31,69,64,3,8,24,83,73,3,0,2,0,0,1,1,0,0,1,1,0,0,0,0,0,1,2,3,5,1,2,2,0,5,5,6,3,3,3,1,6,7,2,3,5,5,2,2,5,4,3,4,2,5,0,4,3,5,9,9,1,5,4,3,3,5,5,4,1,0,1,1,1,2,0,2,0,0,0,0,0,0,0,0,0,0,0,0,0,0,0,0,0,0,0,0,0,0,0,0,0,0,0,0,0,0,0,0,0,0,0,0,0,0,1,0,1,0,1,2,0,0,1,0,0,2,0,1,2,5,1,0,1,3,4,4,4,2,0,5,1,5,6,3,2,8,3,6,1,4,2,4,11,3,3,1,4,5,6,8,7,10,3,7,7,3,5,3,2,8,5,0,0,0,1,0,1,0,0,1,1,0,0,0,0,1,0,0,0,0,0,0,0,0,0,0,0,0,0,0,0,0,0,0,0,0,0,0,0,0,0,0,0,0,0
BZ,"MUNICIPIUL BUZĂU",BUZĂU,44818,56,"ȘCOALA GIMNAZIALĂ ”GEORGE EMIL PALADE”",U,1076,1,235,8,0,0,243,8,6,13,45,36,5,8,29,51,42,2,1,2,0,1,1,1,0,1,1,0,3,0,1,0,0,0,1,0,1,2,1,1,1,1,1,4,5,2,3,2,5,3,3,0,1,3,3,2,1,6,2,0,1,1,1,1,2,4,0,2,3,3,4,6,2,1,4,0,1,0,1,1,0,0,0,1,1,0,0,0,0,0,0,0,0,0,0,0,0,0,0,0,0,0,0,0,0,0,0,0,0,0,0,0,0,0,0,0,0,0,0,0,1,2,0,0,0,2,0,0,0,1,1,1,1,1,2,0,1,3,3,6,3,1,3,2,3,3,2,5,1,3,3,1,5,2,1,3,3,5,2,3,1,1,3,3,0,4,2,1,5,2,8,5,2,4,1,3,2,2,3,0,1,1,0,1,1,0,0,0,0,0,0,0,0,0,0,0,0,0,0,0,0,0,0,0,0,0,0,0,0,0,0,0,0,0,0,0,0,0,0,0,0,0,0
BZ,"MUNICIPIUL BUZĂU",BUZĂU,44818,57,"COLEGIUL ECONOMIC ”REGELE MIHAI I”",U,1030,5,232,7,0,0,239,3,4,12,43,42,2,12,16,52,53,2,0,0,0,0,1,0,1,0,0,0,0,1,0,1,1,0,1,0,1,0,1,1,1,2,0,5,1,0,4,3,2,1,4,1,2,4,3,2,2,2,2,2,1,1,3,3,1,1,2,1,4,2,5,2,2,2,0,0,3,2,1,3,3,0,1,1,2,2,0,0,0,1,1,0,0,0,0,0,0,0,0,0,0,0,0,0,0,0,0,0,0,0,0,0,0,0,0,0,0,0,0,0,0,2,0,0,0,0,0,0,1,0,1,1,0,2,1,2,4,1,3,1,3,1,1,2,3,0,1,3,2,2,1,4,4,2,4,1,2,3,2,5,6,1,1,2,1,2,4,1,1,4,0,5,4,1,1,5,4,3,6,2,4,3,4,1,1,1,0,1,0,0,0,0,1,0,0,0,0,0,0,0,0,0,0,0,0,0,0,0,0,0,0,0,0,0,0,0,0,0,0,0,0,0,0
BZ,"MUNICIPIUL BUZĂU",BUZĂU,44818,58,"ȘCOALA GIMNAZIALĂ ”CĂPITAN AVIATOR MIRCEA T. BĂDULESCU”",U,1245,1,369,10,0,0,379,12,7,19,81,73,8,8,20,81,70,5,4,2,0,0,0,1,1,3,0,0,0,1,1,0,0,1,2,2,2,0,4,3,3,0,1,2,0,11,3,6,8,4,4,3,1,1,7,6,6,5,4,1,0,3,3,5,6,2,3,3,6,5,5,4,4,5,5,7,5,1,1,3,1,2,2,1,0,0,0,0,2,0,0,0,0,0,0,0,0,0,0,0,0,0,0,0,0,0,0,0,0,0,0,0,0,0,0,0,0,0,0,0,5,1,0,0,2,0,0,2,0,0,0,0,2,1,1,1,1,0,9,0,3,1,2,0,3,1,1,7,3,2,8,4,5,8,4,4,5,3,3,7,2,1,1,4,4,3,3,3,4,3,6,3,5,4,8,1,5,5,6,2,1,1,2,3,0,2,2,2,2,0,0,0,0,0,0,0,0,0,0,0,0,0,0,0,0,0,0,0,0,0,0,0,0,0,0,0,0,0,0,0,0,0,0
BZ,"MUNICIPIUL BUZĂU",BUZĂU,44818,59,"ȘCOALA GIMNAZIALĂ ”CĂPITAN AVIATOR MIRCEA T. BĂDULESCU”",U,1293,4,378,8,0,0,386,8,7,30,65,75,9,6,36,87,63,4,1,2,0,0,1,0,1,1,0,0,0,0,1,0,1,3,2,2,5,1,4,2,2,4,4,4,6,4,3,4,2,7,0,2,5,2,5,5,4,1,3,4,1,3,2,2,8,5,9,8,5,9,4,5,3,2,6,3,1,0,2,0,1,3,0,1,0,0,0,0,0,0,0,0,0,0,0,0,0,0,0,0,0,0,0,0,0,0,0,0,0,0,0,0,0,0,0,0,0,0,0,0,3,1,2,1,1,0,1,0,0,2,1,1,0,1,1,0,0,2,6,3,6,3,5,4,0,2,5,3,6,2,4,3,2,3,5,3,3,4,3,5,7,6,7,7,5,5,4,1,9,3,6,6,5,6,6,1,1,6,2,0,3,0,2,1,0,0,2,2,0,1,0,0,0,0,0,0,0,0,0,0,0,0,0,0,0,0,0,0,0,0,0,0,0,0,0,0,0,0,0,0,0,0,0
BZ,"MUNICIPIUL BUZĂU",BUZĂU,44818,60,"ȘCOALA GIMNAZIALĂ ”CAPITAN AVIATOR MIRCEA T. BĂDULESCU”",U,1184,4,259,8,0,0,267,8,8,12,61,47,2,4,7,78,40,4,1,1,0,1,1,0,1,1,0,0,1,1,2,1,1,0,1,0,2,0,1,2,0,2,2,2,3,1,2,3,1,1,5,7,1,2,5,0,1,10,3,3,4,0,5,4,4,4,1,3,7,3,4,1,3,2,4,5,1,1,2,0,0,1,0,0,0,1,0,0,0,0,0,0,0,0,0,0,0,0,0,0,0,0,0,0,0,0,0,0,0,0,0,0,0,0,0,0,0,0,0,0,0,0,0,0,1,1,0,0,0,0,0,0,2,2,0,0,0,0,0,1,0,1,0,1,1,0,3,4,3,1,5,1,5,1,3,1,5,5,3,10,7,5,2,2,5,5,5,2,5,4,4,1,6,3,3,3,0,2,1,2,1,1,1,0,0,0,0,0,1,0,0,0,0,0,0,0,0,0,0,0,0,0,0,0,0,0,0,0,0,0,0,0,0,0,0,0,0,0,0,0,0,0,0
BZ,"MUNICIPIUL BUZĂU",BUZĂU,44818,61,"ȘCOALA GIMNAZIALĂ ”CAPITAN AVIATOR MIRCEA T. BĂDULESCU”",U,1092,1,309,7,0,0,316,9,4,30,52,71,1,4,25,60,60,5,0,1,1,0,2,0,0,0,0,1,0,1,0,0,0,2,0,3,4,2,5,3,2,4,6,1,3,1,4,5,3,5,3,2,2,5,3,2,0,1,1,0,1,5,1,5,8,9,4,4,4,8,7,3,8,3,1,5,0,1,3,0,1,0,0,0,0,1,0,1,0,0,0,0,0,0,0,0,0,0,0,0,0,0,0,0,0,0,0,0,0,0,0,0,0,0,0,0,0,0,0,0,1,0,0,0,0,0,0,0,0,1,1,0,0,1,0,0,1,2,4,1,2,2,1,2,1,3,7,1,2,2,4,6,7,2,1,0,2,1,2,4,3,1,5,3,6,1,7,4,8,7,12,2,6,4,2,3,2,4,1,2,1,1,0,0,1,0,0,0,0,0,0,0,0,0,0,0,0,0,0,0,0,0,0,0,0,0,0,0,0,0,0,0,0,0,0,0,0,0,0,0,0,0,0
BZ,"MUNICIPIUL BUZĂU",BUZĂU,44818,62,"GRADINIȚA CU PROGRAM PRELUNGIT NR.4",U,1194,0,306,9,0,0,315,7,12,28,54,45,4,9,22,73,61,2,0,1,1,1,2,0,1,1,0,1,1,1,1,2,2,2,2,1,2,5,5,2,3,1,0,7,0,4,2,3,2,1,9,3,2,2,6,2,2,3,1,1,1,2,5,3,4,4,4,2,2,3,3,2,3,3,2,2,3,1,2,0,1,0,0,3,1,0,0,0,0,0,0,0,0,0,0,0,0,0,0,0,0,0,0,0,0,0,0,0,0,0,0,0,0,0,0,0,0,0,0,0,3,0,0,0,0,0,1,1,1,1,0,1,1,1,1,1,1,2,4,1,3,1,2,2,0,3,4,5,1,0,5,6,2,5,3,3,4,2,5,7,7,2,4,4,3,3,2,0,5,3,8,5,4,5,4,3,5,3,1,3,1,3,1,2,1,1,1,0,1,0,0,1,0,0,0,0,0,0,0,0,0,0,0,0,0,0,0,0,0,0,0,0,0,0,0,0,0,0,0,0,0,0,0
BZ,"MUNICIPIUL BUZĂU",BUZĂU,44818,63,"ȘCOALA GIMNAZIALĂ ”NICOLAE TITULESCU„",U,1244,4,335,10,0,0,345,12,7,19,88,55,5,6,18,81,54,2,2,2,2,0,2,2,0,3,1,0,0,0,0,1,1,1,1,2,1,1,2,1,1,2,4,4,1,4,3,2,5,10,3,6,7,3,8,5,5,6,2,7,0,4,5,2,3,3,5,3,5,4,2,5,3,7,2,3,4,1,2,0,0,0,1,1,0,0,0,0,1,0,0,0,0,0,0,0,0,0,0,0,0,0,0,0,0,0,0,0,0,0,0,0,0,0,0,0,0,0,0,0,0,2,0,1,1,0,1,0,0,0,1,1,0,1,1,0,2,0,0,0,3,2,1,0,4,3,5,4,4,5,6,2,2,2,6,1,5,7,5,7,2,2,5,7,2,4,3,2,3,9,3,3,4,5,3,6,3,0,4,1,0,1,2,0,1,0,1,0,1,1,0,1,0,0,0,0,0,0,0,0,0,0,0,0,0,0,0,0,0,0,0,0,0,0,0,0,0,0,0,0,0,0,0
BZ,"MUNICIPIUL BUZĂU",BUZĂU,44818,64,"ȘCOALA GIMNAZIALĂ ”NICOLAE TITULESCU„",U,1334,1,312,9,0,0,321,8,6,24,75,46,11,5,19,81,46,2,1,2,2,1,0,0,0,0,0,1,2,0,0,0,1,2,1,3,3,1,2,2,2,3,2,5,2,4,4,3,1,4,3,2,2,5,5,9,5,10,3,5,3,2,1,2,2,5,2,3,4,5,2,3,2,5,2,3,0,1,4,0,1,0,1,0,1,0,0,0,0,0,0,0,0,0,0,0,0,0,0,0,0,0,0,0,0,0,0,0,0,0,0,0,0,0,0,0,0,0,0,0,2,1,2,1,1,2,2,1,0,1,0,0,0,2,0,1,0,4,1,3,1,1,2,2,4,1,0,6,5,6,4,1,1,0,5,6,8,4,4,5,10,4,3,3,1,2,3,2,3,6,5,0,3,5,2,4,5,3,1,0,2,0,3,2,0,0,0,0,0,0,0,0,0,0,0,0,0,0,0,0,0,0,0,0,0,0,0,0,0,0,0,0,0,0,0,0,0,0,0,0,0,0,0
BZ,"MUNICIPIUL BUZĂU",BUZĂU,44818,65,"ȘCOALA GIMNAZIALĂ ”SFÂNTUL APOSTOL ANDREI”",U,1142,0,217,11,0,0,228,5,8,16,48,29,7,7,8,62,38,3,1,0,0,0,1,0,2,1,1,1,0,0,1,0,1,1,1,1,0,3,1,3,1,1,4,1,0,1,1,2,2,5,2,3,3,2,2,2,1,5,2,3,6,3,2,1,2,4,2,3,3,1,2,0,0,1,1,1,2,2,1,0,0,0,1,0,1,0,0,1,1,0,0,0,0,0,0,0,0,0,0,0,0,0,0,0,0,0,0,0,0,0,0,0,0,0,0,0,0,0,0,0,1,2,2,0,1,0,1,1,0,1,1,2,0,0,0,0,2,0,1,0,1,1,1,0,0,2,2,4,1,1,1,6,4,3,2,1,5,5,6,3,6,5,3,1,2,3,0,4,7,0,3,1,3,1,0,1,2,2,4,4,0,3,1,1,0,0,1,0,0,0,0,0,0,0,0,0,0,0,0,0,0,0,0,0,0,0,0,0,0,0,0,0,0,0,0,0,0,0,0,0,0,0,0
BZ,"MUNICIPIUL BUZĂU",BUZĂU,44818,66,"ȘCOALA GIMNAZIALĂ ”SFÂNTUL APOSTOL ANDREI”",U,1274,0,248,12,0,49,309,12,12,28,65,43,3,8,19,67,52,1,2,1,1,4,1,2,1,4,1,1,0,2,2,0,0,1,2,4,0,5,4,1,4,3,4,1,3,2,2,1,1,2,3,3,4,4,8,5,3,6,5,1,3,2,1,6,4,1,4,3,2,1,0,5,3,1,4,2,4,2,2,0,1,1,1,0,0,1,1,0,0,0,0,0,0,0,0,0,0,0,0,0,0,0,0,0,0,0,0,0,0,0,0,0,0,0,0,0,0,0,0,0,0,0,0,1,1,1,0,1,1,0,0,2,2,0,2,0,0,1,1,4,2,4,1,0,2,1,3,2,1,2,4,3,4,2,3,7,3,6,1,6,6,3,2,2,4,5,1,2,5,2,2,5,2,3,2,3,2,4,6,5,2,0,1,2,0,2,1,0,0,0,0,1,0,0,0,0,0,0,0,0,0,0,0,0,0,0,0,0,0,0,0,0,0,0,0,0,0,0,0,0,0,0,0
BZ,"MUNICIPIUL BUZĂU",BUZĂU,44818,67,"ȘCOALA GIMNAZIALĂ ”SFÂNTUL APOSTOL ANDREI”",U,1350,0,291,11,0,0,302,2,9,21,79,46,4,9,18,65,49,0,1,0,1,0,0,0,0,2,2,0,0,1,0,0,2,2,1,0,3,2,2,4,2,4,2,1,7,4,2,1,4,5,3,3,5,3,7,10,7,5,2,1,1,4,2,3,6,4,5,4,2,3,4,0,0,4,2,0,1,4,2,0,1,1,1,1,1,0,0,0,0,0,0,0,0,0,0,0,0,0,0,0,0,0,0,0,0,0,0,0,0,0,0,0,0,0,0,0,0,0,0,0,1,2,0,0,0,0,1,0,1,2,0,1,0,2,1,1,1,1,1,2,2,0,4,1,1,3,3,0,3,2,3,2,2,2,1,8,2,4,9,5,6,2,2,3,2,3,4,1,1,4,8,4,3,3,2,1,3,2,5,3,1,3,1,1,0,0,3,0,0,0,0,0,0,0,0,0,0,0,0,0,0,0,0,0,0,0,0,0,0,0,0,0,0,0,0,0,0,0,0,0,0,0,0
BZ,"MUNICIPIUL BUZĂU",BUZĂU,44818,68,"ȘCOALA GIMNAZIALĂ ”SFÂNTUL APOSTOL ANDREI”",U,1548,0,342,10,0,0,352,12,8,19,83,40,9,11,22,89,59,5,1,2,1,0,2,1,2,1,0,0,2,2,0,1,0,0,3,2,5,0,2,0,2,3,2,0,5,5,4,6,3,3,3,2,4,5,4,7,6,2,5,5,4,5,2,3,5,3,1,3,1,1,3,3,0,2,1,0,1,1,3,3,2,0,1,2,0,2,0,1,1,0,0,0,0,0,0,0,0,0,0,0,0,0,0,0,0,0,0,0,0,0,0,0,0,0,0,0,0,0,0,0,2,4,1,0,0,2,0,1,0,0,1,2,3,2,0,0,2,1,1,1,3,2,1,3,1,4,5,4,1,5,4,4,5,4,4,7,4,6,4,6,7,6,3,2,6,1,6,4,3,5,1,3,0,4,2,4,4,10,0,2,2,0,3,3,1,1,1,2,2,0,0,0,1,0,1,0,0,0,0,0,0,0,0,0,0,0,0,0,0,0,0,0,0,0,0,0,0,0,0,0,0,0,0
BZ,"MUNICIPIUL BUZĂU",BUZĂU,44818,69,"LICEUL CU PROGRAM SPORTIV ”IOLANDA BALAŞ SÖTER”",U,792,0,144,10,0,0,154,4,1,12,35,23,2,4,11,36,26,1,1,0,0,2,0,0,0,0,0,0,0,0,1,0,0,0,1,1,1,0,1,1,2,3,1,1,2,0,2,2,2,2,0,2,2,5,1,3,4,4,2,1,1,0,0,0,1,3,1,1,1,2,0,1,0,1,1,0,1,0,1,3,3,0,2,0,1,0,0,0,0,0,0,0,0,0,0,0,0,0,0,0,0,0,0,0,0,0,0,0,0,0,0,0,0,0,0,0,0,0,0,0,1,0,1,0,0,0,0,0,0,0,0,0,1,0,2,1,0,2,0,1,0,2,1,1,1,2,1,0,3,6,2,1,2,1,2,2,2,1,3,2,1,3,0,2,1,0,2,0,1,1,1,0,0,1,3,5,2,3,2,3,2,0,0,1,0,0,0,1,0,0,0,0,0,0,0,0,0,0,0,0,0,0,0,0,0,0,0,0,0,0,0,0,0,0,0,0,0,0,0,0,0,0,0
BZ,"MUNICIPIUL BUZĂU",BUZĂU,44818,70,"LICEUL CU PROGRAM SPORTIV ”IOLANDA BALAŞ SÖTER”",U,1181,0,269,8,0,0,277,4,5,22,58,44,3,9,23,61,48,2,0,0,1,1,0,0,1,0,0,2,1,1,0,0,0,0,2,2,2,1,1,3,1,2,4,4,8,3,4,4,3,3,3,3,5,3,4,2,3,1,1,0,1,3,3,1,2,1,1,3,4,4,4,5,4,3,4,2,0,4,1,0,1,0,0,1,0,0,0,0,0,0,0,0,0,0,0,0,0,0,0,0,0,0,0,0,0,0,0,0,0,0,0,0,0,0,0,0,0,0,0,0,2,0,0,1,0,0,0,0,2,0,2,0,0,0,2,3,0,2,0,1,4,2,4,3,2,2,3,4,2,3,1,2,2,8,1,6,3,5,2,5,5,0,2,3,1,4,2,7,3,5,3,2,4,6,2,5,6,2,1,0,0,0,0,1,0,1,0,0,0,0,0,0,0,0,0,0,0,0,0,0,0,0,0,0,0,0,0,0,0,0,0,0,0,0,0,0,0,0,0,0,0,0,0
BZ,"MUNICIPIUL BUZĂU",BUZĂU,44818,71,"LICEUL CU PROGRAM SPORTIV ”IOLANDA BALAŞ SÖTER”",U,997,0,190,11,0,0,201,3,9,17,41,24,6,5,10,39,47,0,0,0,2,0,1,0,0,3,1,2,1,0,0,1,0,1,2,1,1,2,2,3,1,0,2,3,3,2,4,3,4,1,2,2,2,3,0,3,2,2,1,1,2,1,1,2,4,4,1,0,0,4,0,3,1,3,0,0,0,2,1,1,0,0,0,0,0,0,0,0,0,0,0,0,0,0,0,0,0,0,0,0,0,0,0,0,0,0,0,0,0,0,0,0,0,0,0,0,0,0,0,0,0,0,1,2,0,0,3,1,0,0,1,0,0,2,1,0,0,2,1,1,0,0,0,2,0,2,2,2,3,1,0,5,0,3,3,1,3,2,0,4,6,0,2,0,0,1,3,2,6,3,5,2,4,3,2,1,2,0,3,4,2,1,4,0,2,0,0,0,0,1,0,0,0,0,0,0,0,0,0,0,0,0,0,0,0,0,0,0,0,0,0,0,0,0,0,0,0,0,0,0,0,0,0
BZ,"MUNICIPIUL BUZĂU",BUZĂU,44818,72,"GRĂDINIŢA CU PROGRAM PRELUNGIT ”BOBOCEII DIN MICRO III”",U,1288,1,333,10,0,0,343,14,4,26,78,55,3,7,25,73,58,5,0,2,1,1,3,2,1,0,1,0,0,0,0,1,1,0,1,1,3,2,4,1,3,6,3,2,4,8,4,2,6,7,5,4,4,3,1,6,9,3,0,4,2,2,1,3,1,3,1,3,3,0,6,4,7,4,5,4,3,2,2,1,2,2,0,1,0,0,0,1,0,0,0,0,0,0,0,0,0,0,0,0,0,0,0,0,0,0,0,0,0,0,0,0,0,0,0,0,0,0,0,0,2,1,0,0,0,0,0,1,1,0,1,0,1,0,0,2,1,3,1,1,3,1,2,6,2,4,2,2,6,5,7,2,7,4,0,3,4,5,5,3,7,1,3,0,3,4,2,6,5,2,1,6,2,2,7,6,3,5,5,2,0,2,3,0,0,0,0,0,0,0,0,0,0,0,1,0,0,0,0,0,0,0,0,0,0,0,0,0,0,0,0,0,0,0,0,0,0,0,0,0,0,0,0
BZ,"MUNICIPIUL BUZĂU",BUZĂU,44818,73,"SEMINARUL TEOLOGIC ORTODOX ”CHESARIE EPISCOPUL”",U,1307,0,345,4,0,0,349,7,11,25,73,52,6,8,19,86,62,1,2,1,0,0,2,1,3,0,0,1,0,0,1,1,3,2,0,3,2,1,3,2,3,3,3,5,4,2,5,2,1,4,7,7,4,3,1,4,4,5,3,2,3,3,2,7,3,5,9,5,4,5,1,7,2,5,0,1,3,1,1,0,0,0,0,0,0,0,0,0,0,0,0,0,0,0,0,0,0,0,0,0,0,0,0,0,0,0,0,0,0,0,0,0,0,0,0,0,0,0,0,0,0,1,0,0,1,1,3,1,1,0,1,0,1,0,2,0,2,0,2,0,3,3,3,1,4,2,1,4,5,5,3,4,5,4,5,3,2,4,5,6,5,1,7,4,4,4,6,4,7,8,5,7,4,5,5,4,4,3,2,0,1,0,0,0,1,1,0,0,0,1,0,0,0,0,0,0,0,0,0,0,0,0,0,0,0,0,0,0,0,0,0,0,0,0,0,0,0,0,0,0,0,0,0
BZ,"MUNICIPIUL BUZĂU",BUZĂU,44818,74,"SEMINARUL TEOLOGIC ORTODOX ”CHESARIE EPISCOPUL”",U,1536,0,289,4,0,0,293,7,11,21,86,26,6,9,27,67,33,4,1,0,1,0,1,0,2,0,0,2,1,1,2,0,1,2,1,1,1,3,2,2,3,3,2,3,6,3,6,4,9,3,6,6,2,2,2,4,8,9,2,4,5,2,2,1,1,3,4,4,1,1,1,2,3,3,1,0,0,0,0,0,1,0,0,0,1,0,0,0,0,0,0,0,0,0,0,0,0,0,0,0,0,0,0,0,0,0,0,0,0,0,0,0,0,0,0,0,0,0,0,0,0,1,1,0,1,3,0,1,0,0,1,3,0,1,2,1,0,2,1,3,5,1,4,3,4,3,1,2,5,3,7,2,3,3,4,2,3,2,2,5,8,2,2,0,3,5,4,5,2,1,3,1,2,4,2,1,0,1,1,3,3,1,0,1,1,0,0,0,0,0,0,0,1,0,0,0,0,0,0,0,0,0,0,0,0,0,0,0,0,0,0,0,0,0,0,0,0,0,0,0,0,0,0
BZ,"MUNICIPIUL BUZĂU",BUZĂU,44818,75,"ȘCOALA GIMNAZIALĂ ”SPECTRUM” BUZĂU",U,1710,0,188,9,0,0,197,7,8,21,45,21,4,14,13,45,19,3,1,1,1,0,1,0,0,1,1,1,1,0,3,0,0,1,1,2,3,1,3,2,3,1,1,4,1,1,1,2,5,0,2,2,3,0,7,5,3,4,0,4,3,1,1,0,2,1,4,2,4,2,0,1,0,0,0,1,1,0,1,0,0,0,0,1,1,0,0,0,0,0,0,0,0,0,0,0,0,0,0,0,0,0,0,0,0,0,0,0,0,0,0,0,0,0,0,0,0,0,0,0,2,0,1,0,0,1,0,3,2,0,2,0,1,3,3,0,0,2,2,0,0,3,2,1,0,1,2,2,4,2,1,0,4,3,2,2,1,4,5,4,5,1,0,1,2,0,2,5,0,5,0,1,0,2,0,2,1,0,2,1,0,0,0,0,0,0,0,0,0,0,0,0,0,0,0,0,0,0,0,0,0,0,0,0,0,0,0,0,0,0,0,0,0,0,0,0,0,0,0,0,0,0,0
BZ,"MUNICIPIUL BUZĂU",BUZĂU,44818,76,"LICEUL TEHNOLOGIC MESERII ŞI SERVICII",U,919,0,152,7,0,0,159,2,5,13,37,19,5,2,14,37,25,0,0,1,0,0,1,0,1,0,0,2,1,0,0,0,1,0,0,0,2,2,2,1,3,1,2,0,2,0,1,1,0,1,5,2,2,1,2,5,3,3,1,0,2,1,2,3,2,1,2,0,4,2,2,1,0,1,2,1,0,0,1,0,0,0,0,0,0,0,0,0,0,0,0,0,0,0,0,0,0,0,0,0,0,0,0,0,0,0,0,0,0,0,0,0,0,0,0,0,0,0,0,0,1,1,0,0,1,0,2,0,0,0,0,0,0,1,0,1,0,0,2,0,1,2,3,1,1,3,1,4,2,1,0,0,1,0,1,0,0,1,3,7,5,3,3,2,1,2,1,3,6,3,3,2,0,3,4,0,0,0,0,1,0,0,0,0,0,0,0,0,0,0,0,0,0,0,0,0,0,0,0,0,0,0,0,0,0,0,0,0,0,0,0,0,0,0,0,0,0,0,0,0,0,0,0
BZ,"MUNICIPIUL BUZĂU",BUZĂU,44818,77,"LICEUL TEHNOLOGIC MESERII ŞI SERVICII",U,1445,2,176,10,0,0,186,7,7,18,48,15,2,5,12,47,25,2,2,0,1,0,2,0,1,1,1,1,1,0,1,0,0,1,3,1,2,4,0,0,2,2,1,3,1,2,2,1,1,7,3,1,2,2,2,4,3,3,1,4,2,1,2,4,3,1,0,3,1,2,1,2,1,0,1,0,0,0,0,0,0,0,0,0,0,0,0,0,0,0,0,0,0,0,0,0,0,0,0,0,0,0,0,0,0,0,0,0,0,0,0,0,0,0,0,0,0,0,0,0,0,0,1,0,0,1,0,1,0,1,0,0,0,2,0,1,0,0,1,0,4,1,2,0,0,3,1,1,3,1,4,1,2,3,3,4,1,3,3,4,4,2,0,1,1,3,3,4,5,2,2,1,0,2,3,1,0,2,0,1,2,0,0,0,0,0,0,0,0,0,0,0,0,0,0,0,0,0,0,0,0,0,0,0,0,0,0,0,0,0,0,0,0,0,0,0,0,0,0,0,0,0,0
BZ,"MUNICIPIUL BUZĂU",BUZĂU,44818,78,"ȘCOALA GIMNAZIALA ”MIHAI L KOGĂLNICEANU”",U,1528,0,237,11,0,0,248,9,9,19,72,22,6,4,20,66,21,1,2,2,1,2,1,0,1,0,2,3,1,0,0,2,0,0,0,1,0,3,2,5,0,3,2,3,4,2,2,4,3,2,5,6,4,4,7,5,5,3,2,1,5,4,1,3,1,3,2,2,2,3,1,3,1,1,1,0,0,0,0,0,1,0,0,0,0,1,0,0,0,0,0,0,0,0,0,0,0,0,0,0,0,0,0,0,0,0,0,0,0,0,0,0,0,0,0,0,0,0,0,0,3,0,1,0,2,0,0,0,0,1,0,1,0,0,1,0,1,1,1,3,3,1,3,1,0,4,3,3,3,5,4,4,3,6,2,3,7,3,1,6,5,2,2,1,1,2,3,3,4,3,1,3,2,0,0,1,0,0,0,0,1,1,1,0,0,1,0,0,0,0,0,0,0,0,0,0,0,0,0,0,0,0,0,0,0,0,0,0,0,0,0,0,0,0,0,0,0,0,0,0,0,0,0
BZ,"MUNICIPIUL BUZĂU",BUZĂU,44818,79,"ȘCOALA GIMNAZIALA ”MIHAI L KOGĂLNICEANU”",U,1630,12,256,6,0,0,262,10,11,19,79,27,8,15,30,47,16,4,0,2,1,0,1,2,0,0,1,0,3,3,3,1,0,0,1,0,2,3,0,4,4,3,1,1,4,3,4,9,5,2,3,4,5,3,5,3,7,3,3,3,3,5,3,2,3,3,3,2,2,3,2,2,2,0,1,1,1,0,1,0,0,0,1,0,0,0,0,0,0,0,0,0,0,0,0,0,0,0,0,0,0,0,0,0,0,0,0,0,0,0,0,0,0,0,0,0,0,0,0,0,2,1,0,3,1,1,0,1,1,2,0,1,0,3,5,1,1,4,3,4,0,5,2,2,3,5,2,3,1,0,5,1,4,1,5,2,2,4,1,8,1,2,4,1,1,1,0,0,2,1,1,4,0,3,2,0,0,1,0,1,0,0,0,0,0,0,0,0,1,0,0,0,0,0,0,0,0,0,0,0,0,0,0,0,0,0,0,0,0,0,0,0,0,0,0,0,0,0,0,0,0,0,0
BZ,"MUNICIPIUL BUZĂU",BUZĂU,44818,80,"ȘCOALA GIMNAZIALA ”MIHAI L KOGĂLNICEANU”",U,1639,0,341,8,0,0,349,12,10,29,78,40,12,20,38,70,40,1,2,4,2,0,1,2,0,0,0,1,0,1,1,3,3,1,4,5,0,4,5,3,1,5,2,0,3,6,2,5,2,3,3,9,2,4,4,8,2,7,4,4,0,8,0,2,5,4,7,4,1,1,4,5,3,0,3,1,0,1,0,1,0,0,0,0,0,0,0,0,0,0,0,0,0,0,0,0,0,0,0,0,0,0,0,0,0,0,0,0,0,0,0,0,0,0,0,0,0,0,0,0,3,0,1,1,2,3,2,1,0,1,0,3,3,2,3,1,6,3,11,4,2,1,5,2,5,3,2,3,1,5,3,1,3,8,3,3,5,4,10,2,4,0,1,6,1,4,3,3,5,2,4,7,4,7,2,0,3,0,0,0,0,1,1,0,0,0,0,0,1,0,0,0,0,0,0,0,0,0,0,0,0,0,0,0,0,0,0,0,0,0,0,0,0,0,0,0,0,0,0,0,0,0,0
BZ,"MUNICIPIUL RÂMNICU SĂRAT","RÂMNICU SĂRAT",44845,81,"CENTRUL DE RECUPERARE PENTRU COPII CU DIZABILITĂŢI",U,1912,4,307,8,0,0,315,13,6,21,73,40,19,9,18,78,38,4,1,2,3,2,0,1,0,0,1,1,0,2,0,0,0,2,1,4,1,2,1,2,0,2,3,5,4,4,2,2,4,7,0,4,5,2,7,4,6,7,3,2,2,3,4,1,3,7,4,2,5,2,1,2,3,2,1,1,0,0,1,1,0,1,1,0,2,0,0,0,0,0,1,0,0,0,0,0,0,0,0,0,0,0,0,0,0,0,0,0,0,0,0,0,0,0,0,0,0,0,0,0,5,2,3,3,1,2,3,1,0,1,0,1,2,0,2,0,2,1,2,3,0,2,1,2,3,2,2,4,4,2,2,5,5,8,4,5,2,7,2,8,3,0,1,2,3,5,6,4,3,0,3,3,2,3,1,2,2,3,4,1,0,2,2,2,0,0,0,0,1,0,0,0,0,0,0,0,0,0,0,0,0,0,0,0,0,0,0,0,0,0,0,0,0,0,0,0,0,0,0,0,0,0,0
BZ,"MUNICIPIUL RÂMNICU SĂRAT","RÂMNICU SĂRAT",44845,82,"ȘCOALA GIMNAZIALĂ DR. ILIE PAVEL",U,1839,0,287,10,0,1,298,16,8,18,48,31,12,26,33,81,25,4,3,3,1,3,1,1,0,2,2,0,1,0,1,0,2,0,1,0,3,3,2,4,1,1,1,2,0,4,1,2,5,3,3,2,0,2,4,5,3,6,1,2,2,1,1,1,2,2,1,3,5,4,4,2,1,3,1,1,0,1,0,0,0,1,0,0,0,0,0,0,0,0,0,0,0,0,0,0,0,0,0,0,0,0,0,0,0,0,0,0,0,0,0,0,0,0,0,0,0,0,0,0,0,0,3,3,2,2,2,2,5,1,1,2,2,3,2,6,2,3,10,1,4,3,3,3,4,0,2,4,3,6,9,5,1,4,7,2,6,5,4,4,3,4,3,2,3,3,3,3,1,2,2,3,4,1,2,2,1,2,1,1,0,0,0,0,0,0,0,0,0,0,0,0,0,0,0,0,0,0,0,0,0,0,0,0,0,0,0,0,0,0,0,0,0,0,0,0,0,0,0,0,0,0,0
BZ,"MUNICIPIUL RÂMNICU SĂRAT","RÂMNICU SĂRAT",44845,83,"ŞCOALA GIMNAZIALĂ ”VASILE CRISTOFOREANU”",U,1520,2,264,7,0,3,274,10,13,16,57,44,4,7,16,61,46,3,1,3,1,0,0,2,0,1,0,3,1,1,2,1,0,4,1,1,3,0,1,3,1,1,1,4,2,2,4,0,4,2,3,3,0,4,1,4,6,9,3,0,3,1,1,5,2,3,2,4,2,5,3,4,3,4,2,3,1,2,2,0,0,0,1,0,0,0,1,0,0,0,0,0,0,0,0,0,0,0,0,0,0,0,0,0,0,0,0,0,0,0,0,0,0,0,0,0,0,0,0,0,1,0,0,0,2,0,1,0,2,1,0,1,1,1,0,1,0,0,1,1,0,2,2,3,2,3,2,4,2,2,4,3,1,5,5,0,0,1,7,6,2,2,1,2,7,4,3,5,1,2,2,2,5,3,3,1,5,6,3,0,3,1,0,0,0,0,1,1,1,1,0,0,0,0,0,0,0,0,0,0,0,0,0,0,0,0,0,0,0,0,0,0,0,0,0,0,0,0,0,0,0,0,0
BZ,"MUNICIPIUL RÂMNICU SĂRAT","RÂMNICU SĂRAT",44845,84,"ŞCOALA GIMNAZIALĂ ”VASILE CRISTOFOREANU”",U,1423,1,246,8,0,0,254,10,3,23,57,32,6,13,24,45,41,2,2,1,2,1,1,1,0,0,0,1,0,0,1,0,1,0,1,3,6,3,0,1,2,1,3,3,4,7,5,5,1,3,4,1,1,0,3,5,3,1,3,5,1,3,2,0,0,1,2,2,3,3,2,2,5,4,2,1,1,1,1,0,0,1,1,0,0,0,0,0,0,0,0,0,0,0,0,0,0,0,0,0,0,0,0,0,0,0,0,0,0,0,0,0,0,0,0,0,0,0,0,0,2,2,0,0,1,0,1,1,0,0,1,0,2,2,1,4,2,1,3,2,3,3,2,3,1,2,4,4,2,8,2,0,2,2,5,0,0,4,2,4,3,1,0,1,1,2,2,3,2,8,6,3,3,1,2,2,1,1,2,2,1,1,1,0,0,0,1,1,0,0,0,0,0,0,0,0,0,0,0,0,0,0,0,0,0,0,0,0,0,0,0,0,0,0,0,0,0,0,0,0,0,0,0
BZ,"MUNICIPIUL RÂMNICU SĂRAT","RÂMNICU SĂRAT",44845,85,"ŞCOALA GIMNAZIALĂ ”VASILE CRISTOFOREANU”",U,1619,0,395,8,0,0,403,11,12,24,94,57,12,16,20,103,54,3,1,4,1,1,0,1,1,1,1,1,3,1,1,3,0,0,2,3,1,2,1,1,1,2,4,7,4,7,4,4,4,4,7,4,7,9,6,12,6,3,2,2,1,4,1,3,4,3,2,5,1,8,4,2,4,2,4,4,2,6,2,1,0,0,0,1,1,0,1,0,0,0,0,0,0,0,0,0,0,0,0,0,0,0,0,0,0,0,0,0,0,0,0,0,0,0,0,0,0,0,0,0,1,3,3,1,1,2,1,1,1,4,1,1,2,2,1,1,2,0,3,2,0,0,1,5,2,1,6,8,7,3,5,5,9,9,8,6,5,8,6,7,4,2,2,1,1,2,5,3,3,4,4,5,3,2,2,5,3,3,2,4,3,0,2,3,1,0,1,0,1,0,0,0,0,0,0,0,0,0,0,0,0,0,0,0,0,0,0,0,0,0,0,0,0,0,0,0,0,0,0,0,0,0,0
BZ,"MUNICIPIUL RÂMNICU SĂRAT","RÂMNICU SĂRAT",44845,86,"GRĂDINIŢA CU PROGRAM NORMAL ”ORIZONT”",U,1367,0,247,7,0,0,254,1,2,24,55,39,6,5,25,46,51,0,0,0,0,1,0,0,0,0,0,1,0,0,0,0,0,1,1,1,3,2,3,3,4,2,2,3,5,4,6,3,2,1,4,1,5,3,3,3,6,2,1,1,0,4,1,0,0,4,6,5,2,2,3,5,1,3,3,1,1,1,0,1,0,0,0,0,0,0,1,0,0,0,0,0,0,0,0,0,0,0,0,0,0,0,0,0,0,0,0,0,0,0,0,0,0,0,0,0,0,0,0,0,2,0,0,0,1,3,0,1,1,1,0,0,0,0,0,1,1,0,3,4,1,2,3,3,0,6,3,5,4,1,3,0,4,1,2,7,0,1,1,0,2,2,1,1,5,5,1,6,4,6,4,6,9,3,2,2,3,0,1,2,1,2,0,0,0,0,0,0,0,0,0,0,0,0,0,0,0,0,0,0,0,0,0,0,0,0,0,0,0,0,0,0,0,0,0,0,0,0,0,0,0,0,0
BZ,"MUNICIPIUL RÂMNICU SĂRAT","RÂMNICU SĂRAT",44845,87,"LICEUL TEHNOLOGIC ”VICTOR FRUNZĂ”",U,1628,4,267,11,0,2,280,11,10,24,57,35,7,13,22,60,41,2,3,4,1,1,0,0,0,1,0,3,0,2,1,1,1,1,1,1,3,5,3,0,4,2,1,4,5,3,4,3,5,2,2,5,3,2,1,5,3,3,1,2,2,2,1,3,2,1,1,3,7,4,3,3,3,3,0,1,1,0,0,0,2,0,0,1,0,0,0,0,0,0,0,0,0,0,0,0,0,0,0,0,0,0,0,0,0,0,0,0,0,0,0,0,0,0,0,0,0,0,0,0,1,1,1,3,0,0,1,1,1,1,0,2,1,2,3,2,0,2,1,2,3,3,1,6,0,2,2,5,3,4,1,5,6,3,4,1,4,2,5,1,3,3,2,0,4,3,1,4,0,4,3,5,6,3,1,3,2,2,2,2,0,2,0,0,0,0,0,2,0,0,0,0,0,0,0,0,0,0,0,0,0,0,0,0,0,0,0,0,0,0,0,0,0,0,0,0,0,0,0,0,0,0,0
BZ,"MUNICIPIUL RÂMNICU SĂRAT","RÂMNICU SĂRAT",44845,88,"LICEUL TEHNOLOGIC ”VICTOR FRUNZĂ”",U,1278,0,281,10,0,57,348,5,9,27,77,54,5,15,17,71,68,0,2,2,0,1,0,0,3,0,0,2,1,0,1,1,1,0,2,1,2,4,3,2,1,2,4,6,6,2,6,3,2,2,2,3,5,4,10,4,6,7,3,1,4,2,3,2,3,3,4,4,7,2,2,4,1,6,5,3,0,1,3,0,2,0,0,0,0,0,0,2,2,0,0,0,0,0,0,0,0,0,0,0,0,0,0,0,0,0,0,0,0,0,0,0,0,0,0,0,0,0,0,0,2,0,1,1,0,0,1,2,1,0,1,0,3,4,2,1,1,1,2,1,1,2,1,1,1,3,4,1,4,2,4,4,4,4,3,4,5,5,7,5,3,0,2,4,3,1,6,2,1,4,8,4,4,6,10,2,4,6,4,3,2,2,0,2,0,1,1,1,1,0,0,0,0,0,0,0,0,0,0,0,0,0,0,0,0,0,0,0,0,0,0,0,0,0,0,0,0,0,0,0,0,0,0
BZ,"MUNICIPIUL RÂMNICU SĂRAT","RÂMNICU SĂRAT",44845,89,"COLEGIUL NAŢIONAL ”ALEXANDRU VLAHUŢĂ”",U,1001,0,187,8,0,1,196,2,4,18,43,23,5,4,21,41,35,2,0,0,0,0,0,0,0,0,0,0,0,1,3,0,0,0,0,0,2,3,5,2,2,2,1,1,2,4,0,5,1,2,4,4,3,1,1,1,0,1,2,2,2,4,3,1,0,4,3,1,2,2,1,1,1,0,2,1,1,1,1,0,1,1,0,0,0,0,0,0,0,0,0,0,0,0,0,0,0,0,0,0,0,0,0,0,0,0,0,0,0,0,0,0,0,0,0,0,0,0,0,0,0,3,1,0,0,0,1,0,0,0,0,1,0,0,1,2,0,1,2,0,4,4,2,2,1,1,4,1,4,2,0,1,2,1,3,1,1,5,4,2,6,1,2,1,2,1,1,0,3,4,3,2,1,6,2,2,1,1,2,0,1,2,2,0,0,0,2,0,0,0,1,0,0,0,0,0,0,0,0,0,0,0,0,0,0,0,0,0,0,0,0,0,0,0,0,0,0,0,0,0,0,0,0
BZ,"MUNICIPIUL RÂMNICU SĂRAT","RÂMNICU SĂRAT",44845,90,"COLEGIUL NAŢIONAL ”ALEXANDRU VLAHUŢĂ”",U,1163,5,232,7,0,1,240,3,4,19,51,34,6,5,26,62,30,1,0,1,0,1,0,0,0,1,0,0,0,0,1,1,0,1,1,2,1,2,3,0,2,1,6,1,6,2,0,3,3,2,2,6,5,3,3,1,5,3,1,1,3,1,1,0,2,5,2,1,2,2,4,4,3,1,1,1,0,0,0,3,1,0,1,0,0,0,1,0,0,0,0,0,0,0,0,0,0,0,0,0,0,0,0,0,0,0,0,0,0,0,0,0,0,0,0,0,0,0,0,0,2,1,0,1,0,2,0,0,1,0,1,1,0,1,1,0,0,1,4,4,3,5,3,0,1,2,3,3,1,1,6,7,5,4,3,0,2,6,3,2,2,4,4,2,2,0,5,2,2,1,2,3,1,5,1,4,3,3,3,0,0,0,0,0,0,0,0,0,0,0,0,0,0,0,0,0,0,0,0,0,0,0,0,0,0,0,0,0,0,0,0,0,0,0,0,0,0,0,0,0,0,0,0
BZ,"MUNICIPIUL RÂMNICU SĂRAT","RÂMNICU SĂRAT",44845,91,"GRĂDINIŢA CU PROGRAM PRELUNGIT ”MUGURAŞII”",U,1308,0,248,10,0,0,258,11,4,20,52,35,4,12,18,58,44,1,4,1,1,0,1,3,0,1,0,1,0,0,0,0,1,1,1,1,1,2,1,0,2,3,3,6,4,1,2,2,1,1,3,2,2,5,3,5,5,3,2,3,3,2,1,2,0,4,2,5,4,4,2,1,3,3,0,0,0,1,1,1,2,0,0,0,0,0,2,0,0,0,0,0,0,0,0,0,0,0,0,0,0,0,0,0,0,0,0,0,0,0,0,0,0,0,0,0,0,0,0,0,0,1,2,0,1,0,0,1,2,0,1,1,1,1,0,1,4,0,4,1,1,2,2,2,0,5,1,3,1,4,1,2,2,3,1,6,4,3,4,6,4,2,1,3,5,1,2,5,2,3,2,7,3,2,4,2,3,4,1,2,0,2,0,0,1,0,1,0,0,0,0,0,0,0,0,0,0,0,0,0,0,0,0,0,0,0,0,0,0,0,0,0,0,0,0,0,0,0,0,0,0,0,0
BZ,"MUNICIPIUL RÂMNICU SĂRAT","RÂMNICU SĂRAT",44845,92,"GRĂDINIŢA CU PROGRAM PRELUNGIT ”LUMEA COPILĂRIEI”",U,1524,3,310,7,0,1,318,6,8,23,84,44,9,6,32,66,40,1,1,2,0,0,1,1,1,1,0,2,1,0,0,2,0,1,1,1,3,2,2,3,1,1,5,4,4,5,5,4,8,4,7,2,3,9,3,10,2,3,2,0,3,4,4,2,3,2,1,1,1,4,3,2,9,4,4,3,2,1,1,0,0,0,1,2,0,0,0,0,0,0,0,0,0,0,0,0,0,0,0,0,0,0,0,0,0,0,0,0,0,0,0,0,0,0,0,0,0,0,0,0,5,0,2,2,0,0,0,0,1,0,1,1,1,1,0,0,1,5,4,1,5,4,2,2,3,3,3,2,4,3,5,5,6,7,5,3,3,3,3,6,7,0,1,3,0,0,0,3,4,1,1,7,5,4,2,6,1,1,3,2,0,0,0,0,0,0,0,0,0,0,0,0,0,0,0,0,0,0,0,0,0,0,0,0,0,0,0,0,0,0,0,0,0,0,0,0,0,0,0,0,0,0,0
BZ,"MUNICIPIUL RÂMNICU SĂRAT","RÂMNICU SĂRAT",44845,93,"GRĂDINIŢA CU PROGRAM PRELUNGIT ”LUMEA COPILĂRIEI”",U,1574,2,315,6,0,1,322,7,13,25,80,37,7,5,30,71,47,1,1,1,1,1,1,1,0,2,3,0,1,0,2,2,2,1,2,1,4,3,3,2,3,3,3,1,3,4,2,3,5,8,3,2,4,5,5,6,6,5,4,2,2,2,4,5,1,7,4,1,3,4,5,1,1,2,3,0,2,2,0,0,0,1,0,0,0,0,0,0,0,0,0,0,0,0,0,0,0,0,0,0,0,0,0,0,0,0,0,0,0,0,0,0,0,0,0,0,0,0,0,0,2,2,0,0,0,3,0,0,0,0,0,1,0,1,0,1,2,2,3,3,1,6,4,3,1,3,4,4,0,5,3,3,4,5,1,6,3,5,2,5,4,5,4,3,4,3,2,9,1,3,4,6,3,5,2,2,1,2,4,1,1,0,1,0,0,1,0,0,1,0,0,0,0,0,0,0,0,0,0,0,0,0,0,0,0,0,0,0,0,0,0,0,0,0,0,0,0,0,0,0,0,0,0
BZ,"MUNICIPIUL RÂMNICU SĂRAT","RÂMNICU SĂRAT",44845,94,"ŞCOALA GIMNAZIALĂ NR. 6",U,1803,2,351,8,0,0,359,8,14,42,88,30,12,14,46,78,27,2,0,1,2,1,1,1,1,1,1,0,2,3,1,0,1,4,5,4,6,4,3,2,4,3,6,5,5,12,4,2,3,1,3,9,7,4,3,7,3,5,5,1,3,5,4,2,2,1,1,3,2,2,2,0,2,1,4,5,0,1,1,1,0,1,0,0,0,0,0,1,0,0,0,0,0,0,0,0,0,0,0,0,0,0,0,0,0,0,0,0,0,0,0,0,0,0,0,0,0,0,0,0,4,1,1,2,1,0,3,2,1,0,2,1,1,1,2,2,2,3,1,5,8,7,5,8,2,2,5,3,5,4,8,6,3,2,2,6,4,6,6,6,5,2,1,3,1,3,2,0,3,2,3,4,2,3,0,1,3,2,0,1,1,2,0,0,0,0,0,0,0,0,0,0,0,0,0,0,0,0,0,0,0,0,0,0,0,0,0,0,0,0,0,0,0,0,0,0,0,0,0,0,0,0,0
BZ,"MUNICIPIUL RÂMNICU SĂRAT","RÂMNICU SĂRAT",44845,95,"LICEUL TEORETIC ”ŞTEFAN CEL MARE”",U,1187,1,257,9,0,0,266,9,2,16,72,39,2,4,13,67,42,2,0,2,3,2,0,0,0,0,0,0,1,0,0,0,0,1,0,2,3,0,2,1,3,1,2,2,4,1,1,2,4,1,2,4,4,6,3,7,7,2,2,6,3,2,4,7,3,1,3,4,2,3,4,0,2,2,3,2,0,1,1,1,3,1,0,1,1,0,0,0,0,0,0,1,0,0,0,0,0,0,0,0,0,0,0,0,0,0,0,0,0,0,0,0,0,0,0,0,0,0,0,0,1,1,0,0,0,0,0,0,0,0,1,0,0,2,1,0,0,1,1,0,1,1,2,2,3,1,1,1,1,3,1,5,2,3,2,4,5,6,0,6,7,2,1,5,8,4,1,2,5,2,4,2,1,3,2,2,2,5,2,2,1,2,1,1,0,2,0,0,0,0,0,1,0,0,0,0,0,0,0,0,0,0,0,0,0,0,0,0,0,0,0,0,0,0,0,0,0,0,0,0,0,0,0
BZ,"MUNICIPIUL RÂMNICU SĂRAT","RÂMNICU SĂRAT",44845,96,"CANTINA DE AJUTOR SOCIAL",U,1172,0,234,6,0,0,240,3,12,15,63,29,4,12,13,58,31,1,2,0,0,0,0,0,1,1,2,1,1,0,1,2,0,3,0,3,1,1,3,1,0,2,2,2,0,5,1,4,5,3,2,6,4,2,3,5,5,2,1,1,5,4,3,2,3,1,2,5,0,2,0,0,3,0,1,3,4,0,2,1,0,0,0,1,1,0,0,0,0,0,0,0,0,0,0,0,0,0,0,0,0,0,0,0,0,0,0,0,0,0,0,0,0,0,0,0,0,0,0,0,1,1,0,1,1,0,0,1,1,4,1,1,0,0,1,2,1,3,1,0,2,1,0,2,2,0,2,1,2,2,1,1,3,2,5,4,6,7,1,8,5,1,0,1,3,2,3,2,4,0,0,5,1,1,0,3,5,3,3,0,0,2,1,0,0,0,0,0,0,0,0,0,0,1,0,0,0,0,0,0,0,0,0,0,0,0,0,0,0,0,0,0,0,0,0,0,0,0,0,0,0,0,0
BZ,"MUNICIPIUL RÂMNICU SĂRAT","RÂMNICU SĂRAT",44845,97,"ŞCOALA GIMNAZIALĂ NR. 1",U,1094,0,209,14,0,0,223,1,10,12,54,32,6,12,8,47,41,1,0,0,0,0,0,0,2,2,0,0,0,1,1,0,1,3,0,0,0,3,2,0,2,3,1,1,1,1,3,4,4,4,3,3,2,4,2,3,2,6,1,5,0,0,5,1,1,4,1,4,3,2,0,0,4,2,0,2,4,1,1,0,0,2,0,0,0,0,1,0,0,0,0,0,0,0,0,0,0,0,0,0,0,0,0,0,0,0,0,0,0,0,0,0,0,0,0,0,0,0,0,0,0,4,1,1,0,0,0,0,0,3,1,2,1,0,1,2,2,0,1,0,1,1,1,1,1,0,2,1,2,3,3,2,4,6,0,2,0,2,5,2,4,1,2,4,0,3,1,4,3,4,4,3,7,2,2,5,0,1,1,1,0,1,0,0,0,1,1,1,0,0,0,0,0,0,0,0,0,0,0,0,0,0,0,0,0,0,0,0,0,0,0,0,0,0,0,0,0,0,0,0,0,0,0
BZ,"MUNICIPIUL RÂMNICU SĂRAT","RÂMNICU SĂRAT",44845,98,"ŞCOALA GIMNAZIALĂ NR. 2",U,1727,2,300,7,0,18,325,11,13,26,76,43,9,12,26,79,30,4,4,0,2,0,0,1,0,1,2,0,0,2,1,3,4,0,0,6,1,1,4,3,1,4,0,6,2,5,1,4,3,0,3,3,4,10,4,4,11,6,0,2,3,1,5,5,5,4,2,4,2,3,2,2,3,4,0,4,2,1,2,1,1,1,0,0,0,0,0,0,0,0,0,0,0,0,0,0,0,0,0,0,0,0,0,0,0,0,0,0,0,0,0,0,0,0,0,0,0,0,0,0,2,1,2,0,3,0,1,1,1,1,1,2,0,1,1,2,2,2,4,2,1,5,3,2,1,3,3,3,6,0,6,1,2,4,4,5,4,6,3,7,9,3,5,2,1,6,2,3,3,1,2,1,4,1,2,1,0,2,2,0,0,1,1,2,1,1,0,1,0,0,0,0,0,0,0,0,1,0,0,0,0,0,0,0,0,0,0,0,0,0,0,0,0,0,0,0,0,0,0,0,0,0,0
BZ,"MUNICIPIUL RÂMNICU SĂRAT","RÂMNICU SĂRAT",44845,99,"S.C. RAFINĂRIA VENUS OILREG S.A.",U,1888,0,388,11,0,1,400,9,18,44,91,45,9,30,26,92,36,0,1,1,3,1,3,0,2,1,1,2,1,0,0,7,4,0,6,1,6,6,7,3,5,6,2,2,10,3,2,3,6,6,6,2,4,5,6,8,7,7,3,3,2,3,2,3,6,7,7,5,5,2,4,0,2,3,2,1,0,0,1,0,0,0,0,0,0,0,0,0,0,0,0,0,0,0,0,0,0,0,0,0,0,0,0,0,0,0,0,0,0,0,0,0,0,0,0,0,0,0,0,0,2,2,0,2,2,1,0,4,3,3,1,1,3,7,3,3,2,2,4,4,2,3,1,4,4,1,1,3,1,5,4,4,5,3,5,4,6,8,9,8,5,3,7,0,6,3,3,3,5,4,5,3,1,1,3,1,0,2,4,1,1,1,1,0,0,0,0,0,0,0,0,0,0,0,0,0,0,0,0,0,0,0,0,0,0,0,0,0,0,0,0,0,0,0,0,0,0,0,0,0,0,0,0
BZ,"MUNICIPIUL RÂMNICU SĂRAT","RÂMNICU SĂRAT",44845,100,"GRĂDINIŢA CU PROGRAM PRELUNGIT NR.2",U,1361,3,270,11,0,1,282,8,12,21,63,32,5,15,21,70,35,5,1,0,1,1,0,0,1,0,1,1,0,0,1,2,4,2,0,2,4,3,2,2,1,4,2,1,6,4,3,4,1,1,7,2,2,2,6,3,1,4,3,3,1,5,1,4,3,6,4,1,1,2,4,1,1,0,1,4,1,1,2,0,0,0,0,0,0,0,0,0,0,0,0,0,0,0,0,0,0,0,0,0,0,0,0,0,0,0,0,0,0,0,0,0,0,0,0,0,0,0,0,0,1,0,0,0,0,1,3,0,3,2,0,1,2,4,0,0,3,1,1,1,1,2,1,6,2,5,1,3,4,5,6,2,1,1,2,2,2,3,3,7,6,2,2,3,4,9,3,6,3,4,1,2,6,2,2,3,2,2,0,1,0,0,0,0,0,1,0,0,0,0,0,0,0,0,0,0,0,0,0,0,0,0,0,0,0,0,0,0,0,0,0,0,0,0,0,0,0,0,0,0,0,0,0
BZ,"MUNICIPIUL RÂMNICU SĂRAT","RÂMNICU SĂRAT",44845,101,"LICEUL ECONOMIC ”ELINA MATEI BASARAB”",U,1333,0,264,7,0,0,271,7,7,25,62,39,6,6,30,53,36,4,0,1,2,0,0,0,1,2,0,0,1,1,1,0,0,1,2,1,5,1,3,0,3,3,1,6,3,4,7,1,1,4,3,4,3,4,1,4,1,3,2,2,7,3,3,2,5,4,0,2,1,5,6,3,0,3,2,3,0,0,1,0,0,0,1,1,0,0,0,0,0,1,1,0,0,0,0,0,0,0,0,0,0,0,0,0,0,0,0,0,0,0,0,0,0,0,0,0,0,0,0,0,2,1,1,1,0,0,1,1,0,0,0,0,0,1,2,1,1,3,4,2,5,5,3,4,0,3,1,2,3,2,0,2,2,3,0,2,3,3,4,6,5,3,1,1,4,3,4,3,5,6,2,6,4,2,2,0,2,1,2,0,0,0,0,0,0,1,0,0,0,0,0,0,0,0,0,0,0,0,0,0,0,0,0,0,0,0,0,0,0,0,0,0,0,0,0,0,0,0,0,0,0,0,0
BZ,"ORAŞ NEHOIU",NEHOIU,47916,102,"CASA DE CULTURĂ GEORGE BĂICULESCU NEHOIU",U,1039,5,311,3,0,4,318,6,13,22,73,52,3,9,19,81,40,2,1,1,2,0,0,0,2,0,1,3,1,1,0,1,2,2,5,0,3,1,3,1,2,4,1,2,2,5,1,3,4,2,2,7,6,4,0,6,5,6,4,1,3,4,4,4,5,4,2,3,5,5,3,3,3,0,5,3,2,0,2,1,2,1,0,0,2,0,0,1,0,0,0,0,0,0,0,0,0,0,0,0,0,0,0,0,0,0,0,0,0,0,0,0,0,0,0,0,0,0,0,0,1,1,1,0,0,0,0,1,1,0,2,2,0,1,1,1,0,1,3,3,2,4,1,1,2,0,2,4,3,6,5,1,1,3,2,5,4,3,8,5,5,2,7,5,4,4,4,3,5,2,1,3,4,5,5,1,0,2,1,2,0,0,2,1,0,0,1,0,1,0,1,0,0,0,0,0,0,0,0,0,0,0,0,0,0,0,0,0,0,0,0,0,0,0,0,0,0,0,0,0,0,0,0
BZ,"ORAŞ NEHOIU",NEHOIU,47916,103,"GRUP SCOLAR TEHNIC NEHOIU STR. SCOLII",U,912,1,257,6,0,6,269,5,10,9,61,45,5,11,9,68,46,3,1,0,0,0,1,0,0,1,0,2,1,1,2,1,2,0,2,1,0,0,0,0,0,0,2,4,2,2,0,2,2,3,2,2,0,2,3,6,8,5,3,3,4,4,3,5,4,2,1,4,4,4,3,4,2,2,1,4,3,0,2,2,0,1,1,0,0,0,0,1,0,0,0,0,0,0,0,0,0,0,0,0,0,0,0,0,0,0,0,0,0,0,0,0,0,0,0,0,0,0,0,0,1,1,0,0,2,1,0,0,0,1,1,2,1,1,1,1,3,0,1,0,2,2,1,1,1,1,0,1,2,2,2,1,5,1,1,4,3,1,8,2,9,3,6,4,3,6,4,4,4,2,2,6,2,7,4,2,1,3,1,0,4,1,0,1,0,1,0,0,0,0,1,0,0,0,0,0,0,0,0,0,0,0,0,0,0,0,0,0,0,0,0,0,0,0,0,0,0,0,0,0,0,0,0
BZ,"ORAŞ NEHOIU",NEHOIU,47916,104,"COMPLEX SPORTIV NEHOIU",U,657,0,224,6,0,4,234,14,7,19,56,35,6,7,18,33,39,5,1,4,1,0,2,1,0,1,1,1,1,1,2,0,0,0,0,0,3,1,2,3,3,3,2,2,2,3,2,3,3,0,2,3,3,2,5,3,4,5,4,2,1,3,1,5,2,1,1,2,2,6,2,3,3,0,1,0,2,2,4,0,2,0,2,0,0,0,0,0,0,0,0,0,0,0,0,0,0,0,0,0,0,0,0,0,0,0,0,0,0,0,0,0,0,0,0,0,0,0,0,0,4,0,0,1,0,0,1,0,0,1,1,1,1,1,0,2,0,0,4,3,0,2,2,1,3,2,1,2,1,1,1,2,1,0,2,2,2,1,5,4,2,2,2,1,0,0,2,2,6,2,5,4,1,3,2,3,2,2,1,1,0,1,0,0,2,1,0,0,1,0,0,0,0,0,0,0,0,0,0,0,0,0,0,0,0,0,0,0,0,0,0,0,0,0,0,0,0,0,0,0,0,0,0
BZ,"ORAŞ NEHOIU",NEHOIU,47916,105,"CĂMIN CULTURAL BĂDÂRLEGI",U,88,0,37,7,0,2,46,2,0,3,8,7,1,0,4,12,9,1,0,0,0,1,0,0,0,0,0,0,0,0,0,0,0,0,0,0,0,0,0,0,0,0,2,1,0,1,0,0,0,1,0,1,0,2,0,0,0,0,1,0,0,1,1,0,0,1,1,0,0,1,0,0,0,2,0,0,0,0,1,0,0,0,0,0,0,0,0,0,1,0,0,0,0,0,0,0,0,0,0,0,0,0,0,0,0,0,0,0,0,0,0,0,0,0,0,0,0,0,0,0,0,0,0,0,0,0,1,0,0,0,0,0,0,0,0,0,0,0,0,0,2,0,1,0,1,0,0,1,1,0,0,0,1,0,0,0,1,0,1,1,3,0,0,0,2,0,1,0,1,0,0,0,0,0,2,0,0,0,1,0,0,1,0,2,1,1,0,0,0,0,0,0,0,0,0,0,0,0,0,0,0,0,0,0,0,0,0,0,0,0,0,0,0,0,0,0,0,0,0,0,0,0,0
BZ,"ORAŞ NEHOIU",NEHOIU,47916,106,"CLĂDIREA FOSTA SECŢIE CONFECŢIONAT ÎNCĂLŢĂMINTE DÂMBOVIŢA (LÂNGĂ BISERICA ORTODOXĂ) STR. VALEA NEHOIULUI",U,517,1,127,5,0,0,132,2,2,9,38,19,1,2,6,27,26,0,1,0,1,0,0,0,0,1,0,1,0,0,0,0,0,0,0,0,0,0,1,2,2,2,1,1,1,1,1,0,4,0,1,1,4,2,1,1,5,5,1,1,0,3,3,3,1,2,1,0,2,1,1,2,2,0,2,0,1,2,0,0,1,0,0,0,0,1,0,0,0,0,0,0,0,0,0,0,0,0,0,0,0,0,0,0,0,0,0,0,0,0,0,0,0,0,0,0,0,0,0,0,1,0,0,0,0,0,0,0,0,0,0,1,0,0,1,0,0,1,0,0,0,2,0,2,1,0,0,0,0,0,2,0,1,2,0,3,2,0,2,5,2,0,1,2,3,0,2,2,0,1,2,1,3,0,4,1,3,1,3,2,1,0,1,1,0,0,0,0,0,0,0,0,0,0,0,0,0,0,0,0,0,0,0,0,0,0,0,0,0,0,0,0,0,0,0,0,0,0,0,0,0,0,0
BZ,"ORAŞ NEHOIU",NEHOIU,47916,107,"CĂMIN CULTURAL VALEA NEHOIULUI",U,751,1,216,4,0,0,220,12,9,15,52,25,1,12,15,53,26,4,1,1,2,1,1,2,2,0,2,2,1,0,0,1,0,1,2,1,1,2,1,4,1,0,3,0,2,2,3,1,1,2,1,3,5,2,4,4,4,6,1,2,0,0,1,8,2,2,1,2,1,1,0,4,3,1,0,2,2,1,1,0,1,1,0,0,0,0,0,0,0,0,0,0,0,0,0,0,0,0,0,0,0,0,0,0,0,0,0,0,0,0,0,0,0,0,0,0,0,0,0,0,1,0,0,0,0,0,0,3,2,0,0,0,1,3,1,0,2,3,2,1,1,2,0,0,2,2,2,2,2,2,1,1,4,2,1,3,3,3,4,7,3,3,3,2,1,3,3,3,3,2,1,5,3,1,0,2,3,1,0,0,0,0,1,1,0,0,0,0,0,0,0,0,0,0,0,0,0,0,0,0,0,0,0,0,0,0,0,0,0,0,0,0,0,0,0,0,0,0,0,0,0,0,0
BZ,"ORAŞ NEHOIU",NEHOIU,47916,108,"ŞCOALA PRIMARĂ NEHOIAŞU",U,317,0,113,8,0,5,126,5,4,11,27,18,8,4,9,24,16,0,3,1,0,0,0,1,0,0,0,1,0,0,1,1,1,0,0,0,1,2,0,5,1,1,1,0,0,3,0,2,1,3,1,2,1,0,2,1,0,3,0,0,1,0,3,4,0,1,1,1,1,3,0,0,1,2,2,1,0,0,1,0,0,1,1,0,0,0,0,2,0,0,0,0,0,0,0,0,0,0,0,0,0,0,0,0,0,0,0,0,0,0,0,0,0,0,0,0,0,0,0,0,2,2,1,0,2,0,1,0,0,0,1,0,2,0,0,1,0,2,0,0,0,3,2,0,1,1,0,0,1,1,2,2,1,0,0,4,3,0,0,2,2,1,1,1,1,1,1,1,1,2,0,0,0,1,2,3,1,0,1,0,2,0,0,1,0,0,0,0,0,1,0,0,0,0,0,0,0,0,0,0,0,0,0,0,0,0,0,0,0,0,0,0,0,0,0,0,0,0,0,0,0,0,0
BZ,"ORAŞ NEHOIU","LUNCA PRIPORULUI",47916,113,"CENTRU CULTURAL LUNCA PRIPORULUI",U,551,1,178,4,0,5,187,4,13,11,42,26,5,9,8,43,26,1,0,0,0,1,1,1,1,0,2,1,1,1,1,2,2,2,2,0,1,1,2,3,1,0,0,1,1,0,2,3,1,3,3,1,2,3,3,5,3,4,2,1,2,0,2,1,4,2,2,1,3,0,2,1,2,2,3,0,1,0,0,0,2,0,0,1,0,0,0,0,0,0,0,0,0,0,0,0,0,0,0,0,0,0,0,0,0,0,0,0,0,0,0,0,0,0,0,0,0,0,0,0,0,0,2,0,1,2,0,0,2,2,1,1,0,2,0,0,1,0,0,1,0,2,0,1,0,3,1,1,1,1,1,1,1,2,5,0,6,0,2,7,4,1,1,3,2,2,2,3,1,2,0,2,4,3,2,2,0,1,2,1,1,0,1,0,0,0,0,1,0,0,0,0,0,0,0,0,0,0,0,0,0,0,0,0,0,0,0,0,0,0,0,0,0,0,0,0,0,0,0,0,0,0,0
BZ,"ORAŞ NEHOIU","LUNCA PRIPORULUI",47916,114,"SCOALA CU CLASELE I-IV PRUND",U,374,0,108,5,0,0,113,2,3,10,22,14,2,4,14,29,13,2,0,0,0,0,0,0,0,0,1,0,0,0,0,0,0,2,1,1,2,3,0,0,2,0,1,0,2,1,0,2,1,1,1,2,0,1,0,0,2,1,3,0,2,1,0,2,1,1,2,1,1,0,0,0,2,0,1,1,0,1,0,0,1,1,0,0,0,0,0,0,0,0,1,0,0,0,0,0,0,0,0,0,0,0,0,0,0,0,0,0,0,0,0,0,0,0,0,0,0,0,0,0,0,0,0,0,2,0,0,1,1,0,0,0,1,0,0,1,0,0,3,4,1,1,0,2,3,0,0,2,2,2,0,1,0,0,1,1,1,3,1,5,2,0,1,4,0,0,3,1,0,2,1,0,1,1,0,2,0,1,1,2,0,0,0,0,0,0,0,1,0,0,0,0,0,0,0,0,0,0,0,0,0,0,0,0,0,0,0,0,0,0,0,0,0,0,0,0,0,0,0,0,0,0,0
BZ,"ORAŞ NEHOIU","BÂSCA ROZILEI",47916,109,"CĂMIN CULTURAL BÎSCA ROZILEI",U,516,0,157,8,0,0,165,1,9,11,49,20,2,5,17,31,20,0,0,0,0,0,0,1,0,2,2,1,0,0,1,2,0,1,0,0,0,2,2,3,1,2,0,1,2,3,0,3,2,1,0,4,2,7,1,2,4,3,1,4,2,2,1,5,2,2,1,2,1,2,2,2,1,1,1,0,0,1,0,0,1,0,1,0,0,0,0,0,0,0,0,0,0,0,0,0,0,0,0,0,0,0,0,0,0,0,0,0,0,0,0,0,0,0,0,0,0,0,0,0,0,0,0,0,0,1,1,2,1,1,0,0,0,0,0,0,1,5,2,0,1,3,1,0,1,2,2,1,2,0,1,3,1,1,1,2,2,2,2,3,2,0,2,2,1,2,1,1,1,1,3,1,3,2,0,3,2,1,0,0,0,2,0,0,0,0,0,0,0,0,0,0,0,0,0,0,0,0,0,0,0,0,0,0,0,0,0,0,0,0,0,0,0,0,0,0,0,0,0,0,0,0,0
BZ,"ORAŞ NEHOIU","BÂSCA ROZILEI",47916,110,"GRĂDINITA POD VINETIS - VECHE",U,516,0,238,3,0,0,241,8,9,18,49,28,12,9,24,50,34,5,0,2,0,0,0,1,1,0,1,0,1,1,2,0,2,1,1,3,1,3,0,2,3,0,2,3,2,2,3,2,6,1,1,2,2,2,3,6,4,2,1,0,2,2,3,3,0,7,2,1,1,0,1,2,0,3,1,4,0,0,2,1,1,0,0,0,0,1,0,0,1,0,0,0,0,0,0,0,0,0,0,0,0,0,0,0,0,0,0,0,0,0,0,0,0,0,0,0,0,0,0,0,3,1,1,3,1,0,3,1,1,0,0,2,0,1,1,3,0,1,1,1,3,5,6,0,1,3,3,3,3,1,3,1,2,3,2,3,2,3,3,1,6,1,3,3,3,1,3,3,2,5,3,2,2,4,1,2,2,2,2,0,0,0,0,1,0,0,1,0,0,1,0,1,0,0,0,0,0,0,0,0,0,0,0,0,0,0,0,0,0,0,0,0,0,0,0,0,0,0,0,0,0,0,0
BZ,"ORAŞ NEHOIU",VINEŢIŞU,47916,117,"CĂMIN CULTURAL VINETIS",U,111,0,63,6,0,0,69,2,2,9,14,10,0,6,11,7,8,0,1,0,0,0,0,1,0,0,0,0,0,0,0,0,0,2,1,0,0,1,3,1,2,0,1,0,2,2,1,0,0,1,0,2,1,0,0,0,2,0,1,1,0,0,0,1,0,2,0,0,0,1,0,0,1,1,0,0,1,1,2,1,0,0,0,0,0,0,0,0,0,0,0,0,0,0,0,0,0,0,0,0,0,0,0,0,0,0,0,0,0,0,0,0,0,0,0,0,0,0,0,0,0,0,0,0,0,0,0,0,0,0,0,0,2,1,2,1,0,1,2,1,2,2,1,0,1,0,1,0,1,0,0,0,0,0,0,0,0,1,1,1,0,0,1,2,0,0,0,1,1,1,0,0,1,1,0,0,0,0,1,0,2,0,0,0,0,0,0,0,0,0,0,0,0,0,0,0,0,0,0,0,0,0,0,0,0,0,0,0,0,0,0,0,0,0,0,0,0,0,0,0,0,0,0
BZ,"ORAŞ NEHOIU",PĂLTINENI,47916,116,"CĂMIN CULTURAL PĂLTINENI",U,615,0,160,7,0,0,167,9,3,17,35,23,5,5,18,29,23,3,2,1,1,0,0,2,1,0,1,0,0,0,0,0,0,1,0,4,1,3,2,0,4,1,1,1,5,2,1,5,0,2,3,0,2,1,3,1,1,1,0,2,3,1,2,0,1,2,3,3,1,1,2,2,1,0,1,0,1,2,0,1,0,1,0,0,0,0,0,0,0,0,1,0,0,0,0,0,0,0,0,0,0,0,0,0,0,0,0,0,0,0,0,0,0,0,0,0,0,0,0,0,1,0,0,1,1,1,1,0,0,0,1,1,0,0,1,1,1,2,1,1,6,1,1,0,3,0,3,1,1,0,2,2,1,2,1,2,3,0,0,1,3,2,2,2,1,1,2,2,1,1,1,2,0,4,0,0,3,1,4,2,0,0,1,0,0,0,0,0,0,1,0,0,0,0,0,0,0,0,0,0,0,0,0,0,0,0,0,0,0,0,0,0,0,0,0,0,0,0,0,0,0,0,0
BZ,"ORAŞ NEHOIU",MLĂJET,47916,115,"CĂMIN CULTURAL MLĂJET",U,680,0,175,5,0,2,182,5,3,10,41,26,6,4,14,43,30,2,1,1,0,0,1,0,0,1,0,0,0,0,2,0,0,0,1,2,0,2,2,0,0,1,2,0,5,0,2,3,1,1,2,2,6,2,2,4,3,2,0,1,1,0,2,2,2,2,4,1,2,0,3,2,3,1,1,1,1,0,1,0,0,1,0,0,0,1,0,0,0,0,0,0,0,0,0,0,0,0,0,0,0,0,0,0,0,0,0,0,0,0,0,0,0,0,0,0,0,0,0,0,2,1,1,1,0,0,1,0,0,0,1,0,0,0,0,0,3,0,4,1,0,1,1,2,1,2,2,2,2,1,0,3,1,1,3,2,3,7,0,1,6,2,1,2,1,3,2,2,0,2,4,1,1,1,2,3,2,2,0,3,0,0,1,1,2,1,0,2,0,0,0,0,0,0,0,0,0,0,0,0,0,0,0,0,0,0,0,0,0,0,0,0,0,0,0,0,0,0,0,0,0,0,0
BZ,"ORAŞ NEHOIU",CHIRLEŞTI,47916,111,"CENTRU CULTURAL CHIRLEȘTI",U,669,0,152,5,0,0,157,9,9,8,52,17,3,5,11,36,7,2,2,0,0,3,0,2,0,0,0,1,3,0,1,1,1,2,0,0,2,1,0,1,0,1,2,1,3,3,2,1,1,2,4,4,7,4,1,6,4,6,2,0,2,0,0,0,1,1,2,1,1,2,0,0,0,1,0,1,2,0,1,1,0,0,2,1,0,0,0,0,0,0,0,0,0,0,0,0,0,0,0,0,0,0,0,0,0,0,0,0,0,0,0,0,0,0,0,0,0,0,0,0,0,0,0,1,2,0,0,0,0,2,0,1,1,1,0,0,0,2,0,1,1,1,4,0,1,1,0,2,2,0,2,1,2,3,1,3,3,3,1,5,0,2,1,1,2,2,0,0,0,0,0,1,0,0,0,1,1,0,2,1,1,0,0,0,0,0,0,0,0,0,0,0,0,0,0,0,0,0,0,0,0,0,0,0,0,0,0,0,0,0,0,0,0,0,0,0,0,0,0,0,0,0,0
BZ,"ORAŞ NEHOIU",CURMĂTURA,47916,112,"CĂMIN CULTURAL CURMĂTURA",U,102,2,37,5,0,11,53,1,2,3,15,9,0,3,1,7,12,0,1,0,0,0,0,0,0,0,1,0,1,0,0,0,0,0,1,1,0,0,0,0,0,0,0,1,1,1,0,1,2,1,2,0,2,0,0,0,4,0,1,0,0,0,0,0,0,0,2,0,2,0,0,0,1,0,0,0,1,0,0,0,1,0,1,1,0,0,0,0,0,0,0,0,0,0,0,0,0,0,0,0,0,0,0,0,0,0,0,0,0,0,0,0,0,0,0,0,0,0,0,0,0,0,0,0,0,0,0,0,0,1,1,0,0,0,0,1,0,0,0,0,0,0,0,0,0,1,0,0,0,2,0,0,0,1,0,0,0,1,0,1,1,0,0,1,0,0,0,0,0,0,0,0,0,0,1,0,0,2,1,4,1,1,1,0,0,0,0,0,0,0,1,0,0,0,0,0,0,0,0,0,0,0,0,0,0,0,0,0,0,0,0,0,0,0,0,0,0,0,0,0,0,0,0
BZ,"ORAŞ PĂTÂRLAGELE",PĂTÂRLAGELE,48325,118,"LICEUL TEHNOLOGIC PĂTÂRLAGELE",U,881,1,191,4,0,0,195,2,7,13,47,34,4,6,11,42,29,0,0,0,0,1,0,1,0,1,1,0,0,1,0,0,0,4,2,0,0,1,1,2,4,1,1,1,4,0,3,1,1,2,2,1,2,2,1,6,3,5,2,2,1,2,2,5,4,6,1,1,5,1,2,1,0,2,3,2,1,1,1,0,0,2,0,0,1,0,0,0,0,0,0,0,0,0,0,0,0,0,0,0,0,0,0,0,0,0,0,0,0,0,0,0,0,0,0,0,0,0,0,0,1,0,1,2,0,0,0,0,0,1,1,1,1,0,0,2,0,2,1,0,1,1,2,1,1,2,0,2,2,0,5,1,1,2,2,2,3,1,3,5,2,3,0,3,1,1,3,6,1,2,3,2,3,2,1,1,1,1,1,2,1,0,0,0,1,0,0,0,1,0,0,0,0,0,0,0,0,0,0,0,0,0,0,0,0,0,0,0,0,0,0,0,0,0,0,0,0,0,0,0,0,0,0
BZ,"ORAŞ PĂTÂRLAGELE",PĂTÂRLAGELE,48325,119,"LICEUL TEHNOLOGIC PĂTÂRLAGELE",U,1029,2,232,0,0,0,232,4,11,22,47,34,2,13,16,56,27,1,0,1,0,0,2,0,1,1,0,0,2,0,1,2,4,0,4,2,2,3,5,1,0,3,2,0,3,0,2,3,1,2,2,3,4,2,1,2,5,3,3,3,0,3,2,3,3,5,2,3,5,1,2,1,4,1,3,2,1,0,0,0,0,0,1,0,0,0,0,0,0,0,0,0,0,0,0,0,0,0,0,0,0,0,0,0,0,0,0,0,0,0,0,0,0,0,0,0,0,0,0,0,1,0,0,0,0,1,0,2,1,0,1,1,0,4,1,3,0,1,1,2,1,3,1,4,2,1,0,6,4,4,2,0,3,1,2,1,2,5,2,3,9,2,1,1,1,4,3,3,5,0,1,4,1,2,1,2,1,2,2,0,0,0,0,1,0,0,1,1,0,0,0,0,0,0,0,0,0,0,0,0,0,0,0,0,0,0,0,0,0,0,0,0,0,0,0,0,0,0,0,0,0,0,0
BZ,"ORAŞ PĂTÂRLAGELE",POIENILE,48325,123,"ŞCOALĂ PRIMARĂ",U,241,0,39,6,0,0,45,2,0,1,14,8,1,2,6,5,6,1,0,1,0,0,0,0,0,0,0,0,0,0,0,0,0,0,0,0,0,0,0,0,0,0,0,1,4,1,1,1,0,1,0,0,0,1,0,2,0,0,0,0,2,0,0,1,1,1,0,2,0,0,0,1,0,1,0,0,0,0,0,2,0,0,0,0,0,0,0,0,0,0,0,0,0,0,0,0,0,0,0,0,0,0,0,0,0,0,0,0,0,0,0,0,0,0,0,0,0,0,0,0,0,0,1,0,0,0,0,0,0,0,0,1,1,0,0,0,0,1,0,0,0,2,1,0,1,1,0,0,0,0,0,0,0,0,0,0,0,0,1,1,1,0,0,0,2,0,0,0,1,0,0,0,0,0,0,0,1,1,1,0,0,2,0,0,0,0,0,0,0,0,0,0,0,0,0,0,0,0,0,0,0,0,0,0,0,0,0,0,0,0,0,0,0,0,0,0,0,0,0,0,0,0,0
BZ,"ORAŞ PĂTÂRLAGELE",MĂRUNŢIŞU,48325,121,"ŞCOALĂ GIMNAZIALĂ",U,1155,1,218,5,0,0,223,9,7,20,60,31,6,10,20,33,27,2,0,2,1,0,2,2,0,0,1,1,1,1,1,0,2,0,0,1,1,0,1,4,2,3,3,5,8,1,0,2,2,2,4,3,7,3,2,3,2,11,4,1,1,1,2,1,3,3,0,3,4,1,5,0,2,3,2,2,1,0,1,0,0,0,0,1,0,0,0,0,0,0,0,0,0,0,0,0,0,0,0,0,0,0,0,0,0,0,0,0,0,0,0,0,0,0,0,0,0,0,0,0,1,2,0,0,1,2,0,1,1,2,1,0,0,0,4,0,1,1,3,2,1,0,3,2,4,2,2,4,0,0,0,3,1,4,1,2,2,2,0,3,2,0,2,0,1,2,4,3,2,5,2,0,2,2,2,2,2,1,1,0,0,1,0,0,0,0,0,0,1,0,0,0,0,0,0,0,0,1,0,0,0,0,0,0,0,0,0,0,0,0,0,0,0,0,0,0,0,0,0,0,0,0,0
BZ,"ORAŞ PĂTÂRLAGELE",MUŞCEL,48325,122,"ŞCOALA GENERALĂ",U,561,1,128,8,0,0,136,7,10,10,36,14,8,9,12,24,6,3,1,0,0,1,0,2,1,0,3,2,0,0,0,0,2,2,1,3,0,1,2,0,0,1,1,1,2,0,5,2,1,0,2,0,2,1,5,1,3,1,3,1,2,3,0,2,2,0,3,1,1,0,3,0,1,0,1,1,0,0,0,0,0,0,1,0,0,0,0,0,0,0,0,0,0,0,0,0,0,0,0,0,0,0,0,0,0,0,0,0,0,0,0,0,0,0,0,0,0,0,0,0,1,1,0,3,0,1,2,0,0,1,0,0,0,0,2,2,4,1,0,1,0,1,1,3,0,2,3,1,3,2,0,0,3,0,2,1,2,1,1,3,0,0,1,1,2,1,0,1,0,1,2,0,0,0,0,0,0,0,0,0,0,2,0,0,0,0,0,0,0,0,0,0,0,0,0,0,0,0,0,0,0,0,0,0,0,0,0,0,0,0,0,0,0,0,0,0,0,0,0,0,0,0,0
BZ,"ORAŞ PĂTÂRLAGELE","VALEA LUPULUI",48325,125,"GRĂDINIŢA CU PROGRAM NORMAL",U,346,0,71,5,0,0,76,2,1,6,22,11,1,2,4,14,13,0,1,0,1,0,0,0,0,0,0,0,0,0,0,1,0,0,0,1,0,0,1,0,0,1,3,0,0,0,0,2,2,1,3,2,0,0,3,0,3,1,0,1,1,0,3,0,1,1,0,2,1,1,0,2,1,1,0,1,0,0,0,0,0,0,0,0,0,0,0,0,0,0,0,0,0,0,0,0,0,0,0,0,0,0,0,0,0,0,0,0,0,0,0,0,0,0,0,0,0,0,0,0,0,0,0,0,1,0,0,0,1,0,0,0,0,0,1,0,0,0,0,0,0,2,0,0,1,0,1,0,2,1,2,0,0,2,1,1,0,1,1,1,0,2,0,0,0,0,0,2,2,3,0,1,3,0,0,0,1,1,0,0,0,0,0,0,0,0,0,0,0,0,0,0,0,0,0,0,0,0,0,0,0,0,0,0,0,0,0,0,0,0,0,0,0,0,0,0,0,0,0,0,0,0,0
BZ,"ORAŞ PĂTÂRLAGELE","VALEA VIEI",48325,127,"ŞCOALA PRIMARĂ",U,361,0,89,5,0,0,94,2,2,8,22,15,3,5,10,16,11,0,0,0,0,1,1,0,0,0,0,1,0,0,1,0,0,0,0,0,1,1,1,1,1,2,1,0,2,1,0,1,1,2,1,0,1,1,3,0,3,2,1,1,0,1,1,0,2,0,1,1,0,3,0,2,1,1,0,1,1,0,0,0,0,0,0,0,0,1,0,0,0,1,0,0,0,0,0,0,0,0,0,0,0,0,0,0,0,0,0,0,0,0,0,0,0,0,0,0,0,0,0,0,1,0,0,0,2,0,0,0,0,0,0,0,0,1,1,2,1,0,1,2,1,2,1,0,0,1,2,0,2,0,1,0,0,0,0,2,1,3,0,2,2,0,0,0,1,2,0,2,1,2,2,0,0,1,0,0,0,1,0,0,0,0,0,0,0,1,0,1,0,0,0,0,0,0,0,0,0,0,0,0,0,0,0,0,0,0,0,0,0,0,0,0,0,0,0,0,0,0,0,0,0,0,0
BZ,"ORAŞ PĂTÂRLAGELE",CRÂNG,48325,120,"GRĂDINIŢA CU PROGRAM NORMAL",U,509,0,131,4,0,0,135,2,6,8,32,22,2,8,8,25,22,0,0,0,1,0,1,0,1,1,0,0,1,1,0,1,1,0,0,1,0,0,1,3,2,0,0,1,3,2,2,3,0,2,0,1,0,0,4,1,4,2,0,2,0,0,5,1,4,5,1,2,0,2,1,2,1,1,0,1,0,0,1,0,0,0,0,0,0,0,0,0,1,0,0,0,0,0,0,0,0,0,0,0,0,0,0,0,0,0,0,0,0,0,0,0,0,0,0,0,0,0,0,0,1,0,0,0,0,1,0,0,1,1,1,0,3,1,1,0,0,0,0,2,2,0,1,0,0,2,1,1,2,0,0,1,0,1,3,2,1,4,0,2,2,0,2,0,0,2,2,2,1,1,0,3,4,3,0,0,1,1,1,2,0,0,1,0,1,0,1,0,0,0,0,0,0,0,0,0,0,0,0,0,0,0,0,0,0,0,0,0,0,0,0,0,0,0,0,0,0,0,0,0,0,0,0
BZ,"ORAŞ PĂTÂRLAGELE","SIBICIU DE SUS",48325,124,"CĂMIN CULTURAL",U,685,0,164,6,0,0,170,2,3,20,41,23,3,6,18,32,22,0,0,1,1,0,0,0,0,0,1,0,0,0,0,1,0,1,1,3,1,5,3,2,1,2,1,1,2,1,0,1,3,5,1,0,6,1,2,2,6,0,2,1,2,2,3,1,2,3,3,5,2,2,0,1,0,0,0,0,2,0,0,0,0,0,1,2,0,0,0,0,0,0,0,0,0,0,0,0,0,0,0,0,0,0,0,0,0,0,0,0,0,0,0,0,0,0,0,0,0,0,0,0,0,2,0,0,1,0,0,0,1,0,0,1,1,0,2,0,1,1,2,1,2,5,3,0,2,2,0,0,3,0,1,0,2,4,0,2,2,0,3,3,0,2,5,2,0,2,1,4,3,2,1,1,0,1,1,1,1,1,1,1,0,0,1,0,0,0,0,0,0,1,1,1,0,0,0,0,0,0,0,0,0,0,0,0,0,0,0,0,0,0,0,0,0,0,0,0,0,0,0,0,0,0,0
BZ,"ORAŞ PĂTÂRLAGELE","VALEA SIBICIULUI",48325,126,"CĂMIN CULTURAL",U,177,0,53,5,0,0,58,3,2,9,9,8,0,2,3,8,14,0,0,2,1,0,0,0,1,0,0,0,0,0,0,1,0,0,1,2,2,1,0,0,0,0,1,2,1,1,0,0,0,0,0,1,2,0,1,1,0,1,0,0,0,1,0,0,1,0,0,0,2,0,1,0,1,0,0,1,0,0,0,0,0,1,0,0,0,1,0,0,0,0,0,0,0,0,0,0,0,0,0,0,0,0,0,0,0,0,0,0,0,0,0,0,0,0,0,0,0,0,0,0,0,0,0,0,0,0,0,0,0,1,0,0,0,0,0,1,0,0,0,0,2,0,0,0,0,0,1,0,0,0,1,0,0,1,1,1,0,1,1,0,1,0,0,0,0,1,0,2,3,1,0,2,0,0,0,0,0,3,1,1,0,1,0,0,0,0,0,0,0,0,0,0,0,0,0,0,0,0,0,0,0,0,0,0,0,0,0,0,0,0,0,0,0,0,0,0,0,0,0,0,0,0,0
BZ,"ORAŞ POGOANELE",POGOANELE,48744,128,"LICEUL TEORETIC POGOANELE",U,1423,1,329,4,0,48,381,12,20,30,106,42,13,25,20,62,51,2,3,1,1,2,1,2,3,1,3,2,2,0,1,3,4,1,1,2,3,3,6,5,2,1,5,2,2,4,5,6,8,3,5,6,5,6,4,12,6,6,4,4,2,4,8,6,1,6,5,2,3,5,1,1,5,3,1,1,0,1,2,0,0,1,0,0,1,2,0,0,0,0,0,1,0,0,0,0,0,0,0,0,0,0,0,0,0,0,0,0,0,0,0,0,0,0,0,0,0,0,0,0,2,0,0,4,4,0,3,1,5,4,0,1,4,1,4,3,2,0,4,2,2,2,4,1,2,1,2,5,4,4,2,3,1,5,3,1,4,2,2,3,8,3,1,0,2,4,5,1,0,2,5,3,6,0,9,5,2,1,2,1,0,1,0,2,6,1,0,2,0,0,0,0,1,0,0,1,0,0,0,0,0,0,0,0,0,0,0,0,0,0,0,0,0,0,0,0,0,0,0,0,0,0,0
BZ,"ORAŞ POGOANELE",POGOANELE,48744,129,"CLUBUL COPIILOR POGOANELE",U,1346,0,311,4,0,18,333,9,19,26,88,41,12,16,20,61,41,4,1,0,1,0,1,2,4,1,2,1,2,2,0,1,1,5,1,1,4,6,4,4,1,2,2,1,6,2,3,4,3,5,4,4,6,4,10,7,10,2,4,4,4,1,2,3,2,5,4,1,5,2,3,2,3,1,1,0,1,1,2,1,3,0,0,0,1,2,0,0,1,0,0,0,0,0,0,0,0,0,0,0,0,0,0,0,0,0,0,0,0,0,0,0,0,0,0,0,0,0,0,0,2,1,2,2,2,1,2,3,1,0,1,1,3,2,1,3,1,1,2,1,2,2,4,4,2,1,1,0,4,4,0,4,3,4,6,8,6,3,1,4,5,0,4,1,2,0,2,1,1,4,4,1,2,3,2,3,4,1,1,2,0,0,0,1,1,1,1,3,1,1,0,2,0,0,0,0,1,0,0,0,0,0,0,0,0,0,0,0,0,0,0,0,0,0,0,0,0,0,0,0,0,0,0
BZ,"ORAŞ POGOANELE",POGOANELE,48744,130,"ŞCOALA GENERALĂ NR.2 POGOANELE",U,1353,1,253,5,0,15,273,8,13,22,69,31,6,16,12,55,41,0,2,1,1,2,1,1,1,2,1,1,3,0,2,2,0,1,0,5,3,4,1,3,0,1,3,2,1,0,4,1,4,2,6,6,1,6,7,6,7,5,3,2,1,1,2,4,3,3,1,3,3,1,4,4,1,0,0,1,0,1,1,2,1,0,0,0,0,0,0,1,0,0,0,0,1,0,0,0,0,0,0,0,0,0,0,0,0,0,0,0,0,0,0,0,0,0,0,0,0,0,0,0,0,1,3,1,0,0,1,2,1,0,1,1,3,1,4,1,2,1,0,1,1,0,3,3,0,2,1,3,3,2,6,4,0,5,4,5,5,0,7,1,6,1,0,0,1,2,0,2,4,4,2,3,2,4,1,1,2,3,1,1,1,0,2,0,2,1,2,1,0,1,0,0,0,0,1,0,0,0,0,0,0,0,0,0,0,0,0,0,0,0,0,0,0,0,0,0,0,0,0,0,0,0,0
BZ,"ORAŞ POGOANELE",CĂLDĂRĂŞTI,48744,131,"ŞCOALA GENERALĂ CĂLDĂRĂŞTI",U,1410,0,466,3,0,25,494,20,25,35,102,67,18,25,38,85,79,2,3,3,2,4,3,3,8,1,2,0,2,1,3,3,2,3,2,5,3,5,4,3,1,3,5,4,5,2,3,6,3,5,5,7,7,7,9,4,6,8,2,0,4,4,10,5,4,5,3,7,4,3,5,4,1,5,1,3,3,3,4,2,0,2,2,1,0,1,1,1,0,1,0,0,1,0,0,0,0,0,0,0,0,0,0,0,0,0,0,0,0,0,0,0,0,0,0,0,0,0,0,0,6,5,2,1,1,2,1,0,2,2,3,6,3,2,2,1,4,0,4,8,11,2,2,2,6,1,2,3,4,5,5,2,4,6,7,3,7,2,4,7,6,4,1,4,3,2,6,2,4,7,7,0,7,1,4,3,5,6,6,3,3,1,1,1,2,2,2,4,4,0,0,1,0,0,0,1,1,0,1,0,0,0,0,0,0,0,0,0,0,0,0,0,0,0,0,0,0,0,0,0,0,0,0
BZ,AMARU,AMARU,44863,132,"CASA DE CULTURĂ AMARU",R,884,1,247,2,0,4,253,5,9,27,63,39,3,17,16,44,30,1,1,0,2,0,0,1,1,1,0,0,1,1,2,0,3,0,4,2,3,2,5,2,2,3,2,2,2,3,3,5,1,2,4,5,3,5,4,4,3,4,4,3,1,1,3,3,3,2,2,3,3,1,5,2,2,3,0,1,1,0,0,2,1,1,2,1,2,0,0,0,0,0,2,0,0,0,0,0,0,0,0,0,0,0,0,0,0,0,0,0,0,0,0,0,0,0,0,0,0,0,0,0,0,0,1,0,2,0,0,3,2,1,4,1,1,1,1,2,1,2,2,2,2,2,1,0,3,1,1,2,2,1,1,1,4,4,2,3,2,1,2,2,3,1,1,2,2,3,5,0,1,1,2,1,0,1,1,2,2,6,1,3,1,0,2,1,0,1,0,0,1,1,1,0,0,0,0,0,0,0,1,0,0,0,0,0,0,0,0,0,0,0,0,0,0,0,0,0,0,0,0,0,0,0,0
BZ,AMARU,DULBANU,44863,133,"CĂMINUL CULTURAL",R,391,0,111,7,0,0,118,5,11,11,26,9,1,9,6,25,15,0,1,0,1,1,2,0,1,0,0,0,2,1,1,4,1,1,3,1,0,1,2,1,0,2,0,1,0,2,2,0,2,3,1,1,3,1,4,0,2,3,0,1,1,0,0,0,1,1,0,1,2,0,1,1,0,0,0,0,0,0,1,0,0,0,0,1,0,0,0,0,0,0,0,0,0,0,0,0,0,0,0,0,0,0,0,0,0,0,0,0,0,0,0,0,0,0,0,0,0,0,0,0,0,0,0,1,0,0,0,2,0,2,2,0,1,1,0,0,1,1,2,1,1,0,0,0,0,0,1,1,0,0,1,4,1,1,0,3,1,2,2,0,4,0,0,2,1,1,1,0,1,0,2,3,0,1,0,0,3,0,0,1,0,0,1,1,0,1,1,0,0,0,0,0,0,0,0,0,0,0,0,0,0,0,0,0,0,0,0,0,0,0,0,0,0,0,0,0,0,0,0,0,0,0,0
BZ,AMARU,"LACU SINAIA",44863,134,"CĂMINUL CULTURAL",R,166,0,57,8,0,2,67,3,5,5,21,6,0,5,3,14,5,1,0,0,0,0,0,2,0,0,0,0,2,0,2,1,0,0,0,0,0,0,2,0,1,1,0,1,1,0,0,1,1,0,2,1,0,1,0,1,0,2,0,0,2,4,4,1,0,0,0,1,0,0,0,0,1,1,0,0,1,1,0,0,0,0,0,0,0,0,0,0,0,1,0,0,0,0,0,0,0,0,0,0,0,0,0,0,0,0,0,0,0,0,0,0,0,0,0,0,0,0,0,0,0,0,0,0,0,0,0,1,0,1,0,1,0,0,0,0,2,1,0,0,0,0,0,1,0,0,1,0,0,1,1,0,0,2,2,1,1,2,2,1,0,0,0,0,1,0,0,0,0,0,0,0,0,0,0,0,1,1,0,0,1,0,0,0,0,0,1,0,1,0,0,0,0,0,0,0,0,0,0,0,0,0,0,0,0,0,0,0,0,0,0,0,0,0,0,0,0,0,0,0,0,0,0
BZ,AMARU,LUNCA,44863,135,"CAMINUL CULTURAL LUNCA",R,264,0,83,7,0,1,91,4,4,8,18,9,4,7,7,20,10,0,0,0,0,1,1,2,0,0,0,2,0,0,0,1,1,0,0,1,1,2,0,0,3,1,0,0,0,2,0,0,2,2,0,2,0,2,1,0,1,1,0,2,1,0,2,0,2,2,0,1,0,0,1,1,0,0,1,0,0,0,0,0,0,0,0,0,0,0,0,0,0,1,0,0,0,0,0,0,0,0,0,0,0,0,0,0,0,0,0,0,0,0,0,0,0,0,0,0,0,0,0,0,2,1,0,0,0,0,1,0,0,4,0,0,0,0,1,1,1,0,0,2,0,1,1,1,0,2,0,1,3,0,2,1,0,4,0,3,0,1,0,1,0,2,1,0,1,0,0,0,0,1,1,1,1,0,1,0,1,1,1,0,0,0,0,0,0,0,0,1,0,1,0,0,0,0,0,0,0,0,0,0,0,0,0,0,0,0,0,0,0,0,0,0,0,0,0,0,0,0,0,0,0,0,0
BZ,"BALTA ALBĂ","BALTA ALBĂ",44934,136,"GRĂDINIŢA CU PROGRAM NORMAL SAT BALTA ALBĂ",R,397,0,126,4,0,0,130,5,8,11,37,13,1,2,6,26,21,0,1,0,1,2,1,0,1,1,0,2,2,0,2,0,0,0,1,1,3,0,1,1,1,0,1,2,2,2,0,0,2,2,4,2,4,1,1,2,3,3,2,1,1,1,1,3,0,1,0,0,0,2,0,2,1,1,2,1,1,0,0,1,0,1,0,0,0,0,0,0,0,0,0,0,0,0,0,0,0,0,0,0,0,0,0,0,0,0,0,0,0,0,0,0,0,0,0,0,0,0,0,0,0,0,0,1,0,0,0,0,1,0,1,0,0,0,0,0,0,0,0,0,3,0,2,0,0,0,1,2,2,2,0,1,1,1,3,2,1,1,1,0,2,2,1,0,1,1,2,2,1,2,1,0,2,1,1,1,1,3,1,0,0,2,0,0,0,0,1,1,0,0,1,0,0,0,0,0,0,0,0,0,0,0,0,0,0,0,0,0,0,0,0,0,0,0,0,0,0,0,0,0,0,0,0
BZ,"BALTA ALBĂ",BĂILE,44934,138,"CAMINUL CULTURAL BAILE",R,337,0,135,5,0,11,151,12,8,3,31,22,4,3,6,27,35,2,1,2,5,2,0,0,1,0,1,3,0,0,2,0,0,1,1,1,0,0,0,0,1,0,0,0,0,1,1,1,4,2,3,1,2,3,1,2,4,2,2,1,0,1,0,0,2,2,0,2,0,1,1,1,2,0,1,2,0,1,2,1,1,0,0,1,0,1,0,0,0,0,0,1,0,0,0,0,0,0,0,0,0,0,0,0,0,0,0,0,0,0,0,0,0,0,0,0,0,0,0,0,0,0,1,0,1,2,0,0,1,0,0,1,0,0,0,1,0,0,0,0,0,1,0,1,2,1,1,0,3,5,1,0,3,3,1,2,0,1,1,3,1,0,0,0,1,0,2,1,2,1,0,1,2,1,1,2,1,2,2,0,2,5,1,0,2,1,1,1,1,0,1,0,1,0,0,2,0,0,0,1,0,0,0,0,0,0,0,0,0,0,0,0,0,0,0,0,0,0,0,0,0,0,0
BZ,"BALTA ALBĂ",AMARA,44934,137,"CĂMINUL CULTURAL AMARA",R,1109,1,404,2,0,9,415,20,17,26,116,45,5,10,30,81,65,4,2,3,6,0,1,4,3,2,0,2,1,3,0,3,2,1,4,1,2,2,4,1,3,5,0,4,7,3,5,5,8,5,9,3,7,11,9,9,4,7,6,6,4,3,2,3,2,2,2,2,3,2,2,3,4,2,2,5,1,1,1,2,1,0,1,0,1,2,1,0,2,0,0,0,1,0,0,0,0,0,0,0,0,0,0,0,0,0,0,0,0,0,0,0,0,0,0,0,0,0,0,0,0,1,0,2,0,2,0,0,1,1,2,1,2,0,1,0,2,3,1,2,6,1,3,3,2,3,6,6,4,1,4,5,2,3,7,4,9,4,3,7,3,4,0,6,2,4,3,3,1,2,4,4,2,6,4,2,4,5,7,3,2,2,1,5,2,2,0,1,1,1,0,1,0,0,0,0,0,0,0,0,0,0,0,0,0,0,0,0,0,0,0,0,0,0,0,0,0,0,0,0,0,0,0
BZ,BĂLĂCEANU,BĂLĂCEANU,44989,139,"PRIMARIA COMUNEI BĂLĂCEANU",R,1186,0,310,2,0,45,357,13,17,23,82,55,10,15,15,58,69,1,2,1,3,1,2,3,1,2,0,1,1,1,2,2,3,4,3,1,7,2,1,2,0,2,3,2,2,3,3,1,4,4,4,6,5,4,5,7,11,7,2,1,1,2,5,5,4,4,0,4,6,1,3,6,4,1,1,3,3,1,1,1,1,1,2,0,2,1,2,0,1,1,0,1,0,0,0,0,0,0,0,0,0,0,0,0,0,0,0,0,0,0,0,0,0,0,0,0,0,0,0,0,2,0,2,0,0,1,5,0,1,1,4,1,2,2,1,1,2,0,3,0,6,1,2,0,1,1,1,3,3,2,1,1,2,4,3,3,1,6,7,2,5,2,2,3,3,4,1,2,3,2,1,1,2,3,2,4,5,6,3,4,0,5,3,2,4,2,2,3,1,0,2,0,0,4,0,1,1,0,1,0,0,0,0,0,0,0,0,0,0,0,0,0,0,0,0,0,0,0,0,0,0,0,0
BZ,BECENI,BECENI,45003,140,"ŞCOALA PRIMARĂ BECENI",R,780,0,163,5,0,7,175,5,10,13,41,22,6,8,11,31,28,1,1,0,0,1,1,1,0,0,0,2,1,1,2,1,1,2,2,1,1,1,0,1,2,0,1,4,0,1,0,0,3,2,4,4,3,5,4,1,2,3,2,2,2,0,3,0,1,0,0,0,1,3,1,2,1,2,2,1,1,1,3,1,0,1,0,0,0,0,0,0,0,1,0,0,0,0,0,0,0,0,0,0,0,0,0,0,0,0,0,0,0,0,0,0,0,0,0,0,0,0,0,0,1,1,0,0,1,3,0,1,4,0,0,1,0,1,0,0,1,1,1,1,3,0,1,0,1,0,3,2,1,1,2,2,0,5,5,1,0,2,2,1,4,0,0,0,2,1,0,2,2,3,2,4,2,0,1,2,1,1,2,0,0,2,1,0,0,0,0,0,0,0,1,0,0,1,0,0,0,1,0,0,0,0,0,0,0,0,0,0,0,0,0,0,0,0,0,0,0,0,0,0,0,0,0
BZ,BECENI,"GURA DIMIENII",45003,142,"ŞCOALA GIMNAZIALĂ GURA DIMIENII",R,720,0,168,7,0,21,196,4,5,11,45,38,4,5,13,24,47,1,1,1,0,0,0,1,0,0,0,0,2,0,2,1,0,0,2,0,3,1,2,1,1,0,0,1,1,2,2,3,6,2,2,1,3,3,4,1,3,1,5,1,1,1,2,1,2,1,2,1,4,2,3,3,3,0,3,3,1,1,1,2,1,0,1,1,2,0,1,0,0,0,0,0,0,0,0,0,0,0,0,0,0,0,0,0,0,0,0,0,0,0,0,0,0,0,0,0,0,0,0,0,1,1,0,0,1,0,1,0,1,0,1,1,1,0,0,0,1,1,1,0,1,3,0,2,1,0,4,0,0,2,1,0,1,0,2,1,2,3,5,1,0,0,1,1,2,1,1,3,1,2,2,4,3,2,1,1,3,3,2,2,2,1,1,1,2,0,0,4,1,0,1,0,1,2,0,1,1,0,0,0,0,0,0,0,0,0,0,0,0,0,0,0,0,0,0,0,0,0,0,0,0,0,0
BZ,BECENI,"VALEA PĂRULUI",45003,144,"ŞCOALA GIMNAZIALĂ VALEA PĂRULUI",R,1051,0,165,7,0,19,191,4,13,12,46,30,3,5,8,39,31,1,1,1,1,0,0,0,3,1,0,1,0,2,0,0,2,4,3,0,1,0,2,2,1,2,1,0,1,0,4,2,3,2,2,2,4,4,2,4,2,2,2,4,4,0,0,2,2,0,2,0,1,1,3,3,0,1,0,2,4,4,2,1,0,0,0,1,0,0,0,2,0,0,0,0,0,1,0,0,0,0,0,0,0,0,0,0,0,0,0,0,0,0,0,0,0,0,0,0,0,0,0,0,1,0,0,2,0,0,0,0,0,0,2,0,0,2,0,1,0,2,1,0,2,1,0,0,0,1,1,2,1,1,2,3,1,5,1,2,0,2,2,4,3,3,1,1,2,1,2,1,1,2,0,3,0,1,3,2,2,1,0,0,1,0,0,2,0,3,1,0,0,2,1,2,0,2,0,1,0,0,0,0,0,0,0,0,0,0,0,0,0,0,0,0,0,0,0,0,0,0,0,0,0,0,0
BZ,BECENI,"IZVORU DULCE",45003,143,"ŞCOALA PRIMARĂ IZVORU DULCE",R,665,0,97,3,0,5,105,2,8,9,23,14,2,8,2,23,14,0,0,0,1,0,1,0,0,1,0,1,2,1,0,1,0,2,2,0,0,1,2,2,0,1,0,1,1,1,0,1,0,1,0,2,1,2,1,3,2,4,1,0,1,0,0,2,1,2,1,1,0,0,0,2,0,2,0,1,0,1,0,1,1,0,0,0,0,0,0,0,0,0,0,0,0,1,0,0,0,0,0,0,0,0,0,0,0,0,0,0,0,0,0,0,0,0,0,0,0,0,0,0,0,0,1,0,0,0,1,1,1,0,3,0,0,1,0,2,0,1,0,0,1,0,0,0,0,0,0,0,1,0,1,0,0,1,1,5,3,4,0,2,1,0,0,1,1,2,0,1,0,1,2,1,0,0,1,1,1,1,0,0,1,2,0,0,0,0,1,1,0,0,0,0,0,0,0,0,0,0,0,0,0,0,0,0,0,0,0,0,0,0,0,0,0,0,0,0,0,0,0,0,0,0,0
BZ,BECENI,FLOREŞTI,45003,141,"ŞCOALA PRIMARĂ FLOREŞTI",R,168,0,35,7,0,12,54,4,1,3,7,14,0,2,0,6,17,1,0,0,0,1,1,1,0,0,0,1,0,0,0,0,0,0,0,0,0,1,0,0,1,1,0,0,0,0,0,0,0,1,0,2,0,0,2,0,0,0,0,1,0,1,0,0,0,1,1,1,0,0,0,0,2,0,0,1,1,0,0,0,0,0,2,1,1,1,0,0,1,0,0,0,1,0,0,0,0,0,0,0,0,0,0,0,0,0,0,0,0,0,0,0,0,0,0,0,0,0,0,0,0,0,0,0,0,0,0,0,0,0,1,0,0,0,1,0,0,0,0,0,0,0,0,0,0,0,0,2,0,0,0,1,0,0,0,0,1,0,0,1,1,0,0,0,0,0,0,0,1,0,1,2,0,1,2,1,0,0,0,2,1,0,0,2,0,0,0,0,0,0,0,1,1,0,1,0,0,0,0,0,0,0,1,0,0,0,0,0,0,0,0,0,0,0,0,0,0,0,0,0,0,0,0
BZ,BERCA,BERCA,45101,145,"CASA DE CULTURĂ BERCA-PARTER",R,1245,0,270,4,0,0,274,7,15,15,67,40,5,16,11,60,38,2,0,2,1,0,1,1,2,1,2,2,0,1,2,1,3,1,2,0,0,2,3,0,2,2,2,2,1,4,3,4,3,2,2,0,4,4,6,3,2,12,2,1,4,3,3,4,2,1,4,5,0,7,1,4,3,0,1,0,0,2,4,0,4,0,1,1,0,0,0,0,0,0,0,0,0,0,0,0,0,0,0,0,0,0,0,0,0,0,0,0,0,0,0,0,0,0,0,0,0,0,0,0,2,0,0,0,1,2,0,3,2,2,2,1,0,2,2,0,2,0,2,3,0,1,1,1,1,1,1,2,1,4,1,5,4,2,0,4,5,3,5,5,3,1,2,2,2,3,6,1,4,5,1,2,2,4,0,4,1,1,4,1,3,2,1,1,0,0,0,0,1,0,0,0,0,0,0,0,0,0,0,0,0,0,0,0,0,0,0,0,0,0,0,0,0,0,0,0,0,0,0,0,0,0,0
BZ,BERCA,BERCA,45101,146,"GRĂDINIȚA CU PROGRAM NORMAL NITRARIA BERCA",R,880,0,176,1,0,1,178,3,9,11,36,29,3,9,7,44,27,0,0,0,2,0,1,0,0,1,1,1,0,1,1,1,0,3,0,3,1,0,2,0,1,2,0,2,1,4,1,2,1,1,1,1,1,1,2,2,3,3,1,1,4,1,0,5,0,1,4,2,3,4,2,2,1,2,1,3,0,1,0,2,0,0,1,0,0,0,0,0,0,0,0,0,0,0,0,0,0,0,0,0,0,0,0,0,0,0,0,0,0,0,0,0,0,0,0,0,0,0,0,0,1,0,0,0,2,0,0,0,0,2,2,1,1,0,1,1,1,0,2,3,0,0,1,0,0,0,1,0,1,0,0,0,1,1,1,3,3,1,3,5,5,2,1,4,3,4,6,4,4,2,2,4,2,0,2,4,0,1,1,0,0,0,0,0,0,1,0,0,0,0,0,0,0,0,0,0,0,0,0,0,0,0,0,0,0,0,0,0,0,0,0,0,0,0,0,0,0,0,0,0,0,0,0
BZ,BERCA,BERCA,45101,147,"LICEUL TEHNOLOGIC SF.MUCENIC SAVA, BERCA",R,651,0,136,6,0,0,142,8,5,9,36,20,5,2,6,34,17,1,0,0,1,3,1,2,2,0,0,0,0,0,2,0,0,1,0,0,1,0,1,3,1,0,1,2,1,1,3,2,2,1,1,1,3,1,1,2,8,0,2,0,1,3,1,2,1,2,1,1,2,2,1,4,1,0,0,1,0,0,1,0,2,0,1,0,0,0,0,0,0,0,0,0,0,0,0,0,0,0,0,0,0,0,0,0,0,0,0,0,0,0,0,0,0,0,0,0,0,0,0,0,3,1,0,0,0,1,0,0,0,1,1,0,0,0,0,0,0,0,1,1,0,1,1,2,0,0,0,1,2,2,4,1,3,3,3,4,0,0,0,1,2,2,1,2,1,1,1,1,1,2,2,0,1,0,1,4,1,0,1,0,1,0,0,2,0,0,0,0,0,0,0,0,0,0,0,0,0,0,0,0,0,0,0,0,0,0,0,0,0,0,0,0,0,0,0,0,0,0,0,0,0,0,0
BZ,BERCA,SĂTUC,45101,153,"GRĂDINIŢA SĂTUC",R,544,0,127,6,0,0,133,9,14,7,34,13,2,5,4,36,9,3,0,2,0,1,0,3,3,1,0,0,0,3,3,1,2,1,0,1,2,1,1,0,0,1,0,1,0,0,1,2,1,4,3,5,0,4,1,2,3,2,1,0,0,1,1,3,3,1,3,1,1,1,0,0,1,0,0,0,0,0,0,0,1,1,0,0,0,0,0,0,0,0,0,0,0,0,0,0,0,0,0,0,0,0,0,0,0,0,0,0,0,0,0,0,0,0,0,0,0,0,0,0,0,1,0,0,1,0,0,1,0,2,0,1,0,0,0,0,1,0,1,0,1,1,0,1,0,0,0,0,2,2,3,2,3,3,1,1,2,2,2,1,5,0,2,1,1,3,0,2,2,0,0,1,1,0,0,1,0,0,1,0,1,0,0,0,0,0,0,0,0,0,0,0,0,0,0,0,0,0,0,0,0,0,0,0,0,0,0,0,0,0,0,0,0,0,0,0,0,0,0,0,0,0,0
BZ,BERCA,RĂTEŞTI,45101,152,"GRĂDINIȚA CU PROGRAM NORMAL RĂTEŞTI",R,696,1,99,1,0,0,100,2,6,10,27,10,0,7,7,22,9,0,0,1,0,0,1,0,0,0,0,1,2,0,1,2,0,0,0,2,1,1,1,1,0,0,1,3,1,2,0,1,1,1,3,1,0,0,3,2,3,3,0,1,2,1,1,1,0,1,0,0,0,0,1,2,1,1,1,0,0,1,1,1,0,0,0,0,0,0,0,0,0,0,0,0,0,0,0,0,0,0,0,0,0,0,0,0,0,0,0,0,0,0,0,0,0,0,0,0,0,0,0,0,0,0,0,0,0,0,0,0,0,1,2,0,1,0,2,0,1,1,1,0,0,0,2,0,0,2,1,0,0,2,1,1,1,0,2,2,1,2,1,2,4,1,1,0,0,0,1,1,0,0,1,2,2,1,0,0,1,0,1,0,0,0,0,0,0,0,0,0,0,0,0,0,0,0,0,0,0,0,0,0,0,0,0,0,0,0,0,0,0,0,0,0,0,0,0,0,0,0,0,0,0,0,0
BZ,BERCA,PÂCLELE,45101,149,"CĂMIN CULTURAL PÎCLE",R,110,0,27,5,0,0,32,2,0,4,10,4,1,1,2,3,5,0,1,1,0,0,0,0,0,0,0,0,0,0,0,0,0,0,1,0,0,1,0,1,0,1,0,0,1,2,1,0,0,0,1,0,0,1,0,0,0,1,0,0,3,0,0,0,0,0,0,0,1,0,1,1,0,0,0,1,0,0,0,0,0,0,0,0,0,0,0,0,0,0,0,0,0,0,0,0,0,0,0,0,0,0,0,0,0,0,0,0,0,0,0,0,0,0,0,0,0,0,0,0,0,0,0,1,0,0,0,1,0,0,0,0,0,0,0,0,0,0,0,0,2,0,0,0,0,0,0,0,1,0,0,1,0,0,0,0,0,0,0,0,1,0,0,0,0,0,0,2,0,0,1,0,0,1,0,0,0,0,1,0,0,0,0,0,0,0,0,0,0,0,0,0,0,0,0,0,0,0,0,0,0,0,0,0,0,0,0,0,0,0,0,0,0,0,0,0,0,0,0,0,0,0,0
BZ,BERCA,JOSENI,45101,148,"CĂMIN CULTURAL JOSENI",R,664,0,137,6,0,0,143,2,7,10,38,15,3,9,13,30,16,1,0,0,0,0,0,1,1,0,2,0,1,0,1,2,0,0,0,2,1,0,1,0,1,1,1,3,1,4,1,3,1,2,4,1,1,2,4,1,3,5,1,2,1,0,1,0,2,2,1,0,0,2,2,2,0,0,0,1,0,1,0,0,0,1,0,1,0,0,0,0,0,0,0,0,0,0,0,0,0,0,0,0,0,0,0,0,0,0,0,0,0,0,0,0,0,0,0,0,0,0,0,0,1,0,0,0,0,2,0,1,1,1,2,1,1,1,0,0,1,2,2,1,0,1,0,2,0,2,3,0,0,1,0,2,3,3,2,1,3,2,4,1,5,0,2,0,0,0,1,0,4,1,2,1,2,0,1,0,1,0,0,0,0,1,0,1,0,0,0,0,1,1,0,0,0,0,0,0,0,0,0,0,0,0,0,0,0,0,0,0,0,0,0,0,0,0,0,0,0,0,0,0,0,0,0
BZ,BERCA,PLEŞEŞTI,45101,150,"GRĂDINIȚA CU PROGRAM NORMAL SAT PLEȘCOI",R,804,0,159,2,0,0,161,4,5,11,38,21,5,3,12,42,20,1,0,0,0,1,1,1,0,0,0,0,2,1,1,0,0,1,0,0,1,1,0,3,1,1,2,2,0,2,0,1,3,0,4,4,3,3,3,3,1,4,3,1,0,1,1,1,2,0,4,1,1,2,1,1,1,4,1,0,0,0,0,0,1,1,0,1,0,0,0,0,0,0,0,0,0,0,0,0,0,0,0,0,0,0,0,0,0,0,0,0,0,0,0,0,0,0,0,0,0,0,0,0,0,2,1,1,0,0,1,0,0,1,1,0,0,1,0,0,0,0,0,2,3,0,1,1,0,1,4,5,3,4,5,2,3,1,2,2,3,0,2,3,4,1,2,0,0,0,0,3,0,3,1,1,3,0,3,0,0,1,3,0,1,0,0,0,0,0,1,0,0,0,0,0,0,0,0,0,0,0,0,0,0,0,0,0,0,0,0,0,0,0,0,0,0,0,0,0,0,0,0,0,0,0,0
BZ,BERCA,PLEŞEŞTI,45101,151,"GRĂDINIȚA CU PROGRAM NORMAL SAT PLEȘCOI",R,708,0,137,3,0,0,140,3,4,11,33,17,6,3,13,31,19,0,0,0,0,2,1,0,0,1,1,1,0,0,1,0,0,0,1,2,2,0,1,1,2,2,0,0,0,0,3,3,7,1,2,3,3,0,1,0,2,3,1,1,1,1,1,0,3,2,1,0,2,2,2,2,1,0,0,0,1,0,1,0,0,0,0,0,0,0,0,0,0,0,0,0,0,0,0,0,0,0,0,0,0,0,0,0,0,0,0,0,0,0,0,0,0,0,0,0,0,0,0,0,1,0,3,0,0,1,1,1,0,0,0,1,0,0,0,1,0,0,0,2,2,2,2,2,0,1,2,2,0,2,3,3,0,3,2,2,2,1,2,2,1,3,1,0,0,1,1,1,1,0,2,3,3,0,5,2,0,0,1,0,0,0,0,0,0,1,0,0,0,0,0,0,0,0,0,0,0,0,0,0,0,0,0,0,0,0,0,0,0,0,0,0,0,0,0,0,0,0,0,0,0,0,0
BZ,BERCA,"VALEA NUCULUI",45101,154,"ŞCOALA PRIMARĂ VALEA NUCULUI",R,565,0,102,6,0,2,110,3,7,9,25,15,1,5,7,24,14,1,0,1,1,0,0,0,0,0,0,1,1,0,1,0,2,2,2,0,0,0,2,0,1,2,2,0,2,0,0,0,2,2,0,3,0,2,2,1,3,3,1,0,1,1,1,1,3,4,1,2,1,0,1,0,0,0,1,0,0,0,0,0,0,1,0,1,0,0,0,0,0,0,0,0,0,0,0,0,0,0,0,0,0,0,0,0,0,0,0,0,0,0,0,0,0,0,0,0,0,0,0,0,1,0,0,0,0,0,0,0,0,1,0,0,0,2,1,1,0,0,0,0,1,2,1,0,0,1,2,1,0,0,0,1,1,1,2,1,2,3,3,0,1,3,1,0,2,0,2,1,2,2,0,2,0,0,1,1,1,0,1,1,0,0,0,1,1,0,0,0,0,0,0,0,0,0,0,0,0,0,0,0,0,0,0,0,0,0,0,0,0,0,0,0,0,0,0,0,0,0,0,0,0,0,0
BZ,BISOCA,BISOCA,45245,155,"SALA DE FESTIVITATI A PRIMARIEI BISOCA",R,427,1,114,4,0,0,118,3,4,5,35,19,4,1,3,29,15,1,0,0,1,0,1,0,1,0,1,1,0,0,0,1,0,0,1,2,0,0,1,0,0,0,1,0,1,3,0,1,1,0,3,1,3,4,2,0,3,5,0,1,0,3,2,2,1,3,3,2,0,2,1,0,1,2,0,0,0,2,1,0,0,0,1,0,0,0,0,0,0,0,0,0,0,0,0,0,0,0,0,0,0,0,0,0,0,0,0,0,0,0,0,0,0,0,0,0,0,0,0,0,2,0,0,1,0,1,0,1,0,0,0,0,0,0,0,0,0,0,1,0,0,1,0,0,0,1,0,1,0,3,1,3,1,0,2,1,3,2,3,3,2,0,1,0,2,1,0,1,1,0,1,1,0,3,1,2,0,1,2,0,1,0,0,0,0,1,0,0,0,0,0,0,0,0,0,0,0,0,0,0,0,0,0,0,0,0,0,0,0,0,0,0,0,0,0,0,0,0,0,0,0,0,0
BZ,BISOCA,RECEA,45245,157,"CAMPUS PENTRU COPII SF.SAVA - RECEA",R,693,0,150,2,0,0,152,4,7,14,34,23,4,5,4,32,25,1,0,0,0,0,1,2,0,0,0,0,1,1,1,1,3,0,1,1,1,3,0,0,3,0,3,2,0,0,1,0,4,2,2,0,1,5,1,1,3,5,1,0,2,2,2,2,2,2,1,1,0,1,0,2,1,1,2,0,1,3,1,1,2,1,1,0,0,0,0,0,0,0,0,0,0,0,0,0,0,0,0,0,0,0,0,0,0,0,0,0,0,0,0,0,0,0,0,0,0,0,0,0,0,0,2,0,1,0,1,0,0,0,0,1,3,1,0,0,0,0,0,1,1,0,0,0,2,0,0,0,0,0,1,3,0,5,1,3,5,1,0,3,1,1,5,0,2,0,1,1,1,1,2,0,1,2,3,0,1,0,6,2,0,1,1,1,0,0,1,0,1,0,0,0,0,0,0,0,0,0,0,0,0,0,0,0,0,0,0,0,0,0,0,0,0,0,0,0,0,0,0,0,0,0,0
BZ,BISOCA,PLEŞI,45245,156,"ŞCOALA GENERALĂ PLEŞI",R,308,0,74,3,0,0,77,2,5,2,20,12,2,2,2,23,7,0,1,1,0,0,0,0,1,0,0,2,0,0,0,1,0,1,0,0,0,0,0,1,0,1,0,0,0,0,0,1,0,1,0,1,1,1,2,2,0,2,1,4,1,2,1,0,1,0,2,0,2,2,0,0,1,1,1,0,0,0,0,0,0,1,1,0,0,0,0,0,0,0,0,0,0,0,0,0,0,0,0,0,0,0,0,0,0,0,0,0,0,0,0,0,0,0,0,0,0,0,0,0,0,0,1,0,0,0,1,0,1,0,0,0,1,0,0,0,0,0,0,2,0,0,0,0,0,0,0,0,0,1,1,2,2,2,3,3,2,1,1,0,1,0,0,1,1,2,0,0,2,1,0,0,0,0,0,0,1,1,0,0,1,0,0,0,1,0,0,0,0,0,0,0,0,0,0,0,0,0,0,0,0,0,0,0,0,0,0,0,0,0,0,0,0,0,0,0,0,0,0,0,0,0,0
BZ,BISOCA,SĂRILE,45245,158,"ŞCOALA GENERALĂ SĂRILE",R,360,0,79,6,0,0,85,2,12,13,23,5,4,1,11,12,2,0,0,1,0,0,1,0,2,0,0,3,1,1,1,1,1,2,2,0,1,1,3,2,2,0,0,2,3,1,2,1,1,1,0,2,1,1,2,1,2,1,1,1,1,0,0,1,2,0,0,1,0,0,0,0,0,0,0,2,0,0,0,0,0,0,0,0,0,0,0,0,0,0,0,0,0,0,0,0,0,0,0,0,0,0,0,0,0,0,0,0,0,0,0,0,0,0,0,0,0,0,0,0,0,0,0,1,0,3,0,0,0,1,0,0,0,0,0,0,0,3,2,0,1,0,0,2,2,1,0,0,0,0,2,0,4,1,0,1,0,1,1,1,0,1,0,0,0,0,0,0,0,0,0,0,0,0,0,0,0,1,0,0,0,0,0,0,0,0,0,0,0,0,1,0,0,0,0,0,0,0,0,0,0,0,0,0,0,0,0,0,0,0,0,0,0,0,0,0,0,0,0,0,0,0,0
BZ,BLĂJANI,BLĂJANI,45334,159,"CĂMINUL CULTURAL BLĂJANI",R,536,0,217,4,0,20,241,9,14,5,47,41,3,4,8,55,55,1,1,2,1,1,2,1,1,1,1,2,2,2,0,2,2,1,0,2,0,1,0,0,0,0,0,2,0,1,4,3,1,5,4,2,1,5,3,4,3,2,0,2,1,1,3,2,5,1,1,3,2,0,3,0,3,2,1,2,1,3,0,0,0,1,0,2,3,1,2,1,1,2,0,0,0,0,0,0,1,0,0,0,0,0,0,0,0,0,0,0,0,0,0,0,0,0,0,0,0,0,0,0,0,0,0,1,1,0,1,0,0,0,0,1,1,1,0,0,1,0,3,0,1,1,0,0,1,1,1,1,1,5,2,3,6,5,4,4,2,6,1,3,2,1,1,1,2,1,4,2,0,2,1,5,3,5,4,1,4,3,1,1,0,2,2,3,2,1,6,1,0,1,0,2,0,0,1,1,0,0,1,0,0,0,0,0,0,0,0,0,0,0,0,0,0,0,0,0,0,0,0,0,0,0,0
BZ,BLĂJANI,SOREŞTI,45334,160,"CĂMINUL CULTURAL SOREŞTI",R,217,0,101,4,0,5,110,4,8,7,23,13,1,5,8,16,25,0,0,0,3,0,1,0,1,1,0,0,1,3,0,0,2,0,0,1,1,1,1,0,2,1,0,0,0,1,1,2,0,0,1,0,0,2,1,2,3,4,0,1,0,3,0,2,2,0,2,0,0,3,0,0,1,1,1,0,0,0,0,0,0,0,0,0,1,1,0,0,0,0,0,1,0,0,0,0,0,0,0,0,0,0,0,0,0,0,0,0,0,0,0,0,0,0,0,0,0,0,0,0,0,0,0,0,1,0,0,1,0,0,0,0,0,1,1,1,1,1,1,1,0,2,1,1,1,0,0,1,0,1,0,0,1,0,2,1,0,1,1,1,1,0,2,2,0,0,2,5,1,1,0,2,2,2,0,1,0,0,0,1,0,0,1,1,2,0,0,1,1,1,0,2,1,0,0,0,0,0,0,0,0,0,0,0,0,0,0,0,0,0,0,0,0,0,0,0,0,0,0,0,0,0,0
BZ,BOLDU,BOLDU,45361,161,"CLUBUL PRIMĂRIEI BOLDU",R,918,0,231,4,0,20,255,12,11,20,48,46,4,9,12,41,52,5,1,1,1,2,2,0,1,1,0,0,0,1,0,0,4,4,3,0,2,1,2,0,3,3,1,5,4,4,0,4,3,3,0,4,2,1,3,3,4,4,2,1,1,1,2,2,7,3,4,4,5,3,6,2,0,0,3,0,2,2,2,0,0,1,0,0,1,1,0,0,0,0,0,0,0,0,0,0,0,0,0,0,0,0,0,0,0,0,0,0,0,0,0,0,0,0,0,0,0,0,0,0,0,1,1,0,1,0,1,2,0,1,2,0,1,1,0,2,0,1,1,1,1,3,0,1,1,3,0,0,0,1,3,3,6,1,3,2,2,1,0,3,2,4,2,0,5,1,2,0,2,7,1,5,0,3,3,3,5,1,1,1,1,3,1,4,0,1,0,1,3,0,0,1,0,1,1,0,1,0,0,1,0,1,0,0,0,0,0,0,0,0,0,0,0,0,0,0,0,0,0,0,0,0,0
BZ,BOLDU,BOLDU,45361,162,"ȘCOALA GIMNAZIALĂ BOLDU",R,782,1,229,3,0,21,253,12,12,24,51,32,3,9,14,46,50,2,2,5,0,1,2,0,1,0,1,2,2,1,0,2,2,1,2,2,2,3,2,4,2,0,2,5,3,1,0,1,4,1,3,3,5,1,4,4,4,3,0,2,4,4,3,1,1,2,2,2,0,6,2,0,0,1,2,1,0,1,2,2,1,1,1,0,0,1,0,0,1,0,2,0,1,0,0,0,0,0,0,0,0,0,0,0,0,0,0,0,0,0,0,0,0,0,0,0,0,0,0,0,0,2,0,1,0,0,0,2,1,0,1,0,4,0,0,1,0,3,1,2,3,0,2,0,1,1,1,3,2,2,2,1,1,5,3,3,3,7,3,2,4,0,2,1,0,1,1,1,0,0,2,2,3,2,4,3,2,5,3,1,4,3,1,1,4,2,0,1,2,0,1,0,0,1,0,2,0,0,0,0,0,0,0,0,0,0,0,0,0,0,0,0,0,0,0,0,0,0,0,0,0,0,0
BZ,BOZIORU,BOZIORU,45389,163,"ŞCOALA GIMNAZIALĂ BOZIORU",R,448,1,174,4,0,9,187,6,7,11,43,28,2,6,15,26,43,1,1,0,2,1,0,1,2,0,1,0,0,0,1,2,1,0,2,0,0,0,2,0,1,3,1,2,2,3,5,2,2,2,1,1,3,4,1,2,5,2,0,1,3,2,2,0,1,1,2,2,0,1,1,2,1,1,0,2,0,1,2,1,1,1,0,1,4,1,0,0,1,0,1,0,0,0,0,0,0,0,0,0,0,0,0,0,0,0,0,0,0,0,0,0,0,0,0,0,0,0,0,0,0,0,0,1,0,1,0,2,1,0,1,0,0,1,1,0,0,3,0,1,2,1,3,1,1,1,2,2,3,0,1,1,1,3,4,1,1,2,1,1,1,0,3,0,0,1,0,3,3,0,2,1,1,4,2,3,2,3,4,4,1,2,2,1,1,0,0,2,1,1,0,0,0,0,0,0,0,0,0,0,0,0,0,0,0,0,0,0,0,0,0,0,0,0,0,0,0,0,0,0,0,0,0
BZ,BOZIORU,FIŞICI,45389,164,"ŞCOALA PRIMARĂ FIŞICI",R,274,0,82,4,0,0,86,2,2,3,19,18,3,2,8,16,13,0,1,1,0,0,0,0,0,0,0,0,0,0,1,0,0,1,0,0,0,0,0,1,0,1,0,1,1,1,1,1,1,0,3,2,1,3,0,0,1,0,0,0,1,1,1,1,0,5,1,0,0,0,3,1,1,1,1,1,0,1,2,0,0,0,0,0,1,0,0,0,0,0,0,0,0,0,0,0,0,0,0,0,0,0,0,0,0,0,0,0,0,0,0,0,0,0,0,0,0,0,0,0,1,0,0,1,0,0,1,0,1,0,0,0,0,0,1,0,0,0,1,1,2,1,1,0,0,2,0,0,0,1,1,0,1,1,0,1,1,0,0,1,0,1,2,1,2,2,1,1,0,1,2,0,1,1,1,0,1,1,0,1,0,0,0,1,0,0,0,0,0,1,1,0,0,0,0,0,0,0,0,0,0,0,0,0,0,0,0,0,0,0,0,0,0,0,0,0,0,0,0,0,0,0,0
BZ,BRĂDEANU,BRĂDEANU,45496,165,"ȘCOALA GIMNAZIALĂ COMUNA BRĂDEANU",R,847,0,118,2,0,0,120,4,7,14,30,16,2,9,8,16,14,0,2,0,0,0,2,0,0,1,2,1,1,0,2,0,0,0,1,1,1,2,2,2,3,0,0,2,3,0,1,2,1,2,4,0,2,1,4,1,3,0,2,1,0,0,2,1,2,1,0,0,1,2,1,0,0,0,1,2,1,0,3,1,1,0,0,0,0,0,0,0,0,0,0,0,0,0,0,0,0,0,0,0,0,0,0,0,0,0,0,0,0,0,0,0,0,0,0,0,0,0,0,0,0,0,0,0,0,1,1,0,0,3,0,0,2,0,2,0,2,0,0,1,0,0,2,0,1,1,3,0,0,1,1,3,0,2,0,2,1,1,1,1,0,0,0,1,1,1,0,0,0,1,1,1,1,1,1,2,1,0,0,0,0,1,1,2,1,0,0,0,0,0,0,0,0,0,0,0,0,0,0,0,0,0,0,0,0,0,0,0,0,0,0,0,0,0,0,0,0,0,0,0,0,0,0
BZ,BRĂDEANU,SMÂRDAN,45496,167,"ȘCOALA PRIMARĂ SMÂRDAN",R,654,0,186,4,0,0,190,10,11,10,45,23,10,7,12,38,24,3,3,0,1,1,1,1,1,3,0,1,2,1,1,1,0,1,2,0,2,2,1,1,0,1,0,1,2,0,2,4,5,1,4,4,1,1,1,2,3,4,2,1,3,1,3,1,2,0,1,1,0,3,0,3,4,1,1,1,0,0,0,2,0,0,1,1,0,1,1,0,0,0,0,0,0,0,0,0,0,0,0,0,0,0,0,0,0,0,0,0,0,0,0,0,0,0,0,0,0,0,0,0,2,2,1,2,0,1,2,1,1,0,1,0,1,1,1,0,1,2,3,0,0,2,1,0,2,2,0,2,2,0,6,3,3,1,3,1,2,1,0,2,1,2,4,1,0,1,3,0,0,1,3,3,4,2,0,1,3,2,0,1,0,0,0,0,3,1,0,0,0,0,0,0,0,0,0,0,0,0,0,0,0,0,0,0,0,0,0,0,0,0,0,0,0,0,0,0,0,0,0,0,0,0,0
BZ,BRĂDEANU,MITROPOLIA,45496,166,"GRĂDINIȚA CU PROGRAM NORMAL MITROPOLIA",R,321,0,33,4,0,0,37,2,1,5,6,4,2,0,3,9,5,0,1,0,0,0,1,0,0,0,0,1,0,0,0,0,0,0,0,1,0,1,0,0,0,0,3,0,0,1,0,0,0,1,2,0,1,0,0,0,0,1,0,0,0,0,0,0,0,0,2,0,0,0,0,0,0,0,1,0,0,0,1,0,0,0,0,0,0,0,0,0,0,0,0,0,0,0,0,0,0,0,0,0,0,0,0,0,0,0,0,0,0,0,0,0,0,0,0,0,0,0,0,0,0,1,0,1,0,0,0,0,0,0,0,0,0,0,0,0,0,0,1,0,0,0,0,0,1,0,1,1,1,0,1,0,1,2,1,0,1,0,0,0,0,0,1,0,0,0,0,0,0,3,0,0,0,0,0,0,0,0,0,1,0,0,0,0,0,0,1,0,0,0,0,0,0,0,0,0,0,0,0,0,0,0,0,0,0,0,0,0,0,0,0,0,0,0,0,0,0,0,0,0,0,0,0
BZ,BRĂEŞTI,BRĂEŞTI,45539,168,"ŞCOALA GIMNAZIALĂ COMUNA BRĂEŞTI",R,347,0,110,5,0,8,123,6,7,13,23,10,8,7,3,24,22,0,3,1,1,0,0,1,1,1,0,0,1,1,0,0,1,2,0,1,1,2,2,1,1,2,1,2,2,1,0,2,1,0,1,1,2,1,2,1,0,1,2,0,1,3,1,1,1,1,1,0,0,0,0,0,0,1,0,3,0,0,1,0,0,0,1,0,0,0,0,1,0,0,0,0,0,0,0,0,0,0,0,0,0,0,0,0,0,0,0,0,0,0,0,0,0,0,0,0,0,0,0,0,1,2,1,1,0,0,3,1,0,1,0,0,1,0,1,0,3,0,0,0,0,1,2,0,0,0,0,3,0,0,1,0,1,1,3,5,1,1,0,1,1,0,1,2,2,1,0,2,1,2,0,1,1,1,1,0,2,1,1,0,1,1,0,0,1,0,2,0,0,1,1,1,1,0,0,0,0,0,0,0,0,0,0,0,0,0,0,0,0,0,0,0,0,0,0,0,0,0,0,0,0,0,0
BZ,BRĂEŞTI,BRĂTILEŞTI,45539,169,"ȘCOALA GIMNAZIALĂ BRĂTILEȘTI",R,972,0,226,4,0,1,231,10,18,20,54,24,5,14,20,37,29,2,0,0,1,2,3,2,3,1,1,2,3,2,0,1,1,4,1,4,4,3,2,1,1,1,1,2,3,4,4,5,1,1,8,2,1,3,1,2,2,1,2,2,2,3,2,5,0,2,2,4,2,1,3,1,1,1,0,0,1,2,1,0,0,2,1,0,0,0,0,0,0,0,0,0,0,0,0,0,0,0,0,0,0,0,0,0,0,0,0,0,0,0,0,0,0,0,0,0,0,0,0,0,0,2,0,2,0,0,1,1,1,2,1,1,2,0,0,5,1,2,4,3,2,3,1,1,1,0,3,0,0,1,1,2,1,3,4,1,2,1,1,4,3,1,1,1,4,3,3,2,1,2,2,3,1,3,3,2,3,0,0,2,0,2,1,0,0,0,0,0,1,0,0,0,0,0,0,1,0,0,0,0,0,0,0,0,0,0,0,0,0,0,0,0,0,0,0,0,0,0,0,0,0,0,0
BZ,BRĂEŞTI,PINU,45539,170,"CAMINUL CULTURAL PINU",R,243,0,92,7,0,9,108,2,2,2,25,25,0,7,8,16,21,0,0,0,1,1,0,0,0,0,0,0,0,0,0,1,1,0,0,0,0,1,0,0,1,0,0,0,1,2,1,1,1,0,1,2,4,0,0,0,3,4,1,3,0,1,0,0,0,0,1,0,2,1,0,4,2,2,2,2,0,1,2,0,2,0,2,0,0,0,0,0,0,1,0,1,0,0,0,0,0,0,0,0,0,0,0,0,0,0,0,0,0,0,0,0,0,0,0,0,0,0,0,0,0,0,0,0,0,0,0,1,0,0,0,2,1,0,0,2,1,1,0,2,2,1,1,0,1,0,0,1,1,0,1,0,1,2,1,2,1,1,1,1,1,0,0,0,1,0,1,0,0,3,2,1,0,1,2,1,2,1,0,1,1,2,3,0,0,0,1,0,0,0,0,0,0,0,0,0,0,0,0,0,0,0,0,0,0,0,0,0,0,0,0,0,0,0,0,0,0,0,0,0,0,0,0
BZ,BREAZA,BREAZA,45619,171,"CĂMINUL CULTURAL BREAZA",R,754,3,131,5,0,14,150,5,5,12,44,14,3,10,10,31,16,1,1,2,0,0,1,0,0,0,0,1,1,2,0,0,0,1,0,0,2,2,0,2,4,2,0,0,4,1,1,1,3,1,2,3,3,2,1,2,9,2,2,4,1,0,1,1,1,3,0,1,0,2,1,0,1,0,0,2,1,0,0,0,1,0,0,1,0,0,0,0,0,0,0,0,0,0,0,0,0,0,0,0,0,0,0,0,0,0,0,0,0,0,0,0,0,0,0,0,0,0,0,0,0,1,0,0,1,1,0,2,1,1,1,0,2,0,0,0,3,2,0,1,1,0,4,0,1,1,0,1,2,2,0,0,3,2,0,2,2,4,3,3,0,3,0,0,1,2,1,1,0,0,0,2,3,0,0,1,1,2,1,0,1,0,0,0,0,0,0,0,2,0,0,1,1,0,0,0,0,0,0,0,0,0,0,0,0,0,0,0,0,0,0,0,0,0,0,0,0,0,0,0,0,0,0
BZ,BREAZA,GRECEANCA,45619,172,"ŞCOALA GENERALĂ GRECEANCA",R,746,1,143,4,0,27,174,6,11,8,43,25,4,7,9,24,37,2,1,0,1,0,2,0,1,1,2,0,2,0,1,2,1,1,0,1,0,1,1,0,2,0,2,1,1,4,2,1,3,0,4,0,4,2,4,1,3,3,1,0,3,6,1,0,2,1,2,6,0,3,0,1,0,0,1,3,1,0,1,0,0,0,1,1,1,1,0,0,0,0,0,0,0,0,0,0,0,0,0,0,0,0,0,0,0,0,0,0,0,0,0,0,0,0,0,0,0,0,0,0,1,1,0,1,0,1,0,0,1,3,1,0,0,0,2,0,0,0,2,2,1,0,1,0,1,2,0,1,1,0,1,2,2,0,1,2,2,2,2,5,1,1,1,0,0,0,0,2,1,0,3,1,4,1,0,2,1,3,2,2,2,4,0,2,0,2,0,0,0,0,0,1,0,3,0,0,1,0,0,0,0,0,0,0,0,0,0,0,0,0,0,0,0,0,0,0,0,0,0,0,0,0,0
BZ,BREAZA,VISPEŞTI,45619,173,"CĂMINUL CULTURAL VISPEȘTI",R,544,0,83,2,0,16,101,6,1,7,26,16,1,2,7,15,20,2,1,0,1,0,1,1,0,0,0,0,0,0,1,0,0,0,0,0,1,1,1,2,0,1,0,1,1,2,0,1,1,1,2,3,1,1,2,3,2,1,1,0,0,1,1,2,2,2,1,0,1,0,2,0,0,2,0,0,0,1,0,0,0,0,0,1,0,1,1,1,0,1,0,0,0,0,0,0,0,0,0,0,0,0,0,0,0,0,0,0,0,0,0,0,0,0,0,0,0,0,0,0,0,0,0,1,0,0,0,0,0,1,0,0,0,1,0,0,0,0,1,0,1,0,1,0,1,3,0,1,0,1,0,1,0,0,3,1,0,2,0,1,1,0,0,1,1,2,0,5,0,0,1,1,1,0,0,0,1,1,2,0,1,1,1,0,0,0,2,1,1,0,0,0,1,0,0,0,0,0,0,0,0,0,0,0,0,0,0,0,0,0,0,0,0,0,0,0,0,0,0,0,0,0,0
BZ,BUDA,BUDA,45673,174,"ȘCOALA GIMNAZIALĂ COMUNA BUDA",R,799,0,185,3,0,0,188,4,9,17,48,29,8,6,7,42,18,1,1,1,0,0,1,0,2,1,0,0,1,2,1,1,0,1,3,4,1,1,1,3,0,1,2,1,2,0,0,3,2,2,1,2,4,10,5,6,0,2,5,0,1,3,0,0,3,2,3,3,2,2,1,3,1,0,0,0,1,2,3,0,0,1,0,0,0,1,0,1,0,0,0,0,0,0,0,0,0,0,0,0,0,0,0,0,0,0,0,0,0,0,0,0,0,0,0,0,0,0,0,0,0,2,1,3,0,1,1,0,0,0,1,2,1,0,0,1,1,0,1,1,1,1,2,0,0,0,1,2,1,5,1,3,2,2,0,3,2,1,4,3,3,5,2,1,1,1,0,2,1,0,1,0,2,2,0,0,1,0,2,1,0,0,2,2,0,1,1,0,0,0,0,0,0,0,0,0,0,0,0,0,0,0,0,0,0,0,0,0,0,0,0,0,0,0,0,0,0,0,0,0,0,0,0
BZ,BUDA,MUCEŞTI-DĂNULEŞTI,45673,175,"ȘCOALA PRIMARĂ SAT MUCEȘTI-DĂNULEȘTI",R,884,0,232,5,0,0,237,11,15,23,56,20,12,13,22,46,19,0,3,0,2,1,1,4,0,3,3,1,1,0,1,3,3,0,2,2,2,4,2,2,1,3,2,3,3,3,0,5,1,1,6,3,4,3,3,1,2,7,1,3,3,3,2,2,2,3,2,2,1,1,1,1,0,0,3,0,0,0,0,1,0,1,1,0,1,0,0,0,0,0,0,0,0,0,0,0,0,0,0,0,0,0,0,0,0,0,0,0,0,0,0,0,0,0,0,0,0,0,0,0,0,2,1,1,3,3,2,0,0,2,0,2,2,1,2,2,2,5,3,3,3,1,4,2,0,0,1,2,1,2,2,2,1,1,4,4,6,4,1,3,5,1,1,1,2,3,0,0,2,0,3,2,0,4,0,0,1,2,1,2,0,1,0,0,0,1,0,0,0,0,0,0,0,0,0,0,0,0,0,0,0,0,0,0,0,0,0,0,0,0,0,0,0,0,0,0,0,0,0,0,0,0,0
BZ,BUDA,TOROPĂLEŞTI,45673,176,"GRADINITA PN PIETROIU",R,505,0,123,6,0,0,129,7,12,9,33,10,7,9,11,23,8,1,1,1,2,1,0,1,1,0,1,2,1,1,2,1,2,1,0,1,0,0,1,1,2,0,1,3,1,2,1,0,1,3,2,0,2,2,3,1,2,4,1,0,2,0,2,4,0,1,1,0,1,1,1,0,1,1,0,0,1,0,0,1,0,0,1,0,0,0,0,0,0,0,0,0,0,0,0,0,0,0,0,0,0,0,0,0,0,0,0,0,0,0,0,0,0,0,0,0,0,0,0,0,3,0,2,0,0,2,0,2,2,1,1,0,0,0,1,2,0,1,1,0,0,1,1,1,2,1,3,0,0,1,0,3,1,0,2,4,2,0,1,3,0,0,1,2,1,0,2,0,0,0,1,0,0,1,1,1,0,1,0,0,0,0,1,0,0,0,0,1,1,0,0,0,0,0,0,0,0,0,0,0,0,0,0,0,0,0,0,0,0,0,0,0,0,0,0,0,0,0,0,0,0,0,0
BZ,"C.A. ROSETTI","C.A. ROSETTI",45815,181,"ȘCOALA GIMNAZIALĂ C.A. ROSETTI",R,630,0,93,3,0,0,96,1,8,7,34,7,3,1,8,18,9,0,0,0,1,0,0,0,1,0,1,0,1,1,2,2,0,0,0,0,1,0,0,3,1,1,1,0,0,0,2,1,1,0,7,2,5,2,1,3,2,2,1,1,1,1,1,1,2,0,0,0,3,0,0,0,0,0,0,1,0,0,1,0,0,0,0,0,0,0,0,0,0,0,0,0,0,0,0,0,0,0,0,0,0,0,0,0,0,0,0,0,0,0,0,0,0,0,0,0,0,0,0,0,1,0,0,0,0,1,1,0,0,0,0,0,0,0,1,0,0,2,1,0,3,0,1,1,0,0,0,0,0,1,0,0,1,2,3,1,2,2,0,3,0,0,0,0,1,1,1,2,0,0,0,0,0,0,0,2,2,1,1,0,1,0,0,0,0,0,0,0,0,0,0,0,0,0,0,0,0,0,0,0,0,0,0,0,0,0,0,0,0,0,0,0,0,0,0,0,0,0,0,0,0,0,0
BZ,"C.A. ROSETTI",BĂLTENI,45815,182,"CAMIN CULTURAL BALTENI",R,340,0,71,4,0,0,75,1,5,3,19,8,4,5,1,16,13,0,0,0,0,0,1,0,1,0,0,0,0,0,2,1,1,0,0,0,1,0,0,1,0,0,1,0,0,0,0,0,0,3,1,2,1,0,1,2,1,3,1,0,1,1,1,1,0,0,0,3,0,0,1,0,0,0,1,1,0,0,0,0,0,0,0,0,0,1,0,0,0,0,0,0,1,0,0,0,0,0,0,0,0,0,0,0,0,0,0,0,0,0,0,0,0,0,0,0,0,0,0,0,0,0,0,1,3,0,0,0,0,0,0,0,0,1,3,0,1,0,0,0,0,0,0,1,0,0,0,1,1,1,3,1,0,2,1,0,2,1,0,1,2,0,0,0,0,0,0,1,0,1,1,1,1,1,1,0,1,1,1,1,0,0,1,0,0,1,0,0,0,0,0,0,0,0,0,0,0,0,0,0,0,0,0,0,0,0,0,0,0,0,0,0,0,0,0,0,0,0,0,0,0,0,0
BZ,"C.A. ROSETTI",BÂLHACU,45815,183,"CĂMINUL CULTURAL BÎLHACU",R,144,0,14,4,0,0,18,0,3,1,3,3,1,1,1,5,0,0,0,0,0,0,0,0,0,2,0,0,0,1,0,0,0,0,0,0,0,0,0,0,0,1,0,0,1,0,0,0,0,0,1,0,0,0,0,0,0,0,0,0,0,1,0,0,0,0,1,0,0,0,0,1,0,0,0,0,0,0,0,1,0,0,0,0,0,0,0,0,0,0,0,0,0,0,0,0,0,0,0,0,0,0,0,0,0,0,0,0,0,0,0,0,0,0,0,0,0,0,0,0,0,0,0,0,0,0,1,0,0,1,0,0,0,0,0,0,0,0,0,0,0,0,1,0,0,0,0,1,0,1,0,0,0,2,0,0,1,0,0,0,0,0,0,0,0,0,0,0,0,0,0,0,0,0,0,0,0,0,0,0,0,0,0,0,0,0,0,0,0,0,0,0,0,0,0,0,0,0,0,0,0,0,0,0,0,0,0,0,0,0,0,0,0,0,0,0,0,0,0,0,0,0,0
BZ,"C.A. ROSETTI","COTU CIORII",45815,184,"ŞCOALA PRIMARĂ COTU CIORII",R,452,0,89,3,0,0,92,2,6,7,24,7,1,3,6,27,9,0,0,1,0,1,0,0,0,0,2,1,0,1,1,1,0,0,2,1,0,0,1,0,2,1,0,0,1,1,0,0,0,2,1,1,1,2,0,2,3,4,2,1,0,1,2,0,0,0,1,0,1,0,0,1,0,1,0,0,0,1,0,0,0,0,0,1,0,0,0,0,0,0,0,1,0,0,0,0,0,0,0,0,0,0,0,0,0,0,0,0,0,0,0,0,0,0,0,0,0,0,0,0,0,1,0,0,0,0,0,0,0,1,0,0,0,0,1,1,0,3,0,0,1,0,0,1,0,1,0,1,0,2,0,1,0,1,3,0,5,3,0,1,3,2,0,1,3,1,0,0,0,0,0,3,0,1,1,0,1,0,0,0,1,0,0,0,0,0,1,0,1,0,0,0,0,0,0,0,0,0,0,0,0,0,0,0,0,0,0,0,0,0,0,0,0,0,0,0,0,0,0,0,0,0,0
BZ,"C.A. ROSETTI",LUNCA,45815,185,"ȘCOALA GIMNAZIALĂ LUNCA",R,753,0,116,3,0,0,119,3,8,9,27,20,3,8,2,20,19,1,1,1,0,0,0,0,0,0,1,0,2,0,0,3,0,2,0,1,0,1,2,0,0,1,2,2,3,2,2,3,4,0,1,1,1,0,2,0,2,4,0,0,0,0,2,0,0,2,1,1,0,0,0,1,1,1,3,1,0,2,2,1,2,0,0,1,0,0,1,0,0,0,0,0,0,0,0,0,0,0,0,0,0,0,0,0,0,0,0,0,0,0,0,0,0,0,0,0,0,0,0,0,0,0,1,1,0,0,1,1,2,2,0,0,0,1,0,1,1,0,0,0,1,0,0,0,0,1,0,1,1,0,1,2,3,2,1,2,0,0,1,0,1,2,0,2,1,0,0,1,0,0,0,3,1,0,1,2,1,0,0,0,2,2,0,1,2,1,0,1,0,1,0,0,0,0,0,0,0,0,0,0,0,0,0,0,0,0,0,0,0,0,0,0,0,0,0,0,0,0,0,0,0,0,0
BZ,"C.A. ROSETTI",VIZIRENI,45815,186,"ŞCOALA PRIMARĂ VIZIRENI",R,368,0,106,3,0,0,109,4,9,14,29,5,3,7,8,19,11,0,1,0,2,0,1,0,0,2,0,1,1,2,1,0,0,2,2,1,1,2,2,2,2,0,1,1,1,1,3,5,0,1,1,1,0,4,0,1,5,3,1,1,0,1,0,0,0,1,0,1,1,1,0,0,0,0,1,0,0,0,0,0,0,0,0,0,0,0,0,0,0,0,0,0,0,0,0,0,0,0,0,0,0,0,0,0,0,0,0,0,0,0,0,0,0,0,0,0,0,0,0,0,0,0,0,0,0,2,1,1,0,2,0,1,0,1,2,0,0,1,0,0,0,1,3,1,0,1,1,2,0,2,1,2,1,0,0,1,2,3,1,2,0,0,0,0,1,1,0,1,1,0,0,0,1,1,0,1,0,1,1,2,1,0,0,0,0,1,0,0,0,0,0,0,0,0,0,0,0,0,0,0,0,0,0,0,0,0,0,0,0,0,0,0,0,0,0,0,0,0,0,0,0,0,0
BZ,CALVINI,CALVINI,45753,177,"ANEXĂ IMOBIL-PRIMĂRIA COMUNEI CALVINI",R,775,0,278,10,0,43,331,12,24,28,78,36,11,21,14,60,47,2,1,1,0,4,1,3,3,2,2,4,1,2,2,8,0,0,1,6,6,3,3,3,0,2,2,2,2,4,2,3,4,6,4,2,2,5,3,7,7,6,3,4,1,5,8,0,1,3,3,2,6,0,2,0,2,3,2,0,1,0,1,1,2,0,1,1,2,1,0,0,0,0,0,1,0,0,1,0,0,0,0,0,0,0,0,0,0,0,0,0,0,0,0,0,0,0,0,0,0,0,0,0,2,2,2,1,1,1,2,2,1,2,2,3,2,2,4,3,0,1,0,2,0,1,2,2,1,3,2,4,2,3,6,3,3,2,2,3,8,1,2,5,4,1,3,2,1,1,4,2,1,3,1,3,1,5,1,4,2,4,6,2,1,1,1,2,2,1,0,1,0,1,1,0,0,0,1,0,0,0,0,0,0,0,0,0,0,0,0,0,0,0,0,0,0,0,0,0,0,0,0,0,0,0,0
BZ,CALVINI,"BÂSCENII DE JOS",45753,178,"SCOALA GIMNAZIALA ”DUMITRU I. IONESCU” CALVINI",R,1526,0,379,5,0,37,421,21,23,49,78,57,11,25,27,84,46,7,4,3,3,1,2,1,0,3,1,2,2,3,6,0,1,5,9,3,9,4,8,2,4,5,2,3,4,1,2,1,1,3,4,4,7,3,12,4,6,7,5,4,0,4,2,4,5,7,7,4,2,3,3,3,1,2,5,3,2,0,0,1,2,1,0,1,1,2,0,0,0,1,1,0,0,0,0,0,0,0,0,0,0,0,0,0,0,0,0,0,0,0,0,0,0,0,0,0,0,0,0,0,0,1,1,2,2,0,5,0,0,3,2,3,2,2,4,7,2,3,1,6,2,4,2,4,2,1,2,1,0,1,5,4,5,7,7,4,6,3,3,5,6,2,1,7,4,7,6,1,4,2,1,7,4,3,2,2,1,5,1,0,1,1,1,1,0,1,2,0,0,0,3,0,1,1,0,0,0,0,0,1,0,0,0,0,0,0,0,0,0,0,0,0,0,0,0,0,0,0,0,0,0,0,0
BZ,CALVINI,"BÂSCENII DE JOS",45753,179,"SCOALA PRIMARA BÎSCENII DE JOS",R,480,0,179,8,0,36,223,12,14,13,55,28,6,12,13,38,32,4,2,0,1,3,0,2,2,3,3,0,2,0,0,2,1,1,2,1,0,1,0,3,1,2,1,2,2,3,4,3,5,0,5,5,4,0,6,3,4,5,2,3,0,1,0,0,3,0,2,3,0,4,2,0,2,2,2,1,0,0,0,1,0,2,1,0,1,0,0,0,0,2,0,0,0,0,0,0,0,0,0,0,0,0,0,0,0,0,0,0,0,0,0,0,0,0,0,0,0,0,0,0,2,2,0,0,1,0,1,2,0,2,0,0,1,3,2,0,2,1,1,2,0,2,0,2,1,3,1,4,1,4,1,3,2,2,3,4,2,4,1,3,0,0,2,2,0,0,0,1,1,0,2,1,2,0,0,1,2,3,2,1,2,3,1,1,0,0,1,2,1,1,2,0,0,0,2,0,0,0,0,0,0,0,0,0,0,0,0,0,0,0,0,0,0,0,0,0,0,0,0,0,0,0,0
BZ,CALVINI,"BÂSCENII DE SUS",45753,180,"SCOALA GIMNAZIALA BÎSCENII DE SUS",R,724,0,229,3,0,26,258,10,11,19,46,39,4,12,19,56,42,2,0,3,0,2,0,3,1,1,2,0,2,0,0,2,1,2,1,4,1,4,2,1,0,1,2,3,3,2,2,0,2,1,1,6,0,5,7,2,6,3,2,0,1,1,0,2,1,3,5,2,0,1,0,4,1,2,2,1,2,2,3,1,2,3,0,0,2,0,1,0,0,0,0,0,0,1,0,0,0,0,0,0,0,0,0,0,0,0,0,0,0,0,0,0,0,0,0,0,0,0,0,0,0,1,0,3,0,0,0,1,0,1,3,1,1,2,1,0,2,0,0,2,2,3,6,0,0,3,3,0,3,4,2,3,3,3,4,3,4,3,8,1,5,1,3,1,1,2,2,3,1,1,2,2,3,5,2,1,2,3,1,2,2,3,0,2,2,1,1,0,0,0,1,0,1,1,0,0,0,0,0,0,0,0,0,0,0,0,0,0,0,0,0,0,0,0,0,0,0,0,0,0,0,0,0
BZ,CĂNEŞTI,CĂNEŞTI,45888,187,"CĂMIN CULTURAL CĂNEŞTI",R,376,0,151,5,0,43,199,5,9,12,45,28,6,6,10,36,42,0,1,0,0,1,2,1,0,2,1,0,1,0,3,1,0,1,0,2,1,1,3,1,1,0,1,2,3,1,0,1,2,0,3,1,2,3,4,7,3,4,1,4,3,0,1,2,2,1,2,1,0,0,1,0,0,0,1,2,2,1,2,0,3,1,2,0,0,0,1,0,1,2,0,2,1,0,0,0,0,0,0,0,0,0,0,0,0,0,0,0,0,0,0,0,0,0,0,0,0,0,0,0,1,1,0,2,2,0,0,3,0,0,0,0,0,1,1,0,1,0,0,0,2,1,0,2,2,1,2,0,0,2,2,1,4,3,4,2,3,5,1,2,1,1,1,1,2,1,0,0,3,1,1,2,2,1,1,0,5,2,2,3,0,1,1,1,2,0,3,5,1,1,0,0,0,0,2,0,1,1,0,0,0,0,0,0,0,0,0,0,0,0,0,0,0,0,0,0,0,0,0,0,0,0,0
BZ,CĂNEŞTI,NEGOŞINA,45888,188,"SCOALA PRIMARA NEGOSINA",R,139,0,64,7,0,9,80,2,5,2,24,11,0,0,4,19,13,0,1,0,0,1,0,0,2,0,0,0,1,1,0,0,1,0,0,0,0,1,0,0,0,0,1,0,1,0,3,4,1,1,1,2,0,0,2,2,1,3,1,1,0,1,0,0,1,0,0,0,0,1,0,0,0,0,1,0,0,1,0,1,1,0,1,1,1,1,1,0,0,0,0,0,0,0,0,0,0,0,0,0,0,0,0,0,0,0,0,0,0,0,0,0,0,0,0,0,0,0,0,0,0,0,0,0,0,0,0,0,0,0,0,0,0,0,0,0,0,0,1,0,0,1,1,1,0,0,0,0,0,1,3,2,2,2,0,1,1,2,2,2,0,0,0,0,0,0,1,1,0,0,0,0,0,1,1,0,1,1,1,0,0,1,0,1,1,1,1,0,1,0,0,0,1,0,0,0,0,0,0,0,0,0,0,0,0,0,0,0,0,0,0,0,0,0,0,0,0,0,0,0,0,0,0
BZ,CĂTINA,CĂTINA,45959,189,"ŞCOALA GIMNAZIALĂ NR.1 CĂTINA",R,547,0,148,5,0,7,160,3,3,13,26,34,2,3,11,37,28,0,0,1,0,1,1,0,1,0,1,0,0,0,0,1,0,0,2,1,2,1,1,3,1,0,1,1,0,0,0,4,1,1,3,1,1,0,2,2,0,3,1,1,0,1,4,1,0,5,2,0,5,3,3,1,1,2,1,1,2,1,1,1,1,0,2,0,0,0,0,0,0,0,0,0,0,2,0,0,0,0,0,0,0,0,0,0,0,0,0,0,0,0,0,0,0,0,0,0,0,0,0,0,0,0,1,0,0,0,1,0,0,0,1,0,1,0,0,0,1,2,2,1,2,0,0,3,1,0,0,1,3,0,3,2,1,1,0,3,1,1,2,3,3,3,3,2,2,3,0,0,1,2,2,6,3,3,0,2,0,1,2,1,1,2,0,0,0,0,1,0,1,0,0,0,0,0,0,0,0,0,0,0,0,0,0,0,0,0,0,0,0,0,0,0,0,0,0,0,0,0,0,0,0,0,0
BZ,CĂTINA,CORBU,45959,190,"ŞCOALA GIMNAZIALĂ NR.2 CORBU",R,605,0,184,5,0,5,194,4,6,16,47,31,2,4,12,38,34,0,3,1,0,0,0,0,1,0,1,0,0,1,1,0,2,0,1,0,3,1,1,1,1,2,2,4,2,2,2,0,5,4,1,1,2,3,3,2,4,6,1,2,2,2,1,2,2,1,1,0,1,2,1,2,2,2,3,2,0,1,1,1,1,1,1,0,0,1,1,1,2,1,0,0,0,0,0,0,0,0,0,0,0,0,0,0,0,0,0,0,0,0,0,0,0,0,0,0,0,0,0,0,1,0,0,0,0,1,0,0,0,2,0,0,0,0,0,2,0,1,1,2,2,2,2,0,0,1,1,1,3,1,4,3,2,1,1,5,2,0,2,3,3,0,2,0,2,2,1,2,2,1,0,0,2,4,2,2,0,5,1,2,2,1,0,2,1,0,1,0,0,0,2,0,0,1,1,0,0,0,0,0,0,0,0,0,0,0,0,0,0,0,0,0,0,0,0,0,0,0,0,0,0,0,0
BZ,CĂTINA,"VALEA CĂTINEI",45959,192,"ŞCOALA PRIMARĂ NR.1 VALEA CĂTINEI",R,351,0,95,6,0,19,120,9,6,5,21,17,0,2,10,20,30,0,5,0,1,2,0,1,0,0,0,1,2,0,1,1,0,1,0,2,1,0,0,0,1,0,1,0,3,0,2,0,0,2,1,2,1,1,1,1,0,2,0,0,0,0,3,2,2,2,0,1,0,1,0,0,1,1,0,2,1,1,0,2,1,0,0,1,0,0,0,0,1,0,0,0,0,0,0,0,0,0,0,0,0,0,0,0,0,0,0,0,0,0,0,0,0,0,0,0,0,0,0,0,0,0,0,0,0,0,0,0,0,0,0,1,0,0,0,0,1,3,0,1,1,1,1,0,2,1,0,0,1,0,1,4,0,3,0,2,0,2,1,1,2,1,0,0,0,2,0,0,3,2,0,1,1,1,0,1,1,1,1,2,1,4,0,3,1,1,3,1,0,1,0,0,0,1,0,0,0,0,0,0,0,0,0,0,0,0,0,0,0,0,0,0,0,0,0,0,0,0,0,0,0,0,0
BZ,CĂTINA,SLOBOZIA,45959,191,"ŞCOALA CU CLS.I-IV SLOBOZIA",R,160,0,40,8,0,0,48,1,6,3,7,5,3,4,4,11,4,0,0,1,0,0,0,0,0,1,0,1,1,1,1,1,0,0,0,0,0,0,1,1,0,1,0,0,1,1,0,1,0,0,0,1,2,0,0,0,0,0,0,0,0,0,0,1,0,0,2,1,0,0,0,1,0,0,0,0,0,0,0,0,1,0,0,0,0,0,0,0,0,0,0,0,0,0,0,0,0,0,0,0,0,0,0,0,0,0,0,0,0,0,0,0,0,0,0,0,0,0,0,0,2,1,0,0,0,0,0,1,0,0,2,0,0,1,0,0,0,0,1,0,0,0,1,0,1,0,1,1,1,0,0,1,0,0,1,1,0,1,0,0,1,0,1,0,1,1,1,0,0,0,0,0,0,0,0,1,0,1,1,0,0,0,0,0,0,0,1,0,0,0,0,0,0,0,0,0,0,0,0,0,0,0,0,0,0,0,0,0,0,0,0,0,0,0,0,0,0,0,0,0,0,0,0
BZ,CĂTINA,ZELETIN,45959,193,"ŞCOALA PRIMARĂ NR.2 ZELETIN",R,156,0,7,7,0,0,14,0,1,1,3,0,0,2,0,7,0,0,0,0,0,0,0,0,0,0,0,0,1,0,0,0,0,0,0,0,1,0,0,0,0,0,0,0,1,0,0,0,0,1,0,0,0,0,0,0,0,0,0,1,0,0,0,0,0,0,0,0,0,0,0,0,0,0,0,0,0,0,0,0,0,0,0,0,0,0,0,0,0,0,0,0,0,0,0,0,0,0,0,0,0,0,0,0,0,0,0,0,0,0,0,0,0,0,0,0,0,0,0,0,0,0,0,0,0,0,0,0,0,0,1,0,0,0,0,1,0,0,0,0,0,0,0,0,0,0,0,1,0,1,0,0,0,0,0,2,1,0,0,1,0,0,0,0,0,0,1,0,0,0,0,0,0,0,0,0,0,0,0,0,0,0,0,0,0,0,0,0,0,0,0,0,0,0,0,0,0,0,0,0,0,0,0,0,0,0,0,0,0,0,0,0,0,0,0,0,0,0,0,0,0,0,0
BZ,CERNĂTEŞTI,CERNĂTEŞTI,46019,194,"GRADINITA CU PROGRAM NORMAL CERNATESTI",R,866,1,201,5,0,8,214,8,14,18,49,22,5,11,15,44,28,1,0,1,1,2,1,2,0,0,3,1,1,2,0,3,1,3,2,2,0,5,2,0,1,2,1,3,1,3,3,1,3,2,1,1,3,5,4,4,3,4,2,2,3,2,1,1,4,0,1,1,2,2,2,0,1,0,0,1,2,1,2,0,0,1,0,1,1,0,0,0,0,0,0,0,0,0,0,0,0,0,0,0,0,0,0,0,0,0,0,0,0,0,0,0,0,0,0,0,0,0,0,0,1,1,0,2,1,0,0,0,0,1,1,2,4,2,1,0,0,3,2,1,3,2,1,0,3,0,0,4,2,0,1,3,2,1,1,5,4,4,1,5,3,1,1,0,0,2,4,1,3,2,3,0,2,0,1,1,2,3,1,1,2,1,2,0,2,0,0,0,0,0,0,0,0,1,0,0,0,0,0,0,0,0,0,0,0,0,0,0,0,0,0,0,0,0,0,0,0,0,0,0,0,0,0
BZ,CERNĂTEŞTI,"ZĂRNEŞTII DE SLĂNIC",46019,197,"CĂMINUL CULTURAL DIN SATUL ZĂRNEŞTI SLĂNIC",R,1051,0,321,5,0,11,337,17,23,29,68,32,11,19,28,65,45,5,2,3,0,1,2,4,1,2,1,3,4,2,2,1,3,4,1,2,3,3,4,2,2,3,3,6,4,3,6,3,4,6,3,4,2,3,5,2,5,4,4,2,4,0,2,2,2,4,1,1,1,2,3,1,3,0,2,3,2,1,2,1,1,1,0,0,0,0,0,0,0,1,0,0,0,0,0,0,0,0,0,0,0,0,0,0,0,0,0,0,0,0,0,0,0,0,0,0,0,0,0,0,6,1,0,0,4,0,0,4,2,1,0,2,2,5,1,2,0,2,2,2,2,3,3,4,3,1,6,3,3,1,5,1,2,5,5,5,3,6,3,1,7,3,3,2,3,2,2,3,5,2,1,4,2,2,1,4,3,2,3,1,3,3,0,1,0,0,1,1,1,0,1,0,1,0,0,0,0,0,0,0,0,0,0,0,0,0,0,0,0,0,0,0,0,0,0,0,0,0,0,0,0,0,0
BZ,CERNĂTEŞTI,ALDENI,46019,195,"CĂMINUL CULTURAL DIN SATUL ALDENI",R,657,0,243,4,0,13,260,6,15,27,44,39,8,16,20,44,41,1,1,3,0,0,0,1,0,3,2,2,1,1,1,0,4,1,6,2,3,7,2,1,0,1,3,2,1,3,0,2,2,3,3,6,2,6,4,1,3,2,1,3,1,0,1,0,6,3,3,1,1,2,5,0,1,3,2,3,1,3,2,0,0,3,0,0,0,0,0,0,0,0,0,0,0,0,0,0,0,0,0,0,0,0,0,0,0,0,0,0,0,0,0,0,0,0,0,0,0,0,0,0,1,1,1,1,4,0,0,0,0,2,0,2,6,4,0,1,1,2,2,2,2,4,2,1,1,1,3,3,3,0,1,2,5,2,2,0,1,2,1,5,7,1,3,2,2,0,2,2,3,4,2,0,3,3,3,3,2,1,4,1,1,0,2,1,1,1,1,0,1,0,1,1,0,0,0,0,0,0,0,0,0,0,0,0,0,0,0,0,0,0,0,0,0,0,0,0,0,0,0,0,0,0,0
BZ,CERNĂTEŞTI,FULGA,46019,196,"ŞCOALA PRIMARA DIN SATUL FULGA",R,360,0,98,5,0,2,105,5,6,13,18,15,3,3,6,20,16,0,2,0,0,1,1,1,1,2,1,0,0,0,0,1,1,0,0,2,3,1,0,1,1,2,2,1,3,1,0,0,1,1,1,2,0,2,1,0,0,3,1,0,0,0,1,1,1,0,4,1,2,0,1,1,0,1,0,1,0,1,0,1,0,0,0,1,0,0,0,0,0,0,0,0,0,0,0,0,0,0,0,0,0,0,0,0,0,0,0,0,0,0,0,0,0,0,0,0,0,0,0,0,0,1,0,2,0,0,0,0,0,1,0,0,0,1,0,1,0,1,0,0,2,0,1,0,0,0,2,2,0,1,0,2,0,1,1,3,0,0,0,0,0,0,3,1,1,2,3,4,2,1,2,0,1,2,0,0,1,0,1,1,0,0,0,0,0,0,0,0,0,0,0,0,0,0,0,0,1,0,0,0,0,0,0,0,0,0,0,0,0,0,0,0,0,0,0,0,0,0,0,0,0,0,0
BZ,CHILIILE,CHILIILE,46108,198,"CAMINUL CULTURAL CHILIILE",R,208,0,107,3,0,27,137,4,3,7,28,26,1,5,4,20,39,0,0,0,1,2,1,0,0,0,1,0,0,0,1,0,0,1,0,0,0,0,0,0,1,3,1,2,1,3,1,3,1,2,1,1,3,0,3,2,0,2,0,1,0,0,3,1,1,2,0,1,2,1,1,2,2,1,0,1,2,1,0,2,0,1,2,0,0,0,3,0,1,0,0,0,0,0,0,0,0,0,0,0,0,0,0,0,0,0,0,0,0,0,0,0,0,0,0,0,0,0,0,0,0,0,0,0,1,0,0,0,1,0,1,0,0,2,0,0,1,0,0,0,0,1,0,0,1,0,2,1,1,0,1,0,1,1,3,2,2,0,0,2,1,2,1,0,0,1,1,1,1,2,0,0,2,0,0,2,1,2,2,2,2,2,2,2,2,3,3,1,2,2,0,0,0,1,0,0,0,0,1,1,0,0,0,0,0,0,0,0,0,0,0,0,0,0,0,0,0,0,0,0,0,0,0
BZ,CHILIILE,TRESTIOARA,46108,199,"ŞCOALA TRESTIOARA",R,150,0,80,5,0,10,95,2,5,5,15,19,1,2,5,12,29,0,0,0,0,1,0,1,0,1,0,1,0,1,0,0,1,1,0,0,0,2,0,1,0,0,1,1,0,1,1,1,1,1,0,1,0,1,1,1,0,2,0,1,1,0,1,1,1,0,4,2,1,3,0,2,2,0,0,0,0,0,1,1,0,0,1,1,0,0,0,0,0,0,0,0,0,0,0,0,0,0,0,0,0,0,0,0,0,0,0,0,0,0,0,0,0,0,0,0,0,0,0,0,0,0,1,0,0,0,0,0,0,2,0,0,0,0,0,0,0,0,1,0,0,0,0,2,1,1,0,0,0,1,0,0,1,2,0,1,0,1,1,2,0,0,1,1,1,0,0,1,0,1,0,1,2,3,1,0,2,4,4,1,0,1,1,0,0,1,1,0,0,2,0,0,0,0,1,0,1,0,0,0,1,0,0,0,0,0,0,0,0,0,0,0,0,0,0,0,0,0,0,0,0,0,0
BZ,CHIOJDU,CHIOJDU,46180,200,"GRADINITA CU PROGRAM NORMAL CHIOJDU",R,805,5,161,6,0,0,167,6,3,12,49,25,1,9,13,26,23,3,0,1,1,0,0,1,1,0,0,0,1,1,0,0,0,0,1,1,1,2,2,0,2,2,1,0,2,2,3,1,4,5,1,5,1,5,3,4,2,3,0,1,2,1,2,2,2,0,2,0,1,2,1,2,0,3,0,2,2,0,1,1,2,0,1,0,0,0,2,1,0,0,0,0,0,0,0,0,0,0,0,0,0,0,0,0,0,0,0,0,0,0,0,0,0,0,0,0,0,0,0,0,0,0,0,1,0,0,0,1,2,2,0,0,0,1,1,1,1,0,0,1,3,1,0,3,3,0,2,0,3,0,0,2,3,2,0,2,1,1,2,4,2,0,0,0,0,3,1,0,0,1,1,4,1,2,1,1,5,2,1,1,0,1,0,0,1,0,0,0,0,1,0,0,0,0,0,0,0,0,0,0,0,0,0,0,0,0,0,0,0,0,0,0,0,0,0,0,0,0,0,0,0,0,0
BZ,CHIOJDU,"BÂSCA CHIOJDULUI",46180,201,"ŞCOALA GIMNAZIALA BISCA-CHIOJDULUI",R,880,0,126,1,0,0,127,7,8,12,29,14,3,9,9,24,12,2,2,0,1,2,0,0,2,0,0,1,1,2,1,0,1,0,1,2,1,1,1,1,1,1,1,2,1,2,3,2,2,1,0,3,1,1,3,0,1,1,3,2,0,0,2,1,0,1,2,1,1,2,0,0,3,0,1,1,0,0,0,1,0,1,0,0,0,0,0,0,0,0,0,0,0,0,0,0,0,0,0,0,0,0,0,0,0,0,0,0,0,0,0,0,0,0,0,0,0,0,0,0,0,1,0,0,1,0,1,2,0,0,0,1,0,2,1,1,2,1,2,0,2,1,1,0,0,0,2,2,0,1,3,0,1,1,2,0,5,1,0,3,0,0,0,1,1,1,2,2,2,0,3,1,0,0,0,0,1,0,0,1,2,0,0,0,0,0,0,0,0,0,0,0,0,0,0,0,0,0,0,0,0,0,0,0,0,0,0,0,0,0,0,0,0,0,0,0,0,0,0,0,0,0,0
BZ,CHIOJDU,PLESCIOARA,46180,204,"ŞCOALA PRIMARA PLESCIOARA",R,116,0,41,7,0,0,48,1,0,9,7,6,2,6,5,8,4,1,0,0,0,0,0,0,0,0,0,0,0,0,0,0,0,0,2,0,1,2,0,2,0,0,0,2,1,0,0,0,0,0,1,0,1,0,1,0,0,1,0,0,1,0,1,0,0,1,1,1,0,0,0,0,0,1,0,0,0,0,2,0,0,0,0,0,0,0,0,0,0,0,0,0,0,0,0,0,0,0,0,0,0,0,0,0,0,0,0,0,0,0,0,0,0,0,0,0,0,0,0,0,0,1,0,0,1,0,0,0,1,0,1,2,0,1,0,1,0,0,0,0,0,2,1,0,0,1,1,0,0,0,0,1,0,0,0,0,0,0,0,1,1,1,0,0,2,2,0,0,0,0,0,0,0,0,1,1,0,0,1,0,0,0,0,0,0,0,1,0,0,0,0,0,0,0,0,0,0,0,0,0,0,0,0,0,0,0,0,0,0,0,0,0,0,0,0,0,0,0,0,0,0,0,0
BZ,CHIOJDU,CĂTIAŞU,46180,202,"ŞCOALA PRIMARA CATIASU",R,260,0,31,6,0,0,37,1,2,1,6,7,3,0,0,10,7,0,0,0,0,1,0,0,1,0,1,0,0,0,0,0,0,0,1,0,0,0,0,0,0,0,0,0,0,1,0,0,2,0,0,0,0,0,1,0,0,0,1,0,1,0,0,0,0,0,0,0,1,0,1,0,0,0,1,1,0,1,0,0,1,0,0,0,0,0,0,0,1,0,0,0,0,0,0,0,0,0,0,0,0,0,0,0,0,0,0,0,0,0,0,0,0,0,0,0,0,0,0,0,0,1,1,0,0,0,1,0,0,0,0,0,0,0,0,0,0,0,0,0,0,0,0,0,0,0,0,0,1,1,1,0,0,1,1,0,1,0,1,1,1,0,1,0,0,0,0,0,0,0,0,1,0,2,1,0,1,0,0,1,0,0,0,0,0,0,0,1,0,0,0,0,0,0,0,0,0,0,0,0,0,0,0,0,0,0,0,0,0,0,0,0,0,0,0,0,0,0,0,0,0,0,0
BZ,CHIOJDU,LERA,46180,203,"ŞCOALA PRIMARA LERA",R,326,0,48,6,0,0,54,3,1,2,8,4,1,6,5,16,8,1,0,0,0,1,1,0,0,1,0,0,0,0,0,0,0,0,0,0,0,1,0,1,0,0,0,0,0,1,0,1,0,0,1,1,0,0,1,0,2,0,0,0,0,0,1,0,1,1,0,0,0,0,0,0,0,1,0,1,0,0,0,0,0,0,0,0,0,0,0,0,0,0,0,0,0,0,0,0,0,0,0,0,0,0,0,0,0,0,0,0,0,0,0,0,0,0,0,0,0,0,0,0,0,0,0,0,1,0,0,2,0,0,0,1,0,1,0,1,1,0,0,1,0,1,0,2,1,0,0,1,2,0,1,0,1,1,1,1,1,0,1,0,2,0,2,0,1,0,1,1,2,0,0,1,0,0,1,1,0,0,0,0,0,0,2,0,0,0,0,0,0,0,0,0,0,0,0,0,0,0,0,0,0,0,0,0,0,0,0,0,0,0,0,0,0,0,0,0,0,0,0,0,0,0,0
BZ,CHIOJDU,POENIŢELE,46180,205,"ŞCOALA PRIMARA POENITELE",R,149,0,31,10,0,0,41,0,2,4,13,5,1,0,2,6,8,0,0,0,0,0,0,0,0,0,1,1,0,0,0,0,0,0,1,2,0,0,0,0,0,0,0,1,0,1,0,0,0,1,2,2,0,0,1,1,0,0,2,1,0,1,1,0,1,0,1,0,0,0,0,0,0,0,1,0,0,0,0,0,0,0,0,0,0,2,0,0,0,0,0,0,0,0,0,0,0,0,0,0,0,0,0,0,0,0,0,0,0,0,0,0,0,0,0,0,0,0,0,0,1,0,0,0,0,0,0,0,0,0,0,0,0,0,0,0,0,0,0,0,0,1,1,0,0,0,0,1,0,1,0,0,0,0,0,0,0,1,2,0,0,0,0,0,0,1,0,0,0,0,0,2,0,0,2,0,0,2,0,0,0,1,0,0,0,1,0,0,0,0,0,0,0,0,0,0,0,0,0,0,0,0,0,0,0,0,0,0,0,0,0,0,0,0,0,0,0,0,0,0,0,0,0
BZ,CILIBIA,CILIBIA,46251,206,"CLĂDIRE SEDIUL ADMINISTRATIV",R,1196,5,449,3,0,33,485,24,36,59,103,31,20,30,54,78,50,3,4,2,3,6,3,3,0,5,2,4,3,4,1,4,9,4,9,5,3,4,3,10,3,7,12,3,7,6,9,4,8,8,4,6,7,2,6,3,9,4,4,5,1,4,2,4,4,0,6,1,2,1,2,0,2,1,2,1,0,0,1,1,1,2,0,0,0,0,0,2,1,0,0,1,0,0,0,0,0,0,0,0,0,0,0,0,0,0,0,0,0,0,0,0,0,0,0,0,0,0,0,0,4,2,2,1,2,3,6,3,5,1,6,3,1,2,1,5,3,8,7,8,7,3,3,4,2,3,9,5,4,5,4,2,3,3,6,1,2,2,8,3,3,5,5,4,5,4,4,2,1,1,3,1,6,2,2,2,3,6,2,3,0,0,1,1,1,3,2,3,2,1,0,2,0,0,0,0,0,0,0,0,0,0,0,0,0,0,0,0,0,0,0,0,0,0,0,0,0,0,0,0,0,0,0
BZ,CILIBIA,"MOVILA OII",46251,207,"ŞCOALA PRIMARĂ DIN SATUL MOVILA OII",R,263,0,99,6,0,13,118,3,5,8,36,9,8,2,3,23,21,1,0,0,0,1,0,1,0,0,2,0,0,0,2,0,0,1,2,0,2,1,1,2,0,0,0,0,2,1,1,5,1,1,4,1,3,0,2,0,4,6,1,0,1,1,1,1,0,0,1,1,0,0,2,1,1,0,0,1,0,1,0,0,0,0,0,0,1,0,0,0,0,0,0,0,0,0,0,0,0,0,0,0,0,0,0,0,0,0,0,0,0,0,0,0,0,0,0,0,0,0,0,0,3,1,1,1,1,1,0,0,0,0,0,0,0,0,1,0,1,0,1,0,1,0,0,1,0,0,0,1,1,2,1,1,1,6,4,1,0,1,0,1,0,0,0,1,1,1,0,1,0,1,2,0,1,1,1,1,1,0,1,0,1,0,1,1,0,1,0,1,1,3,0,1,0,1,0,0,0,0,0,0,0,0,0,0,0,0,0,0,0,0,0,0,0,0,0,0,0,0,0,0,0,0,0
BZ,CISLĂU,CISLĂU,46313,208,"GRĂDINIŢA CU PROGRAM NORMAL NR. 1 COMUNA CISLĂU",R,1770,0,312,2,0,1,315,9,14,30,94,40,4,12,23,61,28,1,0,3,3,1,1,0,1,0,2,3,3,0,0,1,2,2,4,3,1,2,5,3,7,2,2,1,6,3,2,4,4,3,3,3,3,7,8,8,12,10,4,4,2,5,1,2,4,3,6,5,0,4,1,3,2,1,4,1,2,1,0,0,0,1,0,0,0,0,0,0,1,0,0,0,0,0,0,1,0,0,0,0,0,0,0,0,0,0,0,0,0,0,0,0,0,0,0,0,0,0,0,0,0,1,0,1,1,1,0,1,1,1,1,2,0,3,2,0,1,1,1,3,2,4,0,4,2,4,2,3,3,2,4,1,3,2,3,4,4,7,4,6,6,1,0,3,1,1,3,1,4,2,2,2,1,3,0,0,5,2,3,1,0,1,1,0,0,0,0,0,0,0,0,0,0,0,0,0,0,0,0,0,0,0,0,0,0,0,0,0,0,0,0,0,0,0,0,0,0,0,0,0,0,0,0
BZ,CISLĂU,SCĂRIŞOARA,46313,211,"ŞCOALA GIMNAZIALĂ SAT SCĂRIŞOARA, COMUNA CISLĂU",R,1000,0,165,2,0,0,167,5,6,19,44,16,1,10,12,34,20,1,1,1,0,0,1,1,0,0,0,0,1,1,0,1,3,0,2,2,1,3,2,2,3,1,1,2,2,0,1,1,3,1,0,2,2,5,3,5,4,4,1,3,3,1,1,2,3,4,2,0,1,1,1,1,1,0,0,0,0,0,0,0,0,1,0,0,1,0,0,0,0,0,0,0,0,0,0,0,0,0,0,0,0,0,0,0,0,0,0,0,0,0,0,0,0,0,0,0,0,0,0,0,0,0,0,0,0,0,1,2,1,0,1,0,1,1,0,2,2,1,1,0,2,4,1,0,1,1,1,0,3,3,0,1,1,0,3,4,1,3,2,3,3,1,1,1,1,1,2,1,0,4,0,0,6,4,1,2,0,0,0,0,1,0,0,1,0,0,0,0,0,0,0,0,0,0,0,0,0,0,0,0,0,0,0,0,0,0,0,0,0,0,0,0,0,0,0,0,0,0,0,0,0,0,0
BZ,CISLĂU,"BUDA CRĂCIUNEŞTI",46313,209,"CENTRUL DE ZI « DOAMNA NEAGA » PENTRU COPII CU VÂRSTE CUPRINSE ÎNTRE 3-6 ANI",R,610,0,52,7,0,0,59,4,1,4,12,10,3,1,6,16,2,1,0,1,0,1,1,0,0,0,0,0,0,0,1,0,0,0,1,0,0,1,0,1,0,0,1,0,0,1,2,0,1,0,1,0,0,1,2,0,0,2,0,0,1,1,0,0,1,0,1,2,0,0,0,1,2,0,2,0,0,0,0,0,0,1,0,0,0,0,0,0,0,0,0,0,0,0,0,0,0,0,0,0,0,0,0,0,0,0,0,0,0,0,0,0,0,0,0,0,0,0,0,0,1,1,0,0,1,0,0,0,0,0,0,0,0,0,1,0,0,0,1,0,1,2,0,1,0,0,1,2,0,0,2,1,1,0,1,3,0,2,0,1,1,1,1,0,0,0,0,0,0,0,0,1,0,0,0,0,0,1,0,0,0,0,0,0,0,0,0,0,0,0,0,0,0,0,0,0,0,0,0,0,0,0,0,0,0,0,0,0,0,0,0,0,0,0,0,0,0,0,0,0,0,0,0
BZ,CISLĂU,"GURA BÂSCEI",46313,210,"ŞCOALA PRIMARĂ SAT GURA BÂSCEI, COMUNA CISLĂU",R,361,0,47,5,0,0,52,6,3,5,9,5,3,1,6,12,2,2,1,1,0,1,1,0,0,1,0,0,1,1,0,0,0,0,1,0,2,0,0,0,0,0,0,2,1,0,1,0,1,0,2,0,2,0,1,0,0,0,0,0,1,0,0,0,0,0,0,1,0,0,1,3,0,0,0,0,0,0,0,0,0,0,0,0,0,0,0,0,0,0,0,0,0,0,0,0,0,0,0,0,0,0,0,0,0,0,0,0,0,0,0,0,0,0,0,0,0,0,0,0,1,0,1,0,1,0,0,1,0,0,0,0,0,0,0,0,0,0,1,0,3,1,0,1,0,0,0,0,1,0,0,0,1,1,2,0,0,1,1,2,0,0,0,1,0,0,2,0,0,1,0,1,0,0,0,0,0,0,0,0,0,0,0,0,0,0,0,0,0,0,0,0,0,0,0,0,0,0,0,0,0,0,0,0,0,0,0,0,0,0,0,0,0,0,0,0,0,0,0,0,0,0,0
BZ,COCHIRLEANCA,COCHIRLEANCA,46377,212,"SCOALA GIMNAZIALA COCHIRLEANCA NR.1",R,1215,0,255,2,0,0,257,6,20,20,70,45,4,11,18,39,24,1,1,1,0,3,0,0,3,0,1,2,0,1,3,4,1,5,2,1,3,1,1,3,1,2,2,4,3,3,2,3,6,4,3,4,3,3,4,3,5,6,5,3,2,2,4,2,1,3,6,4,3,2,4,1,5,3,2,1,1,0,1,1,2,0,2,2,0,0,0,1,0,0,0,0,0,0,0,0,0,0,0,0,0,0,0,0,0,0,0,0,0,0,0,0,0,0,0,0,0,0,0,0,1,0,1,1,1,0,0,4,2,0,1,0,0,1,1,2,0,2,0,2,3,2,0,1,3,3,2,0,2,2,4,3,0,2,3,1,3,3,1,5,0,2,2,1,3,0,2,1,2,1,1,4,2,2,1,4,1,1,0,2,0,0,0,2,0,0,0,0,0,0,0,0,0,0,0,0,0,0,0,0,0,0,0,0,0,0,0,0,0,0,0,0,0,0,0,0,0,0,0,0,0,0,0
BZ,COCHIRLEANCA,COCHIRLEANCA,46377,213,"SCOALA GIMNAZIALA COCHIRLEANCA NR.2",R,801,0,193,2,0,0,195,7,18,13,46,15,8,5,10,54,19,0,1,0,3,0,1,2,2,2,4,1,1,1,4,2,0,1,0,2,1,0,1,2,1,0,4,2,3,4,4,0,1,2,4,4,2,6,6,2,4,0,1,0,1,1,0,1,2,0,1,1,1,0,2,1,2,0,0,1,1,0,2,0,1,0,0,0,0,0,0,0,0,0,0,0,0,0,0,0,0,0,0,0,0,0,0,0,0,0,0,0,0,0,0,0,0,0,0,0,0,0,0,0,2,0,0,0,1,2,3,2,0,1,0,0,0,1,0,0,1,0,1,0,4,0,1,1,0,2,1,4,4,3,5,3,3,6,3,4,3,5,2,1,0,1,0,1,1,2,3,0,1,3,0,0,1,2,1,3,2,1,2,0,0,1,0,1,1,0,0,0,0,0,0,0,0,0,0,0,0,0,0,0,0,0,0,0,0,0,0,0,0,0,0,0,0,0,0,0,0,0,0,0,0,0,0
BZ,COCHIRLEANCA,BOBOC,46377,214,"ȘCOALA GIMNAZIALĂ BOBOC",R,1316,0,190,4,0,0,194,7,12,16,47,27,8,13,9,35,20,1,2,1,1,0,0,2,3,0,2,0,1,1,1,2,1,1,0,1,2,0,1,3,4,1,1,3,1,3,1,2,2,1,5,1,4,4,5,1,4,5,0,2,1,1,3,1,1,2,0,4,5,2,3,0,2,2,0,0,0,0,1,1,1,2,1,0,0,0,0,0,0,0,0,0,0,0,0,0,0,0,0,0,0,0,0,0,0,0,0,0,0,0,0,0,0,0,0,0,0,0,0,0,0,0,3,0,2,2,1,1,1,2,2,1,2,3,1,0,0,2,0,2,1,0,0,2,0,1,1,2,2,1,1,1,0,1,3,1,3,2,3,1,4,4,2,1,0,2,1,4,3,2,1,1,3,1,0,1,1,0,1,1,0,0,1,0,0,0,0,0,0,0,0,0,0,0,0,0,0,0,0,0,0,0,0,0,0,0,0,0,0,0,0,0,0,0,0,0,0,0,0,0,0,0,0
BZ,COCHIRLEANCA,ROŞIORU,46377,216,"CĂMIN CULTURAL ROȘIORU",R,526,0,107,9,0,0,116,5,9,8,35,12,4,5,8,22,8,2,1,0,0,0,1,1,0,0,1,0,2,1,1,1,2,1,1,2,0,0,2,0,0,1,2,0,1,1,0,1,4,2,3,0,2,8,4,2,2,0,1,1,1,1,0,1,4,1,0,0,0,1,0,0,1,0,0,0,0,0,2,1,0,1,0,0,0,0,0,1,0,0,0,0,0,0,0,0,0,0,0,0,0,0,0,0,0,0,0,0,0,0,0,0,0,0,0,0,0,0,0,0,0,2,0,1,0,0,1,1,0,0,0,0,2,0,1,1,0,1,1,0,1,1,1,2,0,0,1,1,4,2,1,0,1,1,3,2,2,1,1,0,2,0,0,0,0,1,0,0,1,0,2,0,0,1,0,1,1,0,0,0,0,0,1,0,1,0,0,0,0,0,0,0,0,0,0,0,0,0,0,0,0,0,0,0,0,0,0,0,0,0,0,0,0,0,0,0,0,0,0,0,0,0,0
BZ,COCHIRLEANCA,"GARA BOBOCU",46377,215,"SCOALA PRIMARA GARA BOBOCU",R,311,0,92,8,0,0,100,8,4,7,21,11,5,5,7,23,9,3,1,0,1,1,2,0,0,1,0,0,0,0,1,0,0,2,1,2,0,2,0,0,0,0,0,2,1,1,1,1,0,4,1,1,2,1,3,0,0,2,0,1,1,0,0,1,0,1,1,1,1,1,2,0,1,0,2,0,0,1,0,0,0,0,0,0,0,0,0,0,0,0,0,0,0,0,0,0,0,0,0,0,0,0,0,0,0,0,0,0,0,0,0,0,0,0,0,0,0,0,0,0,0,1,2,0,1,0,1,0,0,0,2,0,1,0,1,0,1,0,0,2,1,1,0,1,1,0,1,1,0,0,1,3,3,1,1,0,0,1,2,1,0,0,1,1,3,2,2,0,2,1,0,2,0,0,2,0,0,0,0,0,0,1,0,1,0,0,0,0,0,0,0,0,0,0,0,0,0,0,0,0,0,0,0,0,0,0,0,0,0,0,0,0,0,0,0,0,0,0,0,0,0,0,0
BZ,COCHIRLEANCA,TÂRLELE,46377,217,"SCOALA PRIMARA TARLELE",R,31,0,5,9,0,0,14,2,0,0,4,2,0,0,1,5,0,0,0,0,0,0,2,0,0,0,0,0,0,0,0,0,0,0,0,0,0,0,0,0,0,0,0,0,0,0,1,0,1,0,2,0,0,0,0,0,0,0,0,0,0,0,0,0,0,0,0,0,0,0,0,1,0,0,0,0,0,0,0,0,0,0,0,1,0,0,0,0,0,0,0,0,0,0,0,0,0,0,0,0,0,0,0,0,0,0,0,0,0,0,0,0,0,0,0,0,0,0,0,0,0,0,0,0,0,0,0,0,0,0,0,0,0,0,0,0,0,0,0,0,0,0,0,1,0,0,0,0,2,0,0,0,0,0,0,0,0,0,0,1,1,0,0,0,0,1,0,0,0,0,0,0,0,0,0,0,0,0,0,0,0,0,0,0,0,0,0,0,0,0,0,0,0,0,0,0,0,0,0,0,0,0,0,0,0,0,0,0,0,0,0,0,0,0,0,0,0,0,0,0,0,0,0
BZ,COLŢI,COLŢI,46439,218,"ȘCOALA GIMNAZIALĂ COLȚI",R,335,0,104,3,0,0,107,4,7,3,29,12,5,2,6,21,18,0,0,1,0,0,3,0,3,1,0,0,1,0,0,1,1,0,0,1,1,0,0,1,0,0,0,0,1,2,1,5,2,1,0,1,3,1,3,1,3,2,1,1,1,0,0,0,3,0,0,0,0,3,0,1,2,0,1,0,0,0,0,0,1,1,0,0,0,0,0,0,0,0,0,0,0,0,0,0,0,0,0,0,0,0,0,0,0,0,0,0,0,0,0,0,0,0,0,0,0,0,0,0,1,0,1,0,0,3,0,0,0,0,2,0,0,0,0,0,0,0,1,0,1,0,0,0,1,2,1,0,2,0,1,2,3,1,0,1,2,3,1,3,2,0,0,0,0,0,0,1,0,1,1,1,1,0,3,2,0,0,0,4,0,1,1,1,1,0,0,0,0,0,0,0,0,0,0,0,0,0,0,0,0,0,0,0,0,0,0,0,0,0,0,0,0,0,0,0,0,0,0,0,0,0,0
BZ,COLŢI,ALUNIŞ,46439,219,"ȘCOALA GIMNAZIALĂ ALUNIȘ",R,106,0,46,5,0,0,51,2,6,0,13,6,2,2,3,7,10,0,1,1,0,0,0,0,0,1,1,2,0,1,0,0,0,1,0,0,0,0,0,0,0,0,0,0,0,0,1,0,0,0,1,0,1,0,3,1,0,1,2,1,1,0,1,0,0,2,0,2,0,0,0,0,0,1,0,0,0,0,1,0,0,0,0,0,0,0,0,0,0,0,0,0,0,0,0,0,0,0,0,0,0,0,0,0,0,0,0,0,0,0,0,0,0,0,0,0,0,0,0,0,0,0,1,0,0,1,0,1,0,0,0,0,0,0,0,1,0,1,0,0,1,0,0,0,1,0,0,0,1,1,0,0,0,0,1,1,0,1,0,1,1,0,0,0,0,0,0,1,1,0,0,0,2,1,0,0,0,0,2,0,0,1,0,0,2,0,0,0,0,0,0,0,0,0,0,0,0,0,0,0,0,0,0,0,0,0,0,0,0,0,0,0,0,0,0,0,0,0,0,0,0,0,0
BZ,COLŢI,"MUSCELU CĂRĂMĂNEŞTI",46439,221,"CĂMINUL CULTURAL MUSCELUL CĂRĂMĂNEŞTI",R,42,0,12,9,0,0,21,0,0,2,9,3,0,1,2,3,1,0,0,0,0,0,0,0,0,0,0,0,0,0,0,0,0,0,1,0,0,0,1,0,0,0,0,0,0,1,0,0,1,0,0,1,1,0,2,0,0,3,0,0,0,0,0,0,0,0,1,0,0,0,0,0,0,0,1,1,0,0,0,0,0,0,0,0,0,0,0,0,0,0,0,0,0,0,0,0,0,0,0,0,0,0,0,0,0,0,0,0,0,0,0,0,0,0,0,0,0,0,0,0,0,0,0,0,0,0,0,0,0,0,0,0,0,0,0,1,0,0,1,0,0,0,0,1,0,0,0,0,0,0,1,1,0,1,0,0,0,0,0,0,0,0,0,0,0,0,0,0,0,0,0,0,0,1,0,0,0,0,0,0,0,0,0,0,0,0,0,0,0,0,0,0,0,0,0,0,0,0,0,0,0,0,0,0,0,0,0,0,0,0,0,0,0,0,0,0,0,0,0,0,0,0,0
BZ,COLŢI,"COLŢII DE JOS",46439,220,"ŞCOALA GIMNAZIALĂ COLȚII DE JOS",R,216,0,63,4,0,0,67,0,2,0,14,19,1,1,4,12,14,0,0,0,0,0,0,0,0,0,0,0,0,0,0,1,1,0,0,0,0,0,0,0,0,0,0,0,1,2,0,1,0,0,1,0,0,0,0,1,1,1,2,1,0,0,2,1,1,3,1,1,1,1,0,1,0,0,0,1,1,0,1,0,1,0,1,0,2,1,0,1,0,0,1,0,0,0,0,0,0,0,0,0,0,0,0,0,0,0,0,0,0,0,0,0,0,0,0,0,0,0,0,0,0,0,0,1,0,0,0,0,0,0,0,0,0,1,0,0,0,0,0,1,2,0,0,0,0,0,1,0,1,0,1,0,0,0,1,2,1,0,1,0,3,0,0,0,2,0,0,0,1,1,0,2,0,0,1,0,2,1,1,0,1,0,2,1,1,0,0,0,0,0,0,0,0,0,0,0,0,0,0,0,0,0,0,0,0,0,0,0,0,0,0,0,0,0,0,0,0,0,0,0,0,0,0
BZ,COSTEŞTI,COSTEŞTI,46484,222,"ȘCOALA GIMNAZIALĂ COSTEȘTI",R,1311,2,293,5,0,10,308,14,13,37,73,27,11,12,23,62,36,1,6,3,1,0,1,2,5,0,0,1,2,1,2,0,1,1,1,2,5,4,5,4,5,5,2,4,0,5,4,3,8,5,6,0,7,1,2,7,7,4,3,2,3,1,3,2,0,2,3,3,2,1,0,0,3,3,4,0,0,0,0,1,0,1,0,2,1,0,0,0,1,0,0,0,0,0,0,0,0,0,0,0,0,0,0,0,0,0,0,0,0,0,0,0,0,0,0,0,0,0,0,0,2,1,0,3,2,1,2,3,2,0,1,0,0,2,2,2,0,2,2,1,2,4,3,3,0,3,3,2,1,8,2,6,2,3,3,5,3,1,8,3,5,1,2,2,2,1,2,0,1,3,3,3,2,1,2,2,3,0,4,2,1,0,0,0,1,1,4,0,0,1,0,1,1,0,0,0,0,0,0,0,0,0,0,0,0,0,0,0,0,0,0,0,0,0,0,0,0,0,0,0,0,0,0
BZ,COSTEŞTI,PIETROSU,46484,225,"GRĂDINIŢA CU PROGRAM NORMAL PIETROSU",R,1037,0,153,5,0,0,158,4,8,9,50,15,3,9,8,39,13,0,0,0,0,1,2,1,1,3,1,0,1,0,1,0,1,0,1,1,0,2,1,0,1,1,0,2,2,2,2,4,5,1,5,2,2,5,2,3,5,2,2,0,2,3,0,1,3,0,1,0,4,3,0,0,1,0,3,0,0,0,0,0,0,0,0,0,0,0,0,0,0,0,0,0,0,0,0,0,0,0,0,0,0,0,0,0,0,0,0,0,0,0,0,0,0,0,0,0,0,0,0,0,0,0,0,0,0,2,1,1,1,1,1,2,1,1,0,0,1,0,0,2,1,1,0,1,1,1,1,1,3,3,4,0,5,1,0,2,2,2,1,3,1,2,3,0,2,4,0,1,2,0,0,1,1,4,1,0,0,1,1,0,0,0,0,0,1,0,0,0,0,0,0,0,0,0,0,0,0,0,0,0,0,0,0,0,0,0,0,0,0,0,0,0,0,0,0,0,0,0,0,0,0,0,0
BZ,COSTEŞTI,BUDIŞTENI,46484,223,"GRĂDINIȚA CU PROGRAM NORMAL BUDIȘTENI",R,366,0,71,6,0,0,77,5,5,5,25,6,0,3,10,11,7,1,1,1,0,0,1,1,0,0,0,2,0,0,1,1,0,1,0,0,0,1,0,2,1,1,0,0,0,3,2,2,1,1,1,0,4,1,4,1,1,1,0,0,1,1,1,0,1,0,0,2,0,0,1,0,0,0,0,1,0,0,0,0,1,0,0,0,0,0,0,0,0,0,0,0,0,0,0,0,0,0,0,0,0,0,0,0,0,0,0,0,0,0,0,0,0,0,0,0,0,0,0,0,0,0,0,0,0,0,0,1,0,0,1,0,0,0,0,1,0,0,1,0,1,3,0,0,2,2,1,1,1,0,0,1,2,0,1,1,0,1,1,0,0,1,0,0,1,0,0,1,0,2,1,1,1,0,0,0,0,0,1,0,0,0,0,0,0,0,0,0,0,0,0,0,0,0,0,0,0,0,0,0,0,0,0,0,0,0,0,0,0,0,0,0,0,0,0,0,0,0,0,0,0,0,0
BZ,COSTEŞTI,SPĂTARU,46484,226,"ŞCOALA GIMNAZIALĂ ”GENERAL ȘTEFAN GUȘĂ” SPĂTARU",R,1229,2,263,2,0,0,265,4,12,24,75,30,5,12,25,57,21,2,0,1,0,0,0,1,1,1,2,1,2,0,0,1,1,3,3,0,2,0,2,2,3,1,7,4,2,6,4,2,4,6,9,4,2,6,4,4,4,4,5,0,0,1,3,5,1,1,2,3,4,3,2,1,2,2,1,2,2,1,0,0,1,0,0,0,1,0,0,0,0,0,0,0,1,0,0,0,0,0,0,0,0,0,0,0,0,0,0,0,0,0,0,0,0,0,0,0,0,0,0,0,0,1,0,1,0,2,1,1,2,1,1,1,2,0,0,0,4,1,0,3,6,4,3,3,0,3,2,3,2,5,5,7,4,1,2,4,6,2,4,1,3,1,1,0,1,2,3,1,0,4,4,3,3,1,3,1,0,0,0,0,0,0,0,1,0,0,0,0,0,0,0,0,0,0,0,0,0,0,0,0,0,0,0,0,0,0,0,0,0,0,0,0,0,0,0,0,0,0,0,0,0,0,0
BZ,COSTEŞTI,GOMOEŞTI,46484,224,"ŞCOALA PRIMARĂ GOMOEȘTI",R,178,0,44,8,0,0,52,4,4,2,12,5,3,3,4,12,3,1,1,0,0,0,2,0,0,0,1,0,1,0,0,0,2,0,0,0,0,0,0,0,0,1,1,0,0,0,0,0,0,0,1,0,1,0,0,1,2,1,3,1,0,0,2,0,0,1,0,2,2,0,0,0,0,0,0,0,0,0,0,0,0,0,0,0,0,0,0,0,0,0,0,0,0,0,0,0,0,0,0,0,0,0,0,0,0,0,0,0,0,0,0,0,0,0,0,0,0,0,0,0,2,0,0,1,0,0,0,0,1,0,0,0,0,0,1,1,0,0,0,0,2,0,1,0,1,0,0,0,0,0,3,0,1,1,0,2,1,1,0,1,0,0,1,0,0,0,1,2,0,0,0,0,0,0,0,0,0,0,0,0,0,0,0,0,0,0,0,0,0,0,1,0,0,0,0,0,0,0,0,0,0,0,0,0,0,0,0,0,0,0,0,0,0,0,0,0,0,0,0,0,0,0,0
BZ,COZIENI,COZIENI,46554,227,"ŞCOALA COZIENI",R,453,0,100,6,0,0,106,3,6,11,31,14,0,5,8,18,10,0,0,0,2,0,0,1,0,1,0,1,1,1,0,0,1,1,2,0,2,1,4,0,0,0,2,0,1,2,4,2,0,1,1,4,1,5,3,2,1,1,0,0,1,1,1,0,1,0,0,1,1,0,1,2,0,0,3,1,2,1,0,0,0,0,0,1,0,0,0,0,0,0,0,0,0,0,0,0,0,0,0,0,0,0,0,0,0,0,0,0,0,0,0,0,0,0,0,0,0,0,0,0,0,0,0,0,0,0,0,0,1,1,0,0,1,0,1,1,0,1,1,0,2,0,1,0,1,1,1,2,0,0,1,0,2,1,1,2,2,1,1,2,0,1,0,0,0,1,1,0,1,0,0,0,3,0,1,0,1,2,1,0,0,0,0,0,0,1,0,0,0,0,0,0,0,0,0,0,0,0,0,0,0,0,0,0,0,0,0,0,0,0,0,0,0,0,0,0,0,0,0,0,0,0,0
BZ,COZIENI,BĂLĂNEŞTI,46554,228,"ŞCOALA PRIMARĂ SAT BĂLĂNEȘTI",R,510,0,95,2,0,0,97,2,3,5,25,12,1,6,5,16,22,1,0,0,0,1,0,0,1,0,1,0,0,0,1,0,0,0,0,0,1,0,0,1,1,1,1,0,0,2,0,0,2,2,1,0,0,0,1,2,4,1,2,1,2,3,0,2,1,1,2,1,0,0,1,0,2,0,0,0,0,1,1,0,0,1,0,0,0,0,0,0,0,1,0,0,0,0,0,0,0,0,0,0,0,0,0,0,0,0,0,0,0,0,0,0,0,0,0,0,0,0,0,0,0,0,0,0,0,0,1,0,1,1,0,0,3,0,1,0,0,0,0,1,1,0,1,0,2,0,0,0,1,0,0,3,1,2,0,1,1,1,2,2,0,0,0,0,1,1,0,2,0,2,2,0,4,1,1,1,0,1,1,2,1,0,0,0,0,0,3,0,0,0,0,0,1,0,0,0,0,0,0,0,0,0,0,0,0,0,0,0,0,0,0,0,0,0,0,0,0,0,0,0,0,0,0
BZ,COZIENI,TRESTIA,46554,230,"CĂMINUL CULTURAL TRESTIA",R,284,0,84,5,0,0,89,2,10,2,23,10,3,6,2,15,16,0,0,2,0,0,0,0,0,0,1,1,1,2,3,1,0,1,0,0,1,0,0,0,0,0,0,1,0,2,1,3,1,0,0,0,3,2,0,1,2,1,0,2,1,1,0,3,0,1,2,0,0,0,0,1,1,0,0,1,1,1,1,1,0,0,0,0,0,0,0,0,0,0,0,0,0,0,0,0,0,0,0,0,0,0,0,0,0,0,0,0,0,0,0,0,0,0,0,0,0,0,0,0,0,0,0,0,0,0,3,0,0,0,1,1,0,0,2,2,0,0,0,0,1,0,0,1,0,0,0,0,1,0,1,0,0,2,0,0,2,1,1,2,2,0,0,0,2,0,1,0,0,1,1,0,0,4,5,1,1,0,1,0,0,0,0,0,0,1,1,0,0,0,0,0,0,0,0,0,0,0,0,0,0,0,0,0,0,0,0,0,0,0,0,0,0,0,0,0,0,0,0,0,0,0,0
BZ,COZIENI,PIETRARU,46554,229,"ŞCOALA PIETRARU",R,132,1,20,7,0,0,27,0,0,1,7,2,1,1,4,6,5,0,0,0,0,0,0,0,0,0,0,0,0,0,0,0,0,0,0,0,0,0,0,0,0,0,1,0,0,0,0,0,1,1,0,1,1,1,0,0,1,1,0,0,0,0,0,0,0,0,1,0,0,0,0,0,0,0,0,0,0,0,0,0,0,1,0,0,0,0,0,0,0,0,0,0,0,0,0,0,0,0,0,0,0,0,0,0,0,0,0,0,0,0,0,0,0,0,0,0,0,0,0,0,0,0,0,0,1,0,0,1,0,0,0,0,0,0,0,0,0,0,0,1,1,0,1,0,0,1,0,0,1,0,0,1,0,0,1,0,0,2,0,0,1,0,0,0,0,0,0,0,0,1,0,0,1,0,0,0,0,0,1,1,0,0,0,0,0,0,0,1,0,0,0,0,0,0,0,0,0,0,0,0,0,0,0,0,0,0,0,0,0,0,0,0,0,0,0,0,0,0,0,0,0,0,0
BZ,FLORICA,FLORICA,50564,231,"ŞCOALA GIMNAZIALA FLORICA",R,957,0,321,3,0,19,343,7,11,25,76,50,6,7,20,71,70,1,2,2,0,0,1,1,4,2,0,0,2,0,2,0,0,1,1,3,4,4,1,1,2,4,0,5,2,1,3,6,3,2,8,6,6,4,4,6,6,8,4,0,0,2,3,2,0,6,3,6,3,5,2,1,2,2,2,3,0,1,3,2,2,1,2,0,1,2,0,1,0,0,0,0,0,0,0,0,0,0,0,0,0,0,0,0,0,0,0,0,0,0,0,0,0,0,0,0,0,0,0,0,1,0,1,1,1,1,1,0,1,1,0,0,2,2,0,1,0,1,3,3,1,1,1,1,2,3,4,4,5,1,3,5,3,6,5,1,2,2,4,10,4,5,3,2,1,1,4,5,4,4,3,5,3,3,2,3,7,3,3,5,3,3,3,1,4,0,2,2,0,1,0,1,0,0,0,0,0,0,0,0,0,0,0,0,0,0,0,0,0,0,0,0,0,0,0,0,0,0,0,0,0,0,0
BZ,GĂLBINAŞI,GĂLBINAŞI,46769,232,"ŞCOALA GIMNAZIALĂ GĂLBINAŞI",R,1132,1,203,3,0,0,206,4,13,33,42,16,5,10,26,39,18,1,1,0,0,1,1,0,2,1,0,1,3,0,1,3,0,2,2,2,4,2,1,2,3,4,8,5,3,0,4,3,5,0,3,2,3,2,2,3,4,3,0,1,0,1,3,0,2,1,3,1,2,2,1,1,0,2,1,0,0,0,0,0,0,0,0,0,0,0,0,0,0,0,0,0,0,0,0,0,0,0,0,0,0,0,0,0,0,0,0,0,0,0,0,0,0,0,0,0,0,0,0,0,1,3,0,0,0,1,0,0,0,1,2,1,1,1,2,0,2,2,1,2,4,5,3,5,2,2,0,3,2,3,3,1,3,3,0,0,4,3,3,0,3,0,4,2,1,1,0,1,3,3,0,3,1,2,1,2,0,1,1,0,0,0,0,0,0,0,0,0,0,0,0,0,0,0,0,0,0,0,0,0,0,0,0,0,0,0,0,0,0,0,0,0,0,0,0,0,0,0,0,0,0,0,0
BZ,GĂLBINAŞI,BENTU,46769,233,"CĂMINUL CULTURAL BENTU",R,777,0,137,6,0,0,143,5,8,19,33,10,3,12,9,29,15,0,0,1,0,1,1,2,1,0,0,0,3,1,0,1,2,0,1,4,2,1,2,4,1,1,1,2,2,3,1,1,4,4,0,1,2,2,2,3,3,0,1,1,1,2,0,0,1,1,0,2,0,3,1,1,0,1,0,0,0,0,0,0,0,0,0,0,0,0,0,0,0,0,0,0,0,0,0,0,0,0,0,0,0,0,0,0,0,0,0,0,0,0,0,0,0,0,0,0,0,0,0,0,1,0,2,0,0,0,0,1,0,0,1,2,0,3,3,2,0,0,2,2,0,0,0,0,1,1,3,3,2,0,1,1,1,1,1,3,1,1,4,0,3,0,1,0,3,3,0,2,1,2,1,3,3,0,1,0,0,0,1,0,0,0,0,0,1,0,0,0,0,0,0,0,0,0,0,0,0,0,0,0,0,0,0,0,0,0,0,0,0,0,0,0,0,0,0,0,0,0,0,0,0,0,0
BZ,GĂLBINAŞI,TĂBĂRĂŞTI,46769,234,"CĂMIN CULTURAL TĂBĂRĂȘTI",R,789,0,215,4,0,0,219,9,12,28,47,19,11,11,22,43,17,3,3,0,1,2,0,0,1,1,1,1,1,0,1,2,2,2,3,2,0,2,4,4,7,2,4,0,3,3,2,4,1,0,5,3,1,4,3,3,2,4,1,1,2,2,1,2,2,5,1,1,0,0,1,0,3,0,1,1,0,2,1,0,0,0,1,0,0,0,0,0,0,0,0,0,0,0,0,0,0,0,0,0,0,0,0,0,0,0,0,0,0,0,0,0,0,0,0,0,0,0,0,0,3,2,1,0,2,1,2,1,1,1,0,0,1,1,2,1,3,1,0,2,3,0,4,3,4,3,2,3,1,3,5,3,1,1,0,4,2,2,1,2,2,0,3,4,2,2,2,3,2,0,0,2,2,0,3,0,1,2,0,1,1,0,0,0,0,0,0,0,0,0,0,0,0,0,0,0,0,0,0,0,0,0,0,0,0,0,0,0,0,0,0,0,0,0,0,0,0,0,0,0,0,0,0
BZ,GĂLBINAŞI,TĂBĂRĂŞTI,46769,235,"GRĂDINIȚA CU PROGRAM NORMAL NR. 2 TĂBĂRĂȘTI",R,913,1,175,6,0,0,181,6,14,13,43,24,2,17,7,35,20,0,0,1,1,0,2,2,0,1,3,1,1,2,1,3,2,0,0,2,1,2,1,0,1,2,2,2,3,5,1,0,1,1,4,1,5,2,2,1,3,3,3,1,1,2,1,3,1,3,3,2,2,0,2,3,4,0,1,0,0,0,1,0,0,1,0,1,0,0,0,0,0,0,0,0,0,0,0,0,0,0,0,0,0,0,0,0,0,0,0,0,0,0,0,0,0,0,0,0,0,0,0,0,0,0,0,1,0,0,1,2,3,1,1,5,2,0,0,2,1,0,0,0,0,1,2,1,2,1,0,0,1,0,6,3,0,2,1,1,4,4,2,1,2,0,2,0,1,2,3,3,1,5,1,1,0,1,0,1,1,1,1,2,1,0,1,0,0,0,0,0,0,0,0,0,0,0,0,0,0,0,0,0,0,0,0,0,0,0,0,0,0,0,0,0,0,0,0,0,0,0,0,0,0,0,0
BZ,GHERĂSENI,GHERĂSENI,46803,236,"CĂMIN CULTURAL CU BIBLIOTECĂ",R,1440,1,364,4,0,0,368,16,19,33,83,47,10,12,28,75,45,6,0,2,1,1,3,3,1,2,1,3,1,5,0,3,1,2,4,3,3,3,3,2,2,4,2,7,3,2,3,8,5,7,5,8,6,8,0,6,4,3,2,4,1,1,5,2,5,3,2,2,4,3,4,2,2,3,2,5,3,1,2,1,0,2,0,0,0,1,0,0,0,0,0,0,0,0,0,0,0,0,0,0,0,0,0,0,0,0,0,0,0,0,0,0,0,0,0,0,0,0,0,0,1,2,2,1,1,1,2,0,0,3,2,2,2,2,0,1,0,2,2,2,3,2,5,3,4,0,5,3,5,9,3,6,2,9,4,3,1,3,2,4,6,2,2,1,2,4,4,2,3,5,3,5,2,2,3,4,4,3,2,2,1,1,2,1,0,0,0,0,0,0,0,0,0,0,0,0,0,0,0,0,0,0,0,0,0,0,0,0,0,0,0,0,0,0,0,0,0,0,0,0,0,0,0
BZ,GHERĂSENI,GHERĂSENI,46803,237,"ŞCOALA CU CLASELE I-IV GHERASENI",R,776,0,231,3,0,0,234,12,13,26,45,31,3,12,15,52,25,2,0,2,1,3,2,2,2,1,0,1,3,1,2,0,3,0,4,0,2,2,1,3,2,3,3,6,1,2,3,1,2,4,3,3,1,3,3,4,3,5,1,2,1,0,2,1,5,7,1,3,0,1,2,0,3,2,3,0,0,1,0,0,0,1,0,1,1,0,0,0,0,0,0,0,0,0,0,0,0,0,0,0,0,0,0,0,0,0,0,0,0,0,0,0,0,0,0,0,0,0,0,0,1,1,0,0,0,1,0,2,1,2,1,2,2,0,0,0,2,2,2,2,3,0,1,1,1,1,2,2,1,3,4,2,5,5,4,0,1,5,1,2,7,0,1,2,3,2,2,1,0,1,1,1,3,2,2,2,1,3,2,0,0,1,2,1,1,1,0,0,0,0,0,0,0,0,0,0,0,0,0,0,0,0,0,0,0,0,0,0,0,0,0,0,0,0,0,0,0,0,0,0,0,0,0
BZ,GHERĂSENI,SUDIŢI,46803,238,"ŞCOALA CU CLS.I-IV SUDITI",R,400,0,70,3,0,0,73,3,1,10,16,11,2,3,3,13,11,1,0,0,1,0,1,0,0,0,1,0,0,0,0,0,0,0,0,2,1,0,0,0,1,0,1,5,0,1,1,0,1,1,0,2,0,1,0,1,1,3,1,0,2,0,0,1,1,0,3,0,0,3,0,0,1,0,0,0,1,1,0,0,0,0,0,1,0,0,0,0,0,0,0,0,0,0,0,0,0,0,0,0,0,0,0,0,0,0,0,0,0,0,0,0,0,0,0,0,0,0,0,0,0,0,1,0,0,0,1,0,0,2,0,0,0,0,0,1,0,0,1,1,0,0,0,1,0,0,0,0,2,1,1,1,1,0,1,1,0,0,1,0,1,0,0,2,0,0,1,1,2,1,0,1,1,1,1,0,0,1,1,0,0,0,1,0,0,0,0,0,0,0,0,0,0,0,0,0,0,0,0,0,0,0,0,0,0,0,0,0,0,0,0,0,0,0,0,0,0,0,0,0,0,0,0
BZ,GHERGHEASA,GHERGHEASA,46830,239,"ŞCOALA GIMNAZIALA GHERGHEASA",R,928,0,226,5,0,47,278,8,8,23,51,39,10,8,15,43,73,2,2,0,1,1,1,1,0,0,2,1,0,0,1,1,1,2,1,1,2,3,4,1,1,3,3,4,1,3,4,1,2,1,5,2,5,1,3,4,3,3,4,1,3,3,1,1,0,3,2,1,2,5,1,4,2,1,1,3,0,0,4,2,0,1,0,2,0,1,3,0,0,0,0,1,0,0,0,0,0,0,0,0,0,0,0,0,0,0,0,0,0,0,0,0,0,0,0,0,0,0,0,0,1,3,4,0,1,0,1,0,1,3,1,0,1,0,0,2,0,1,4,3,1,2,1,2,0,0,1,3,1,4,5,0,3,0,2,1,2,6,5,3,4,0,0,2,0,0,2,4,1,5,0,3,1,5,1,1,3,5,5,7,2,5,5,3,1,3,3,3,0,1,0,3,0,0,2,0,1,0,0,0,0,0,0,0,0,0,0,0,0,0,0,0,0,0,0,0,0,0,0,0,0,0,0
BZ,GHERGHEASA,SĂLCIOARA,46830,240,"ȘCOALA PRIMARĂ SĂLCIOARA",R,774,0,190,6,0,11,207,13,9,15,57,29,5,4,8,35,32,1,2,0,5,3,1,1,0,0,1,1,1,0,0,1,2,3,0,2,0,3,1,2,1,1,2,3,1,2,1,5,2,3,4,3,6,3,6,1,6,2,2,2,4,1,2,1,2,0,1,0,0,1,1,0,5,2,1,1,2,1,3,1,2,4,0,0,0,1,1,0,0,0,0,0,0,0,0,0,0,0,0,0,0,0,0,0,0,0,0,0,0,0,0,0,0,0,0,0,0,0,0,0,0,0,2,1,1,1,0,0,0,1,0,0,0,0,0,2,1,0,2,0,1,2,0,1,0,2,0,2,0,4,0,3,0,1,3,2,3,1,5,3,2,2,0,1,0,2,1,0,1,1,2,0,4,0,0,1,2,1,2,0,4,0,1,4,1,1,2,1,1,1,0,0,1,0,0,0,0,1,0,0,0,0,0,0,0,0,0,0,0,0,0,0,0,0,0,0,0,0,0,0,0,0,0
BZ,"GLODEANU SĂRAT","GLODEANU SĂRAT",46867,241,"SCOALA GIMNAZIALA GLODEANU SARAT",R,1565,0,187,3,0,0,190,10,12,20,61,14,3,9,17,32,12,1,5,1,1,0,1,1,1,3,1,0,0,1,0,3,2,1,3,0,3,2,0,3,0,0,3,6,3,5,3,5,5,3,4,5,2,4,3,2,0,3,3,3,4,2,1,1,1,0,1,1,1,1,1,1,1,0,1,0,0,0,1,0,1,0,0,1,1,0,1,0,0,0,0,0,0,0,0,0,0,0,0,0,0,0,0,0,0,0,0,0,0,0,0,0,0,0,0,0,0,0,0,0,1,0,0,1,0,1,0,1,0,2,1,1,0,0,1,1,2,1,0,1,5,0,1,3,1,3,2,2,0,3,4,0,5,2,0,2,2,3,2,2,2,0,1,0,1,1,0,0,0,1,1,1,1,1,2,2,0,0,1,0,0,1,0,0,1,0,0,0,0,0,0,0,0,0,0,0,0,0,0,0,0,0,0,0,0,0,0,0,0,0,0,0,0,0,0,0,0,0,0,0,0,0,0
BZ,"GLODEANU SĂRAT",ILEANA,46867,243,"GRADINITA CU PROGRAM NORMAL ILEANA",R,305,0,37,6,0,0,43,0,2,5,15,2,1,5,3,7,3,0,0,0,0,0,0,0,0,0,0,1,0,0,0,0,0,1,0,0,1,2,1,0,0,0,0,1,0,1,2,1,0,2,1,0,3,1,1,2,0,0,0,1,0,0,0,0,0,1,0,0,0,0,0,0,0,1,0,0,0,0,0,0,0,0,0,0,0,0,0,0,0,0,0,0,0,0,0,0,0,0,0,0,0,0,0,0,0,0,0,0,0,0,0,0,0,0,0,0,0,0,0,0,0,0,1,0,0,0,0,0,2,0,0,1,1,0,0,1,0,0,0,0,0,1,0,1,0,1,0,0,2,0,1,0,1,1,1,0,0,0,0,1,0,0,0,0,0,0,0,0,0,0,0,0,0,0,1,0,0,1,1,0,0,0,0,0,0,0,0,0,0,0,0,0,0,0,0,0,0,0,0,0,0,0,0,0,0,0,0,0,0,0,0,0,0,0,0,0,0,0,0,0,0,0,0
BZ,"GLODEANU SĂRAT",PITULICEA,46867,244,"ŞCOALA GIMNAZIALA PITULICEA",R,719,0,109,6,0,0,115,4,11,14,38,11,0,5,9,17,6,0,0,1,0,1,0,2,1,3,0,0,1,1,2,0,2,1,0,0,0,1,1,2,3,2,4,1,3,2,1,3,0,1,2,4,3,6,2,6,0,2,2,0,0,0,1,0,1,1,1,2,1,0,1,0,0,0,1,2,0,0,0,0,0,0,0,0,1,0,0,0,0,0,0,0,0,0,0,0,0,0,0,0,0,0,0,0,0,0,0,0,0,0,0,0,0,0,0,0,0,0,0,0,0,0,0,0,0,0,0,0,0,0,0,1,1,0,0,2,1,0,1,1,0,1,3,0,0,0,3,1,1,0,0,0,1,1,2,0,1,1,3,2,1,1,0,1,1,0,0,0,0,1,0,0,0,1,0,0,1,1,1,0,0,0,0,1,0,0,0,0,0,0,0,0,0,0,0,0,0,0,0,0,0,0,0,0,0,0,0,0,0,0,0,0,0,0,0,0,0,0,0,0,0,0,0
BZ,"GLODEANU SĂRAT",CĂLDĂRUŞEANCA,46867,242,"GRĂDINIȚA CU PROGRAM NORMAL",R,458,1,120,5,0,0,125,8,7,10,31,16,4,3,8,21,17,1,1,3,1,1,1,0,0,0,1,1,1,1,2,0,0,1,0,2,2,1,0,2,1,0,1,1,1,0,3,0,0,1,5,2,6,2,2,3,0,1,0,1,1,1,1,1,1,2,0,1,2,1,2,0,1,2,1,0,1,0,0,0,0,0,0,1,0,1,0,0,0,0,0,0,0,0,0,0,0,0,0,0,0,0,0,0,0,0,0,0,0,0,0,0,0,0,0,0,0,0,0,0,1,1,0,0,1,1,0,1,0,0,0,0,1,0,1,0,0,1,0,0,1,2,2,0,1,1,0,0,1,4,4,0,2,1,0,2,0,0,0,1,2,0,0,3,0,0,1,2,1,0,3,1,1,2,0,1,0,0,3,0,1,0,1,0,0,1,0,0,0,0,0,0,0,0,0,0,0,0,0,0,0,0,0,0,0,0,0,0,0,0,0,0,0,0,0,0,0,0,0,0,0,0,0
BZ,GLODEANU-SILIŞTEA,GLODEANU-SILIŞTEA,46910,245,"ȘCOALA GIMNAZIALĂ GLODEANU-SILIȘTEA",R,936,0,252,6,0,3,261,6,20,27,72,32,5,16,17,43,23,1,0,1,0,0,2,2,2,0,0,5,0,3,2,1,4,3,5,3,2,0,1,4,3,4,3,2,5,1,3,5,4,2,0,6,2,4,5,4,10,10,4,0,0,3,1,3,1,3,1,1,3,1,3,1,3,3,1,2,0,1,2,0,1,2,1,0,0,2,0,0,0,0,0,0,0,0,0,0,0,0,0,0,0,0,0,0,0,0,0,0,0,0,0,0,0,0,0,0,0,0,0,0,1,0,1,0,1,2,0,0,0,0,1,4,2,3,3,1,2,2,0,0,3,1,3,6,0,2,0,1,1,3,5,2,5,4,2,0,2,3,4,4,2,1,2,1,1,0,0,0,2,0,0,1,3,0,3,3,1,1,0,3,0,1,1,2,0,0,0,1,0,1,0,0,0,0,0,0,0,0,0,0,0,0,0,0,0,0,0,0,0,0,0,0,0,0,0,0,0,0,0,0,0,0,0
BZ,GLODEANU-SILIŞTEA,COTORCA,46910,248,"ȘCOALA PRIMARĂ COTORCA",R,731,0,145,2,0,0,147,14,3,12,41,19,4,8,4,31,11,1,3,1,3,4,0,2,0,0,0,0,0,0,2,0,1,0,0,2,2,2,2,1,0,2,1,0,2,0,0,2,4,1,3,5,6,4,1,1,2,1,2,0,1,2,2,2,1,1,0,1,2,1,2,5,1,1,0,1,2,0,0,0,0,1,0,0,0,0,0,0,0,0,0,0,0,0,0,0,0,0,0,0,0,0,0,0,0,0,0,0,0,0,0,0,0,0,0,0,0,0,0,0,0,1,0,0,1,1,1,0,2,2,0,0,0,1,0,3,0,1,1,0,1,0,0,0,1,0,0,0,1,1,4,1,2,1,4,1,0,4,1,3,2,4,0,0,0,1,1,2,0,1,2,0,0,1,0,1,1,0,2,0,0,0,0,0,0,0,0,1,0,0,0,0,0,0,0,0,0,0,0,0,0,0,0,0,0,0,0,0,0,0,0,0,0,0,0,0,0,0,0,0,0,0,0
BZ,GLODEANU-SILIŞTEA,"CÂRLIGU MARE",46910,247,"ŞCOALA CÎRLIGU MARE",R,290,1,58,5,0,0,63,6,2,4,20,4,1,4,2,13,7,1,0,1,0,0,3,1,0,0,1,0,0,0,0,1,0,0,0,0,0,0,1,0,1,0,0,2,0,3,0,0,3,2,1,1,1,0,1,1,3,3,1,0,0,0,0,0,0,1,0,0,0,0,2,0,0,0,0,0,0,0,0,0,0,0,0,0,0,0,0,0,0,0,1,0,0,0,0,0,0,0,0,0,0,0,0,0,0,0,0,0,0,0,0,0,0,0,0,0,0,0,0,0,0,0,0,1,0,0,0,0,0,0,1,0,0,1,2,0,0,0,0,0,0,0,1,0,1,0,0,0,2,1,1,0,1,2,0,1,4,0,1,0,0,0,0,0,0,0,0,0,0,1,1,0,1,0,1,1,0,0,0,0,0,1,0,0,1,0,0,0,0,0,0,0,0,0,0,0,0,0,0,0,0,0,0,0,0,0,0,0,0,0,0,0,0,0,0,0,0,0,0,0,0,0,0
BZ,GLODEANU-SILIŞTEA,VĂCĂREASCA,46910,249,"ŞCOALA GIMNAZIALĂ VĂCĂREASCA",R,343,0,46,3,0,1,50,3,8,2,14,6,1,3,0,9,4,1,0,0,0,0,1,1,1,0,0,1,1,2,0,0,1,2,0,0,1,1,0,0,0,0,0,0,0,1,1,0,0,0,0,2,1,1,1,1,2,0,1,0,0,1,1,1,0,1,0,0,0,0,1,0,0,0,0,1,0,0,1,0,0,0,1,0,1,0,0,0,0,0,0,0,0,0,0,0,0,0,0,0,0,0,0,0,0,0,0,0,0,0,0,0,0,0,0,0,0,0,0,0,1,0,0,0,0,0,0,0,0,1,0,1,0,0,0,1,0,0,0,0,0,0,0,0,0,0,0,1,0,0,1,1,0,0,0,0,1,1,3,0,1,0,0,0,0,0,0,1,0,1,0,0,0,0,0,0,0,0,0,0,0,0,0,0,0,1,0,0,1,0,0,0,0,0,0,0,0,0,0,0,0,0,0,0,0,0,0,0,0,0,0,0,0,0,0,0,0,0,0,0,0,0,0
BZ,GLODEANU-SILIŞTEA,CASOTA,46910,246,"GRĂDINIŢA CAŞOTA",R,264,0,56,4,0,0,60,0,2,3,15,10,2,3,5,13,7,0,0,0,0,0,0,0,1,0,0,0,0,0,0,0,0,1,1,1,0,0,1,0,0,0,0,0,0,0,2,0,1,1,1,1,1,0,0,3,0,2,0,1,1,1,0,0,2,1,1,2,1,0,0,0,2,0,0,1,0,0,0,0,0,0,0,0,0,0,0,0,0,0,0,0,0,0,0,0,0,0,0,0,0,0,0,0,0,0,0,0,0,0,0,0,0,0,0,0,0,0,0,0,1,0,0,0,1,0,0,0,0,0,0,0,1,0,1,0,1,1,0,0,1,0,1,1,1,0,0,2,0,0,0,1,0,2,1,1,0,0,3,1,1,0,0,1,0,0,0,1,0,1,0,0,0,1,0,0,2,0,0,0,0,2,0,0,0,0,0,0,0,0,0,0,0,0,0,0,0,0,0,0,0,0,0,0,0,0,0,0,0,0,0,0,0,0,0,0,0,0,0,0,0,0,0
BZ,GREBĂNU,GREBĂNU,47006,250,"ŞCOALA GIMNAZIALĂ GREBĂNU",R,1845,1,276,5,0,11,292,23,15,26,83,30,12,7,17,57,22,4,8,0,4,2,4,1,1,3,2,1,3,0,2,2,0,1,2,0,2,5,4,2,4,1,4,2,5,1,2,6,2,5,6,4,5,7,4,10,5,4,1,5,1,2,4,4,1,2,2,2,4,5,1,4,1,1,2,2,1,1,1,0,0,0,0,0,0,0,0,0,0,0,0,0,0,0,0,0,0,0,0,0,0,0,0,0,0,0,0,0,0,0,0,0,0,0,0,0,0,0,0,0,1,3,1,3,3,0,1,0,1,0,2,1,1,0,0,1,1,1,3,3,1,0,1,2,3,3,0,3,3,4,2,5,4,5,5,1,1,2,8,3,4,0,1,0,2,1,3,0,1,1,2,1,4,0,1,0,3,0,0,1,1,1,0,1,0,0,2,0,0,0,0,1,2,0,0,0,0,0,0,0,0,0,0,0,0,0,0,0,0,0,0,0,0,0,0,0,0,0,0,0,0,0,0
BZ,GREBĂNU,HOMEŞTI,47006,251,"ŞCOALA PRIMARĂ HOMEŞTI",R,836,0,98,6,0,3,107,3,6,8,26,8,3,7,8,27,11,0,0,1,0,1,1,0,1,0,0,1,0,1,0,3,0,0,0,0,1,1,0,2,1,1,0,2,1,1,2,3,2,0,2,0,0,1,1,0,3,4,3,0,1,1,1,0,0,0,0,1,1,3,0,0,0,0,0,1,1,0,0,0,0,0,0,1,0,0,0,0,0,0,0,0,0,0,0,0,0,0,0,0,0,0,0,0,0,0,0,0,0,0,0,0,0,0,0,0,0,0,0,0,1,0,0,0,2,0,0,1,0,1,0,2,0,0,3,0,0,1,3,0,0,2,0,1,0,0,1,0,1,0,3,0,1,1,2,1,2,3,5,4,0,0,0,0,3,1,0,1,1,1,1,0,0,1,0,0,0,1,1,1,0,1,1,0,0,0,1,0,0,0,0,0,0,0,0,0,0,0,0,0,0,0,0,0,0,0,0,0,0,0,0,0,0,0,0,0,0,0,0,0,0,0,0
BZ,GREBĂNU,LIVADA,47006,252,"ŞCOALA PRIMARĂ LIVADA",R,545,0,125,8,0,10,143,3,7,7,40,21,3,8,7,24,23,0,2,0,0,0,0,1,0,0,0,1,0,0,1,1,2,2,2,0,1,0,0,0,1,0,3,0,0,2,1,1,4,0,1,3,5,0,1,7,2,2,1,0,2,2,0,6,1,0,1,0,1,2,2,0,1,1,3,2,0,1,0,0,0,1,1,1,1,0,0,2,0,0,0,0,0,0,0,0,0,0,0,0,0,0,0,0,0,0,0,0,0,0,0,0,0,0,0,0,0,0,0,0,0,1,0,0,1,0,1,1,1,1,0,3,0,1,0,0,1,2,0,0,0,1,1,2,0,0,1,1,0,1,0,0,2,3,2,3,1,1,0,0,3,1,2,1,3,0,0,1,1,0,3,1,2,1,2,0,0,0,1,2,0,1,0,4,0,0,1,0,0,1,2,0,0,0,0,0,0,0,0,0,0,0,0,0,0,0,0,0,0,0,0,0,0,0,0,0,0,0,0,0,0,0,0
BZ,GREBĂNU,PLEVNA,47006,253,"ŞCOALA GIMNAZIALĂ PLEVNA",R,1107,0,256,0,0,14,270,6,8,22,59,47,1,9,17,60,41,2,1,1,2,0,0,0,1,1,0,0,1,1,0,1,0,3,0,5,1,1,1,2,3,3,3,3,3,0,3,1,4,5,3,2,4,5,4,3,4,4,3,1,1,4,2,3,5,1,3,2,6,2,4,3,1,2,3,3,0,0,2,0,2,1,1,0,1,1,1,0,1,0,0,1,1,0,0,0,0,0,0,0,0,0,0,0,0,0,0,0,0,0,0,0,0,0,0,0,0,0,0,0,1,0,0,0,0,0,0,1,1,1,0,1,2,0,1,2,0,0,1,0,4,3,2,1,1,3,2,2,1,2,6,0,0,3,4,2,5,5,3,6,6,1,4,3,2,3,2,3,7,2,4,1,4,2,0,1,3,0,0,2,1,2,1,0,0,2,0,2,1,3,0,0,0,0,0,0,0,0,0,0,0,0,0,0,0,0,0,0,0,0,0,0,0,0,0,0,0,0,0,0,0,0,0
BZ,"GURA TEGHII",PĂLTINIŞ,47079,256,"ŞCOALA GIMNAZIALĂ PĂLTINIŞ",R,465,1,106,7,0,1,114,4,5,15,22,11,2,9,11,20,15,0,0,2,0,1,0,1,0,1,1,0,0,2,1,0,0,0,3,0,0,0,2,2,2,1,2,3,3,0,0,1,1,0,2,1,0,1,3,0,2,0,0,1,2,1,1,3,0,1,0,3,1,2,1,1,0,0,1,0,0,0,0,0,0,0,0,1,0,0,0,0,0,0,0,0,0,0,0,0,0,0,0,0,0,0,0,0,0,0,0,0,0,0,0,0,0,0,0,0,0,0,0,0,1,0,0,0,0,1,0,0,1,1,3,1,2,1,0,0,0,0,3,2,1,2,0,0,2,1,0,1,0,0,0,2,0,1,0,0,1,2,0,1,2,2,1,2,3,2,0,0,2,4,0,1,1,0,1,0,1,0,1,1,0,0,0,1,0,0,0,0,2,0,0,0,0,0,0,0,0,0,0,0,0,0,0,0,0,0,0,0,0,0,0,0,0,0,0,0,0,0,0,0,0,0,0
BZ,"GURA TEGHII",FURTUNEŞTI,47079,255,"CĂMINUL CULTURAL SAT FURTUNEŞTI",R,691,0,173,6,0,1,180,4,4,21,54,24,7,2,17,41,6,0,0,0,2,0,0,2,0,1,0,0,0,0,1,1,1,0,2,2,2,4,3,1,1,3,1,2,5,1,2,1,0,0,2,1,5,7,1,3,5,5,1,3,2,4,5,1,3,2,1,2,2,0,3,1,1,0,2,2,1,0,0,0,2,0,1,0,0,1,0,0,0,0,0,0,0,0,0,0,0,0,0,0,0,0,0,0,0,0,0,0,0,0,0,0,0,0,0,0,0,0,0,0,1,0,0,2,1,2,1,0,0,1,0,0,0,0,1,0,0,3,2,1,3,1,3,0,1,0,3,1,2,0,3,5,1,1,3,3,2,3,1,3,5,1,1,2,0,3,1,1,1,0,1,1,1,1,0,0,0,0,0,0,0,0,0,0,0,0,0,0,0,0,0,0,0,0,0,0,0,0,0,0,0,0,0,0,0,0,0,0,0,0,0,0,0,0,0,0,0,0,0,0,0,0,0
BZ,"GURA TEGHII","GURA TEGHII",47079,254,"CAMINUL CULTURAL SATUL GURA TEGHII",R,1050,2,367,5,0,0,372,9,12,30,96,47,6,20,25,87,40,3,1,1,1,2,1,0,1,0,2,2,3,0,2,0,1,1,1,2,2,4,1,3,6,3,4,4,6,3,3,6,7,8,5,6,6,6,7,5,7,9,1,3,2,3,2,1,5,1,4,5,2,3,1,5,1,5,4,1,2,2,3,1,0,0,0,0,1,1,0,0,0,0,0,0,0,0,0,0,0,0,0,0,0,0,0,0,0,0,0,0,0,0,0,0,0,0,0,0,0,0,0,0,0,1,2,2,0,0,1,2,2,1,2,2,1,0,2,3,5,2,3,0,5,1,5,3,1,1,4,3,2,5,5,4,5,11,5,6,2,4,6,2,7,3,6,2,2,5,2,5,3,2,1,6,4,3,2,4,0,2,0,0,1,0,0,4,0,1,0,1,0,0,0,1,0,0,0,0,0,0,0,0,0,0,0,0,0,0,0,0,0,0,0,0,0,0,0,0,0,0,0,0,0,0,0
BZ,"GURA TEGHII",VARLAAM,47079,257,"ŞCOALA PRIMARĂ VARLAAM",R,410,2,72,5,0,0,77,0,1,4,17,16,2,2,3,26,6,0,0,0,0,0,0,0,0,0,0,0,1,0,0,0,0,0,1,0,1,0,0,0,2,0,0,0,1,0,2,1,0,1,2,1,1,1,1,1,2,1,1,0,0,0,1,0,1,1,0,1,2,1,1,0,2,3,0,0,1,1,0,0,0,0,0,0,0,0,0,0,1,1,0,0,0,0,0,0,0,0,0,0,0,0,0,0,0,0,0,0,0,0,0,0,0,0,0,0,0,0,0,0,0,0,2,0,0,0,0,0,0,0,1,0,0,1,0,0,0,0,0,2,0,0,1,0,0,0,0,2,0,0,0,1,2,3,2,2,0,1,1,1,0,1,0,5,1,2,2,0,1,0,1,0,1,1,0,1,1,0,0,0,0,0,0,0,0,0,0,0,0,0,0,0,0,0,0,0,0,0,0,0,0,0,0,0,0,0,0,0,0,0,0,0,0,0,0,0,0,0,0,0,0,0,0
BZ,LARGU,LARGU,47159,258,"PRIMARIA LARGU",R,1147,1,444,5,0,28,477,20,24,38,107,59,19,29,30,76,75,1,1,6,2,3,4,3,6,4,1,2,1,4,0,3,2,1,4,3,2,5,7,3,4,4,4,2,5,6,5,4,8,3,9,6,5,6,6,9,8,7,4,6,1,3,3,3,2,7,1,5,2,2,3,2,4,4,4,2,2,2,5,1,1,3,0,2,0,1,0,0,1,0,1,1,0,0,0,1,0,0,0,0,0,0,0,0,0,0,0,0,0,0,0,0,0,0,0,0,0,0,0,0,0,5,1,3,0,2,8,1,4,3,7,1,5,2,2,3,1,5,2,3,4,2,4,2,1,3,4,3,4,3,5,6,4,7,2,1,4,5,10,4,3,5,2,3,1,3,1,3,2,4,6,1,4,3,3,4,4,6,3,0,3,2,4,2,3,2,3,3,1,2,0,3,0,2,0,1,1,0,0,0,0,0,0,0,0,0,0,0,0,0,0,0,0,0,0,0,0,0,0,0,0,0,0
BZ,LOPĂTARI,LOPĂTARI,47186,259,"BIBLIOTECA COMUNALĂ LOPĂTARI",R,822,1,226,0,0,2,228,4,6,21,47,44,4,8,15,46,33,0,2,0,0,0,1,1,2,0,1,0,1,2,0,0,0,0,0,5,2,2,1,1,3,4,2,1,2,3,1,0,2,2,1,4,2,3,2,2,2,3,3,3,2,5,3,2,2,1,3,9,2,2,1,1,2,2,3,3,1,0,0,0,6,1,1,0,2,2,0,0,0,0,0,0,0,0,0,0,0,0,0,0,0,0,0,0,0,0,0,0,0,0,0,0,0,0,0,0,0,0,0,0,0,0,0,0,0,1,3,0,3,1,2,0,0,0,1,1,0,2,1,3,2,3,2,0,1,1,0,1,1,0,0,1,1,4,4,1,7,0,3,3,3,1,2,3,2,5,4,1,0,5,1,1,4,1,3,2,1,5,3,1,1,1,1,0,0,0,0,2,0,0,0,0,0,0,0,0,0,0,0,0,0,0,0,0,0,0,0,0,0,0,0,0,0,0,0,0,0,0,0,0,0,0,0
BZ,LOPĂTARI,LUNCILE,47186,260,"ŞCOALA PRIMARĂ SAT LUNCILE",R,588,1,106,6,0,0,112,0,1,13,26,17,1,6,3,28,17,0,0,0,0,0,0,0,0,0,0,0,0,0,0,0,1,0,1,0,1,1,1,1,4,1,2,1,1,1,2,1,0,0,2,1,1,4,1,0,2,3,2,1,1,3,0,0,1,2,3,0,2,1,0,0,0,1,0,2,1,0,0,0,1,0,1,0,2,0,0,0,0,0,0,0,0,0,0,0,0,0,0,0,0,0,0,0,0,0,0,0,0,0,0,0,0,0,0,0,0,0,0,0,1,0,0,0,0,0,0,0,1,1,0,0,0,0,2,2,0,0,0,0,2,0,1,0,0,0,0,1,2,3,0,1,1,2,1,2,4,1,0,2,2,2,0,1,0,3,0,2,2,0,1,1,2,0,1,2,0,0,0,3,1,2,0,0,0,0,0,0,0,0,0,0,0,0,0,0,0,0,0,0,0,0,0,0,0,0,0,0,0,0,0,0,0,0,0,0,0,0,0,0,0,0,0
BZ,LOPĂTARI,TERCA,47186,263,"ȘCOALA PRIMARĂ TERCA",R,300,1,41,6,0,0,47,1,0,3,11,4,2,3,5,12,6,0,0,1,0,0,0,0,0,0,0,0,0,0,0,0,0,0,0,0,0,1,0,0,0,0,2,0,0,1,0,0,0,2,1,0,2,0,1,0,1,0,0,1,0,0,0,2,1,0,0,0,0,0,0,1,2,0,0,0,0,0,0,0,0,0,0,0,0,0,0,0,0,0,0,0,0,0,0,0,0,0,0,0,0,0,0,0,0,0,0,0,0,0,0,0,0,0,0,0,0,0,0,0,0,0,1,0,0,0,1,1,0,1,0,1,0,0,0,0,0,1,1,0,0,1,1,0,0,0,1,0,0,1,1,1,3,1,0,0,0,2,2,0,1,0,0,0,0,0,0,0,2,1,0,0,1,0,1,0,0,1,0,0,0,0,0,0,0,0,0,0,0,0,0,0,0,0,0,0,0,0,0,0,0,0,0,0,0,0,0,0,0,0,0,0,0,0,0,0,0,0,0,0,0,0,0
BZ,LOPĂTARI,PLOŞTINA,47186,262,"ŞCOALA PRIMARĂ SAT PLOŞTINA",R,361,0,47,4,0,0,51,3,3,2,17,6,1,2,2,10,5,0,0,1,0,1,1,0,1,0,0,1,0,0,0,0,0,1,0,0,0,0,0,1,0,0,1,0,0,1,0,2,1,1,1,0,2,0,1,1,1,2,0,0,1,2,0,1,0,1,1,0,0,0,0,1,1,2,0,0,0,0,0,0,0,0,0,0,0,0,0,0,0,0,0,0,0,0,0,0,0,0,0,0,0,0,0,0,0,0,0,0,0,0,0,0,0,0,0,0,0,0,0,0,0,0,0,0,0,1,0,0,0,0,1,0,0,0,0,1,0,0,0,0,0,0,1,1,0,0,0,0,0,1,1,0,0,0,1,0,2,1,1,0,0,1,1,0,1,0,0,0,0,0,3,0,0,0,0,0,1,0,0,0,0,1,0,0,0,0,0,0,0,0,0,0,0,0,0,0,0,0,0,0,0,0,0,0,0,0,0,0,0,0,0,0,0,0,0,0,0,0,0,0,0,0,0
BZ,LOPĂTARI,"PLAIU NUCULUI",47186,261,"ȘCOALA GIMNAZIALĂ PLAIUL NUCULUI",R,507,0,90,4,0,0,94,3,4,10,38,7,2,4,6,16,4,0,0,0,0,2,1,0,0,1,1,0,0,0,0,0,2,0,0,1,0,1,3,0,0,2,2,1,1,0,0,2,3,2,4,0,3,2,2,2,3,2,3,2,2,1,2,2,1,0,0,0,1,1,0,0,0,0,1,2,0,0,1,0,0,0,0,0,0,0,0,0,0,0,0,0,0,0,0,0,0,0,0,0,0,0,0,0,0,0,0,0,0,0,0,0,0,0,0,0,0,0,0,0,0,1,0,1,0,0,0,0,0,0,0,0,1,0,2,1,0,0,0,0,2,1,2,0,0,0,1,0,1,1,1,0,0,3,1,2,0,0,0,2,1,0,2,1,0,1,0,1,0,2,0,0,1,0,0,0,0,0,0,0,0,0,0,0,0,0,0,0,0,0,0,0,0,0,0,0,0,0,0,0,0,0,0,0,0,0,0,0,0,0,0,0,0,0,0,0,0,0,0,0,0,0,0
BZ,LUCIU,LUCIU,47300,264,"CĂMINUL CULTURAL LUCIU",R,1537,0,392,5,0,14,411,16,22,33,103,44,6,16,41,80,50,2,2,3,3,1,2,3,3,1,1,1,5,3,2,2,2,2,1,3,5,2,4,3,3,4,5,3,5,5,3,6,7,8,8,3,5,5,4,8,7,6,3,0,3,7,5,5,5,7,2,5,3,4,6,2,2,1,0,2,0,0,0,2,1,0,0,1,1,0,0,0,0,0,0,0,0,0,0,0,0,0,0,0,0,0,0,0,0,0,0,0,0,0,0,0,0,0,0,0,0,0,0,0,2,2,0,1,0,1,0,5,2,1,0,0,2,1,1,3,1,6,5,2,3,8,3,4,4,2,4,2,7,5,6,4,4,3,2,5,3,4,3,2,10,2,2,2,3,7,4,3,2,5,5,2,1,0,2,3,2,4,6,1,3,3,2,0,1,1,0,2,1,0,0,1,0,0,0,0,0,0,0,0,0,0,0,0,0,0,0,0,0,0,0,0,0,0,0,0,0,0,0,0,0,0,0
BZ,LUCIU,CARAGELE,47300,265,"ŞCOALA CARAGELE",R,625,0,156,6,0,0,162,5,13,13,46,19,2,8,8,32,16,1,0,2,0,0,1,1,4,1,0,0,3,1,1,1,1,1,2,1,2,2,2,1,1,0,0,2,2,4,2,2,3,0,2,3,3,3,4,6,3,5,1,0,1,2,0,0,0,1,1,2,1,0,1,4,3,1,0,0,0,0,0,2,2,0,0,0,1,0,0,0,0,0,0,0,0,0,0,0,0,0,0,0,0,0,0,0,0,0,0,0,0,0,0,0,0,0,0,0,0,0,0,0,1,0,0,0,0,1,0,1,3,0,1,0,2,0,0,1,0,0,1,0,2,0,3,1,0,1,0,1,0,2,1,4,2,2,2,3,0,4,1,0,2,1,0,1,2,1,3,2,3,3,0,0,0,0,2,2,0,1,1,2,0,0,0,0,0,0,0,0,0,0,0,0,0,0,0,0,0,0,0,0,0,0,0,0,0,0,0,0,0,0,0,0,0,0,0,0,0,0,0,0,0,0,0
BZ,MĂGURA,MĂGURA,47337,266,"ȘCOALA GIMNAZIALĂ MĂGURA",R,1046,0,327,6,0,0,333,10,15,21,95,47,12,12,20,61,40,1,1,4,2,0,2,0,1,0,1,3,0,1,1,3,3,2,2,2,4,3,1,2,3,3,1,0,3,3,6,4,9,3,4,5,9,5,5,6,6,12,5,4,3,0,1,2,2,4,3,3,1,4,2,2,2,4,5,1,3,1,2,4,1,0,1,0,0,1,0,0,0,1,0,0,0,0,0,0,0,0,0,0,0,0,0,0,0,0,0,0,0,0,0,0,0,0,0,0,0,0,0,0,0,1,2,4,1,1,3,1,2,2,2,1,2,0,1,1,0,2,5,1,3,2,1,0,3,1,2,2,2,5,0,4,2,6,4,3,5,4,5,5,1,3,3,3,2,1,1,2,3,4,4,1,3,3,2,1,2,3,3,3,2,1,0,0,0,2,1,0,0,0,0,0,0,0,0,0,0,0,0,0,0,0,0,0,0,0,0,0,0,0,0,0,0,0,0,0,0,0,0,0,0,0,0
BZ,MĂGURA,CIUTA,47337,267,"ŞCOALA GIMNAZIALĂ CIUTA",R,671,0,263,6,0,0,269,16,25,32,54,19,16,30,20,42,15,2,1,4,3,3,2,1,2,1,2,1,3,3,1,5,5,2,3,2,8,4,1,1,6,3,1,3,1,4,0,7,3,3,2,6,4,4,2,2,3,1,1,4,1,3,1,2,2,1,3,2,3,2,1,0,1,1,1,1,0,0,1,0,0,0,0,0,0,0,0,0,0,0,0,0,0,0,0,0,0,0,0,0,0,0,0,0,0,0,0,0,0,0,0,0,0,0,0,0,0,0,0,0,2,1,2,1,5,1,4,3,3,1,6,3,2,2,3,4,3,2,2,1,4,0,3,2,2,2,2,2,2,1,5,4,6,1,1,2,3,3,1,3,1,0,3,3,1,0,0,1,0,2,2,0,2,1,1,1,0,0,1,0,0,0,0,2,0,0,0,1,1,0,0,0,0,0,0,0,0,0,0,0,0,0,0,0,0,0,0,0,0,0,0,0,0,0,0,0,0,0,0,0,0,0,0
BZ,MĂRĂCINENI,MĂRĂCINENI,47373,268,"SCOALA GENERALA MARACINENI",R,1499,0,348,3,0,0,351,11,13,36,86,50,11,17,26,61,40,1,2,1,2,1,2,2,0,1,1,2,0,1,1,1,4,2,2,5,2,2,5,4,4,6,3,3,7,5,5,5,5,3,2,4,5,4,7,5,6,3,2,3,2,6,3,4,3,4,4,6,4,0,8,5,3,1,0,4,2,3,1,1,0,0,0,0,0,0,1,0,0,0,0,0,0,0,0,0,0,0,0,0,0,0,0,0,0,0,0,0,0,0,0,0,0,0,0,0,0,0,0,0,2,3,1,2,1,0,2,2,2,1,2,0,1,1,3,3,2,0,2,5,3,3,2,1,2,4,4,5,3,6,5,7,4,3,1,3,3,4,3,0,3,3,3,1,1,2,1,4,5,4,2,3,3,2,3,0,4,2,3,1,1,0,1,0,1,1,0,0,0,0,0,0,0,0,0,0,0,0,0,0,0,0,0,0,0,0,0,0,0,0,0,0,0,0,0,0,0,0,0,0,0,0,0
BZ,MĂRĂCINENI,MĂRĂCINENI,47373,269,"ŞCOALA GENERALĂ MĂRĂCINENI",R,1284,0,331,3,0,0,334,14,16,32,79,36,16,16,29,69,27,4,0,2,4,0,0,4,1,3,0,0,2,2,2,1,2,3,5,1,4,2,3,2,4,0,2,9,4,1,9,3,3,5,5,2,3,4,7,4,4,6,1,5,3,3,2,5,4,3,2,5,1,2,3,1,2,0,0,5,2,0,3,0,0,1,0,0,2,0,0,0,0,0,0,0,0,0,0,0,0,0,0,0,0,0,0,0,0,0,0,0,0,0,0,0,0,0,0,0,0,0,0,0,3,2,3,1,2,0,5,1,0,0,0,1,5,3,1,3,2,1,2,4,1,4,2,2,3,5,5,3,4,3,5,4,3,6,4,4,2,4,5,2,5,1,0,2,1,5,6,2,1,4,2,4,2,0,5,2,1,0,1,0,0,0,1,1,1,0,0,0,0,0,0,0,0,0,0,0,0,0,0,0,0,0,0,0,0,0,0,0,0,0,0,0,0,0,0,0,0,0,0,0,0,0,0
BZ,MĂRĂCINENI,CĂPĂŢÂNEŞTI,47373,270,"GRĂDINIȚA CU PROGRAM NORMAL CĂPĂȚÂNEȘTI",R,1586,3,392,4,0,0,396,18,13,52,89,43,18,18,37,77,31,2,0,5,5,2,2,2,3,0,2,1,1,2,2,1,1,0,2,1,5,5,10,7,8,3,5,6,8,8,4,4,2,3,4,10,6,4,7,6,7,7,3,1,1,1,2,1,4,3,5,6,6,1,5,4,1,0,1,2,1,1,1,0,0,2,0,0,0,0,0,0,0,0,0,0,0,0,0,0,0,0,0,0,0,0,0,0,0,0,0,0,0,0,0,0,0,0,0,0,0,0,0,0,7,1,3,3,1,1,2,2,3,0,1,1,3,0,1,3,4,2,5,2,5,4,5,2,2,1,9,5,5,10,2,3,5,6,5,7,2,7,2,5,4,2,2,1,1,2,1,3,3,4,5,2,4,4,0,1,2,0,3,0,0,0,0,0,0,0,0,0,0,0,0,0,0,0,0,0,0,0,0,0,0,0,0,0,0,0,0,0,0,0,0,0,0,0,0,0,0,0,0,0,0,0,0
BZ,MĂRĂCINENI,CĂPĂŢÂNEŞTI,47373,271,"GRĂDINIŢA CU PROGRAM NORMAL CĂPĂŢÂNEŞTI",R,1682,1,410,6,0,0,416,13,28,47,110,28,10,25,47,86,22,4,1,1,2,3,1,1,4,2,3,4,5,3,3,2,1,1,1,6,3,8,5,6,7,1,1,9,6,7,5,4,9,7,7,4,7,12,6,10,4,5,2,3,3,1,3,5,4,2,1,3,3,1,2,1,1,1,2,2,2,1,0,1,1,0,0,0,0,0,0,0,0,0,0,0,0,0,0,0,0,0,0,0,0,0,0,0,0,0,0,0,0,0,0,0,0,0,0,0,0,0,0,0,3,3,1,0,1,2,0,0,0,2,5,1,3,5,2,3,4,3,5,4,6,2,4,5,7,6,5,7,6,6,3,6,6,8,5,3,3,5,3,4,8,2,1,3,1,4,2,2,1,2,1,6,3,1,3,0,1,0,1,0,1,0,0,0,0,0,0,0,0,0,0,0,0,0,0,0,0,0,0,0,0,0,0,0,0,0,0,0,0,0,0,0,0,0,0,0,0,0,0,0,0,0,0
BZ,MĂRĂCINENI,POTOCENI,47373,272,"ŞCOALA GENERALĂ POTOCENI",R,1841,1,468,5,0,0,473,22,32,45,126,36,14,21,44,96,37,6,1,5,2,2,5,1,2,4,1,6,4,4,1,2,6,2,4,5,3,5,1,7,3,7,3,7,4,6,7,2,6,6,12,7,4,8,10,10,7,8,3,2,2,4,5,13,8,1,2,5,3,2,4,1,1,1,2,0,0,1,0,0,1,1,0,0,0,0,1,1,0,0,1,0,0,0,0,0,0,0,0,0,0,0,0,0,0,0,0,0,0,0,0,0,0,0,0,0,0,0,0,0,3,3,1,2,1,1,3,2,0,1,1,1,5,3,1,1,6,3,5,1,9,5,9,4,3,1,4,3,1,8,6,3,3,5,14,5,9,4,6,3,8,1,5,4,3,1,4,2,4,4,3,4,5,2,3,2,0,1,0,1,1,2,2,0,0,1,0,0,0,0,0,0,0,0,0,0,0,0,0,0,0,0,0,0,0,0,0,0,0,0,0,0,0,0,0,0,0,0,0,0,0,0,0
BZ,MĂRGĂRITEŞTI,MĂRGĂRITEŞTI,47417,273,"PRIMARIA MĂRGĂRITEŞTI",R,427,0,172,5,0,34,211,5,8,8,50,41,2,9,4,26,58,1,0,2,1,1,0,0,0,1,0,1,0,3,1,0,0,2,2,0,2,0,0,1,1,1,0,1,0,3,0,4,1,2,0,3,5,6,4,3,4,2,3,2,0,3,1,4,3,3,3,0,3,3,2,0,2,1,4,2,3,1,1,1,0,0,1,1,2,2,2,0,0,1,0,0,0,0,0,0,0,0,0,0,0,0,0,0,0,0,0,0,0,0,0,0,0,0,0,0,0,0,0,0,0,1,0,0,1,0,0,1,3,0,0,0,3,0,1,1,0,0,0,0,1,0,1,0,0,1,1,0,2,1,1,1,1,0,4,1,2,1,4,2,2,0,0,1,3,0,0,1,1,3,0,3,3,2,1,5,4,4,1,6,0,2,1,1,4,1,4,0,1,1,1,0,2,2,2,1,0,0,1,0,0,0,0,0,0,0,0,0,0,0,0,0,0,0,0,0,0,0,0,0,0,0,0
BZ,MÂNZĂLEŞTI,MÂNZĂLEŞTI,47630,274,"ŞCOALA GIMNAZIALĂ MÎNZĂLEŞTI",R,582,0,181,3,0,6,190,2,6,12,48,25,5,13,10,40,29,0,0,0,0,0,2,0,1,0,1,0,2,1,0,0,0,1,2,1,3,0,3,1,0,1,1,0,0,1,2,1,3,5,5,2,0,4,1,5,3,2,6,1,0,2,4,1,3,0,1,5,3,1,1,0,0,2,1,0,0,1,3,1,0,0,0,0,0,0,2,0,0,0,0,0,0,0,0,0,0,1,0,0,0,0,0,0,0,0,0,0,0,0,0,0,0,0,0,0,0,0,0,0,1,0,1,0,3,0,0,3,2,0,0,0,1,0,1,3,3,1,2,1,0,1,1,1,1,0,2,0,0,0,2,3,2,3,1,2,2,4,6,1,1,1,3,3,2,4,0,1,2,1,0,1,2,2,5,1,0,3,5,0,2,1,0,0,1,0,0,0,0,0,0,0,0,1,0,1,0,0,0,0,0,0,0,0,0,0,0,0,0,0,0,0,0,0,0,0,0,0,0,0,0,0,0
BZ,MÂNZĂLEŞTI,BEŞLII,47630,275,"ŞCOALA GIMNAZIALĂ ”DUMITRU N. CRISTEA” BEŞLII",R,380,1,111,3,0,5,119,1,9,8,24,21,5,5,10,14,22,1,0,0,0,0,0,0,0,0,2,0,1,1,0,2,1,2,0,1,0,1,0,2,2,1,0,1,1,1,1,0,4,0,0,2,2,4,3,0,1,2,2,0,1,0,0,0,3,2,0,2,3,2,0,0,1,0,0,3,0,0,0,0,2,0,0,0,1,1,0,0,0,0,0,0,0,0,0,1,0,0,0,0,0,0,0,0,0,0,0,0,0,0,0,0,0,0,0,0,0,0,0,0,1,0,0,0,4,0,0,1,1,1,1,0,0,0,1,0,0,1,0,0,2,1,0,3,0,0,3,0,1,0,0,2,1,2,0,0,0,1,1,0,0,1,3,0,2,0,0,3,3,0,2,0,0,1,0,0,1,1,0,3,1,1,1,1,0,1,0,0,0,0,2,0,0,1,0,0,0,0,0,0,0,0,0,0,0,0,0,0,0,0,0,0,0,0,0,0,0,0,0,0,0,0,0
BZ,MÂNZĂLEŞTI,"VALEA COTOAREI",47630,278,"ŞCOALA PRIMARĂ VALEA COTOAREI",R,156,0,62,6,0,3,71,3,2,9,15,6,1,5,6,17,7,0,2,0,0,1,0,0,0,0,0,0,1,0,0,0,0,1,3,1,0,0,1,1,1,0,1,1,1,0,2,0,0,1,0,1,0,2,0,1,1,3,1,0,1,0,0,1,1,0,1,0,1,1,0,0,0,1,0,0,0,0,0,0,0,0,0,0,0,0,0,0,0,0,0,0,1,0,0,0,0,0,0,0,0,0,0,0,0,0,0,0,0,0,0,0,0,0,0,0,0,0,0,0,0,1,0,0,0,0,0,1,1,0,0,1,1,1,0,0,0,1,0,0,0,0,1,2,0,0,2,0,1,3,1,0,2,1,0,2,1,1,2,1,0,1,0,0,1,0,0,0,0,0,1,1,1,0,0,2,0,1,0,0,0,0,0,0,0,0,0,0,1,0,0,0,0,0,0,0,0,0,0,0,0,0,0,0,0,0,0,0,0,0,0,0,0,0,0,0,0,0,0,0,0,0,0
BZ,MÂNZĂLEŞTI,"GURA BĂDICULUI",47630,276,"ŞCOALA GIMNAZIALĂ GURA BĂDICULUI",R,335,1,107,6,0,0,113,4,4,7,32,8,2,5,7,26,18,1,0,0,0,1,0,2,1,0,0,0,0,1,0,1,1,0,1,0,1,1,1,2,0,0,1,0,1,1,1,3,1,4,0,3,3,0,1,0,5,2,2,0,1,0,0,4,0,2,1,1,0,0,0,0,1,1,0,0,0,0,1,0,0,1,0,0,0,0,0,0,0,0,0,0,0,0,0,0,0,0,0,0,0,0,0,0,0,0,0,0,0,0,0,0,0,0,0,0,0,0,0,0,1,0,0,0,0,0,1,0,1,0,0,0,2,1,0,1,0,1,1,1,1,1,0,0,1,1,0,1,2,1,0,3,0,1,2,3,1,2,2,3,0,2,1,0,0,2,0,0,1,2,1,0,2,0,2,2,2,2,0,2,0,0,0,0,2,0,0,0,0,0,0,0,0,0,0,0,0,0,0,0,0,0,0,0,0,0,0,0,0,0,0,0,0,0,0,0,0,0,0,0,0,0,0
BZ,MÂNZĂLEŞTI,TRESTIOARA,47630,277,"ŞCOALA PRIMARĂ TRESTIOARA",R,268,0,73,9,0,1,83,3,7,8,11,7,2,5,6,27,7,1,0,0,0,0,1,1,1,1,1,0,0,1,1,2,0,0,0,1,0,3,1,0,2,0,0,1,0,0,2,0,1,0,0,0,1,1,1,0,0,0,0,2,1,0,1,1,1,1,0,2,0,1,0,0,0,0,0,0,0,0,0,0,1,1,0,0,0,0,0,0,0,0,0,0,0,0,0,0,0,0,0,0,0,0,0,0,0,0,0,0,0,0,0,0,0,0,0,0,0,0,0,0,1,1,0,0,0,0,0,0,0,0,2,0,1,0,0,1,1,0,0,1,1,1,1,0,0,1,1,1,1,2,2,0,2,0,0,1,0,2,2,2,4,1,4,0,3,0,0,0,0,0,0,1,1,0,0,0,0,0,1,0,1,0,0,0,1,0,0,1,1,0,0,0,0,0,0,0,0,0,0,0,0,0,0,0,0,0,0,0,0,0,0,0,0,0,0,0,0,0,0,0,0,0,0
BZ,MEREI,MEREI,47453,279,"ŞCOALA GIMNAZIALĂ MEREI",R,947,1,198,6,0,0,204,3,13,20,55,25,3,10,22,37,16,2,1,0,0,0,0,0,0,0,2,1,1,0,2,1,2,4,0,3,0,2,0,3,3,2,3,4,4,0,2,3,5,4,3,1,5,1,3,3,7,3,2,1,2,4,2,0,2,1,1,3,2,2,1,1,2,2,2,1,0,2,0,0,1,0,0,0,2,0,0,0,0,0,0,0,0,0,0,0,0,0,0,0,0,0,0,0,0,0,0,0,0,0,0,0,0,0,0,0,0,0,0,0,2,0,1,0,0,0,0,1,2,0,0,1,1,3,0,1,1,3,1,5,2,0,3,2,1,3,2,1,2,0,3,2,2,1,2,2,6,2,1,2,3,0,1,3,1,2,1,2,3,3,2,0,2,1,0,1,0,0,0,1,0,0,0,1,0,0,0,0,0,0,0,0,0,0,0,0,0,0,0,0,0,0,0,0,0,0,0,0,0,0,0,0,0,0,0,0,0,0,0,0,0,0,0
BZ,MEREI,LIPIA,47453,283,"GRĂDINIȚA CU PROGRAM PRELUNGIT LIPIA",R,1587,1,469,4,0,9,482,13,20,52,114,57,10,25,39,95,57,3,1,1,2,1,2,3,1,1,3,1,1,1,2,0,2,8,5,5,3,4,3,4,9,4,9,6,10,6,0,6,6,4,10,1,10,9,7,7,6,10,5,2,7,5,2,1,5,9,3,4,0,6,3,4,4,2,4,0,1,2,5,1,0,0,0,1,0,0,1,2,0,0,0,0,0,0,0,0,0,0,0,0,0,0,0,0,0,0,0,0,0,0,0,0,0,0,0,0,0,0,0,0,5,0,1,2,1,0,1,2,2,1,2,1,5,4,4,2,2,4,3,2,6,4,3,7,1,5,4,3,6,4,4,3,7,4,5,3,9,7,9,7,2,5,5,4,2,3,3,2,5,3,5,4,6,6,3,6,3,1,0,1,2,1,3,2,1,0,0,0,0,1,0,1,1,0,0,0,0,0,0,0,0,0,0,0,0,0,0,0,0,0,0,0,0,0,0,0,0,0,0,0,0,0,0
BZ,MEREI,SĂRATA-MONTEORU,47453,286,"SALA DE SPORT SĂRATA MONTEORU",R,690,0,163,7,0,0,170,3,6,15,39,29,1,5,18,32,22,0,0,0,0,0,2,1,1,0,0,0,1,0,0,1,1,2,1,1,0,1,4,1,2,1,2,2,1,0,1,0,2,1,0,3,4,4,4,0,4,6,3,2,1,2,0,1,2,5,3,0,4,2,2,1,4,0,2,1,1,0,0,1,1,0,0,0,0,0,0,0,0,0,0,0,0,0,0,0,0,0,0,0,0,0,0,0,0,0,0,0,0,0,0,0,0,0,0,0,0,0,0,0,1,0,0,0,0,0,0,0,0,1,0,1,0,3,0,0,0,1,4,1,2,2,1,2,1,2,2,1,1,1,1,2,5,0,1,3,2,1,2,2,1,2,3,1,1,0,2,4,2,1,0,2,0,3,1,2,2,2,1,0,0,0,0,0,0,0,1,1,0,0,0,0,0,0,0,0,0,0,0,0,0,0,0,0,0,0,0,0,0,0,0,0,0,0,0,0,0,0,0,0,0,0,0
BZ,MEREI,"GURA SĂRĂŢII",47453,281,"ŞCOALA GURA SĂRĂŢII",R,138,0,30,6,0,0,36,1,1,4,11,8,0,1,3,3,4,0,0,0,0,0,1,0,1,0,0,0,0,0,0,0,0,0,0,1,1,2,0,0,0,0,0,0,0,0,0,2,1,0,2,1,0,1,0,0,0,2,0,1,1,0,0,0,1,0,3,0,0,0,1,1,1,0,0,0,0,0,1,0,0,0,0,0,0,0,0,0,0,0,0,0,0,0,0,0,0,0,0,0,0,0,0,0,0,0,0,0,0,0,0,0,0,0,0,0,0,0,0,0,0,0,0,0,0,0,0,0,0,0,0,0,0,1,0,0,0,0,2,0,1,0,0,0,0,0,0,0,1,0,0,0,1,0,0,0,0,0,0,0,1,0,0,0,0,0,0,0,0,0,0,0,0,0,2,0,1,0,1,0,0,0,0,0,0,0,0,0,0,0,0,0,0,0,0,0,0,0,0,0,0,0,0,0,0,0,0,0,0,0,0,0,0,0,0,0,0,0,0,0,0,0,0
BZ,MEREI,"DEALUL VIEI",47453,280,"ŞCOALA PRIMARĂ DEALUL VIEI",R,620,2,124,5,0,0,129,6,8,17,22,8,9,9,13,25,12,0,0,1,0,2,1,2,0,0,2,0,3,2,0,0,0,1,2,4,2,3,1,3,0,0,0,2,1,1,2,1,0,1,4,1,1,2,2,1,1,1,0,0,0,1,0,2,0,0,1,1,1,0,0,0,1,0,1,0,1,0,0,0,0,0,1,0,1,0,0,0,0,0,0,0,0,0,0,0,0,0,0,0,0,0,0,0,0,0,0,0,0,0,0,0,0,0,0,0,0,0,0,0,1,3,1,1,1,1,1,2,0,2,0,2,1,0,1,1,0,1,2,1,1,2,1,0,2,2,1,0,0,2,1,3,1,0,1,2,0,1,2,1,3,1,3,1,3,0,0,0,2,0,1,0,1,0,1,3,0,0,2,0,1,0,0,1,0,0,0,0,0,0,0,0,0,0,0,0,0,0,0,0,0,0,0,0,0,0,0,0,0,0,0,0,0,0,0,0,0,0,0,0,0,0,0
BZ,MEREI,"IZVORU DULCE",47453,282,"GRĂDINIȚA CU PROGRAM NORMAL SAT IZVORU DULCE COMUNA MEREI",R,695,0,144,2,0,0,146,5,3,7,51,11,3,5,9,31,21,2,1,0,1,0,0,1,1,0,0,0,0,0,1,0,0,1,1,0,0,1,0,4,0,1,0,0,2,3,4,3,3,3,2,3,3,1,5,3,4,3,0,2,3,0,3,1,1,2,0,1,0,0,2,2,0,0,1,0,0,0,1,0,0,0,0,0,0,1,0,0,0,0,0,0,0,0,0,0,0,0,0,0,0,0,0,0,0,0,0,0,0,0,0,0,0,0,0,0,0,0,0,0,1,1,0,0,0,1,0,0,1,0,2,0,0,0,0,1,1,1,1,0,2,0,1,0,2,1,1,0,3,2,1,2,2,2,1,2,2,0,4,2,2,1,1,0,2,2,0,1,1,1,2,1,3,0,1,2,1,2,1,1,0,1,1,1,1,0,0,0,0,0,0,0,0,0,0,0,0,0,0,0,0,0,0,0,0,0,0,0,0,0,0,0,0,0,0,0,0,0,0,0,0,0,0
BZ,MEREI,NENCIULEŞTI,47453,284,"ŞCOALA NENCIULEŞTI",R,233,0,32,9,0,0,41,3,2,5,10,4,3,1,2,8,3,1,0,0,0,0,0,2,1,1,0,0,0,0,0,0,0,0,0,1,0,0,0,2,0,2,0,0,0,0,0,0,1,0,0,0,2,1,0,3,0,1,2,0,0,0,0,0,0,0,0,1,0,1,0,0,1,0,1,0,0,0,0,0,0,0,0,0,0,0,0,0,0,0,0,0,0,0,0,0,0,0,0,0,0,0,0,0,0,0,0,0,0,0,0,0,0,0,0,0,0,0,0,0,0,0,0,1,0,1,1,0,0,0,0,0,0,0,0,1,0,0,0,1,0,1,0,0,0,0,0,2,0,0,1,0,0,1,0,1,1,0,0,0,0,0,0,0,1,0,1,0,0,0,1,0,0,0,0,2,0,0,0,0,0,0,0,0,0,0,0,0,0,0,0,0,0,0,0,0,0,0,0,0,0,0,0,0,0,0,0,0,0,0,0,0,0,0,0,0,0,0,0,0,0,0,0
BZ,MEREI,OGRĂZILE,47453,285,"ŞCOALA PRIMARĂ OGRĂZILE",R,574,2,109,3,0,0,112,5,5,12,21,14,4,5,4,23,19,2,0,0,2,0,1,0,0,1,1,0,0,0,2,0,1,0,4,0,0,0,2,2,1,0,0,3,1,2,1,0,1,1,1,1,0,4,0,2,2,0,1,1,2,0,0,1,0,1,0,1,1,0,1,2,0,1,2,0,0,1,1,0,0,1,0,0,0,1,0,0,0,0,0,0,0,1,0,0,0,0,0,0,0,0,0,0,0,0,0,0,0,0,0,0,0,0,0,0,0,0,0,0,2,0,0,0,0,2,0,0,0,1,1,1,1,0,0,0,1,0,0,1,0,1,1,0,1,0,0,3,1,0,2,2,3,0,1,1,0,1,1,2,0,3,2,0,1,0,0,1,0,1,3,1,2,4,1,1,0,1,0,0,1,0,1,0,0,0,0,0,0,0,0,0,1,1,0,0,0,0,0,0,0,0,0,0,0,0,0,0,0,0,0,0,0,0,0,0,0,0,0,0,0,0,0
BZ,MIHĂILEŞTI,MIHĂILEŞTI,47578,287,"CENTRU EDUCAȚIONAL MULTIFUNCȚIONAL ”ÎMPREUNĂ”",R,927,1,253,7,0,28,288,17,21,16,57,26,12,16,23,55,45,4,0,6,1,1,3,2,0,2,3,1,2,2,2,1,3,5,3,0,4,0,2,1,1,2,2,1,6,0,1,3,3,0,2,1,4,3,6,2,2,7,6,1,3,4,0,3,4,3,2,0,3,1,1,1,2,2,2,0,0,2,0,0,1,0,0,0,0,0,0,1,0,0,1,0,0,0,0,0,0,0,0,0,0,0,0,0,0,0,0,0,0,0,0,0,0,0,0,0,0,0,0,0,3,2,1,0,1,5,0,2,1,1,1,0,3,2,1,3,2,2,3,2,4,3,1,3,4,1,0,3,4,3,1,5,2,3,1,3,4,5,3,5,1,1,3,1,4,2,1,3,3,3,1,3,1,2,0,1,3,2,1,3,0,1,1,4,1,0,0,1,1,4,1,2,1,0,1,0,1,0,0,0,0,0,0,0,0,0,0,0,0,0,0,0,0,0,0,0,0,0,0,0,0,0,0
BZ,MIHĂILEŞTI,MĂRGINEANU,47578,288,"ŞCOALA PRIMARA MĂRGINEANU",R,690,0,131,5,0,20,156,9,7,9,28,18,8,8,16,31,22,1,5,1,0,0,1,1,2,1,0,0,1,0,0,1,1,1,0,0,2,2,1,2,1,0,1,0,1,0,1,1,1,0,2,2,2,0,3,3,1,2,4,2,0,2,1,0,0,2,1,3,0,1,0,1,1,0,2,1,0,0,0,0,1,0,2,0,2,1,0,0,0,0,0,0,0,0,0,0,0,0,0,0,0,0,0,0,0,0,0,0,0,0,0,0,0,0,0,0,0,0,0,0,1,1,0,1,2,2,1,0,0,2,1,1,2,0,1,1,0,0,2,5,2,0,2,3,1,0,1,3,1,1,1,2,1,2,1,1,1,2,2,3,2,0,1,2,1,3,1,1,2,0,0,1,1,0,1,0,1,0,2,1,1,1,2,2,0,1,0,1,1,0,0,1,1,0,0,1,0,0,0,0,0,0,0,0,0,0,0,0,0,0,0,0,0,0,0,0,0,0,0,0,0,0,0
BZ,"MOVILA BANULUI","MOVILA BANULUI",47774,289,"GRĂDINIȚA CU PROGRAM NORMAL MOVILA BANULUI",R,1159,1,409,2,0,0,411,15,32,33,88,41,20,20,36,77,49,4,1,4,1,3,1,1,5,2,2,2,3,2,5,4,6,1,3,4,4,4,0,2,1,7,2,6,1,4,4,5,11,6,6,4,4,2,2,7,6,6,4,3,2,3,1,7,3,5,3,3,2,3,1,2,4,3,3,1,0,2,0,0,1,3,0,0,0,1,1,0,0,0,0,0,0,0,0,0,0,0,0,0,0,0,0,0,0,0,0,0,0,0,0,0,0,0,0,0,0,0,0,0,3,2,3,2,4,5,1,1,2,1,1,2,5,3,0,3,2,4,6,2,6,2,4,6,3,2,1,4,5,3,1,7,7,4,2,4,4,6,3,6,7,2,2,2,2,2,4,4,2,3,2,3,3,1,4,3,5,3,4,1,1,3,1,3,0,1,1,0,0,1,0,0,0,0,0,0,0,0,0,0,0,0,0,0,0,0,0,0,0,0,0,0,0,0,0,0,0,0,0,0,0,0,0
BZ,"MOVILA BANULUI",LIMPEZIŞ,47774,290,"GRĂDINIŢA CU PROGRAM NORMAL LIMPEZIŞ",R,783,1,346,3,0,0,349,16,25,22,79,30,15,27,32,63,40,4,2,0,2,1,5,2,3,1,2,1,4,3,4,3,2,2,3,2,2,5,1,1,2,2,3,1,2,7,6,4,3,4,7,6,10,1,4,4,7,4,3,1,2,1,1,2,7,1,3,2,4,1,1,3,3,1,1,1,0,0,1,1,0,0,0,0,0,0,0,0,0,0,0,0,0,0,0,0,0,0,0,0,0,0,0,0,0,0,0,0,0,0,0,0,0,0,0,0,0,0,0,0,3,0,3,4,3,2,0,4,5,0,1,5,2,2,3,1,4,2,4,5,3,1,5,1,3,3,5,3,3,7,3,3,3,4,4,5,3,5,3,4,1,1,1,2,1,3,4,4,3,3,5,1,2,1,1,2,0,2,1,5,0,1,2,0,2,1,2,0,0,0,1,1,0,0,0,0,0,0,0,0,0,0,0,0,0,0,0,0,0,0,0,0,0,0,0,0,0,0,0,0,0,0,0
BZ,MURGEŞTI,MURGEŞTI,47818,291,"CĂMINUL CULTURAL MURGEȘTI",R,646,0,278,2,0,31,311,10,14,15,63,49,11,7,15,46,81,3,1,3,0,0,1,2,1,1,1,2,1,3,1,2,1,1,0,4,0,3,2,0,1,1,2,2,4,1,2,6,6,1,4,3,0,7,4,5,5,2,1,1,2,0,6,3,2,1,2,2,3,2,0,2,2,2,5,6,1,2,1,1,4,3,2,0,1,1,1,1,0,2,0,0,0,0,0,0,0,0,0,0,0,0,0,0,0,0,0,0,0,0,0,0,0,0,0,0,0,0,0,0,2,0,1,3,3,0,2,1,0,1,0,0,1,1,1,2,0,1,4,0,1,2,1,3,1,1,1,3,0,5,3,2,4,3,4,3,1,2,1,6,0,0,1,3,3,2,0,1,3,7,1,0,5,8,4,5,3,6,3,1,2,1,3,4,2,3,1,3,1,2,2,2,4,1,2,0,0,0,0,0,0,1,0,0,0,0,0,0,0,0,0,0,0,0,0,0,0,0,0,0,0,0,0
BZ,NĂENI,NĂENI,47854,292,"ŞCOALA GIMNAZIALĂ NĂENI",R,456,0,105,3,0,0,108,6,9,10,22,10,2,4,14,22,9,2,1,1,1,0,1,0,0,0,1,2,1,0,2,1,0,2,0,1,0,1,0,4,1,0,1,2,1,3,0,2,0,0,2,0,1,2,1,3,2,3,0,1,0,1,0,0,3,2,0,2,0,0,0,0,0,1,0,0,1,1,0,0,0,0,0,0,0,0,0,0,0,0,0,0,0,0,0,0,0,0,0,0,0,0,0,0,0,0,0,0,0,0,0,0,0,0,0,0,0,0,0,0,0,1,0,1,0,0,0,1,1,0,1,0,1,0,0,0,0,2,3,0,2,1,1,2,1,1,1,1,0,2,2,0,1,0,1,1,4,4,1,2,2,1,0,0,0,0,0,1,2,0,0,0,0,1,0,3,0,1,0,0,0,1,0,0,0,0,0,0,0,0,0,0,0,0,0,0,0,0,0,0,0,0,0,0,0,0,0,0,0,0,0,0,0,0,0,0,0,0,0,0,0,0,0
BZ,NĂENI,FINŢEŞTI,47854,293,"ŞCOALA PRIMARĂ FINŢESTI",R,447,0,72,2,0,0,74,5,3,3,22,7,3,5,3,16,7,0,3,0,1,0,1,0,0,0,0,1,0,0,1,0,1,0,0,0,0,1,0,1,0,0,0,1,2,1,2,1,0,0,1,1,1,2,2,2,2,1,2,2,0,0,0,0,2,0,0,1,0,0,1,0,0,0,1,0,0,0,0,0,0,1,0,0,0,1,0,0,0,0,0,0,0,0,0,0,0,0,0,0,0,0,0,0,0,0,0,0,0,0,0,0,0,0,0,0,0,0,0,0,1,1,0,0,0,0,1,0,1,1,1,0,0,1,0,1,0,0,0,0,0,1,1,0,0,0,1,0,1,1,1,1,2,1,0,0,0,1,1,1,2,0,1,1,1,1,0,1,0,0,2,1,0,0,0,1,0,0,0,0,0,1,0,0,1,0,0,0,0,0,0,0,0,0,0,0,0,0,0,0,0,0,0,0,0,0,0,0,0,0,0,0,0,0,0,0,0,0,0,0,0,0,0
BZ,NĂENI,VÂRF,47854,295,"ŞCOALA VÎRF",R,172,0,46,6,0,0,52,3,6,8,12,4,3,3,3,9,1,0,1,0,0,1,1,0,2,1,0,0,1,0,0,0,1,1,1,1,1,1,0,1,0,1,2,0,0,1,2,0,0,0,1,1,0,1,0,0,1,1,0,1,0,1,0,2,0,1,0,0,0,0,0,0,0,0,0,1,0,0,0,1,0,0,0,0,0,0,0,0,0,0,0,1,0,0,0,0,0,0,0,0,0,0,0,0,0,0,0,0,0,0,0,0,0,0,0,0,0,0,0,0,1,1,0,0,0,0,1,0,0,0,1,0,1,0,0,0,1,0,0,0,0,1,0,1,0,1,0,2,1,0,1,0,0,1,0,0,0,1,0,0,0,0,1,0,1,0,1,0,0,0,0,0,0,0,0,0,0,0,0,0,1,0,0,0,0,0,0,0,0,0,0,0,0,0,0,0,0,0,0,0,0,0,0,0,0,0,0,0,0,0,0,0,0,0,0,0,0,0,0,0,0,0,0
BZ,NĂENI,PROŞCA,47854,294,"GRĂDINIŢA PROSCA",R,159,0,36,5,0,0,41,2,2,5,8,5,1,0,4,10,4,0,0,1,0,0,0,1,0,0,0,0,0,0,1,0,1,0,1,0,0,1,0,0,0,2,0,1,1,1,1,1,0,0,0,0,0,0,0,1,0,0,1,1,0,0,0,1,1,0,0,1,2,0,0,0,0,0,0,0,0,0,0,0,1,0,0,0,0,0,0,0,0,0,0,0,0,0,0,0,0,0,0,0,0,0,0,0,0,0,0,0,0,0,0,0,0,0,0,0,0,0,0,0,0,0,0,0,1,0,0,0,0,0,0,0,0,0,0,0,0,2,0,0,0,0,0,1,1,0,0,0,0,1,1,0,1,0,1,0,1,1,1,0,1,0,1,0,1,0,0,0,1,2,0,0,0,0,0,0,0,0,1,0,0,0,0,0,0,0,0,0,0,0,0,0,0,0,0,0,0,0,0,0,0,0,0,0,0,0,0,0,0,0,0,0,0,0,0,0,0,0,0,0,0,0,0
BZ,ODĂILE,ODĂILE,48021,296,"ŞCOALA GIMNAZIALĂ ODĂILE",R,523,0,172,5,0,10,187,4,5,11,47,37,5,5,11,27,35,0,0,2,1,1,0,0,2,0,1,0,0,0,1,1,0,0,0,0,1,1,1,2,3,2,1,0,3,3,2,1,2,2,2,0,3,5,5,5,2,5,1,0,0,1,3,2,5,3,2,1,1,2,0,1,3,1,4,1,3,2,0,0,0,2,2,2,1,1,0,0,0,0,0,0,0,0,0,0,0,0,0,0,0,0,0,0,0,0,0,0,0,0,0,0,0,0,0,0,0,0,0,0,1,0,0,2,2,0,0,0,0,0,1,0,1,1,0,1,1,0,1,1,0,1,3,1,2,1,1,1,0,0,2,3,1,1,4,2,3,0,0,1,2,0,1,1,2,2,1,0,1,0,3,2,0,1,3,2,3,2,8,0,4,2,1,1,0,0,1,0,0,0,1,0,0,0,0,0,0,0,0,0,0,0,0,0,0,0,0,0,0,0,0,0,0,0,0,0,0,0,0,0,0,0,0
BZ,PADINA,PADINA,48138,297,"GRADINITA CU PROGRAM NORMAL NR. 2 COMUNA PADINA",R,1218,1,166,3,0,2,171,8,14,13,37,25,8,9,16,29,12,0,0,1,2,1,2,2,3,0,0,3,2,1,2,2,0,1,0,2,2,3,2,0,0,1,1,2,0,2,3,5,1,3,3,3,3,3,3,0,1,1,0,1,2,0,2,1,0,2,2,3,3,1,1,1,3,1,1,2,0,1,0,1,2,1,0,0,0,0,0,0,0,0,0,0,0,0,0,0,0,0,0,0,0,0,0,0,0,0,0,0,0,0,0,0,0,0,0,0,0,0,0,0,3,0,1,0,2,1,1,0,2,1,1,0,2,0,2,0,1,0,0,2,2,1,1,1,4,2,3,3,0,1,4,4,3,1,1,1,0,3,2,2,0,0,0,0,1,2,1,1,0,0,2,0,0,1,0,1,0,2,0,0,1,0,0,2,2,0,0,0,0,0,0,0,0,0,0,0,0,0,0,0,0,0,0,0,0,0,0,0,0,0,0,0,0,0,0,0,0,0,0,0,0,0,0
BZ,PADINA,PADINA,48138,298,"CĂMINUL CULTURAL PADINA",R,769,1,97,5,0,0,102,4,11,6,29,12,4,4,6,19,7,2,0,0,0,0,1,1,1,2,2,1,1,2,2,0,0,0,2,0,1,1,0,0,0,1,0,1,2,2,1,1,2,5,2,2,1,1,4,2,0,2,0,1,0,0,0,1,0,1,2,0,0,0,2,1,0,0,2,1,0,0,0,0,0,1,0,0,0,1,0,0,1,0,0,0,0,0,0,0,0,0,0,0,0,0,0,0,0,0,0,0,0,0,0,0,0,0,0,0,0,0,0,0,0,0,0,2,0,2,0,1,0,1,0,1,0,0,0,0,1,1,0,1,0,2,1,0,0,0,1,1,2,2,1,1,0,0,0,4,1,1,0,3,0,1,0,1,0,1,0,1,0,1,0,2,0,1,0,0,0,1,1,0,0,0,0,0,0,0,0,0,0,0,0,0,0,0,0,0,0,0,0,0,0,0,0,0,0,0,0,0,0,0,0,0,0,0,0,0,0,0,0,0,0,0,0
BZ,PADINA,PADINA,48138,299,"SCOALA GIMNAZIALA NR.1 COMUNA PADINA",R,888,0,143,4,0,0,147,8,11,7,44,23,3,6,6,28,11,0,3,0,2,1,2,0,1,0,1,0,1,2,1,3,1,1,1,1,1,0,0,0,0,1,2,1,1,0,1,1,2,4,1,4,1,3,0,5,6,6,3,4,0,1,1,0,2,2,2,1,0,2,2,0,2,1,0,1,1,0,2,1,0,0,2,0,1,0,0,0,1,0,0,0,0,0,0,0,0,0,0,0,0,0,0,0,0,0,0,0,0,0,0,0,0,0,0,0,0,0,0,0,0,0,1,1,0,1,0,0,0,2,1,0,0,1,1,0,1,2,1,2,0,0,0,0,0,1,0,3,1,1,3,1,2,0,2,2,2,4,2,2,1,0,0,0,2,0,0,1,1,0,0,1,2,2,1,0,0,2,0,0,0,0,0,0,0,0,0,0,0,0,0,1,0,0,0,0,0,0,0,0,0,0,0,0,0,0,0,0,0,0,0,0,0,0,0,0,0,0,0,0,0,0,0
BZ,PARDOŞI,PARDOŞI,48165,300,"ŞCOALA PARDOŞI",R,250,0,136,7,0,21,164,0,6,7,35,34,2,9,4,23,44,0,0,0,0,0,0,0,2,0,0,1,0,1,0,0,1,1,1,2,0,0,1,0,2,0,0,1,2,3,3,1,3,4,0,3,1,2,1,2,1,3,1,1,0,0,3,1,1,2,4,0,0,3,0,0,3,2,1,1,1,0,1,0,2,0,2,2,2,1,1,1,1,0,1,1,1,0,0,0,0,0,0,0,0,0,0,0,0,0,0,0,0,0,0,0,0,0,0,0,0,0,0,0,0,0,1,0,0,1,0,0,1,0,0,0,1,3,1,3,0,0,1,0,0,1,0,1,0,0,1,0,1,1,1,0,0,2,1,1,3,4,2,0,2,1,2,1,0,1,0,1,2,1,2,0,1,1,0,2,3,1,2,3,3,2,2,1,2,2,3,2,2,2,1,0,0,0,2,1,0,0,0,0,0,0,0,0,0,0,0,0,0,0,0,0,0,0,0,0,0,0,0,0,0,0,0
BZ,PĂNĂTĂU,PĂNĂTĂU,48227,301,"ŞCOALA GIMNAZIALĂ PĂNĂTĂU",R,1139,1,406,6,0,0,412,13,18,26,99,63,8,10,26,85,64,1,4,3,0,4,1,0,1,1,3,3,1,3,3,0,1,2,1,4,3,2,4,3,0,3,3,3,3,3,5,3,2,5,6,5,6,7,6,7,12,6,5,1,4,2,6,5,5,1,7,2,4,3,3,5,4,1,2,8,0,2,4,2,1,2,0,3,0,2,2,0,0,0,0,0,0,0,0,0,0,0,0,0,0,0,0,0,0,0,0,0,0,0,0,0,0,0,0,0,0,0,0,0,3,1,1,0,0,1,2,1,1,0,2,1,2,1,1,0,1,1,3,2,4,4,1,4,3,2,2,5,5,2,3,1,2,5,2,5,6,5,11,4,6,7,2,3,3,2,6,3,7,4,3,1,6,6,3,0,1,6,8,2,1,2,2,3,4,0,0,0,1,1,0,0,0,0,0,0,0,0,0,0,0,0,0,0,0,0,0,0,0,0,0,0,0,0,0,0,0,0,0,0,0,0,0
BZ,PĂNĂTĂU,TEGA,48227,303,"ŞCOALA TEGA",R,451,0,190,7,0,0,197,6,11,14,61,17,3,9,12,43,21,1,4,1,0,0,0,0,2,2,0,1,2,0,1,1,1,1,1,1,2,2,0,1,2,1,0,4,4,2,2,2,1,3,5,4,8,3,6,5,2,3,3,2,2,2,1,1,2,4,1,2,1,0,0,0,0,0,0,1,0,0,1,0,0,2,1,0,0,0,2,0,0,0,0,0,0,0,0,0,0,0,0,0,0,0,0,0,0,0,0,0,0,0,0,0,0,0,0,0,0,0,0,0,0,0,0,2,0,0,1,1,1,1,2,0,0,2,0,0,2,2,1,1,0,2,2,0,1,1,2,1,0,2,1,3,3,4,2,7,3,2,2,2,3,1,1,1,2,1,2,1,1,0,0,0,2,1,0,2,5,2,2,1,1,1,0,1,0,0,0,1,0,0,0,0,0,0,0,0,0,0,0,0,0,0,0,0,0,0,0,0,0,0,0,0,0,0,0,0,0,0,0,0,0,0,0
BZ,PĂNĂTĂU,BEGU,48227,302,"ŞCOALA PRIMARĂ BEGU",R,170,1,97,7,0,0,104,3,4,9,26,13,10,3,8,19,9,1,1,1,0,0,0,0,1,0,1,0,0,0,0,1,0,1,1,2,0,0,0,1,3,0,0,2,1,1,0,2,1,3,1,2,0,1,0,0,2,4,2,0,3,2,0,1,2,0,2,0,3,0,0,0,0,0,2,1,0,0,0,0,2,0,0,0,0,0,1,0,0,0,0,0,0,0,0,0,0,0,0,0,0,0,0,0,0,0,0,0,0,0,0,0,0,0,0,0,0,0,0,0,5,1,1,1,2,0,0,0,0,1,0,0,0,0,1,0,1,3,0,2,0,0,1,0,0,1,1,0,0,0,2,0,0,1,0,4,3,1,1,1,0,2,1,2,1,0,0,0,1,1,0,1,0,1,0,2,0,0,0,1,1,0,1,0,0,0,0,0,0,0,0,0,0,0,0,0,0,0,0,0,0,0,0,0,0,0,0,0,0,0,0,0,0,0,0,0,0,0,0,0,0,0,0
BZ,PÂRSCOV,PÂRSCOV,48557,304,"CĂMINUL CULTURAL PÎRSCOV",R,1219,1,180,6,0,1,187,1,12,18,50,18,0,8,16,38,26,1,0,0,0,0,0,0,2,1,0,4,2,1,0,0,1,1,0,2,0,3,4,2,0,1,3,3,4,1,0,1,3,3,2,2,3,3,4,5,3,6,1,2,1,1,4,1,2,0,0,0,2,0,1,2,0,1,1,3,1,0,0,0,3,1,0,0,0,0,1,0,0,0,0,0,0,0,0,0,0,0,0,0,0,0,0,0,0,0,0,0,0,0,0,0,0,0,0,0,0,0,0,0,0,0,0,0,0,0,0,1,3,0,1,0,1,0,0,1,1,0,2,2,0,1,4,2,1,3,1,0,4,1,1,3,3,2,1,2,2,0,3,6,4,0,2,0,2,1,1,1,3,2,0,4,1,3,0,1,3,0,4,0,0,0,0,1,1,0,0,1,0,1,0,0,0,0,0,0,0,0,0,0,0,0,0,0,0,0,0,0,0,0,0,0,0,0,0,0,0,0,0,0,0,0,0
BZ,PÂRSCOV,PÂRSCOV,48557,305,"CĂMINUL CULTURAL PÎRSCOV",R,1177,1,210,0,0,2,212,9,16,25,50,25,6,11,11,38,21,2,2,2,1,1,0,1,2,1,1,1,3,2,1,0,1,4,3,4,4,1,3,3,1,2,0,4,0,1,3,2,5,3,1,3,3,4,4,2,1,3,4,3,1,1,4,2,3,1,3,1,0,4,0,1,0,2,2,3,0,0,2,1,1,0,0,0,0,1,0,0,0,0,0,0,0,0,0,0,0,0,0,0,0,0,0,0,0,0,0,0,0,0,0,0,0,0,0,0,0,0,0,0,0,1,1,0,1,0,3,1,1,1,0,2,1,1,1,1,2,0,0,1,3,1,3,1,0,2,0,0,4,3,0,1,2,1,3,0,3,2,6,2,4,0,2,2,0,2,1,1,3,1,0,1,3,2,1,4,0,2,0,0,1,0,0,1,0,0,0,1,0,0,0,0,0,0,0,0,0,0,0,0,0,0,0,0,0,0,0,0,0,0,0,0,0,0,0,0,0,0,0,0,0,0,0
BZ,PÂRSCOV,BĂDILA,48557,306,"ŞCOALA GENERALĂ BĂDILA",R,633,0,94,4,0,0,98,2,7,9,25,8,3,9,2,23,10,0,0,0,0,0,1,1,0,0,1,0,0,2,1,0,0,3,0,1,2,0,1,1,0,0,2,2,1,1,0,0,0,0,4,0,0,3,3,0,3,5,1,1,1,1,1,0,0,2,0,0,1,0,3,0,1,0,1,0,0,0,0,0,0,0,0,0,0,0,0,0,0,0,0,0,0,0,0,0,0,0,0,0,0,0,0,0,0,0,0,0,0,0,0,0,0,0,0,0,0,0,0,0,1,0,1,0,1,0,0,1,1,0,1,0,0,1,1,3,1,0,0,1,0,1,0,0,0,0,0,2,1,1,1,1,1,0,1,2,3,1,0,6,1,0,0,0,1,1,0,0,2,1,2,0,2,0,0,0,0,2,0,0,0,0,1,0,0,0,0,0,0,0,0,0,0,0,0,0,0,0,0,0,0,0,0,0,0,0,0,0,0,0,0,0,0,0,0,0,0,0,0,0,0,0,0
BZ,PÂRSCOV,"LUNCA FRUMOASĂ",48557,307,"ŞCOALA LUNCA FRUMOASA",R,836,0,170,3,0,1,174,4,4,10,47,18,8,9,12,43,19,0,0,1,1,1,0,1,0,1,0,0,0,1,1,1,0,0,1,0,1,0,3,0,0,1,0,4,1,2,1,1,2,2,3,5,5,5,3,2,3,1,2,0,2,2,3,2,4,2,0,2,0,1,0,1,1,0,2,2,2,0,0,1,0,0,0,0,0,0,0,0,0,0,0,0,0,0,0,0,0,0,0,0,0,0,0,0,0,0,0,0,0,0,0,0,0,0,0,0,0,0,0,0,1,1,1,3,2,0,0,0,2,4,0,0,1,0,2,0,0,0,0,2,2,1,0,1,0,1,5,3,1,5,4,1,3,1,3,4,3,0,0,5,7,0,1,1,1,0,0,2,0,1,0,2,3,6,1,0,0,0,0,0,1,0,0,0,1,0,0,1,0,1,0,0,0,0,0,0,0,0,0,0,0,0,0,0,0,0,0,0,0,0,0,0,0,0,0,0,0,0,0,0,0,0,0
BZ,PÂRSCOV,ROBEŞTI,48557,308,"ŞCOALA GENERALĂ ROBEŞTI",R,478,0,77,10,0,4,91,3,4,3,25,15,1,5,3,17,15,0,2,0,0,0,1,0,0,1,1,0,0,0,1,0,1,0,0,1,1,0,1,0,0,0,0,0,3,1,1,0,1,2,1,0,3,3,2,2,1,0,2,0,0,2,1,0,2,1,2,0,2,2,0,1,1,1,0,0,0,1,1,0,0,0,0,0,0,0,1,0,0,0,0,0,0,0,0,0,0,0,0,0,0,0,0,0,0,0,0,0,0,0,0,0,0,0,0,0,0,0,0,0,0,0,0,1,0,0,0,1,0,1,1,0,0,1,1,0,0,1,0,1,0,0,0,0,0,1,0,2,0,0,1,4,0,2,0,2,0,0,1,1,2,1,1,0,0,0,0,2,0,3,0,0,1,0,0,1,3,2,0,1,0,0,0,0,0,0,0,1,1,0,0,0,0,0,0,0,0,0,0,0,0,0,0,0,0,0,0,0,0,0,0,0,0,0,0,0,0,0,0,0,0,0,0
BZ,PIETROASELE,PIETROASELE,48487,309,"ŞCOALA GIMNAZIALĂ PIETROASELE",R,1470,0,337,5,0,10,352,14,27,31,86,34,7,17,20,64,52,4,3,1,1,1,1,3,3,1,4,4,3,2,3,3,2,2,2,3,5,3,3,5,2,2,2,4,3,2,4,4,2,3,2,5,3,4,9,14,5,7,2,6,5,3,1,2,3,4,2,3,2,3,2,1,0,2,0,2,1,1,2,1,1,0,0,1,0,1,0,1,0,0,0,0,1,0,0,0,0,0,0,0,0,0,0,0,0,0,0,0,0,0,0,0,0,0,0,0,0,0,0,0,2,2,0,0,0,1,2,1,3,2,0,4,1,1,2,2,1,2,1,0,1,2,2,0,1,6,5,2,2,2,3,1,7,4,3,4,4,3,6,6,5,4,2,2,2,2,0,3,2,3,4,3,2,3,1,1,4,4,3,3,4,1,2,1,1,1,1,1,1,1,1,0,0,0,0,0,1,0,0,0,0,0,0,0,0,0,0,0,0,0,0,0,0,0,0,0,0,0,0,0,0,0,0
BZ,PIETROASELE,ŞARÂNGA,48487,310,"GRĂDINIŢA CU PROGRAM NORMAL DIN SATUL ŞARÎNGA",R,1097,3,188,2,0,13,203,3,13,21,46,27,4,14,7,42,26,0,0,0,1,2,0,0,0,1,1,2,1,0,3,3,1,1,3,4,2,3,1,2,2,1,1,2,2,1,1,3,1,0,2,1,3,2,5,5,5,5,4,1,0,2,0,3,1,1,3,2,3,2,5,0,0,0,1,0,4,0,1,0,0,0,0,0,0,1,0,1,1,0,1,0,0,0,0,0,0,0,0,0,0,0,0,0,0,0,0,0,0,0,0,0,0,0,0,0,0,0,0,0,0,1,0,2,0,0,1,1,1,1,2,2,2,0,1,2,2,2,0,1,1,2,0,0,0,0,1,2,1,1,3,1,4,1,3,1,0,5,2,5,5,0,1,0,1,2,4,0,1,2,0,0,3,0,0,1,2,2,0,1,1,0,1,1,0,0,1,2,1,2,1,0,1,1,1,0,0,0,0,0,1,0,0,0,0,0,0,0,0,0,0,0,0,0,0,0,0,0,0,0,0,0,0
BZ,PODGORIA,PLEŞEŞTI,48682,313,"ŞCOALA PRIMARĂ PLEȘEȘTI",R,274,0,54,4,0,1,59,1,5,4,19,4,1,5,2,14,4,1,0,0,0,0,0,0,0,1,0,0,1,0,2,0,1,0,1,0,0,1,0,0,1,0,0,1,0,1,1,1,0,0,1,1,2,1,1,1,1,4,0,2,1,0,1,0,0,0,2,0,0,0,0,0,1,1,0,0,0,0,0,0,0,0,0,0,0,0,0,0,0,0,0,0,0,0,0,0,0,0,0,0,0,0,0,0,0,0,0,0,0,0,0,0,0,0,0,0,0,0,0,0,0,0,0,0,1,0,0,0,0,1,1,0,0,1,2,0,0,0,0,0,0,1,0,1,0,0,0,0,1,0,2,0,1,0,1,1,0,1,1,1,2,2,0,1,0,0,0,1,0,1,0,0,0,0,0,1,0,0,0,0,1,0,0,0,0,0,0,0,0,0,0,0,0,0,0,0,0,0,0,0,0,0,0,0,0,0,0,0,0,0,0,0,0,0,0,0,0,0,0,0,0,0,0
BZ,PODGORIA,PODGORIA,48682,311,"ŞCOALA GIMNAZIALĂ PODGORIA",R,1286,2,268,6,0,0,274,14,17,25,68,33,5,20,18,48,26,5,3,3,2,1,0,0,2,0,1,2,1,0,2,3,1,5,1,3,3,0,5,5,1,2,3,2,5,4,5,6,4,3,0,4,3,3,5,4,11,4,2,0,0,3,1,1,5,1,4,3,4,1,2,0,1,4,1,0,1,1,0,2,1,1,1,0,0,0,0,0,0,0,0,0,0,0,0,0,0,0,0,0,0,0,0,0,0,0,0,0,0,0,0,0,0,0,0,0,0,0,0,0,0,0,2,0,1,2,0,2,1,0,3,2,4,1,2,3,2,5,2,2,0,4,1,2,0,0,2,6,1,1,3,0,1,1,4,3,2,5,5,1,3,4,1,1,2,3,1,2,2,2,2,1,4,1,2,1,1,4,2,2,0,0,0,0,0,0,0,0,0,0,0,0,0,0,0,0,0,0,0,0,0,0,0,0,0,0,0,0,0,0,0,0,0,0,0,0,0,0,0,0,0,0,0
BZ,PODGORIA,COŢATCU,48682,312,"ŞCOALA GIMNAZIALĂ COȚATCU",R,936,0,161,3,0,0,164,10,10,10,42,17,6,6,6,39,18,2,1,1,2,0,3,1,0,0,1,1,3,0,1,1,1,2,0,1,3,1,0,1,0,2,2,0,3,4,3,3,4,3,0,4,2,4,3,1,1,2,1,0,2,1,1,0,4,2,1,1,1,1,1,1,0,1,0,0,1,0,1,1,0,0,0,0,1,0,0,0,0,0,0,0,0,0,0,0,0,0,0,0,0,0,0,0,0,0,0,0,0,0,0,0,0,0,0,0,0,0,0,0,1,0,0,1,1,2,1,1,0,0,1,1,0,1,0,2,0,1,0,2,0,0,2,0,1,0,0,3,3,2,2,4,1,3,1,0,2,1,1,4,5,0,2,2,0,1,2,0,1,1,1,1,2,3,0,0,0,1,0,1,2,0,0,1,1,0,1,2,0,0,0,0,0,0,0,0,0,0,0,0,0,0,0,0,0,0,0,0,0,0,0,0,0,0,0,0,0,0,0,0,0,0,0
BZ,"POŞTA CÂLNĂU","POŞTA CÂLNĂU",48771,314,"GRĂDINIŢA DE COPII POŞTA CÎLNĂU",R,1022,2,245,3,0,1,249,9,15,34,56,18,9,12,24,43,29,0,1,1,4,1,0,2,1,2,1,1,1,0,1,0,5,3,4,5,1,1,4,6,3,3,6,1,3,5,4,3,3,1,2,2,0,5,3,3,2,3,5,2,1,3,4,2,2,0,1,2,4,3,1,1,0,1,0,0,0,2,0,0,1,0,0,0,0,0,0,0,0,0,0,0,0,0,0,0,0,0,0,0,0,0,0,0,0,0,0,0,0,0,0,0,0,0,0,0,0,0,0,0,2,1,0,1,2,3,0,0,0,1,0,2,3,1,2,3,0,1,3,4,3,2,6,2,1,1,1,2,4,1,2,3,0,2,2,2,4,2,3,2,5,1,0,3,2,3,0,4,4,4,1,2,1,0,4,1,2,1,0,1,1,1,1,0,0,0,0,0,1,0,0,0,0,0,0,0,0,0,0,0,0,0,0,0,0,0,0,0,0,0,0,0,0,0,0,0,0,0,0,0,0,0,0
BZ,"POŞTA CÂLNĂU","POŞTA CÂLNĂU",48771,315,"GRĂDINIŢA DE COPII POŞTA CÎLNĂU",R,974,1,240,2,0,3,245,9,10,26,62,32,6,11,16,50,23,4,0,1,1,0,0,3,1,2,0,0,0,1,0,2,2,2,1,4,3,6,2,0,1,1,6,2,4,1,2,3,3,2,1,4,4,8,1,4,8,2,1,1,5,4,2,2,2,1,1,7,3,2,1,2,1,1,3,2,1,2,1,1,0,0,0,1,0,0,0,0,0,0,0,0,0,0,0,0,0,0,0,0,0,0,0,0,0,0,0,0,0,0,0,0,0,0,0,0,0,0,0,0,2,2,0,0,1,0,1,0,0,1,0,2,0,2,1,3,2,0,3,0,2,0,2,2,3,2,2,5,0,2,2,2,3,1,5,4,3,2,1,5,2,2,2,2,1,4,2,2,3,0,3,1,3,1,3,1,1,0,0,1,0,0,2,1,0,0,0,0,0,0,0,0,0,1,0,0,0,0,0,0,0,0,0,0,0,0,0,0,0,0,0,0,0,0,0,0,0,0,0,0,0,0,0
BZ,"POŞTA CÂLNĂU",POTÂRNICHEŞTI,48771,316,"SCOALA GENERALA DIN POTIRNICHESTI",R,422,3,83,7,0,0,90,4,4,10,22,6,2,5,6,24,7,0,3,0,0,0,0,1,1,1,0,0,1,1,0,0,0,0,0,1,3,0,2,1,3,0,0,0,0,1,1,0,1,2,2,1,2,1,2,2,3,1,1,1,0,0,0,1,0,0,0,1,0,1,1,1,0,1,1,0,0,0,0,0,0,0,0,0,0,0,0,0,0,0,0,0,0,0,0,0,0,0,0,0,0,0,0,0,0,0,0,0,0,0,0,0,0,0,0,0,0,0,0,0,1,0,0,0,0,0,1,0,1,0,0,1,0,0,1,1,1,1,1,1,1,2,0,0,0,0,0,1,0,1,0,3,3,2,3,1,2,0,0,2,2,1,0,0,0,2,1,0,1,0,1,0,0,0,0,1,1,1,0,0,0,0,0,1,0,1,0,0,0,0,0,0,0,0,0,0,0,0,0,0,0,0,0,0,0,0,0,0,0,0,0,0,0,0,0,0,0,0,0,0,0,0,0
BZ,"POŞTA CÂLNĂU",ZILIŞTEANCA,48771,318,"ŞCOALA GENERALĂ ZILIŞTEANCA",R,1069,1,199,5,0,2,206,8,10,34,35,25,5,12,19,37,21,2,1,2,0,1,0,2,0,0,1,2,1,0,1,1,2,2,1,3,4,7,1,4,2,2,7,3,0,2,4,3,2,4,1,2,1,1,1,5,3,2,1,1,1,1,0,0,2,3,4,3,1,2,2,1,1,3,1,0,0,0,1,0,0,0,0,0,0,0,0,0,0,0,0,0,1,0,0,0,0,0,0,0,0,0,0,0,0,0,0,0,0,0,0,0,0,0,0,0,0,0,0,0,1,0,0,1,1,0,2,0,1,1,1,1,3,0,0,2,3,0,3,3,1,2,2,4,1,2,1,2,2,1,4,2,0,4,0,0,3,0,3,2,1,1,1,0,4,4,3,2,4,1,5,2,0,1,1,1,1,1,0,0,0,0,0,0,0,0,0,0,0,0,1,0,0,1,0,0,0,0,0,0,0,0,0,0,0,0,0,0,0,0,0,0,0,0,0,0,0,0,0,0,0,0,0
BZ,"POŞTA CÂLNĂU",SUDIŢI,48771,317,"ŞCOALA GENERALĂ, SATUL SUDIŢI",R,1461,0,241,3,0,0,244,10,9,31,63,23,6,12,22,48,20,1,5,2,0,0,0,2,0,2,1,0,1,0,0,1,3,1,1,2,2,2,3,6,3,3,4,5,2,0,6,3,1,4,1,5,3,3,3,4,5,4,4,2,4,3,2,4,1,0,4,2,3,1,2,1,3,0,3,0,0,0,1,0,0,2,0,0,0,0,0,0,0,0,0,0,0,0,0,0,0,0,0,0,0,0,0,0,0,0,0,0,0,0,0,0,0,0,0,0,0,0,0,0,2,0,1,0,1,1,1,0,1,1,1,2,0,2,1,1,3,3,2,3,3,2,2,4,0,1,2,1,1,2,1,4,2,4,3,0,3,3,2,6,3,3,4,1,2,2,1,1,3,2,1,1,0,4,0,0,2,0,2,1,2,1,0,0,0,0,0,0,0,0,0,0,0,0,0,0,0,0,0,0,0,0,0,0,0,0,0,0,0,0,0,0,0,0,0,0,0,0,0,0,0,0,0
BZ,PUIEŞTI,"PUIEŞTII DE SUS",48842,323,"ŞCOALA PUIEŞTII DE SUS",R,263,0,53,4,0,0,57,2,2,6,17,5,3,1,4,13,4,0,0,0,1,1,0,0,1,0,0,0,0,0,0,0,1,0,1,0,0,0,1,1,0,1,1,1,1,0,1,0,1,0,0,1,0,1,3,1,1,1,1,1,0,1,3,0,0,1,1,0,0,0,0,1,0,0,1,0,0,0,0,0,0,0,1,0,0,0,0,0,0,0,0,0,0,0,0,0,0,0,0,0,0,0,0,0,0,0,0,0,0,0,0,0,0,0,0,0,0,0,0,0,0,1,0,0,0,1,1,0,0,1,0,0,0,0,0,0,0,1,1,1,0,0,0,1,0,0,0,2,0,3,1,1,0,0,1,0,0,0,1,2,0,0,0,0,0,0,2,0,0,1,0,0,1,0,1,0,0,0,0,0,0,0,0,0,1,0,0,0,0,0,0,0,0,0,0,0,0,0,0,0,0,0,0,0,0,0,0,0,0,0,0,0,0,0,0,0,0,0,0,0,0,0,0
BZ,PUIEŞTI,"PUIEŞTII DE JOS",48842,319,"ŞCOALA GIMNAZIALĂ PUIEŞTII DE JOS",R,984,1,155,1,0,0,156,5,11,6,45,21,7,8,8,25,20,2,0,1,0,1,1,0,1,1,1,0,1,2,0,3,0,2,2,0,0,1,0,2,1,0,0,0,1,2,2,0,1,0,5,2,4,1,2,2,5,3,1,3,0,4,3,4,2,3,0,0,1,0,2,1,2,1,1,3,2,0,0,0,1,0,0,0,1,0,0,0,0,1,0,0,0,0,0,0,0,0,0,0,0,0,0,0,0,0,0,0,0,0,0,0,0,0,0,0,0,0,0,0,0,0,1,0,2,3,1,1,1,1,1,0,1,0,1,1,1,1,3,2,1,0,0,0,0,0,1,1,1,1,1,3,0,2,0,1,4,1,1,2,2,0,0,1,0,2,2,0,0,1,1,1,0,4,0,2,2,1,1,2,0,1,1,1,0,0,1,1,0,0,0,0,0,0,0,0,0,0,0,0,0,0,0,0,0,0,0,0,0,0,0,0,0,0,0,0,0,0,0,0,0,0,0
BZ,PUIEŞTI,NICOLEŞTI,48842,322,"ŞCOALA GIMNAZIALĂ NICOLEŞTI",R,527,1,105,4,0,0,109,5,9,9,35,6,7,3,12,18,5,2,2,0,0,0,0,1,1,2,3,0,0,0,1,1,0,1,1,1,2,1,0,1,1,0,1,1,0,1,2,3,3,2,1,2,3,3,2,2,1,3,3,0,0,1,1,2,0,0,1,1,1,0,0,0,0,0,1,1,1,0,0,0,0,0,0,0,0,0,0,0,0,0,0,0,0,0,0,0,0,0,0,0,0,0,0,0,0,0,0,0,0,0,0,0,0,0,0,0,0,0,0,0,2,1,0,3,1,0,0,0,2,0,0,1,0,0,0,0,0,2,1,1,1,2,0,2,0,2,1,2,1,1,1,2,0,1,1,1,0,0,3,3,1,0,0,1,0,0,0,1,1,1,1,0,0,0,0,0,0,0,1,0,0,0,0,0,0,0,0,0,0,0,0,0,0,0,0,0,0,0,0,0,0,0,0,0,0,0,0,0,0,0,0,0,0,0,0,0,0,0,0,0,0,0,0
BZ,PUIEŞTI,DĂSCĂLEŞTI,48842,320,"GRĂDINIŢA DĂSCĂLEŞTI",R,531,1,80,0,0,0,80,2,4,6,25,15,2,5,0,15,6,1,0,0,0,0,1,0,2,0,1,0,0,0,0,1,0,0,0,2,0,1,1,1,0,1,0,0,1,1,1,1,1,2,1,3,2,2,1,1,0,2,0,0,2,1,2,1,2,0,0,0,0,0,0,0,0,0,2,1,1,3,0,1,1,1,0,1,0,1,0,1,0,0,0,0,0,0,0,0,0,0,0,0,0,0,0,0,0,0,0,0,0,0,0,0,0,0,0,0,0,0,0,0,0,1,0,1,0,0,0,1,0,0,1,1,1,1,0,0,0,0,0,0,0,0,0,0,0,0,0,0,2,2,2,0,2,0,0,0,0,0,1,2,2,1,1,0,0,0,0,0,0,1,1,1,0,0,0,0,0,1,0,0,0,0,0,0,1,0,0,1,0,0,0,0,0,0,0,0,0,0,0,0,0,0,0,0,0,0,0,0,0,0,0,0,0,0,0,0,0,0,0,0,0,0,0
BZ,PUIEŞTI,MĂCRINA,48842,321,"ŞCOALA MĂCRINA",R,403,0,84,3,0,0,87,2,2,4,28,16,6,2,7,11,9,1,0,0,0,0,0,1,0,0,0,0,0,1,0,1,0,0,1,1,2,0,0,0,0,0,0,0,0,2,1,2,1,2,2,3,1,0,4,2,3,0,2,0,1,1,1,0,2,0,1,0,0,1,3,2,0,0,0,1,1,1,1,0,2,0,0,0,1,0,0,0,0,0,0,0,0,0,0,0,0,0,0,0,0,0,0,0,0,0,0,0,0,0,0,0,0,0,0,0,0,0,0,0,1,2,0,1,1,1,0,0,0,0,1,0,0,0,1,0,0,0,3,1,2,0,0,1,0,0,0,0,1,2,0,1,2,0,1,0,0,0,1,0,2,0,1,0,0,0,0,0,0,0,0,0,2,0,0,2,1,1,0,0,0,1,0,1,0,0,0,0,0,1,0,0,0,0,0,0,0,0,0,0,0,0,0,0,0,0,0,0,0,0,0,0,0,0,0,0,0,0,0,0,0,0,0
BZ,RACOVIŢENI,RACOVIŢENI,48922,324,"PRIMĂRIA RACOVIŢENI",R,956,1,305,2,0,0,307,13,19,35,92,26,7,10,24,59,22,2,0,3,1,3,4,0,1,2,2,3,2,4,1,1,1,2,3,7,2,1,3,8,0,4,2,5,2,5,6,9,3,6,7,5,1,7,7,7,2,4,1,2,1,7,6,4,1,3,3,3,3,1,0,2,1,1,0,2,1,0,1,3,1,0,0,0,0,0,0,0,0,0,0,0,0,0,0,0,0,0,0,0,0,0,0,0,0,0,0,0,0,0,0,0,0,0,0,0,0,0,0,0,0,1,1,1,2,0,2,0,1,2,1,0,1,2,2,1,0,1,4,1,4,2,3,1,2,1,5,5,5,3,0,1,6,3,2,9,3,3,4,3,3,3,0,1,2,0,3,0,1,1,0,1,2,6,1,1,2,0,1,0,1,1,1,0,2,0,0,0,1,0,0,0,0,0,0,0,0,0,0,0,0,0,0,0,0,0,0,0,0,0,0,0,0,0,0,0,0,0,0,0,0,0,0
BZ,RÂMNICELU,RÂMNICELU,48968,325,"ȘCOALA GIMNAZIALĂ NR. 1 RÂMNICELU",R,1051,0,184,4,0,0,188,13,18,16,48,26,6,8,9,34,10,3,0,2,0,2,3,3,3,2,3,1,1,1,1,0,3,3,0,3,3,3,2,2,0,1,2,0,0,5,4,1,2,3,2,2,4,1,2,2,7,1,3,3,2,0,4,0,6,1,2,2,4,1,1,0,1,1,4,1,0,0,0,0,1,1,0,0,0,0,0,0,0,0,0,0,0,0,0,0,0,0,0,0,0,0,0,0,0,0,0,0,0,0,0,0,0,0,0,0,0,0,0,0,0,0,0,2,2,0,2,1,1,1,0,2,0,1,0,2,0,2,0,1,1,1,0,1,1,2,0,0,0,2,0,0,2,1,0,2,3,3,2,4,3,1,3,3,3,2,0,0,0,1,1,1,1,0,1,1,1,0,1,0,0,0,1,1,0,0,0,0,0,0,0,0,0,0,0,0,0,0,0,0,0,0,0,0,0,0,0,0,0,0,0,0,0,0,0,0,0,0,0,0,0,0,0
BZ,RÂMNICELU,RÂMNICELU,48968,326,"SCOALA NR.2 SAT RAMNICELU",R,1481,0,276,7,0,0,283,20,35,51,63,20,5,17,19,35,18,2,4,7,1,1,3,2,3,3,3,1,4,5,3,5,4,4,4,8,3,8,3,4,8,4,5,4,2,6,3,7,5,5,5,2,2,1,7,4,3,1,4,1,1,0,3,1,6,2,1,2,2,4,0,0,0,1,1,0,1,0,0,0,0,0,0,0,0,0,0,0,0,0,0,0,0,0,0,0,0,0,0,0,0,0,0,0,0,0,0,0,0,0,0,0,0,0,0,0,0,0,0,0,0,1,0,1,0,2,1,1,5,1,1,4,2,1,2,0,0,2,1,2,3,5,1,2,0,0,3,1,2,0,3,1,2,5,0,2,4,1,2,1,2,2,1,0,2,3,1,2,3,3,2,1,0,1,0,1,1,0,1,0,3,0,0,0,0,0,0,0,0,0,0,0,0,0,0,0,0,0,0,0,0,0,0,0,0,0,0,0,0,0,0,0,0,0,0,0,0,0,0,0,0,0,0
BZ,RÂMNICELU,ŞTIUBEI,48968,329,"SCOALA SAT ŞTIUBEI",R,471,0,91,6,0,0,97,4,6,5,23,15,5,6,6,18,9,0,2,0,0,2,0,0,2,1,0,1,0,0,0,1,1,0,0,1,0,3,0,1,0,0,0,0,1,0,0,1,0,0,1,1,0,0,4,3,3,3,1,2,0,3,0,0,1,2,0,0,3,1,1,0,0,1,0,2,0,1,1,1,0,0,0,1,0,0,0,0,0,0,0,0,0,0,0,0,0,0,0,0,0,0,0,0,0,0,0,0,0,0,0,0,0,0,0,0,0,0,0,0,0,3,1,0,1,0,0,1,0,2,0,0,1,1,0,0,1,1,0,0,0,1,0,2,0,1,1,0,0,0,1,5,0,4,1,1,0,2,0,0,1,0,1,0,0,1,1,0,0,0,0,3,0,3,0,2,0,0,1,0,0,0,0,0,0,0,0,0,0,0,0,0,0,0,0,0,0,0,0,0,0,0,0,0,0,0,0,0,0,0,0,0,0,0,0,0,0,0,0,0,0,0,0
BZ,RÂMNICELU,COLIBAŞI,48968,327,"ŞCOALA SAT COLIBAŞI",R,335,2,54,6,0,0,60,0,3,8,15,8,0,2,2,16,6,0,0,0,0,0,0,0,0,0,0,0,0,1,0,2,0,0,0,1,2,2,1,1,0,0,1,0,1,1,0,1,1,0,0,0,0,2,0,0,1,1,0,1,1,3,0,2,0,2,1,1,0,1,0,0,0,0,0,0,0,1,0,0,0,0,0,0,0,0,1,1,0,0,0,0,0,0,0,0,0,0,0,0,0,0,0,0,0,0,0,0,0,0,0,0,0,0,0,0,0,0,0,0,0,0,0,0,0,0,0,1,0,0,0,0,0,1,0,0,0,0,0,0,0,1,0,0,1,0,0,1,1,0,2,3,0,0,1,0,0,0,3,0,1,0,2,0,2,0,0,1,0,0,0,0,0,0,1,2,0,0,0,0,0,0,0,0,1,1,0,0,0,0,0,0,0,0,0,0,0,0,0,0,0,0,0,0,0,0,0,0,0,0,0,0,0,0,0,0,0,0,0,0,0,0,0
BZ,RÂMNICELU,FOTIN,48968,328,"ŞCOALA SAT FOTIN",R,194,0,38,8,0,0,46,1,2,6,12,2,0,5,6,8,4,0,0,0,1,0,0,0,0,0,1,0,0,0,0,0,1,0,2,0,1,0,0,1,1,1,0,0,2,0,0,0,1,1,1,1,1,0,0,0,1,2,1,0,0,0,1,0,0,0,0,0,0,0,0,0,0,0,0,0,0,0,0,1,0,0,0,1,0,0,0,0,0,0,0,0,0,0,0,0,0,0,0,0,0,0,0,0,0,0,0,0,0,0,0,0,0,0,0,0,0,0,0,0,0,0,0,0,0,0,0,1,0,0,0,1,0,1,1,0,1,0,1,1,1,0,1,0,0,0,2,0,0,0,0,0,0,1,0,0,1,1,0,0,1,1,1,2,0,0,0,0,0,0,1,0,0,0,0,0,1,0,0,0,0,0,0,0,1,0,0,0,1,0,0,0,0,0,0,0,0,0,0,0,0,0,0,0,0,0,0,0,0,0,0,0,0,0,0,0,0,0,0,0,0,0,0
BZ,ROBEASCA,ROBEASCA,49019,330,"ŞCOALA GIMNAZIALĂ ROBEASCA",R,536,0,142,5,0,32,179,6,9,13,37,24,7,5,10,25,43,0,0,0,2,1,1,2,0,1,2,1,3,0,0,1,0,1,1,1,2,1,1,1,2,2,0,2,2,1,2,1,6,0,3,4,4,1,3,2,5,0,0,1,1,0,0,1,2,2,1,1,1,2,1,0,1,1,2,2,0,1,1,0,1,0,3,0,0,0,1,0,0,0,0,0,0,1,0,0,0,0,0,0,0,0,0,0,0,0,0,0,0,0,0,0,0,0,0,0,0,0,0,0,1,1,0,1,2,1,1,0,0,2,0,0,1,0,1,1,0,1,2,3,0,0,1,0,0,2,1,2,2,1,1,2,1,0,0,2,0,1,3,1,2,2,2,0,0,1,2,3,0,1,5,0,0,3,0,4,2,4,2,0,1,0,1,1,1,2,1,1,2,1,4,1,2,0,0,1,0,0,0,0,0,0,0,0,0,0,0,0,0,0,0,0,0,0,0,0,0,0,0,0,0,0,0
BZ,ROBEASCA,MOŞEŞTI,49019,331,"CAMINUL CULTURAL MOŞEŞTI",R,242,0,65,9,0,14,88,4,4,6,15,9,5,4,5,14,22,0,0,2,1,0,1,0,0,1,1,0,0,0,2,0,0,0,1,2,0,1,0,0,0,1,0,1,0,1,0,0,1,0,0,1,0,3,1,1,1,1,0,1,1,0,2,1,0,0,0,1,0,0,0,0,0,2,2,0,0,1,0,0,0,0,0,0,0,0,0,0,1,0,0,1,1,0,0,0,0,0,0,0,0,0,0,0,0,0,0,0,0,0,0,0,0,0,0,0,0,0,0,0,0,2,2,1,0,0,0,2,0,0,0,0,0,0,0,1,1,1,0,0,0,1,0,1,1,1,0,0,0,1,1,1,1,0,1,1,3,0,2,2,0,0,0,0,0,1,0,1,0,0,0,0,3,0,0,2,1,0,2,0,2,0,0,1,1,1,1,1,0,1,1,0,0,2,1,1,0,0,0,0,0,0,0,0,0,0,0,0,0,0,0,0,0,0,0,0,0,0,0,0,0,0,0
BZ,RUŞEŢU,RUŞEŢU,49046,332,"LICEUL TEHNOLOGIC RUȘEȚU",R,916,1,276,4,0,0,280,13,17,22,77,25,12,11,31,41,31,3,2,3,0,3,1,1,1,1,3,1,1,3,3,0,3,1,1,2,1,1,2,0,2,5,4,4,2,2,6,8,4,5,2,3,6,4,3,5,10,1,2,3,4,3,2,2,4,2,2,0,2,1,0,1,2,0,2,3,0,2,2,1,1,0,0,0,0,0,0,0,0,0,0,0,0,0,0,0,0,0,0,0,0,0,0,0,0,0,0,0,0,0,0,0,0,0,0,0,0,0,0,0,2,1,2,1,1,1,4,1,2,0,2,0,1,1,1,3,0,3,1,3,5,2,7,0,1,6,3,0,1,2,2,2,5,5,2,2,2,3,5,6,1,0,0,3,0,0,0,2,3,1,4,2,3,1,3,3,2,1,2,2,0,0,0,0,2,0,0,0,0,0,0,0,0,0,0,0,0,0,0,0,0,0,0,0,0,0,0,0,0,0,0,0,0,0,0,0,0,0,0,0,0,0,0
BZ,RUŞEŢU,RUŞEŢU,49046,333,"CLĂDIREA GRĂDINIŢEI CU PROGRAM NORMAL",R,872,0,244,3,0,0,247,10,16,16,59,31,5,13,15,52,30,2,3,0,1,0,2,2,1,0,1,1,2,2,2,2,1,4,2,1,1,2,2,3,1,2,2,0,3,3,3,3,4,4,3,1,4,1,4,3,5,9,0,1,1,6,1,0,4,2,1,2,2,0,3,1,4,1,2,2,0,3,0,0,1,1,0,2,0,0,0,0,0,0,0,0,0,0,0,0,0,0,0,0,0,0,0,0,0,0,0,0,0,0,0,0,0,0,0,0,0,0,0,0,0,0,3,0,1,1,0,1,2,1,2,2,1,1,1,2,0,1,3,0,1,1,4,0,2,0,3,3,2,1,4,2,3,3,3,5,5,2,3,1,8,2,1,1,2,1,0,0,1,3,1,4,0,4,1,0,3,4,1,1,1,2,0,1,2,0,1,0,0,0,0,0,0,0,0,0,0,0,0,0,0,0,0,0,0,0,0,0,0,0,0,0,0,0,0,0,0,0,0,0,0,0,0
BZ,RUŞEŢU,RUŞEŢU,49046,334,"CĂMINUL CULTURAL ”DIMITRIE GUSTI”",R,872,0,260,5,0,0,265,8,23,18,65,36,6,15,13,49,32,0,1,0,2,1,1,3,4,2,1,2,2,3,0,4,3,2,3,1,1,2,0,2,5,1,2,1,2,0,2,10,5,7,2,2,1,3,2,7,5,5,3,4,1,1,1,2,2,2,2,4,2,4,3,0,4,4,2,1,1,0,0,1,1,2,1,0,0,0,0,0,0,0,0,0,0,0,0,0,0,0,0,0,0,0,0,0,0,0,0,0,0,0,0,0,0,0,0,0,0,0,0,0,0,1,3,1,0,1,0,1,2,2,2,1,2,0,1,3,1,0,2,0,2,1,0,2,1,0,5,2,3,3,2,2,3,3,1,3,1,7,3,4,5,1,2,0,0,1,3,4,0,1,1,2,3,1,4,1,0,2,1,1,1,4,2,1,2,0,0,0,0,1,0,0,0,0,0,0,0,0,0,0,0,0,0,0,0,0,0,0,0,0,0,0,0,0,0,0,0,0,0,0,0,0,0
BZ,RUŞEŢU,"SERGENT IONEL ŞTEFAN",49046,335,"ŞCOALA PRIMARĂ",R,147,0,57,8,0,0,65,3,7,2,17,6,2,3,3,12,10,0,1,0,0,1,1,0,0,0,3,0,0,1,2,0,1,0,0,0,1,0,0,0,0,0,0,1,0,1,1,1,7,0,0,1,2,1,0,0,0,1,0,1,1,0,0,0,0,1,0,0,0,1,0,0,1,2,0,0,0,0,0,1,0,0,0,0,0,0,0,0,0,0,0,0,0,0,0,0,0,0,0,0,0,0,0,0,0,0,0,0,0,0,0,0,0,0,0,0,0,0,0,0,0,0,1,0,0,0,1,0,1,0,0,0,0,2,0,0,0,1,0,0,0,0,0,1,0,1,0,1,0,1,3,0,2,0,0,1,1,0,1,0,0,0,0,0,0,1,1,0,0,0,0,1,1,2,0,0,1,2,2,0,1,0,0,0,0,0,0,0,0,0,0,0,0,0,0,0,0,0,0,0,0,0,0,0,0,0,0,0,0,0,0,0,0,0,0,0,0,0,0,0,0,0,0
BZ,SĂGEATA,SĂGEATA,49073,336,"ȘCOALA GIMNAZIALĂ „NICOLAE EFRIMESCU” SĂGEATA",R,1003,0,440,7,0,23,470,14,24,41,107,60,10,20,39,86,69,0,2,0,2,3,2,5,2,1,3,3,3,2,4,0,2,4,4,4,8,6,1,4,3,1,2,8,7,6,4,1,7,2,8,3,9,6,2,9,4,6,8,5,4,5,7,4,5,6,2,2,3,4,3,4,3,4,0,2,3,0,4,1,1,4,2,1,1,2,2,1,0,0,0,0,0,0,0,0,0,0,0,0,0,0,0,0,0,0,0,0,0,0,0,0,0,0,0,0,0,0,0,0,3,1,2,2,0,0,2,1,1,5,1,2,0,4,2,2,2,1,7,3,4,4,3,6,3,3,5,1,5,7,5,5,4,4,3,11,5,5,7,2,5,5,4,2,2,1,3,3,4,5,1,5,2,3,3,2,8,4,3,3,2,1,2,3,5,3,1,1,1,2,1,0,0,1,0,0,0,0,0,0,0,0,0,0,0,0,0,0,0,0,0,0,0,0,0,0,0,0,0,0,0,0,0
BZ,SĂGEATA,DÂMBROCA,49073,340,"ŞCOALA GIMNAZIALĂ SAT DÂMBROCA",R,946,0,253,3,0,33,289,11,15,20,73,28,9,13,22,53,45,0,1,3,1,4,0,2,1,1,0,1,1,1,3,2,3,2,2,2,1,3,0,6,0,2,2,2,1,2,3,6,1,6,4,8,3,5,4,3,5,5,5,4,2,4,2,0,1,3,2,2,0,2,4,1,2,2,1,2,0,0,1,0,0,2,0,0,1,1,0,0,0,0,1,0,0,0,0,0,0,0,0,0,0,0,0,0,0,0,0,0,0,0,0,0,0,0,0,0,0,0,0,0,1,0,0,1,2,1,4,0,0,2,2,2,0,5,1,1,0,0,4,2,3,3,5,1,2,2,0,2,2,1,1,1,5,1,3,2,8,4,6,4,2,0,2,4,2,2,1,2,2,2,4,2,1,1,0,4,1,3,1,0,1,4,0,2,0,2,2,1,3,1,0,1,1,3,0,0,1,0,0,0,0,0,0,0,0,0,0,0,0,0,0,0,0,0,0,0,0,0,0,0,0,0,0
BZ,SĂGEATA,SĂGEATA,49073,337,"CĂMINUL CULTURAL SĂGEATA",R,302,0,137,6,0,12,155,5,5,16,39,20,2,4,10,30,24,1,1,2,0,0,0,1,2,1,0,1,0,0,0,0,1,0,1,1,0,1,2,2,3,2,2,2,2,2,3,5,3,2,0,1,2,2,1,3,4,1,2,1,1,1,2,1,1,2,0,0,1,1,2,3,0,1,0,1,1,1,2,1,2,1,0,0,0,0,0,0,0,0,0,0,0,0,0,0,0,0,0,0,0,0,0,0,0,0,0,0,0,0,0,0,0,0,0,0,0,0,0,0,1,0,0,0,0,1,0,0,1,0,2,0,0,0,1,0,0,0,1,1,1,2,1,1,1,0,2,0,3,2,4,2,1,0,2,1,1,1,2,0,1,2,1,1,2,0,4,0,1,1,0,1,2,3,1,0,4,1,1,0,0,0,3,2,1,2,0,0,0,1,0,0,0,0,0,0,0,0,0,0,0,0,0,0,0,0,0,0,0,0,0,0,0,0,0,0,0,0,0,0,0,0,0
BZ,SĂGEATA,BEILIC,49073,339,"ŞCOALA BEILIC",R,283,0,120,6,0,4,130,6,11,5,35,13,3,9,5,26,17,0,0,1,0,4,0,1,0,1,1,0,3,1,1,2,1,1,1,0,0,1,1,1,1,0,0,0,0,0,3,2,4,0,0,1,1,1,6,3,0,0,2,3,3,3,1,2,1,1,0,1,2,1,1,0,1,0,0,0,1,1,1,0,0,0,1,0,0,0,1,0,0,0,0,0,0,0,0,0,0,0,0,0,0,0,0,0,0,0,0,0,0,0,0,0,0,0,0,0,0,0,0,0,0,0,1,1,0,0,1,2,0,1,2,1,0,1,2,0,0,1,1,0,1,0,0,0,1,0,1,0,2,1,0,1,1,1,2,3,0,3,3,0,1,1,0,2,2,1,2,1,2,1,0,2,0,0,1,0,0,0,3,0,1,1,1,1,1,0,0,0,0,1,0,0,1,0,0,0,0,0,0,0,0,0,0,0,0,0,0,0,0,0,0,0,0,0,0,0,0,0,0,0,0,0,0
BZ,SĂGEATA,GĂVĂNEŞTI,49073,341,"ŞCOALA GĂVĂNEŞTI",R,753,0,204,4,0,16,224,4,12,22,52,23,9,13,13,45,31,1,2,0,0,0,0,1,1,2,1,2,2,0,1,1,1,1,4,5,2,2,3,2,0,0,1,3,0,1,3,1,3,3,1,4,6,0,4,1,5,8,1,2,2,3,4,0,3,2,3,1,4,2,2,1,0,0,0,0,0,1,1,0,0,1,1,0,0,0,1,0,0,0,0,0,0,0,0,0,0,0,0,0,0,0,0,0,0,0,0,0,0,0,0,0,0,0,0,0,0,0,0,0,1,0,1,1,0,4,2,2,0,1,1,0,1,0,1,0,7,1,4,2,0,2,0,2,0,0,2,0,2,3,1,3,1,0,6,0,2,4,4,7,4,2,0,4,0,1,1,1,0,2,5,2,3,0,1,1,1,2,4,1,2,2,1,1,1,1,0,0,0,0,0,0,0,0,0,0,0,0,0,0,0,0,0,0,0,0,0,0,0,0,0,0,0,0,0,0,0,0,0,0,0,0,0
BZ,SĂGEATA,BANIŢA,49073,338,"SCOALA BANIŢA",R,203,0,59,4,0,3,66,0,4,2,18,13,2,1,6,14,6,0,0,0,0,0,0,0,1,0,1,0,1,0,0,0,0,1,0,1,0,1,0,0,0,0,0,0,0,0,2,0,1,1,1,1,1,1,1,2,0,2,1,0,0,0,4,0,2,0,1,2,2,1,0,1,1,1,0,0,0,0,0,0,0,0,0,0,0,0,0,1,0,1,0,0,0,0,0,0,0,0,0,0,0,0,0,0,0,0,0,0,0,0,0,0,0,0,0,0,0,0,0,0,0,2,0,0,0,0,0,0,0,0,0,0,0,0,0,0,1,1,0,1,2,0,0,0,0,0,2,1,1,0,0,0,1,0,1,0,3,0,1,1,1,1,1,1,0,0,1,0,0,0,1,2,0,0,0,0,0,1,1,0,0,0,0,0,0,0,0,0,0,0,0,1,0,0,0,0,0,0,0,0,0,0,0,0,0,0,0,0,0,0,0,0,0,0,0,0,0,0,0,0,0,0,0
BZ,SĂHĂTENI,SĂHĂTENI,49153,342,"GRĂDINIȚA CU PROGRAM NORMAL SĂHĂTENI",R,1293,1,227,4,0,11,242,9,10,26,64,17,7,7,20,56,26,2,0,2,2,0,1,2,3,1,0,1,1,2,0,1,0,1,3,2,4,6,3,0,3,1,1,3,1,4,2,4,3,1,1,6,4,2,1,6,9,6,5,2,2,1,2,2,3,0,3,0,2,1,0,4,0,0,1,3,0,0,0,0,0,0,0,0,0,0,0,0,0,0,0,0,0,0,0,0,0,0,0,0,0,0,0,0,0,0,0,0,0,0,0,0,0,0,0,0,0,0,0,0,1,1,1,1,2,0,1,3,0,0,0,0,1,0,2,0,1,2,3,1,2,4,3,1,2,1,1,2,2,4,2,1,3,3,0,5,5,2,3,9,7,0,1,2,1,1,3,2,0,2,4,2,1,2,2,1,2,1,3,0,0,0,1,0,0,0,1,0,0,0,0,0,1,0,0,1,0,0,0,0,0,0,0,0,0,0,0,0,0,0,0,0,0,0,0,0,0,0,0,0,0,0,0
BZ,SĂHĂTENI,"ISTRIŢA DE JOS",49153,344,"ŞCOALA CU CLS.I-IV ISTRIŢA DE JOS",R,248,0,46,7,0,0,53,5,1,3,17,2,1,6,0,14,4,2,1,0,1,0,1,0,0,0,0,0,0,0,1,0,0,0,0,1,1,0,0,0,0,0,1,0,1,0,1,0,1,0,0,0,1,1,6,3,1,0,1,0,0,1,0,0,0,0,1,1,0,0,0,0,0,0,0,0,0,0,0,0,0,0,0,0,0,0,0,0,0,0,0,0,0,0,0,0,0,0,0,0,0,0,0,0,0,0,0,0,0,0,0,0,0,0,0,0,0,0,0,0,0,0,0,0,0,0,1,0,1,0,0,1,0,2,0,2,0,0,0,0,0,0,0,0,0,0,0,0,2,1,1,1,2,0,1,1,2,1,0,2,0,0,0,0,0,0,0,0,0,0,0,1,2,1,0,0,0,0,0,0,0,0,0,0,0,0,0,0,0,0,0,0,0,0,0,0,0,0,0,0,0,0,0,0,0,0,0,0,0,0,0,0,0,0,0,0,0,0,0,0,0,0,0
BZ,SĂHĂTENI,GĂGENI,49153,343,"ŞCOALA CU CLS.I-IV GĂGENI",R,362,0,65,3,0,0,68,3,4,7,20,4,2,0,11,11,6,1,0,0,0,1,1,0,2,0,0,0,1,0,1,0,0,0,1,0,1,1,0,1,1,0,1,1,1,0,1,1,0,2,0,0,6,2,1,2,1,2,0,1,0,0,0,0,0,0,0,0,1,1,0,0,0,0,0,0,0,0,0,0,1,1,0,0,0,0,0,0,0,0,0,0,0,0,0,0,0,0,0,0,0,0,0,0,0,0,0,0,0,0,0,0,0,0,0,0,0,0,0,0,0,0,1,0,0,1,0,0,0,0,0,0,0,0,0,0,0,3,1,0,4,1,1,0,0,1,0,1,0,0,0,0,1,0,0,1,2,1,2,1,1,0,0,1,0,0,0,1,0,0,1,0,0,1,0,2,0,0,1,0,0,0,0,0,0,0,0,0,0,0,0,0,0,0,0,0,0,0,0,0,0,0,0,0,0,0,0,0,0,0,0,0,0,0,0,0,0,0,0,0,0,0,0
BZ,SĂHĂTENI,VINTILEANCA,49153,345,"ŞCOALA CLS.I-VIII VINTILEANCA",R,636,2,161,5,0,6,172,10,5,16,42,19,9,11,13,25,22,3,1,0,3,1,1,1,0,1,0,0,1,1,0,0,0,2,1,1,2,3,1,3,3,0,1,1,3,1,4,3,3,1,1,1,1,1,4,2,5,4,2,1,3,1,1,0,0,1,1,1,0,1,1,3,0,1,2,1,0,0,1,1,1,0,0,0,1,0,0,2,0,0,0,0,0,0,0,1,0,0,0,0,0,0,0,0,0,0,0,0,0,0,0,0,0,0,0,0,0,0,0,0,0,3,1,1,1,0,3,1,0,0,2,1,5,0,1,1,0,0,2,1,2,4,0,1,0,1,2,0,1,0,1,0,3,1,3,6,3,1,1,0,1,1,0,0,1,1,1,0,1,4,0,0,2,0,2,0,0,2,4,0,0,1,0,1,0,1,2,0,0,0,0,1,0,1,0,0,0,0,0,0,0,0,0,0,0,0,0,0,0,0,0,0,0,0,0,0,0,0,0,0,0,0,0
BZ,SĂPOCA,SĂPOCA,49206,346,"ȘCOALA GIMNAZIALĂ SĂPOCA",R,1484,2,391,3,0,31,425,12,28,44,101,43,7,23,37,83,47,4,4,0,0,1,1,2,4,0,2,1,3,3,4,4,6,1,4,2,3,6,7,7,3,2,7,3,7,7,7,6,5,11,6,6,1,4,5,4,6,6,7,4,4,3,2,0,4,1,3,4,4,6,2,3,3,2,1,3,1,3,0,0,1,0,1,0,1,0,0,0,0,0,0,0,0,0,0,0,0,0,0,0,0,0,0,0,0,0,0,0,0,0,0,0,0,0,0,0,0,0,0,0,3,2,0,0,0,0,2,3,0,1,2,2,3,1,5,4,2,3,3,3,8,5,4,4,1,3,3,8,4,4,6,2,1,6,7,6,7,6,5,7,2,2,0,3,1,3,3,1,2,5,3,1,7,3,2,1,3,0,1,2,2,5,1,1,2,2,0,1,2,0,0,0,0,0,0,0,0,0,0,0,0,0,0,0,0,0,0,0,0,0,0,0,0,0,0,0,0,0,0,0,0,0,0
BZ,SĂPOCA,MĂTEŞTI,49206,347,"ȘCOALA GIMNAZIALĂ MĂTESTI",R,1436,1,365,2,0,10,377,11,15,39,84,50,11,22,29,75,41,1,5,2,1,1,1,0,0,2,2,1,2,0,0,2,4,2,2,3,6,3,4,3,4,2,6,6,6,5,6,5,4,7,2,7,5,4,6,6,3,2,3,1,2,2,7,1,4,1,3,3,3,3,3,5,0,2,2,3,4,6,4,1,0,0,1,1,1,0,0,0,0,0,0,0,0,0,0,0,0,0,0,0,0,0,0,0,0,0,0,0,0,0,0,0,0,0,0,0,0,0,0,0,2,2,1,1,2,2,1,3,5,1,2,0,3,3,1,0,4,2,1,3,2,5,11,4,0,0,1,3,4,8,4,7,2,5,4,4,4,4,2,3,7,3,0,3,0,3,5,0,1,2,4,2,2,8,7,1,2,2,2,1,2,1,0,0,0,0,0,1,0,0,1,0,1,0,0,0,0,0,0,0,1,0,0,0,0,0,0,0,0,0,0,0,0,0,0,0,0,0,0,0,0,0,0
BZ,SĂRULEŞTI,SĂRULEŞTI,49233,348,"CĂMINUL CULTURAL SĂRULEŞTI",R,959,0,293,3,0,0,296,13,15,29,85,29,5,8,18,57,37,4,1,1,4,1,0,2,4,2,2,0,2,0,1,2,0,2,5,1,3,4,2,2,2,1,4,5,2,3,3,4,3,8,9,5,7,7,7,7,5,4,1,2,2,0,4,2,1,1,4,1,1,1,1,2,3,0,3,2,1,0,3,2,1,0,0,0,0,1,1,0,0,0,0,0,0,0,0,0,0,0,0,0,0,0,0,0,0,0,0,0,0,0,0,0,0,0,0,0,0,0,0,0,0,2,1,0,1,0,1,0,0,1,2,1,0,2,1,1,0,0,2,4,3,3,2,1,1,0,2,1,5,4,4,4,4,3,5,2,5,3,3,2,3,2,3,2,1,1,0,2,2,3,2,2,2,2,4,0,3,2,3,2,2,1,0,1,1,0,1,0,1,0,0,0,0,0,0,0,1,0,0,0,0,0,0,0,0,0,0,0,0,0,0,0,0,0,0,0,0,0,0,0,0,0,0
BZ,SCORŢOASA,SCORŢOASA,49313,349,"BIBLIOTECA COMUNALĂ „COSTACHE MOGLAN”",R,961,1,179,3,0,5,187,7,12,15,48,17,3,7,17,38,23,1,1,0,1,1,2,1,1,2,3,0,0,0,1,2,2,1,0,2,1,1,3,3,0,2,1,2,2,3,1,0,2,0,3,2,1,2,6,6,5,4,3,1,1,2,2,2,2,1,1,1,2,1,0,0,0,0,2,3,0,0,0,2,0,1,0,0,0,0,1,0,0,0,0,0,0,0,0,0,0,0,0,0,0,0,0,0,0,0,0,0,0,0,0,0,0,0,0,0,0,0,0,0,1,0,0,0,2,0,0,0,2,0,0,0,0,1,1,1,2,5,3,2,0,1,1,3,1,0,1,1,4,1,0,3,1,1,2,5,0,4,3,2,5,1,0,2,1,1,1,0,0,2,0,1,3,1,2,3,3,2,1,1,0,1,0,0,0,2,0,0,0,0,0,0,0,0,0,0,0,1,0,0,0,0,0,0,0,0,0,0,0,0,0,0,0,0,0,0,0,0,0,0,0,0,0
BZ,SCORŢOASA,"GURA VĂII",49313,355,"ŞCOALA PRIMARĂ SAT GURA VĂII",R,154,0,44,5,0,0,49,5,5,3,10,6,2,0,3,10,5,2,0,1,0,1,0,1,0,0,2,2,0,0,0,0,1,0,0,0,0,2,0,0,0,0,0,1,0,0,0,1,0,0,1,1,2,1,0,2,1,1,0,0,0,0,0,0,0,1,0,0,0,1,1,0,0,0,0,1,1,0,0,1,0,0,0,0,0,0,0,0,0,0,0,0,0,0,0,0,0,0,0,0,0,0,0,0,0,0,0,0,0,0,0,0,0,0,0,0,0,0,0,0,0,0,1,0,0,1,0,0,0,0,0,0,0,0,0,0,0,0,1,0,1,0,0,0,0,1,0,0,1,2,0,0,3,0,0,1,0,0,0,0,1,1,0,0,0,1,0,1,0,0,0,0,0,1,1,0,0,0,0,0,0,1,0,1,0,0,0,0,0,0,0,0,0,0,0,0,0,0,0,0,0,0,0,0,0,0,0,0,0,0,0,0,0,0,0,0,0,0,0,0,0,0,0
BZ,SCORŢOASA,DÂLMA,49313,352,"ȘCOALA DÂLMA",R,112,0,33,10,0,0,43,0,3,2,11,8,0,3,1,6,9,0,0,0,0,0,0,0,0,1,0,0,0,0,1,0,0,1,0,1,0,0,0,0,0,0,0,1,2,0,1,0,0,0,1,0,2,0,1,3,0,1,0,0,0,0,0,0,0,0,0,0,0,0,0,1,0,0,1,1,0,1,1,1,2,0,0,0,0,0,0,0,0,0,0,0,0,0,0,0,0,0,0,0,0,0,0,0,0,0,0,0,0,0,0,0,0,0,0,0,0,0,0,0,0,0,0,0,0,0,0,0,0,0,2,0,0,0,0,0,1,1,0,0,0,0,0,0,0,0,0,0,1,0,0,0,1,0,0,1,0,0,1,1,0,0,0,0,1,0,0,0,0,0,1,2,0,1,1,1,1,0,0,0,0,1,0,0,0,0,0,0,1,0,0,0,0,0,0,0,0,0,0,0,0,0,0,0,0,0,0,0,0,0,0,0,0,0,0,0,0,0,0,0,0,0,0
BZ,SCORŢOASA,"GRABICINA DE JOS",49313,354,"ŞCOALA PRIMARĂ SAT GRABICINA DE JOS",R,118,0,38,8,0,5,51,0,4,2,14,8,1,2,2,11,7,0,0,0,0,0,0,0,1,0,1,1,0,0,0,1,0,0,0,0,0,0,0,0,0,0,1,1,0,0,0,0,1,1,0,2,0,0,0,0,0,4,0,3,1,0,1,1,0,1,1,0,0,0,1,1,1,0,1,0,0,0,0,0,0,0,1,0,1,0,0,0,0,0,0,0,0,0,0,0,0,0,0,0,0,0,0,0,0,0,0,0,0,0,0,0,0,0,0,0,0,0,0,0,0,0,0,0,0,0,1,2,0,0,0,0,0,0,0,0,0,0,1,0,0,0,1,0,0,0,0,0,1,1,1,0,0,1,1,0,1,1,0,0,2,0,0,0,2,0,0,0,0,1,1,0,1,0,0,0,1,0,0,0,0,1,1,0,0,0,0,0,0,1,0,0,0,0,0,0,0,0,0,0,0,0,0,0,0,0,0,0,0,0,0,0,0,0,0,0,0,0,0,0,0,0,0
BZ,SCORŢOASA,"GOLU GRABICINA",49313,353,"ŞCOALA PRIMARĂ SAT GOLU GRABICINA",R,221,0,47,7,0,4,58,2,2,1,10,12,0,3,3,16,9,0,0,1,0,0,1,0,0,1,0,0,0,0,0,0,0,1,0,0,1,0,0,0,0,0,0,0,0,1,0,0,2,1,2,0,0,0,0,0,3,0,0,0,1,0,0,0,0,0,3,1,0,0,1,0,1,1,1,2,0,0,1,0,1,0,0,0,0,0,0,0,0,0,0,0,0,0,0,0,0,0,0,0,0,0,0,0,0,0,0,0,0,0,0,0,0,0,0,0,0,0,0,0,0,0,0,0,0,0,0,1,0,0,0,1,0,1,0,0,0,1,0,0,0,0,2,0,0,0,0,0,0,0,1,2,3,1,0,2,0,3,0,1,0,0,0,0,0,2,1,1,1,0,0,2,0,0,0,0,1,1,1,0,0,0,0,0,0,1,1,0,0,0,0,0,0,0,0,0,0,0,0,0,0,0,0,0,0,0,0,0,0,0,0,0,0,0,0,0,0,0,0,0,0,0,0
BZ,SCORŢOASA,"BALTA TOCILA",49313,350,"SCOALA GIMNAZIALĂ SAT BALTA TOCILA",R,234,1,51,1,0,0,52,3,4,5,12,6,2,2,4,11,3,0,1,0,1,1,0,0,0,0,0,0,1,1,0,1,1,0,0,2,0,0,1,0,0,0,1,1,0,0,0,2,2,1,0,0,1,0,1,1,1,3,0,0,0,0,0,0,0,0,1,1,3,0,0,0,0,0,0,0,0,0,0,0,0,0,0,0,0,0,1,0,0,0,0,0,0,0,0,0,0,0,0,0,0,0,0,0,0,0,0,0,0,0,0,0,0,0,0,0,0,0,0,0,0,0,1,0,0,1,0,0,0,1,0,0,0,0,1,0,0,1,1,0,0,0,1,1,0,0,0,0,3,0,1,2,0,1,0,0,0,1,0,0,1,1,0,0,0,0,1,0,1,0,0,0,0,0,0,0,0,0,1,0,0,0,0,1,0,0,0,0,0,0,0,0,0,0,0,0,0,0,0,0,0,0,0,0,0,0,0,0,0,0,0,0,0,0,0,0,0,0,0,0,0,0,0
BZ,SCORŢOASA,BECIU,49313,351,"ŞCOALA PRIMARĂ SAT BECIU",R,108,0,37,7,0,0,44,3,7,0,9,4,2,1,3,9,6,0,1,0,0,1,0,1,1,1,0,0,2,0,0,1,0,2,0,0,0,0,0,0,0,0,0,0,0,1,0,0,0,0,1,0,3,1,0,0,1,0,1,1,0,0,0,0,1,0,2,0,0,0,1,0,0,0,0,0,0,0,0,0,0,0,0,0,0,0,0,0,0,0,0,0,0,0,0,0,0,0,0,0,0,0,0,0,0,0,0,0,0,0,0,0,0,0,0,0,0,0,0,0,0,0,0,0,2,0,0,0,0,0,0,0,0,0,0,1,0,0,0,0,0,1,0,1,0,0,1,1,0,0,1,0,1,0,1,0,0,1,0,1,1,0,0,0,2,0,0,0,0,1,0,1,0,1,0,1,0,0,0,0,0,1,0,0,1,0,0,0,0,0,0,0,0,0,0,0,0,0,0,0,0,0,0,0,0,0,0,0,0,0,0,0,0,0,0,0,0,0,0,0,0,0,0
BZ,SCUTELNICI,SCUTELNICI,49439,356,"GRĂDINIȚA CU PROGRAM NORMAL SCUTELNICI",R,811,0,157,3,0,1,161,4,10,9,42,28,9,8,9,26,16,1,0,0,1,1,1,0,1,2,0,0,1,0,1,1,1,3,2,2,0,1,0,2,0,1,0,1,3,1,1,3,4,1,2,1,4,4,1,2,1,4,0,3,0,3,3,1,2,5,0,3,1,2,2,2,0,0,0,0,1,3,1,1,0,0,2,1,0,0,0,0,0,0,0,2,0,0,0,0,0,0,0,0,0,0,0,0,0,0,0,0,0,0,0,0,0,0,0,0,0,0,0,0,1,2,3,1,1,0,1,1,3,1,1,0,0,0,1,0,1,1,0,1,2,1,1,0,0,3,0,3,1,1,3,0,2,1,3,3,0,1,1,2,1,0,1,2,0,1,0,1,0,1,0,3,2,2,0,0,2,0,3,0,0,0,1,0,0,0,0,1,0,0,0,0,0,0,0,0,0,0,0,0,0,0,0,0,0,0,0,0,0,0,0,0,0,0,0,0,0,0,0,0,0,0,0
BZ,SCUTELNICI,BRĂGĂREASA,49439,358,"GRĂDINIȚA CU PROGRAM NORMAL BRĂGĂREASA",R,467,0,173,6,0,5,184,3,15,15,47,18,3,8,9,36,30,0,0,0,1,0,2,0,1,2,2,0,3,3,1,0,1,2,1,0,4,0,1,6,1,0,0,2,0,4,3,1,1,1,4,0,0,3,0,9,5,2,3,3,2,2,1,3,2,0,3,0,1,1,1,2,0,2,1,1,1,0,1,1,0,1,0,0,0,0,0,0,0,0,0,0,0,0,0,0,0,0,0,0,0,0,0,0,0,0,0,0,0,0,0,0,0,0,0,0,0,0,0,0,0,1,0,0,0,1,1,0,1,1,0,0,0,2,2,1,1,1,2,1,0,2,0,0,0,2,1,1,3,2,1,0,1,3,4,4,1,0,2,4,2,1,2,2,2,1,0,1,4,1,2,2,0,3,1,0,1,1,3,0,0,1,2,0,0,0,1,1,1,2,1,1,1,0,0,0,0,0,0,0,0,0,0,0,0,0,0,0,0,0,0,0,0,0,0,0,0,0,0,0,0,0,0
BZ,SCUTELNICI,ARCANU,49439,357,"ŞCOALA PRIMARA SAT ARCANU",R,301,0,104,4,0,8,116,3,3,11,36,16,2,5,6,19,15,0,0,1,1,1,0,0,0,1,1,0,0,0,0,0,1,0,1,0,3,2,0,1,3,0,1,0,4,2,0,2,1,2,0,3,1,2,0,1,1,4,1,3,1,4,2,2,0,1,2,0,0,0,0,1,0,1,1,0,0,1,0,2,2,1,2,1,0,0,0,0,1,0,0,0,0,0,0,0,0,0,0,0,0,0,0,0,0,0,0,0,0,0,0,0,0,0,0,0,0,0,0,0,0,0,0,0,2,0,0,0,0,0,1,1,1,1,0,1,0,1,1,1,0,1,0,1,0,0,1,1,1,0,1,0,1,1,0,1,2,1,2,2,4,0,0,2,0,0,0,0,1,1,0,0,0,0,0,1,0,1,0,3,0,0,1,0,2,3,0,0,0,0,0,0,1,1,0,0,0,0,0,0,0,0,0,0,0,0,0,0,0,0,0,0,0,0,0,0,0,0,0,0,0,0,0
BZ,SIRIU,"LUNCA JARIŞTEI",49484,359,"CĂMIN CULTURAL SIRIU",R,1353,0,455,2,0,4,461,18,18,30,116,46,14,18,39,113,49,3,2,3,2,2,3,3,1,4,1,0,2,1,1,3,2,3,2,5,3,3,3,2,2,4,0,6,3,4,9,2,4,8,2,6,9,9,10,3,9,10,3,8,2,4,5,6,3,4,4,6,8,1,4,2,2,1,0,3,0,0,0,0,0,1,2,1,1,0,0,0,0,2,0,1,0,0,0,0,0,0,0,0,0,0,0,0,0,0,0,0,0,0,0,0,0,0,0,0,0,0,0,0,1,2,3,1,2,2,3,0,1,2,0,2,2,1,3,1,6,3,5,4,3,4,3,3,6,5,3,11,8,5,1,5,2,8,7,6,3,6,9,8,9,0,6,3,8,4,4,3,7,2,3,4,4,2,0,7,4,1,2,2,1,3,0,1,0,0,2,0,1,0,0,0,0,0,0,0,0,0,0,0,0,0,0,0,0,0,0,0,0,0,0,0,0,0,0,0,0,0,0,0,0,0,0
BZ,SIRIU,"COLŢU PIETRII",49484,360,"ŞCOALA PRIMARĂ SAT COLŢU PIETRII,COMUNA SIRIU,JUDETUL BUZĂU",R,1144,0,426,5,0,9,440,21,31,49,91,34,15,36,43,88,32,4,1,4,1,7,3,1,2,4,3,1,1,4,6,4,4,2,2,9,0,5,5,4,5,3,5,11,10,6,6,5,3,3,4,5,2,5,6,8,5,2,1,2,4,1,4,9,1,3,4,2,1,1,0,4,1,0,4,3,2,2,1,1,0,0,1,0,2,1,0,0,0,0,0,0,0,0,0,0,0,0,0,0,0,0,0,0,0,0,0,0,0,0,0,0,0,0,0,0,0,0,0,0,4,2,3,1,1,2,2,2,1,2,4,4,5,4,4,5,5,4,5,7,3,4,3,3,5,3,6,1,4,6,4,6,4,6,4,5,7,5,5,5,6,2,4,4,3,5,2,1,4,2,3,0,4,2,2,3,0,2,3,1,0,0,1,3,0,0,0,0,0,0,1,0,0,0,0,0,0,0,0,0,0,0,0,0,0,0,0,0,0,0,0,0,0,0,0,0,0,0,0,0,0,0,0
BZ,SMEENI,SMEENI,49545,361,"CĂMINUL DE NUNTI SMEENI",R,1113,0,270,5,0,0,275,6,16,24,77,27,4,10,20,55,36,3,1,1,0,1,0,0,1,2,1,2,1,0,0,1,2,6,2,2,5,5,1,0,2,4,1,2,4,2,8,3,2,3,5,8,6,5,7,3,4,0,4,1,2,3,3,4,2,3,2,2,4,2,4,1,1,0,0,0,1,0,0,0,1,2,0,1,0,1,0,0,0,0,0,0,0,0,0,0,0,0,0,0,0,0,0,0,0,0,0,0,0,0,0,0,0,0,0,0,0,0,0,0,2,0,0,0,1,1,0,3,1,2,0,1,1,0,0,2,0,3,2,4,2,2,2,0,0,5,0,1,2,3,2,2,3,4,5,3,3,3,2,2,5,4,1,2,2,4,2,3,3,3,1,2,4,3,2,2,1,2,4,1,1,2,0,0,0,0,1,0,0,1,0,0,0,0,0,0,0,0,0,0,0,0,0,0,0,0,0,0,0,0,0,0,0,0,0,0,0,0,0,0,0,0,0
BZ,SMEENI,SMEENI,49545,362,"GRĂDINIȚA CU PROGRAM NORMAL SMEENI",R,1101,1,289,4,0,20,313,10,18,31,71,41,6,17,18,60,41,0,2,1,5,1,0,1,0,1,4,4,1,1,1,1,3,2,3,5,7,2,2,5,3,1,2,1,6,2,4,1,4,1,5,3,8,4,5,3,4,2,1,1,0,4,8,5,3,0,5,6,5,5,5,4,1,2,0,0,1,0,0,0,3,1,0,0,0,0,0,0,0,0,0,0,0,0,0,0,0,0,0,0,0,0,0,0,0,0,0,0,0,0,0,0,0,0,0,0,0,0,0,0,0,0,1,1,2,1,1,2,2,0,0,2,1,3,4,2,1,1,1,1,1,3,0,1,3,1,6,3,3,4,1,2,1,3,7,2,2,3,7,4,2,0,1,4,2,4,5,4,2,4,3,2,2,1,1,6,1,2,2,1,0,0,0,0,1,1,2,2,1,0,2,0,0,1,0,0,0,0,0,0,0,0,0,0,0,0,0,0,0,0,0,0,0,0,0,0,0,0,0,0,0,0,0
BZ,SMEENI,SMEENI,49545,363,"ȘCOALA PRIMARĂ SĂLCIOARA",R,556,0,109,5,0,0,114,7,4,9,36,11,2,9,3,20,13,1,2,2,0,0,0,2,0,0,0,1,0,2,1,0,0,0,0,1,1,0,0,1,1,1,3,1,0,1,2,2,1,0,4,3,2,0,2,1,6,1,2,2,1,2,2,2,3,1,0,1,1,0,0,1,1,0,0,1,0,0,0,0,0,0,1,0,0,0,0,0,1,0,0,0,0,0,0,0,0,0,0,0,0,0,0,0,0,0,0,0,0,0,0,0,0,0,0,0,0,0,0,0,0,0,0,0,1,1,0,0,1,0,1,2,0,2,2,0,1,0,0,0,0,0,2,0,1,0,0,1,0,2,2,0,1,0,0,2,3,1,0,0,2,1,0,2,0,1,2,0,4,1,0,0,1,1,0,2,0,1,0,0,0,2,1,0,0,0,0,0,0,0,0,0,0,0,0,0,0,0,0,0,0,0,0,0,0,0,0,0,0,0,0,0,0,0,0,0,0,0,0,0,0,0,0
BZ,SMEENI,MOISICA,49545,366,"GRĂDINIȚA CU PROGRAM NORMAL MOISICA",R,283,0,78,8,0,0,86,2,4,11,22,13,1,5,5,11,12,1,0,1,0,0,0,0,0,0,0,1,0,0,1,0,1,1,0,2,1,1,0,1,1,1,2,2,2,1,0,2,1,0,0,4,1,2,1,1,2,2,0,1,0,0,2,0,0,0,2,0,1,2,0,1,1,2,0,0,0,0,1,1,0,0,1,0,0,0,0,0,0,1,0,0,0,0,0,0,0,0,0,0,0,0,0,0,0,0,0,0,0,0,0,0,0,0,0,0,0,0,0,0,0,1,0,0,0,0,0,0,0,0,1,1,0,0,2,1,0,0,0,1,1,2,0,1,0,0,0,1,0,0,0,0,2,0,1,0,0,1,1,2,0,0,0,2,0,1,0,1,2,2,0,1,2,0,0,2,0,0,0,1,0,0,0,0,1,0,0,0,0,0,0,0,0,0,0,0,0,0,0,0,0,0,0,0,0,0,0,0,0,0,0,0,0,0,0,0,0,0,0,0,0,0,0
BZ,SMEENI,ALBEŞTI,49545,364,"ŞCOALA GIMNAZIALĂ ALBEŞTI",R,663,0,172,4,0,0,176,4,12,16,42,30,4,8,11,30,19,1,0,1,1,0,1,0,2,1,0,0,3,1,0,0,1,4,1,3,1,0,1,1,2,2,3,2,1,2,2,3,0,3,1,2,3,6,1,5,2,4,2,0,1,1,3,0,4,3,2,2,3,1,3,2,1,1,1,2,2,0,2,0,0,0,0,1,0,0,0,0,0,0,0,0,0,0,0,0,0,0,0,0,0,0,0,0,0,0,0,0,0,0,0,0,0,0,0,0,0,0,0,0,1,0,0,2,1,0,0,0,1,1,1,1,1,0,2,1,0,0,1,0,3,2,1,2,1,1,0,5,1,0,0,2,1,3,1,0,2,4,0,0,2,1,2,3,0,2,1,2,3,1,2,1,0,0,4,1,2,0,1,0,0,2,0,0,0,0,0,0,0,0,0,0,0,0,0,0,0,0,0,0,0,0,0,0,0,0,0,0,0,0,0,0,0,0,0,0,0,0,0,0,0,0,0
BZ,SMEENI,UDAŢI-MÂNZU,49545,368,"GRĂDINIȚA CU PROGRAM NORMAL UDAŢI- MÂNZU",R,711,1,113,5,0,0,118,4,8,9,32,11,8,9,8,22,7,1,1,0,1,0,1,0,1,1,1,0,1,0,3,0,0,1,1,1,1,1,1,1,1,0,1,1,2,1,0,3,1,0,3,0,1,2,0,2,3,4,2,4,3,1,0,0,1,2,1,0,0,2,0,1,1,1,0,1,0,0,0,0,0,0,0,0,0,0,1,0,0,0,0,0,0,0,0,0,0,0,0,0,0,0,0,0,0,0,0,0,0,0,0,0,0,0,0,0,0,0,0,0,4,2,1,1,0,0,0,1,0,1,1,0,1,1,1,2,1,0,0,1,4,1,0,1,0,0,1,1,1,2,2,1,2,0,0,1,1,2,1,1,1,2,1,1,1,0,1,0,0,0,3,0,0,1,0,0,1,0,1,1,0,0,0,0,0,0,0,0,0,0,0,0,0,0,0,0,0,0,0,0,0,0,0,0,0,0,0,0,0,0,0,0,0,0,0,0,0,0,0,0,0,0,0
BZ,SMEENI,CĂLŢUNA,49545,365,"ŞCOALA PRMARĂ CĂLŢUNA",R,392,0,113,8,0,0,121,4,8,9,24,18,3,7,10,24,14,2,0,1,1,0,0,0,1,1,1,0,1,1,1,1,0,1,0,2,0,2,2,1,0,0,1,1,1,3,0,2,2,0,1,0,4,2,2,2,1,0,2,0,2,0,0,0,1,1,0,1,4,1,1,0,0,2,3,0,0,0,1,0,3,0,0,0,0,0,0,0,0,0,0,0,0,0,0,0,0,0,0,0,0,0,0,0,0,0,0,0,0,0,0,0,0,0,0,0,0,0,0,0,0,0,0,1,1,0,1,2,2,1,0,0,0,2,0,0,0,2,2,0,1,0,3,0,0,2,0,0,1,1,2,0,4,1,0,1,1,1,2,0,2,2,2,2,0,1,1,1,2,0,0,0,5,1,1,0,0,0,0,0,0,0,1,2,1,0,0,0,0,0,0,0,0,0,0,0,0,0,0,0,0,0,0,0,0,0,0,0,0,0,0,0,0,0,0,0,0,0,0,0,0,0,0
BZ,SMEENI,UDAŢI-LUCIENI,49545,367,"ŞCOALA PRMARĂ LUCIENI",R,300,0,74,7,0,0,81,4,5,6,26,3,3,5,6,16,7,2,0,0,0,0,1,1,0,0,0,0,0,1,2,1,1,0,1,2,1,0,2,0,0,0,0,0,0,1,0,1,1,2,1,1,3,0,2,1,2,3,0,1,1,3,0,3,0,0,0,2,0,0,1,0,0,0,0,0,0,0,0,0,0,0,0,0,0,0,0,0,0,0,0,0,0,0,0,0,0,0,0,0,0,0,0,0,0,0,0,0,0,0,0,0,0,0,0,0,0,0,0,0,1,0,0,1,0,0,1,0,1,1,2,0,0,0,0,0,1,0,2,1,1,1,0,0,1,0,0,1,0,3,0,1,1,2,1,0,2,0,0,1,0,1,0,0,0,2,1,2,0,0,0,0,0,1,1,0,1,0,0,1,0,0,0,0,0,0,1,0,0,0,0,0,0,0,0,0,0,0,0,0,0,0,0,0,0,0,0,0,0,0,0,0,0,0,0,0,0,0,0,0,0,0,0
BZ,STÂLPU,STÂLPU,49625,369,"SCOALA GIMNAZIALA STILPU",R,1382,1,317,1,0,0,318,8,18,29,82,28,8,27,23,62,33,3,0,2,0,1,1,1,1,3,1,1,2,3,1,2,4,0,2,5,5,0,4,1,7,0,1,4,2,1,6,7,3,4,6,2,4,4,5,9,4,9,2,3,3,2,2,4,2,2,3,2,3,2,2,2,2,1,0,2,1,1,0,1,0,0,0,0,0,0,0,0,1,0,1,0,0,0,0,0,0,0,0,0,0,0,0,0,0,0,0,0,0,0,0,0,0,0,0,0,0,0,0,0,1,0,1,1,0,2,3,2,4,1,2,3,3,1,3,3,5,1,5,2,1,3,0,2,2,5,2,2,2,2,7,3,2,5,2,5,7,4,2,5,4,4,1,1,1,2,1,1,4,3,1,4,1,1,0,4,1,5,3,0,0,0,1,1,1,2,0,0,0,0,0,0,0,0,0,0,0,0,0,0,0,0,0,0,0,0,0,0,0,0,0,0,0,0,0,0,0,0,0,0,0,0,0
BZ,STÂLPU,STÂLPU,49625,370,"PRIMARIA STILPU",R,1168,1,251,1,0,0,252,10,13,22,68,25,5,15,19,53,22,3,2,0,2,1,0,2,1,1,1,1,2,1,1,2,1,2,2,3,3,1,4,3,2,1,1,2,3,3,2,6,1,7,3,11,4,1,3,2,6,4,2,1,4,2,0,3,5,4,1,3,1,5,0,2,0,1,0,1,1,0,0,0,0,0,0,0,1,0,0,0,0,0,0,0,0,0,0,0,0,0,0,0,0,0,0,0,0,0,0,0,0,0,0,0,0,0,0,0,0,0,0,0,1,2,1,1,0,0,0,0,1,1,0,2,2,1,0,2,6,3,2,1,2,3,0,1,2,0,5,2,2,4,2,2,3,5,2,2,5,3,0,4,4,6,2,1,0,2,2,0,3,1,3,1,4,0,2,2,0,0,1,0,1,2,0,0,0,0,1,0,0,0,0,1,0,0,0,0,0,0,0,0,0,0,0,0,0,0,0,0,0,0,0,0,0,0,0,0,0,0,0,0,0,0,0
BZ,TISĂU,GRĂJDANA,49643,371,"CAMINUL CULTURAL SAT GRAJDANA",R,820,1,163,6,0,0,169,5,14,12,47,21,6,2,12,30,20,2,0,0,0,0,3,0,0,3,2,1,2,0,0,1,2,3,1,1,0,2,2,0,1,1,2,2,3,2,3,0,3,3,2,3,2,2,2,4,1,3,1,5,2,1,2,3,2,2,3,0,1,1,0,4,1,2,1,0,1,0,1,0,1,1,0,0,0,0,0,0,0,0,0,0,0,0,0,0,0,0,0,0,0,0,0,0,0,0,0,0,0,0,0,0,0,0,0,0,0,0,0,0,1,1,0,0,1,1,2,0,0,0,1,0,0,0,0,0,1,1,1,2,1,0,1,1,2,0,3,0,1,2,2,3,0,2,3,2,2,0,2,4,3,2,0,0,1,1,0,0,0,2,2,1,2,1,2,2,1,1,1,0,0,2,2,0,0,0,0,0,1,0,0,0,0,0,0,0,0,0,0,0,0,0,0,0,0,0,0,0,0,0,0,0,0,0,0,0,0,0,0,0,0,0,0
BZ,TISĂU,IZVORANU,49643,373,"SCOALA PRIMARA, SAT IZVORANU, COMUNA TISAU",R,85,0,25,7,0,0,32,4,0,0,10,4,0,1,3,6,4,0,3,0,0,0,0,1,0,0,0,0,0,0,0,0,0,0,0,0,0,0,0,0,0,0,0,0,2,0,0,0,0,0,1,2,1,1,1,1,0,0,1,0,0,0,0,0,0,0,0,0,0,0,1,0,0,1,0,2,0,0,0,0,0,0,0,0,0,0,0,0,0,0,0,0,0,0,0,0,0,0,0,0,0,0,0,0,0,0,0,0,0,0,0,0,0,0,0,0,0,0,0,0,0,0,0,0,0,0,0,0,0,0,0,0,0,1,0,0,0,1,0,0,1,1,0,0,0,0,0,0,1,2,0,0,1,1,0,0,1,0,0,0,0,0,0,0,0,0,0,1,1,0,1,0,0,1,0,0,0,0,0,0,0,0,0,0,0,0,0,0,0,0,0,0,0,0,0,0,0,0,0,0,0,0,0,0,0,0,0,0,0,0,0,0,0,0,0,0,0,0,0,0,0,0,0
BZ,TISĂU,"VALEA SĂLCIILOR",49643,377,"GRADINIŢA CU PROGRAM NORMAL SAT VALEA SĂLCIILOR, COMUNA TISAU",R,532,0,113,5,0,0,118,4,4,10,34,7,3,5,8,31,12,0,0,1,1,1,1,0,0,0,0,1,0,0,1,1,0,1,1,0,0,2,4,0,1,0,2,0,0,1,1,2,5,0,0,0,3,2,6,3,1,2,1,1,2,3,1,0,0,2,1,0,0,0,1,0,2,1,0,0,0,0,0,0,0,0,0,0,0,0,0,0,0,0,0,0,0,0,0,0,0,0,0,0,0,0,0,0,0,0,0,0,0,0,0,0,0,0,0,0,0,0,0,0,2,0,1,0,0,0,0,0,0,1,0,0,1,1,1,1,0,1,4,0,0,0,0,1,1,1,0,1,1,1,0,1,3,2,1,4,2,1,1,5,3,0,1,1,1,1,1,2,2,3,2,0,0,0,1,0,0,0,1,1,0,0,0,0,0,0,0,0,0,0,0,0,0,0,0,0,0,0,0,0,0,0,0,0,0,0,0,0,0,0,0,0,0,0,0,0,0,0,0,0,0,0,0
BZ,TISĂU,HALEŞ,49643,372,"ŞCOALA GIMNAZIALA SAT HALEŞ, COMUNA TISAU",R,758,0,133,7,0,0,140,5,13,11,42,19,4,8,3,22,13,1,1,0,1,1,0,1,1,1,0,1,1,1,3,1,1,3,2,1,0,0,0,1,0,2,5,0,0,1,0,3,2,3,3,3,2,2,4,2,2,2,4,1,2,2,2,2,0,5,2,1,1,2,2,2,0,1,1,0,0,0,0,1,0,1,0,0,0,0,0,0,0,0,0,0,0,0,0,0,0,0,0,0,0,0,0,0,0,0,0,0,0,0,0,0,0,0,0,0,0,0,0,0,0,1,2,1,0,0,0,2,2,0,0,0,2,1,1,0,0,0,1,0,1,0,0,0,1,0,0,0,0,1,0,0,2,4,1,2,1,0,2,2,0,0,1,1,2,1,2,1,3,1,0,2,0,0,2,4,0,0,0,0,0,0,0,0,0,0,0,0,0,0,0,0,0,0,0,0,0,0,0,0,0,0,0,0,0,0,0,0,0,0,0,0,0,0,0,0,0,0,0,0,0,0,0
BZ,TISĂU,PĂDURENII,49643,374,"GRADINITA CU PROGRAM NORMAL SAT PADURENI, COMUNA TISAU",R,390,1,98,6,0,0,104,4,8,9,27,11,2,7,8,21,7,1,1,1,0,0,1,0,2,1,1,0,0,1,1,1,1,0,1,1,3,1,1,1,0,0,0,1,0,0,2,2,1,2,1,1,1,3,1,2,3,1,1,1,1,1,2,1,0,1,0,0,1,1,2,1,2,0,0,1,0,0,0,0,0,0,0,0,1,1,0,0,0,0,0,0,0,0,0,0,0,0,0,0,0,0,0,0,0,0,0,0,0,0,0,0,0,0,0,0,0,0,0,0,0,0,0,0,1,0,1,1,0,1,0,1,0,1,1,0,2,1,1,0,0,0,1,2,1,1,1,0,1,2,2,2,1,3,1,0,2,1,0,0,1,0,0,1,1,3,0,0,0,2,0,2,0,0,0,0,0,0,1,0,0,0,0,1,0,0,1,0,0,0,0,0,0,0,0,0,0,0,0,0,0,0,0,0,0,0,0,0,0,0,0,0,0,0,0,0,0,0,0,0,0,0,0
BZ,TISĂU,TISĂU,49643,376,"GRADINIŢĂ CU PROGRAM NORMAL COMUNA TISAU",R,582,2,115,5,0,0,120,1,9,6,32,14,4,8,11,24,11,0,0,0,0,1,0,0,0,1,0,0,1,2,1,2,1,1,1,0,3,0,0,0,0,2,0,0,2,2,3,2,1,4,1,3,3,0,1,1,0,2,0,2,2,1,1,1,0,0,2,1,0,0,2,2,2,0,1,0,0,0,0,0,1,3,0,0,0,0,0,0,0,0,0,0,0,0,0,0,0,0,0,0,0,0,0,0,0,0,0,0,0,0,0,0,0,0,0,0,0,0,0,0,1,0,0,0,1,1,1,1,1,0,1,2,0,0,1,1,1,0,1,4,2,0,1,1,2,0,0,1,1,1,0,0,0,4,1,1,2,2,2,2,2,0,0,1,2,0,2,2,0,0,1,0,1,3,1,1,0,0,0,0,0,1,1,0,0,0,0,0,0,0,0,0,0,0,0,0,0,0,0,0,0,0,0,0,0,0,0,0,0,0,0,0,0,0,0,0,0,0,0,0,0,0,0
BZ,TISĂU,STREZENI,49643,375,"SCOALA PRIMARĂ SAT STREZENI, COMUNA TISAU",R,425,0,63,6,0,0,69,1,1,5,23,8,4,3,4,14,6,0,0,0,0,0,0,1,0,0,0,0,0,1,0,0,0,0,0,2,0,0,0,0,1,2,0,0,0,1,0,3,1,0,0,0,0,1,2,1,1,3,3,2,1,0,1,3,2,1,1,0,0,0,0,0,1,1,1,0,0,0,0,1,0,0,0,0,0,0,0,0,0,0,0,0,0,0,0,0,0,0,0,0,0,0,0,0,0,0,0,0,0,0,0,0,0,0,0,0,0,0,0,0,0,0,0,3,0,0,1,0,0,0,0,0,0,1,2,0,0,1,0,0,0,0,2,1,0,0,0,1,1,0,0,1,1,0,3,2,0,3,0,0,0,0,1,0,0,0,1,0,0,1,0,0,1,0,1,2,0,0,0,1,0,0,0,0,0,0,0,0,0,0,0,0,0,0,0,0,0,0,0,0,0,0,0,0,0,0,0,0,0,0,0,0,0,0,0,0,0,0,0,0,0,0,0
BZ,TOPLICENI,POŞTA,49769,382,"ŞCOALA PRIMARA POŞTA",R,417,0,95,6,0,0,101,6,3,7,24,13,2,4,8,22,12,1,1,1,0,1,0,2,0,0,0,0,2,0,0,1,0,0,1,1,0,1,0,1,0,1,1,1,0,3,1,1,1,0,1,2,5,0,1,1,1,0,1,0,2,0,2,2,2,1,0,1,3,1,0,0,0,0,1,0,0,2,0,1,0,0,0,0,0,0,0,0,0,0,1,0,0,0,0,0,0,0,0,0,0,0,0,0,0,0,0,0,0,0,0,0,0,0,0,0,0,0,0,0,0,1,1,0,0,0,0,0,1,2,0,1,0,0,0,0,0,0,1,1,1,0,1,1,0,2,1,0,0,0,2,2,1,1,1,1,1,1,2,1,1,1,1,1,1,2,2,1,3,1,0,0,0,0,1,2,1,1,0,1,0,0,0,0,0,0,0,0,1,0,0,0,0,0,0,0,0,0,0,0,0,0,0,0,0,0,0,0,0,0,0,0,0,0,0,0,0,0,0,0,0,0,0
BZ,TOPLICENI,TOPLICENI,49769,378,"GRĂDINIȚA CU PROGRAM NORMAL TOPLICENI",R,996,0,230,2,0,0,232,4,9,30,56,35,5,8,17,45,23,1,0,1,0,2,0,0,2,0,0,1,0,0,0,1,4,1,2,6,4,0,2,1,6,3,3,3,1,5,5,4,0,4,1,1,1,4,5,2,4,6,3,0,4,1,2,3,4,1,5,2,2,2,4,2,2,2,0,2,0,3,1,0,0,0,2,0,0,0,0,0,1,0,0,0,0,0,0,0,0,0,0,0,0,0,0,0,0,0,0,0,0,0,0,0,0,0,0,0,0,0,0,0,2,1,1,0,0,0,1,0,0,0,1,3,1,0,1,1,1,2,1,5,1,1,1,2,1,1,2,3,1,1,2,2,2,1,0,3,2,3,3,5,5,1,1,1,4,3,2,1,3,2,3,0,0,0,3,3,2,2,1,1,0,1,0,1,0,0,0,0,0,0,0,0,0,0,0,0,0,0,0,0,0,0,0,0,0,0,0,0,0,0,0,0,0,0,0,0,0,0,0,0,0,0,0
BZ,TOPLICENI,RĂDUCEŞTI,49769,383,"GRADINITA CU PROGRAM NORMAL RĂDUCEŞTI",R,390,0,69,4,0,0,73,2,1,8,19,13,1,5,8,10,6,0,1,0,0,1,0,0,0,0,0,0,0,1,0,0,0,0,1,1,1,1,2,0,0,0,1,1,0,0,1,1,0,2,1,0,1,0,4,2,1,2,0,0,0,2,0,2,2,2,2,2,1,2,0,0,1,0,0,0,0,0,0,1,0,0,0,0,0,0,0,0,0,0,0,0,0,0,0,0,0,0,0,0,0,0,0,0,0,0,0,0,0,0,0,0,0,0,0,0,0,0,0,0,0,0,0,0,1,0,0,0,0,0,0,2,1,0,0,1,1,0,0,3,1,0,0,1,1,2,0,0,0,0,3,0,1,0,0,1,0,2,0,0,1,1,0,0,1,0,0,1,0,0,1,2,0,0,1,0,1,0,0,0,0,0,0,0,0,0,0,0,0,0,0,0,0,0,0,0,0,0,0,0,0,0,0,0,0,0,0,0,0,0,0,0,0,0,0,0,0,0,0,0,0,0,0
BZ,TOPLICENI,BĂBENI,49769,379,"ŞCOALA GIMNAZIALA BĂBENI ”ION ARISTOTEL”",R,794,1,154,15,0,0,169,5,8,17,40,24,6,5,9,34,21,1,0,0,1,0,0,3,2,1,1,0,2,2,0,0,0,0,2,1,1,4,1,2,3,0,3,0,2,2,3,1,1,3,1,3,0,3,5,2,5,1,0,1,2,1,3,1,3,2,3,2,0,3,2,0,1,2,3,0,1,0,0,0,0,1,0,0,0,0,0,0,0,0,0,0,0,0,1,0,0,0,0,0,0,0,0,0,0,0,0,0,0,0,0,0,0,0,0,0,0,0,0,0,4,0,0,1,0,0,1,2,0,1,2,0,0,0,0,0,0,1,1,2,1,0,1,1,2,0,0,1,0,2,3,2,3,0,2,2,4,2,2,2,3,1,2,1,1,1,0,1,0,1,4,3,2,0,2,1,1,2,1,2,0,1,0,0,0,0,0,0,0,0,0,0,0,0,0,0,0,0,0,0,0,0,0,0,0,0,0,0,0,0,0,0,0,0,0,0,0,0,0,0,0,0,0
BZ,TOPLICENI,DEDULEŞTI,49769,380,"GRADINITA CU PROGRAM NORMAL DEDULEŞTI",R,700,1,151,6,0,0,157,5,10,8,45,15,6,5,12,26,25,1,2,0,1,1,0,0,1,0,0,3,1,0,3,0,2,0,1,2,1,1,0,1,2,0,0,0,4,0,2,2,2,1,4,5,1,1,4,3,1,4,1,0,2,2,5,1,0,1,0,0,4,1,3,1,1,0,1,2,0,0,1,0,0,0,0,0,0,0,0,0,0,0,0,0,0,0,0,0,0,0,0,0,0,0,0,0,0,0,0,0,0,0,0,0,0,0,0,0,0,0,0,0,0,1,0,0,2,1,2,0,1,0,0,0,1,1,1,1,0,0,5,1,0,0,1,1,2,1,1,1,2,0,0,1,3,1,1,2,0,2,4,3,1,1,1,0,0,3,0,1,1,4,1,5,0,2,1,2,2,1,0,1,3,0,1,0,0,0,0,0,0,0,0,0,0,0,0,0,0,0,0,0,0,0,0,0,0,0,0,0,0,0,0,0,0,0,0,0,0,0,0,0,0,0,0
BZ,TOPLICENI,"GURA FĂGETULUI",49769,381,"SCOALA GURA-FAGETULUI",R,149,0,53,6,0,0,59,2,2,6,10,12,1,2,7,9,8,0,0,0,0,2,0,0,0,0,0,0,1,0,0,0,1,0,2,0,0,3,0,1,0,0,0,0,1,0,0,0,1,0,2,0,0,1,0,1,0,1,2,0,1,0,0,0,1,1,1,2,0,1,0,1,1,1,1,0,0,0,1,1,0,0,0,0,0,0,0,0,0,0,0,0,0,0,0,0,0,0,0,0,0,0,0,0,0,0,0,0,0,0,0,0,0,0,0,0,0,0,0,0,0,0,1,0,0,0,0,1,0,0,1,0,0,0,0,0,0,2,0,0,0,2,1,0,1,1,0,0,0,0,0,0,0,0,1,0,0,1,5,0,0,1,0,0,0,0,1,1,0,0,1,0,2,1,1,0,1,0,1,0,0,0,0,0,0,0,0,0,0,0,0,0,0,0,0,0,0,0,0,0,0,0,0,0,0,0,0,0,0,0,0,0,0,0,0,0,0,0,0,0,0,0,0
BZ,ŢINTEŞTI,ŢINTEŞTI,49849,384,"ŞCOALA PRIMARA SAT ŢINTEŞTI",R,1764,1,330,3,0,0,333,9,20,37,91,38,4,17,32,70,15,2,0,2,2,1,1,1,2,1,1,4,3,2,1,0,3,3,5,3,4,3,2,4,4,4,3,5,5,6,5,3,6,3,6,6,8,5,4,5,6,5,3,3,5,2,5,0,1,3,4,2,6,6,4,3,2,1,0,0,0,1,0,0,1,1,0,1,1,0,1,0,0,0,0,0,0,0,0,0,0,0,0,0,0,0,0,0,0,0,0,0,0,0,0,0,0,0,0,0,0,0,0,0,2,2,0,0,0,0,0,0,2,3,1,1,1,2,3,3,1,2,5,1,4,4,3,2,4,4,3,3,4,2,3,5,1,5,1,5,6,0,4,4,4,3,5,2,3,5,5,0,3,2,1,1,0,2,0,0,0,3,0,1,1,1,0,0,0,0,0,0,0,0,0,0,0,0,0,0,0,0,0,0,0,0,0,0,0,0,0,0,0,0,0,0,0,0,0,0,0,0,0,0,0,0,0
BZ,ŢINTEŞTI,MAXENU,49849,385,"CÃMIN CULTURAL",R,1777,3,401,4,0,0,405,36,33,32,93,55,15,16,27,64,34,7,5,4,3,7,8,2,3,2,1,0,6,8,3,3,3,4,3,4,3,6,4,6,3,2,0,1,5,3,7,4,4,3,8,5,6,7,2,6,8,7,3,2,2,3,5,3,7,6,5,6,3,4,2,4,3,2,2,2,0,3,1,1,1,0,0,1,0,0,2,0,0,0,0,0,0,0,0,0,0,0,0,0,0,0,0,0,0,0,0,0,0,0,0,0,0,0,0,0,0,0,0,0,2,2,1,2,1,5,2,1,4,2,2,2,0,0,3,0,2,2,4,2,6,2,3,2,2,4,0,6,2,4,1,3,2,4,3,4,2,6,1,2,6,3,1,2,4,2,6,4,4,2,6,0,1,3,3,2,1,3,1,0,1,1,0,0,0,1,0,1,0,0,0,0,0,0,0,0,0,0,0,0,0,0,0,0,0,0,0,0,0,0,0,0,0,0,0,0,0,0,0,0,0,0,0
BZ,ULMENI,ULMENI,49894,386,"CLĂDIRE SALA DE EDUCAȚIE FIZICĂ ȘCOLARA ULMENI",R,1223,1,140,3,0,0,143,5,6,8,39,18,3,5,8,30,21,0,1,1,0,1,2,0,0,0,0,1,0,0,2,1,1,1,0,1,1,2,1,1,0,0,0,2,1,3,1,1,3,2,2,0,0,1,5,2,4,4,3,2,3,0,0,2,1,6,2,1,1,0,0,2,0,0,2,0,0,0,2,0,0,0,0,0,0,0,0,0,1,0,0,0,0,0,0,0,0,0,0,0,0,0,0,0,0,0,0,0,0,0,0,0,0,0,0,0,0,0,0,0,0,1,0,1,1,0,0,0,0,0,0,1,1,1,1,1,0,1,1,0,1,2,1,0,0,1,1,0,1,4,1,1,3,0,1,1,3,1,2,3,1,1,0,2,2,2,1,2,2,1,0,1,0,1,3,1,1,3,1,1,0,0,1,0,0,2,0,1,0,0,0,0,0,0,0,0,0,0,0,0,0,0,0,0,0,0,0,0,0,0,0,0,0,0,0,0,0,0,0,0,0,0,0
BZ,ULMENI,CLONDIRU,49894,387,"CLĂDIRE CĂMIN CULTURAL CLONDIRU",R,1285,2,224,3,0,0,227,15,22,28,53,19,9,14,21,35,11,2,0,5,2,1,2,3,4,1,1,4,0,3,1,2,3,3,4,4,2,2,1,3,3,3,2,4,1,1,1,3,3,2,4,3,5,2,0,3,4,0,7,3,4,2,1,4,2,2,1,2,1,2,2,1,1,2,1,0,1,0,0,0,0,0,0,0,1,0,0,0,0,0,0,0,0,0,0,0,0,0,0,0,0,0,0,0,0,0,0,0,0,0,0,0,0,0,0,0,0,0,0,0,0,1,1,3,1,3,0,1,0,2,3,0,2,1,0,4,1,3,2,2,3,5,0,2,1,0,3,0,0,2,3,1,1,1,3,2,2,3,2,6,3,2,2,1,1,0,0,2,1,1,1,0,0,0,0,0,3,1,0,1,0,1,0,0,0,0,0,0,0,0,0,0,0,0,0,0,0,0,0,0,0,0,0,0,0,0,0,0,0,0,0,0,0,0,0,0,0,0,0,0,0,0,0
BZ,UNGURIU,UNGURIU,50549,388,"SCOALA GIMNAZIALA ING. OPRISAN IARCA UNGURIU",R,927,0,152,0,0,25,177,4,7,13,53,29,4,8,9,28,22,1,2,0,0,0,0,1,1,0,1,1,0,2,0,1,1,0,1,1,2,1,0,0,3,1,2,2,2,1,2,2,3,3,4,3,7,1,4,6,1,5,0,1,2,2,1,3,6,1,6,2,1,1,1,0,2,1,1,1,1,0,0,0,0,2,2,0,0,0,0,0,1,0,0,0,0,0,0,0,0,0,0,0,0,0,0,0,0,0,0,0,0,0,0,0,0,0,0,0,0,0,0,0,0,0,2,1,1,0,0,0,1,0,1,0,0,3,1,0,2,0,0,0,0,0,2,2,2,3,0,4,2,0,2,2,1,2,1,4,2,0,2,2,3,0,0,0,0,0,1,0,1,3,0,2,3,2,4,2,1,0,0,0,2,0,0,1,1,0,0,0,0,0,0,0,0,0,0,0,0,0,0,0,0,0,0,0,0,0,0,0,0,0,0,0,0,0,0,0,0,0,0,0,0,0,0
BZ,UNGURIU,UNGURIU,50549,389,"SCOALA GIMNAZIALA ING. OPRISAN IARCA UNGURIU",R,945,0,167,3,0,0,170,5,9,10,59,14,6,3,16,37,11,1,0,1,0,1,2,0,1,1,1,2,1,1,0,1,0,1,1,1,0,1,3,0,1,1,0,2,0,2,2,3,4,3,3,7,4,2,5,2,4,5,1,4,3,2,0,3,0,2,2,1,2,0,1,0,1,0,1,0,1,0,0,1,1,0,0,0,0,0,0,0,0,0,0,0,1,0,0,0,0,0,0,0,0,0,0,0,0,0,0,0,0,0,0,0,0,0,0,0,0,0,0,0,1,1,2,1,0,1,0,0,0,0,0,1,0,1,1,0,0,1,3,1,2,1,1,1,3,1,2,4,0,0,3,2,4,2,2,4,3,3,1,2,1,1,1,0,0,3,1,0,0,0,1,3,0,4,1,1,1,0,0,0,0,0,0,0,0,0,0,0,0,0,0,0,0,0,0,0,0,0,0,0,0,0,0,0,0,0,0,0,0,0,0,0,0,0,0,0,0,0,0,0,0,0,0
BZ,"VADU PAŞII","VADU PAŞII",49956,390,"SALA DE FESTIVITĂŢI A PRIMĂRIEI COMUNEI VADU PAŞII",R,1857,0,700,3,0,5,708,31,36,54,176,83,32,29,46,141,80,8,6,2,1,3,7,4,5,5,4,3,3,2,3,2,5,4,7,1,9,4,3,6,8,5,5,6,8,16,3,14,5,10,15,8,9,12,12,8,8,8,7,8,7,7,5,6,8,9,7,12,2,8,2,2,3,5,1,2,4,4,3,2,3,0,0,0,3,2,1,0,0,0,0,0,0,0,0,0,0,0,0,0,0,0,0,0,0,0,0,0,0,0,0,0,0,0,0,0,0,0,0,0,5,3,8,5,4,5,2,1,3,1,0,2,5,6,3,3,5,4,3,6,5,2,9,6,2,3,6,10,6,7,7,6,5,10,8,6,8,6,11,8,12,7,2,3,6,8,5,9,12,3,3,4,8,4,4,4,7,4,4,3,1,2,2,1,1,2,0,0,2,0,0,0,0,0,0,0,0,0,0,0,0,0,0,0,0,0,0,0,0,0,0,0,0,0,0,0,0,0,0,0,0,0,0
BZ,"VADU PAŞII","VADU PAŞII",49956,391,"GRĂDINIŢA CU PROGRAM NORMAL VADU PAŞII",R,1655,1,537,4,0,0,541,17,25,51,146,53,13,31,43,107,55,4,3,2,4,0,4,0,1,1,1,2,4,1,1,5,5,4,3,4,6,6,4,3,8,4,6,7,4,8,8,7,8,5,4,8,11,5,8,11,14,7,9,7,5,6,5,6,2,4,4,4,5,4,3,3,7,5,2,4,0,0,4,0,1,0,0,0,1,0,0,0,0,0,0,0,0,0,0,0,0,0,0,0,0,0,0,0,0,0,0,0,0,0,0,0,0,0,0,0,0,0,0,0,4,2,1,1,1,2,2,5,4,0,3,2,4,3,3,3,4,9,2,8,3,4,3,2,3,2,7,4,4,6,6,5,3,5,3,2,6,7,11,10,4,5,3,7,3,7,6,6,1,8,6,2,6,4,1,5,5,1,2,1,1,1,0,0,0,1,1,1,1,1,0,0,0,0,0,0,0,0,0,0,0,0,0,0,0,0,0,0,0,0,0,0,0,0,0,0,0,0,0,0,0,0,0
BZ,"VADU PAŞII",FOCŞĂNEI,49956,392,"SCOALA FOCŞĂNEI",R,1545,0,385,4,0,5,394,12,30,54,98,45,8,23,43,58,23,5,0,2,1,2,2,0,1,3,0,2,2,3,6,2,3,8,2,6,5,3,7,2,4,7,10,8,11,4,5,6,7,8,6,9,6,5,6,4,6,4,3,1,4,1,2,0,3,3,6,8,4,2,3,3,0,0,3,1,2,2,1,0,0,1,0,0,0,1,0,0,1,1,0,0,0,0,0,0,0,0,0,0,0,0,0,0,0,0,0,0,0,0,0,0,0,0,0,0,0,0,0,0,0,2,1,0,2,1,2,2,0,2,2,1,2,4,4,1,5,2,4,5,4,6,3,3,3,6,7,1,3,7,4,2,3,5,2,4,3,2,3,2,6,1,1,3,3,0,3,3,1,2,1,2,0,4,0,0,4,2,0,1,0,1,0,1,0,0,0,0,0,0,1,0,0,0,0,0,0,0,0,0,0,0,0,0,0,0,0,0,0,0,0,0,0,0,0,0,0,0,0,0,0,0,0
BZ,"VADU PAŞII",SCURTEŞTI,49956,393,"SCOALA CIOCÂRLIA",R,572,1,165,5,0,0,170,4,6,15,38,17,6,13,15,33,23,0,0,0,1,0,1,2,0,2,0,0,0,1,1,0,1,1,2,4,1,1,2,0,0,2,1,2,4,0,2,1,4,2,3,0,3,1,2,1,2,2,1,2,0,3,2,3,1,3,0,2,2,2,2,1,2,1,1,0,0,0,0,0,0,0,0,0,0,0,0,0,0,0,0,0,0,0,0,0,0,0,0,0,0,0,0,0,0,0,0,0,0,0,0,0,0,0,0,0,0,0,0,0,1,1,1,1,0,1,1,3,0,2,0,1,2,3,1,1,0,3,1,2,1,1,1,2,0,3,1,1,2,2,0,3,1,2,4,0,3,1,2,5,3,0,2,0,0,2,0,0,2,4,1,2,2,0,1,4,1,1,3,0,0,0,0,0,1,0,0,1,0,0,0,0,0,0,0,0,0,0,0,0,0,0,0,0,0,0,0,0,0,0,0,0,0,0,0,0,0,0,0,0,0,0,0
BZ,"VADU PAŞII",SCURTEŞTI,49956,394,"SCOALA GIMNAZIALA SCURTEŞTI",R,1681,0,378,3,0,2,383,22,26,35,102,43,11,16,26,62,40,4,0,4,6,1,2,5,2,2,3,4,3,1,2,2,5,2,4,3,4,2,2,3,5,5,1,6,6,8,9,8,6,6,2,2,5,9,8,8,6,3,7,1,2,1,3,2,3,5,5,2,1,5,2,0,5,4,1,4,0,1,0,1,0,1,0,1,1,0,0,0,1,0,0,0,0,0,0,0,0,0,0,0,0,0,0,0,0,0,0,0,0,0,0,0,0,0,0,0,0,0,0,0,4,1,0,2,1,2,1,2,1,1,1,2,2,1,0,2,4,4,2,3,1,3,1,4,4,1,3,1,4,7,5,1,3,5,5,3,4,3,3,3,4,0,1,3,2,3,2,7,5,1,4,2,2,0,3,3,2,3,2,0,1,2,1,0,1,0,0,0,0,1,0,0,0,0,0,0,0,0,0,0,0,0,0,0,0,0,0,0,0,0,0,0,0,0,0,0,0,0,0,0,0,0,0
BZ,"VADU PAŞII",STĂNCEŞTI,49956,395,"GRĂDINIȚA CU PROGRAM NORMAL STĂNCEŞTI",R,1173,0,286,6,0,3,295,11,27,35,62,22,9,17,31,48,33,4,1,1,0,0,4,1,3,3,1,3,3,4,1,4,2,3,6,4,1,3,3,6,4,0,4,4,4,2,2,5,3,5,3,4,4,2,7,5,5,0,1,1,3,2,2,2,2,1,2,1,3,0,3,2,0,5,1,0,0,0,0,2,0,0,0,0,0,0,0,0,0,0,0,0,0,0,0,0,0,0,0,0,0,0,0,0,0,0,0,0,0,0,0,0,0,0,0,0,0,0,0,0,1,1,1,1,0,1,4,0,1,1,3,3,1,5,1,1,1,2,3,1,3,5,2,5,3,2,5,0,2,3,4,3,2,3,4,2,2,4,2,2,6,4,1,1,0,2,1,5,3,3,2,0,2,3,0,2,3,1,2,1,1,1,1,0,1,2,0,0,0,0,0,0,0,0,0,0,0,0,0,0,0,0,0,0,0,0,0,0,0,0,0,0,0,0,0,0,0,0,0,0,0,0,0
BZ,"VALEA RÂMNICULUI",OREAVUL,50022,397,"ȘCOALA GIMNAZIALĂ OREAVUL",R,1791,4,346,4,0,0,350,8,14,35,94,45,5,12,27,72,38,4,1,0,1,1,0,1,1,1,1,1,1,1,2,6,0,0,2,1,5,0,2,6,4,7,4,4,2,4,7,2,5,2,4,8,1,5,6,9,4,8,5,4,4,4,6,4,1,5,5,5,5,1,2,0,1,3,1,5,2,1,1,2,2,0,1,0,1,1,0,0,0,0,0,0,0,0,0,0,0,0,0,0,0,0,0,0,0,0,0,0,0,0,0,0,0,0,0,0,0,0,0,0,1,1,0,0,2,1,0,1,0,1,1,2,1,2,1,2,1,4,3,1,0,7,3,3,2,2,2,2,1,4,4,3,3,2,5,1,4,8,4,10,5,5,1,1,3,4,2,2,0,3,3,2,2,3,1,7,1,3,3,1,0,2,1,1,1,0,2,0,0,0,0,0,0,0,0,0,0,0,0,0,0,0,0,0,0,0,0,0,0,0,0,0,0,0,0,0,0,0,0,0,0,0,0
BZ,"VALEA RÂMNICULUI","VALEA RÂMNICULUI",50022,396,"SCOALA GIMNAZIALA VALEA RAMNICULUI",R,1765,2,369,5,0,0,374,13,21,30,85,55,9,21,34,64,42,5,2,3,0,0,0,3,1,3,1,1,5,3,0,3,2,2,0,1,3,5,3,4,3,1,4,6,6,5,2,4,6,5,3,3,9,7,6,4,4,4,2,7,2,3,1,2,4,7,3,5,5,2,5,2,4,1,5,4,2,3,0,0,1,1,0,0,0,0,1,0,0,0,0,0,0,0,0,0,0,0,0,0,0,0,0,0,0,0,0,0,0,0,0,0,0,0,0,0,0,0,0,0,3,1,1,0,3,1,0,1,1,3,3,4,1,3,1,1,3,1,5,3,3,3,4,5,3,2,5,1,6,3,1,2,1,8,4,4,5,1,3,8,2,2,1,2,6,2,2,4,3,4,4,3,2,6,2,5,1,0,0,1,0,1,1,0,1,3,0,0,0,1,0,0,0,0,0,0,0,0,0,0,0,0,0,0,0,0,0,0,0,0,0,0,0,0,0,0,0,0,0,0,0,0,0
BZ,"VALEA RÂMNICULUI",RUBLA,50022,398,"GRADINITA CU PROGRAM NORMAL RUBLA",R,909,1,233,6,0,0,239,8,11,22,57,33,8,7,15,45,33,5,1,0,1,0,1,0,1,2,1,0,2,3,1,1,0,0,1,0,1,2,2,0,1,3,5,7,3,1,2,3,5,1,4,2,2,4,4,2,5,6,2,4,1,1,2,3,3,4,1,3,2,1,2,1,1,2,2,4,1,3,0,1,0,1,1,0,0,0,0,0,0,0,0,0,0,0,0,0,0,0,0,0,0,0,0,0,0,0,0,0,0,0,0,0,0,0,0,0,0,0,0,0,1,3,1,2,1,0,0,1,0,0,0,1,1,2,0,2,0,0,1,1,2,2,1,1,1,3,3,3,0,3,3,2,0,2,3,3,5,5,1,0,3,1,4,2,2,2,1,1,5,2,4,2,2,3,0,3,3,3,0,1,0,0,0,2,0,1,0,0,1,0,0,0,0,0,0,0,0,0,0,0,0,0,0,0,0,0,0,0,0,0,0,0,0,0,0,0,0,0,0,0,0,0,0
BZ,"VALEA SALCIEI","VALEA SALCIEI",50068,399,"CĂMINUL CULTURAL VALEA SALCIEI",R,506,0,168,5,0,3,176,7,5,13,48,25,5,7,10,33,23,1,2,1,3,0,0,0,1,1,0,1,0,1,0,0,0,1,2,0,3,0,3,1,1,0,0,3,4,1,0,3,0,6,3,2,4,1,2,4,5,2,2,1,1,1,3,3,4,0,1,3,0,3,0,1,1,1,1,3,2,1,1,0,0,0,0,1,0,0,0,0,1,0,0,0,0,0,0,1,0,0,0,0,0,0,0,0,0,0,0,0,0,0,0,0,0,0,0,0,0,0,0,0,0,1,1,0,0,3,0,0,1,0,2,0,0,2,0,1,1,1,1,0,1,3,0,1,0,2,1,0,2,2,5,1,0,1,1,2,2,2,4,4,3,1,1,1,0,1,0,1,0,1,0,0,2,5,1,2,2,3,0,1,1,2,1,0,0,1,0,0,0,0,0,0,0,0,0,0,0,0,0,0,0,0,0,0,0,0,0,0,0,0,0,0,0,0,0,0,0,0,0,0,0,0,0
BZ,VÂLCELELE,VÂLCELELE,50399,400,"SCOALA GIMNAZIALA NR 1 VILCELELE",R,1031,0,449,5,0,86,540,24,23,43,107,66,8,17,37,80,135,5,4,5,5,1,3,1,5,3,3,3,0,2,2,0,4,1,5,6,8,2,6,2,4,2,2,6,6,5,4,9,6,9,7,6,5,4,6,10,11,6,0,3,2,1,5,2,1,1,3,6,2,3,2,2,3,5,3,6,3,3,1,2,1,2,2,3,4,0,0,4,1,0,1,0,1,1,0,0,0,0,0,0,0,0,0,0,0,0,0,0,0,0,0,0,0,0,0,0,0,0,0,0,1,2,1,1,0,1,2,4,2,2,0,1,1,1,2,1,3,1,6,4,2,5,5,4,3,3,4,7,1,0,6,4,7,13,3,5,2,4,2,5,6,2,2,4,2,5,0,5,4,1,5,1,4,3,2,7,6,5,14,2,4,9,8,6,3,5,9,5,2,2,7,2,2,1,2,3,3,2,1,0,0,0,0,0,0,0,0,0,0,0,0,0,0,0,0,0,0,0,0,0,0,0,0
BZ,VERNEŞTI,VERNEŞTI,50102,401,"ŞCOALA GIMNAZIALĂ ”NICOLAE IOAN JILINSCHI” VERNEȘTI",R,2171,4,498,2,0,1,501,15,20,64,144,42,15,19,41,102,39,5,2,0,3,5,0,0,2,1,1,1,0,1,1,3,6,4,8,4,2,8,7,6,8,6,8,7,8,7,4,8,8,6,7,9,10,8,14,10,7,7,5,6,9,4,3,4,6,0,6,2,5,5,0,2,2,4,2,2,4,0,1,1,0,0,0,0,0,0,0,0,0,0,0,0,0,0,0,0,0,0,0,0,0,0,0,0,0,0,0,0,0,0,0,0,0,0,0,0,0,0,0,0,4,3,1,2,2,3,0,2,0,0,0,2,4,1,0,4,6,6,4,3,4,5,3,2,7,4,3,6,8,3,7,5,4,3,6,6,6,10,5,4,15,3,2,2,0,3,4,2,3,1,6,3,2,6,2,1,4,0,0,1,2,2,0,0,0,1,1,0,0,1,0,0,0,1,0,0,0,0,0,0,0,0,0,0,0,0,0,0,0,0,0,0,0,0,0,0,0,0,0,0,0,0,0
BZ,VERNEŞTI,CÂNDEŞTI,50102,402,"ŞCOALA GIMNAZIALĂ SAT CÎNDEȘTI",R,1388,1,345,4,0,0,349,13,20,32,86,30,12,22,31,72,31,3,1,3,2,0,3,1,0,1,4,2,2,2,0,1,4,4,3,1,7,4,4,3,4,2,1,3,6,6,6,5,5,7,6,4,1,5,6,4,2,9,2,4,1,2,3,2,4,5,1,3,4,4,1,1,0,3,2,1,0,0,0,0,0,0,1,0,0,0,0,0,0,0,0,0,0,0,0,0,0,0,0,0,0,0,0,0,0,0,0,0,0,0,0,0,0,0,0,0,0,0,0,0,5,2,3,0,0,0,2,1,4,2,3,4,2,2,1,2,1,1,4,3,4,6,2,1,1,3,6,3,3,5,5,4,4,5,4,4,6,7,2,3,2,2,1,3,0,4,5,1,2,4,3,2,7,1,0,4,1,2,1,1,1,1,0,0,0,0,0,0,0,0,0,0,0,0,0,0,0,0,0,0,0,0,0,0,0,0,0,0,0,0,0,0,0,0,0,0,0,0,0,0,0,0,0
BZ,VERNEŞTI,CÂNDEŞTI,50102,403,"ŞCOALA GIMNAZIALĂ SAT CINDEŞTI",R,1327,0,244,4,0,0,248,17,17,24,60,27,10,17,23,36,17,4,3,5,2,1,0,2,1,0,3,1,1,0,3,1,5,2,3,3,2,2,1,1,5,4,1,2,1,2,4,4,3,3,5,6,4,8,1,3,4,2,0,3,2,0,1,4,2,1,2,7,0,2,0,3,1,1,1,2,1,2,2,0,0,0,0,0,0,0,0,0,0,0,0,0,0,0,0,0,0,0,0,0,0,0,0,0,0,0,0,0,0,0,0,0,0,0,0,0,0,0,0,0,3,0,1,1,1,2,2,3,2,0,2,1,2,2,1,2,2,3,3,1,1,4,2,3,1,3,2,2,1,3,2,2,2,1,2,4,1,1,1,3,1,4,2,0,3,1,0,1,1,1,3,1,1,3,1,0,2,1,1,0,0,0,1,0,0,0,0,0,0,0,0,0,0,0,0,0,0,0,0,0,0,0,0,0,0,0,0,0,0,0,0,0,0,0,0,0,0,0,0,0,0,0,0
BZ,VERNEŞTI,ZOREŞTI,50102,407,"ŞCOALA GIMNAZIALĂ ”VASILE ALDEA” ZOREȘTI",R,1126,1,193,5,0,0,198,4,11,26,55,17,6,9,13,41,16,1,0,0,0,1,1,1,1,0,0,1,0,2,1,2,2,2,0,1,5,5,1,6,1,2,1,4,2,3,3,4,2,1,5,2,2,4,3,5,3,4,1,2,2,0,7,0,1,0,0,1,3,2,2,2,1,1,2,0,0,1,1,0,0,0,0,0,0,0,0,0,0,0,0,0,0,0,0,0,0,0,0,0,0,0,0,0,0,0,0,0,0,0,0,0,0,0,0,0,0,0,0,0,2,2,2,0,0,0,0,1,1,1,0,0,0,1,0,5,0,0,2,0,1,0,3,1,2,1,3,3,1,2,4,1,1,1,2,2,4,4,3,0,5,1,3,1,3,0,0,1,0,3,2,0,1,0,0,3,2,0,0,2,0,1,0,0,0,0,1,0,0,0,0,0,0,0,0,0,0,0,0,0,0,0,0,0,0,0,0,0,0,0,0,0,0,0,0,0,0,0,0,0,0,0,0
BZ,VERNEŞTI,NIŞCOV,50102,405,"GRĂDINIȚA CU PROGRAM NORMAL NIȘCOV",R,1054,1,230,8,0,0,238,15,14,25,66,19,5,6,23,43,22,3,0,4,2,2,1,3,2,1,1,1,1,1,2,1,4,0,1,1,7,3,3,2,2,2,2,2,2,5,1,5,3,4,5,2,2,6,6,2,6,5,4,0,2,0,3,3,0,0,2,1,3,2,1,2,3,0,0,2,0,0,0,2,0,0,0,0,1,0,0,0,0,0,0,0,0,0,0,0,0,0,0,0,0,0,0,0,0,0,0,0,0,0,0,0,0,0,0,0,0,0,0,0,0,1,2,0,1,1,0,0,2,1,0,0,0,1,1,1,0,4,1,2,0,1,3,2,2,6,2,2,2,3,2,4,1,1,2,3,8,3,5,1,3,0,1,0,1,0,1,2,2,3,2,0,1,2,1,0,1,2,4,1,0,0,0,0,0,0,1,0,0,0,0,0,0,0,0,0,0,0,0,0,0,0,0,0,0,0,0,0,0,0,0,0,0,0,0,0,0,0,0,0,0,0,0
BZ,VERNEŞTI,"SĂSENII NOI",50102,406,"ŞCOALA PRIMARĂ SĂSENII NOI",R,288,2,73,5,0,0,78,4,5,7,18,7,3,7,5,17,5,3,1,0,0,0,0,0,0,0,0,0,1,1,2,0,1,0,0,4,1,0,0,0,1,0,0,1,1,0,1,0,1,1,1,3,3,0,1,3,0,1,2,0,0,0,0,0,0,1,1,0,0,1,0,0,0,1,0,1,1,0,0,0,0,0,0,0,0,0,0,0,1,0,0,0,0,0,0,0,0,0,0,0,0,0,0,0,0,0,0,0,0,0,0,0,0,0,0,0,0,0,0,0,0,0,1,0,1,1,0,1,1,2,0,0,1,0,1,0,1,0,0,0,1,0,1,1,0,0,2,0,1,0,1,2,1,3,0,1,3,2,0,1,0,0,0,0,0,1,1,1,2,0,0,2,0,0,0,0,0,0,0,0,0,0,0,0,0,0,0,0,0,0,0,0,0,0,0,0,0,0,0,0,0,0,0,0,0,0,0,0,0,0,0,0,0,0,0,0,0,0,0,0,0,0,0
BZ,VERNEŞTI,MIEREA,50102,404,"CASA PRAZNICALĂ A PAROHIEI MIEREA",R,411,0,78,5,0,0,83,2,3,6,23,9,0,3,6,25,6,1,0,1,0,0,0,0,0,0,0,0,0,1,0,1,0,1,0,2,0,0,0,0,1,0,2,1,0,0,4,1,1,1,0,0,3,1,0,1,0,3,1,1,1,2,2,1,0,0,0,1,1,2,0,1,2,0,0,1,0,0,0,0,0,0,0,0,0,0,0,0,0,0,0,0,1,0,0,0,0,0,0,0,0,0,0,0,0,0,0,0,0,0,0,0,0,0,0,0,0,0,0,0,0,0,0,0,0,0,0,0,0,1,0,0,0,0,0,0,2,1,0,0,2,0,0,0,0,0,3,1,1,1,0,2,1,1,0,1,1,1,2,2,6,1,1,2,1,0,0,2,0,0,0,0,1,1,1,0,0,0,0,0,0,1,0,0,0,0,0,0,0,0,0,0,0,0,0,0,0,0,0,0,0,0,0,0,0,0,0,0,0,0,0,0,0,0,0,0,0,0,0,0,0,0,0
BZ,"VINTILĂ VODĂ","VINTILĂ VODĂ",50228,408,"ŞCOALA GIMNAZIALĂ TACHE ŞI ECATERINA TOCILESCU",R,1189,1,374,5,0,56,435,11,21,27,80,72,8,22,21,95,78,1,1,0,1,4,3,1,1,1,1,0,4,3,4,2,2,3,4,1,4,3,2,3,3,1,3,3,1,5,3,3,1,4,9,4,3,3,3,6,9,5,1,3,5,5,3,4,1,3,8,6,7,0,5,7,5,1,5,2,2,4,3,2,2,1,1,1,2,2,0,2,0,0,0,0,0,0,0,0,0,0,0,0,0,0,0,0,0,0,0,0,0,0,0,0,0,0,0,0,0,0,0,0,2,0,0,3,1,1,1,2,2,2,0,5,0,3,2,3,3,4,3,2,5,2,0,0,1,1,3,3,3,5,4,4,8,7,14,3,5,7,5,6,5,3,6,1,0,2,4,4,5,3,3,4,5,1,3,4,4,6,7,3,0,4,2,1,3,1,1,3,2,1,0,3,2,0,3,0,0,0,0,0,0,0,0,0,0,0,0,0,0,0,0,0,0,0,0,0,0,0,0,0,0,0,0
BZ,"VINTILĂ VODĂ",NICULEŞTI,50228,410,"ŞCOALA PRIMARĂ SAT NICULEŞTI",R,889,1,257,5,0,25,287,8,12,18,59,48,7,12,10,51,62,4,0,0,0,2,0,2,0,1,2,0,2,2,2,0,2,1,1,2,2,4,1,3,1,1,1,2,1,0,3,0,1,5,3,7,8,5,3,5,6,4,2,3,1,1,1,0,0,1,4,4,3,4,0,4,5,2,5,4,1,1,0,3,0,2,0,0,0,2,1,1,0,0,0,0,1,0,0,0,0,0,0,0,0,0,0,0,0,0,0,0,0,0,0,0,0,0,0,0,0,0,0,0,1,1,0,1,2,0,2,2,0,2,1,0,1,1,2,2,1,0,0,0,2,2,2,1,1,1,1,2,3,5,3,2,1,3,3,1,4,4,3,2,2,4,1,3,1,1,3,1,3,8,2,5,2,2,2,9,2,3,3,2,1,3,1,1,1,2,1,1,0,2,0,0,2,1,0,0,1,0,0,1,0,0,0,0,0,0,0,0,0,0,0,0,0,0,0,0,0,0,0,0,0,0,0
BZ,"VINTILĂ VODĂ",COCA-ANTIMIREŞTI,50228,409,"ŞCOALA PRIMARĂ SAT COCA ANTIMIREŞTI",R,168,0,53,8,0,0,61,4,4,5,12,3,2,4,5,14,8,1,0,1,0,1,0,1,0,0,0,1,1,0,1,0,1,0,0,0,1,0,1,0,0,2,0,1,2,0,1,0,0,0,1,0,0,0,2,0,3,1,0,0,0,1,1,0,0,1,0,1,0,0,1,0,0,0,0,0,0,0,0,0,0,0,0,0,0,0,0,0,0,0,0,0,0,0,0,0,0,0,0,0,0,0,0,0,0,0,0,0,0,0,0,0,0,0,0,0,0,0,0,0,1,0,0,0,0,1,0,0,0,0,0,0,2,1,0,0,1,0,2,1,0,0,2,0,0,0,0,0,1,0,2,0,0,1,1,1,0,2,1,0,0,0,1,1,2,1,0,0,2,0,0,0,0,0,0,1,1,0,0,1,0,0,1,0,1,0,1,0,0,0,0,0,0,0,0,0,0,0,0,0,0,0,0,0,0,0,0,0,0,0,0,0,0,0,0,0,0,0,0,0,0,0,0
BZ,VIPEREŞTI,VIPEREŞTI,50326,411,"ŞCOALA GIMNAZIALA VIPEREŞTI",R,937,0,262,3,0,7,272,15,26,27,42,27,15,23,30,41,26,2,4,0,1,4,1,3,3,2,4,4,2,1,3,3,2,2,5,2,2,3,2,1,2,3,4,3,4,2,5,1,5,1,2,0,1,1,2,5,4,1,1,1,1,2,1,2,0,1,0,1,2,8,1,1,2,2,3,0,0,2,1,0,2,1,0,0,0,0,0,0,0,0,0,0,0,0,0,0,0,0,0,0,0,0,0,0,0,0,0,0,0,0,0,0,0,0,0,0,0,0,0,0,2,3,6,0,0,3,1,3,3,2,1,1,3,4,2,2,2,1,1,2,3,3,3,7,1,3,6,1,5,1,4,1,0,3,3,2,2,2,2,0,3,2,3,1,2,2,2,0,0,1,1,4,3,2,2,4,1,3,0,2,0,1,0,0,0,0,0,0,0,0,0,1,0,1,0,0,0,0,0,0,0,0,0,0,0,0,0,0,0,0,0,0,0,0,0,0,0,0,0,0,0,0,0
BZ,VIPEREŞTI,TRONARI,50326,413,"ŞCOALA PRIMARA TRONARI",R,762,0,202,5,0,8,215,11,9,20,48,20,9,19,20,32,27,1,2,2,4,0,2,0,0,2,2,2,0,1,1,0,0,1,4,1,0,3,1,4,2,2,2,1,3,2,3,6,1,1,6,1,3,2,3,4,4,1,1,1,0,1,3,2,2,2,0,1,0,1,3,0,2,4,0,0,1,0,0,0,0,0,0,2,0,0,0,1,0,0,0,1,0,0,0,0,0,0,0,0,0,0,0,0,0,0,0,0,0,0,0,0,0,0,0,0,0,0,0,0,1,0,3,3,1,1,0,5,2,1,0,4,1,1,0,3,2,3,2,2,4,0,0,3,0,4,2,2,3,1,2,4,1,1,3,0,1,1,1,1,6,0,0,1,0,3,1,4,5,3,2,0,1,2,0,2,2,1,0,0,0,0,0,0,1,0,2,1,1,0,0,0,0,0,0,0,0,0,0,0,0,0,0,0,0,0,0,0,0,0,0,0,0,0,0,0,0,0,0,0,0,0,0
BZ,VIPEREŞTI,URSOAIA,50326,414,"ŞCOALA GIMNAZIALA URSOAIA",R,784,0,82,6,0,0,88,2,8,9,22,9,3,7,3,20,5,0,0,1,1,0,0,0,0,0,2,2,1,1,0,1,0,1,0,1,1,0,1,4,1,0,1,0,1,0,0,1,1,1,1,2,0,0,1,2,5,1,3,1,1,1,0,0,0,2,0,0,0,2,0,0,0,0,1,1,0,0,1,0,0,1,0,1,0,0,0,0,0,0,0,0,0,0,0,0,0,0,0,0,0,0,0,0,0,0,0,0,0,0,0,0,0,0,0,0,0,0,0,0,0,0,2,1,0,0,0,1,0,2,1,1,0,1,0,0,1,1,0,0,0,1,0,0,1,0,0,1,0,1,1,2,0,0,1,4,0,2,1,2,0,2,0,0,1,1,1,0,0,0,0,0,1,1,1,0,1,0,0,1,0,0,0,0,0,0,0,0,0,0,0,0,0,0,0,0,0,0,0,0,0,0,0,0,0,0,0,0,0,0,0,0,0,0,0,0,0,0,0,0,0,0,0
BZ,VIPEREŞTI,MUSCEL,50326,412,"ŞCOALA PRIMARA MUŞCEL",R,73,0,16,8,0,0,24,2,1,2,8,5,0,1,0,3,2,0,2,0,0,0,0,0,0,0,0,0,0,0,0,1,0,0,0,0,0,0,0,0,0,0,2,0,0,0,0,1,0,0,0,0,1,2,1,0,0,2,0,0,0,0,1,0,0,0,1,1,0,0,2,0,0,0,0,0,0,0,0,1,0,0,0,0,0,0,0,0,0,0,0,0,0,0,0,0,0,0,0,0,0,0,0,0,0,0,0,0,0,0,0,0,0,0,0,0,0,0,0,0,0,0,0,0,0,0,0,0,0,0,0,0,1,0,0,0,0,0,0,0,0,0,0,0,0,0,0,0,0,0,0,0,0,0,0,0,1,0,0,0,1,0,0,0,1,0,0,0,0,0,0,0,0,2,0,0,0,0,0,0,0,0,0,0,0,0,0,0,0,0,0,0,0,0,0,0,0,0,0,0,0,0,0,0,0,0,0,0,0,0,0,0,0,0,0,0,0,0,0,0,0,0,0
BZ,ZĂRNEŞTI,FUNDENI,50415,415,"ŞCOALA GIMNAZIALĂ ”CONSTANTIN POPESCU” FUNDENI",R,1841,2,392,5,0,0,397,11,20,53,95,48,7,24,21,66,52,0,5,3,0,3,0,0,2,1,4,0,4,2,1,1,4,1,6,3,6,8,6,4,8,2,6,4,1,6,5,7,7,7,2,4,1,2,4,15,9,6,2,2,4,0,8,3,3,5,2,6,1,4,3,3,2,5,2,3,0,2,2,1,3,1,0,0,0,0,0,0,0,0,0,0,0,0,0,0,0,0,0,0,0,0,0,0,0,0,0,0,0,0,0,0,0,0,0,0,0,0,0,0,2,0,1,1,1,0,2,4,2,2,3,1,3,2,2,3,2,1,4,1,1,4,2,1,1,2,4,6,3,4,4,3,4,2,6,2,4,2,2,5,4,1,5,6,1,0,2,9,5,2,2,7,8,2,4,5,4,2,1,0,1,0,0,0,0,0,0,0,0,0,0,0,0,0,0,0,0,0,0,0,0,0,0,0,0,0,0,0,0,0,0,0,0,0,0,0,0,0,0,0,0,0,0
BZ,ZĂRNEŞTI,PRUNENI,50415,416,"SCOALA GENERALA PRUNENI",R,277,1,56,8,0,0,64,1,1,4,16,8,2,2,4,14,12,0,0,0,1,0,0,0,0,1,0,0,0,0,0,0,0,0,0,0,1,0,1,1,0,1,0,0,1,1,0,0,1,1,1,2,0,1,2,0,2,2,0,1,0,1,0,0,1,0,1,1,0,0,0,0,1,0,1,1,0,0,0,0,1,0,0,0,0,0,0,0,1,0,0,0,0,0,0,0,0,0,0,0,0,0,0,0,0,0,0,0,0,0,0,0,0,0,0,0,0,0,0,0,1,0,0,1,0,0,0,0,0,1,0,0,0,0,0,0,1,2,0,0,1,0,0,1,0,0,0,1,1,1,1,2,0,0,0,1,0,2,0,1,0,1,1,0,0,2,0,1,1,0,1,0,0,1,1,2,0,2,1,1,0,1,0,0,0,0,0,0,0,0,0,0,0,0,0,0,0,0,0,0,0,0,0,0,0,0,0,0,0,0,0,0,0,0,0,0,0,0,0,0,0,0,0
BZ,ZĂRNEŞTI,"VADU SOREŞTI",50415,417,"GRĂDINIŢA DE COPII VADU SOREŞTI",R,1003,1,182,7,0,0,189,6,15,21,44,20,5,8,19,29,22,0,2,1,1,0,2,0,1,2,1,0,2,1,3,1,2,2,1,0,2,1,2,2,2,3,2,6,0,1,0,1,2,1,3,3,1,2,4,3,10,2,0,0,1,3,0,7,1,3,0,0,2,1,1,1,3,0,4,1,0,0,2,0,1,0,0,0,0,0,0,0,0,0,0,0,0,0,0,0,0,0,0,0,0,0,0,0,0,0,0,0,0,0,0,0,0,0,0,0,0,0,0,0,1,0,0,2,1,1,0,2,0,0,0,0,1,2,2,1,0,0,1,4,1,4,0,3,2,4,0,0,3,2,1,2,2,2,2,1,0,4,1,3,0,0,0,0,5,1,0,4,3,2,2,1,2,1,2,0,0,1,1,1,1,0,0,0,0,0,0,0,0,0,0,0,0,1,0,0,0,0,0,0,0,0,0,0,0,0,0,0,0,0,0,0,0,0,0,0,0,0,0,0,0,0,0
BZ,ZĂRNEŞTI,ZĂRNEŞTI,50415,418,"GRĂDINIŢA DE COPII ZĂRNEŞTI",R,829,1,202,5,0,0,207,3,13,19,55,27,3,6,16,36,29,0,0,0,1,0,0,2,0,1,0,1,2,1,1,4,2,1,1,1,2,3,2,1,2,4,2,1,2,6,1,3,3,1,2,6,6,1,5,5,2,3,3,0,1,1,2,2,5,1,1,3,0,2,4,2,3,1,3,0,0,0,1,0,0,0,1,0,0,0,0,0,0,0,0,0,0,0,0,0,0,0,0,0,0,0,0,0,0,0,0,0,0,0,0,0,0,0,0,0,0,0,0,0,0,0,2,0,1,0,0,0,0,1,0,0,1,1,1,1,1,1,0,3,3,1,1,1,0,5,1,4,3,0,1,2,0,3,4,3,0,3,1,1,0,1,1,4,0,3,2,2,4,0,2,2,2,2,1,3,1,3,2,1,0,0,0,1,2,0,0,0,0,0,1,0,0,0,0,0,0,0,0,0,0,0,0,0,0,0,0,0,0,0,0,0,0,0,0,0,0,0,0,0,0,0,0
BZ,ZIDURI,ZIDURI,50479,419,"SALA DE ŞEDINŢE PRIMĂRIA ZIDURI",R,810,0,140,0,0,0,140,4,8,13,30,22,3,11,9,22,18,0,1,0,0,0,2,1,1,0,2,1,0,1,0,1,0,2,2,3,2,0,2,0,0,1,0,3,3,1,0,1,2,1,0,1,3,1,4,2,1,1,0,2,2,2,2,1,1,2,1,3,3,0,1,2,1,2,1,0,1,0,0,0,1,0,1,0,0,0,1,1,0,0,0,0,0,0,0,0,0,0,0,0,0,0,0,0,0,0,0,0,0,0,0,0,0,0,0,0,0,0,0,0,0,2,0,1,0,0,0,0,1,0,3,2,0,1,1,1,2,0,1,2,0,0,2,2,1,1,0,0,1,1,0,2,1,0,0,2,3,1,2,1,0,1,2,2,1,2,0,4,0,1,1,2,1,2,0,2,0,1,1,0,1,0,0,0,0,0,1,0,0,0,1,0,0,0,0,0,0,0,0,0,0,0,0,0,0,0,0,0,0,0,0,0,0,0,0,0,0,0,0,0,0,0,0
BZ,ZIDURI,LANURILE,50479,423,"CĂMINUL CULTURAL LANURILE",R,543,1,115,3,0,0,118,6,3,12,25,15,5,5,11,23,13,1,3,0,0,0,1,1,0,0,0,1,0,1,1,0,0,0,0,1,0,3,2,2,1,0,3,0,0,1,3,1,3,1,1,2,1,2,0,1,0,2,4,0,1,2,0,0,1,1,1,1,1,1,1,1,1,1,1,1,0,0,1,0,0,0,0,0,1,1,0,0,0,0,0,0,0,0,0,0,0,0,0,0,0,0,0,0,0,0,0,0,0,0,0,0,0,0,0,0,0,0,0,0,0,2,1,1,0,1,0,0,1,0,1,1,1,1,0,0,0,0,1,3,2,0,0,2,1,1,1,2,0,1,2,1,2,1,0,3,1,1,2,3,0,1,2,1,0,0,0,0,1,2,0,0,0,1,1,0,0,1,1,2,0,0,2,1,0,0,0,0,0,1,0,0,0,0,0,0,0,0,0,0,0,0,0,0,0,0,0,0,0,0,0,0,0,0,0,0,0,0,0,0,0,0,0
BZ,ZIDURI,"HELIADE RĂDULESCU",50479,422,"ŞCOALA PRIMARĂ HELIADE RĂDULESCU",R,586,1,68,6,0,0,74,3,6,3,17,10,1,1,3,17,13,1,1,0,0,0,1,0,2,0,1,1,1,0,0,1,0,0,0,0,0,0,0,2,0,0,1,0,2,2,0,0,0,0,0,2,1,0,1,3,2,1,2,0,0,1,0,0,2,2,0,1,2,1,0,1,0,0,0,0,0,0,0,0,0,0,0,0,0,0,0,1,0,0,0,0,0,0,0,0,0,0,0,0,0,0,0,0,0,0,0,0,0,0,0,0,0,0,0,0,0,0,0,0,0,0,0,0,0,0,1,0,0,0,1,0,0,0,0,0,0,1,1,1,0,0,0,0,0,0,0,1,1,0,0,2,0,3,1,0,2,0,1,0,1,1,0,0,2,2,0,2,1,0,0,0,1,0,2,1,0,0,0,0,0,2,0,1,0,0,0,1,2,0,0,0,0,0,0,0,0,0,0,0,0,0,0,0,0,0,0,0,0,0,0,0,0,0,0,0,0,0,0,0,0,0,0
BZ,ZIDURI,COSTIENI,50479,420,"ŞCOALA PRIMARĂ COSTIENI",R,561,0,116,2,0,0,118,6,10,6,34,17,4,2,10,20,9,2,2,0,2,0,0,0,1,0,2,1,0,0,2,3,0,1,1,0,1,1,1,0,0,2,0,0,0,2,0,1,1,2,2,1,0,3,4,5,5,1,1,1,0,2,1,2,1,2,1,3,1,2,0,1,1,3,1,0,0,0,1,0,0,0,0,0,0,0,0,0,0,0,0,0,0,0,0,0,0,0,0,0,0,0,0,0,0,0,0,0,0,0,0,0,0,0,0,0,0,0,0,0,3,0,1,0,0,0,0,0,0,0,2,0,0,0,0,0,0,0,1,1,2,2,3,0,0,1,0,1,1,1,1,0,1,2,2,2,1,1,0,1,2,1,2,0,1,0,0,2,1,0,0,1,0,0,0,0,2,0,0,2,0,0,0,1,0,0,0,0,0,0,0,0,0,0,0,0,0,0,0,0,0,0,0,0,0,0,0,0,0,0,0,0,0,0,0,0,0,0,0,0,0,0,0
BZ,ZIDURI,ZOIŢA,50479,424,"CĂMINUL CULTURAL ZOIŢA",R,421,0,60,3,0,0,63,1,4,6,16,10,1,6,2,7,10,0,0,1,0,0,0,0,0,1,0,0,0,1,1,0,0,1,1,2,1,0,0,1,0,0,0,1,1,1,1,0,1,0,0,1,2,0,0,2,2,1,1,2,1,0,0,0,0,1,1,1,3,0,1,0,1,0,0,0,0,0,0,2,0,0,0,0,0,0,0,0,0,0,0,0,0,0,0,0,0,0,0,0,0,0,0,0,0,0,0,0,0,0,0,0,0,0,0,0,0,0,0,0,0,0,0,1,0,0,0,1,0,0,0,1,1,1,1,0,1,0,1,0,0,0,0,0,0,0,1,0,0,0,0,0,0,1,0,0,1,0,1,0,1,0,0,0,2,0,1,2,0,1,1,2,0,0,1,0,1,0,1,1,0,0,0,0,0,0,0,0,0,0,0,0,0,0,0,0,0,0,0,0,0,0,0,0,0,0,0,0,0,0,0,0,0,0,0,0,0,0,0,0,0,0,0
BZ,ZIDURI,CUCULEASA,50479,421,"ŞCOALA PRIMARĂ CUCULEASA",R,355,0,85,7,0,0,92,3,11,7,27,4,4,3,4,22,7,0,0,0,1,1,1,0,0,1,1,1,2,1,2,1,2,0,0,0,0,0,1,0,2,2,0,2,1,2,0,1,0,1,1,2,1,3,1,1,4,2,1,2,1,3,0,0,0,0,0,0,1,0,1,0,0,0,0,0,0,1,0,1,0,0,0,0,0,0,0,0,0,0,0,0,0,0,0,0,0,0,0,0,0,0,0,0,0,0,0,0,0,0,0,0,0,0,0,0,0,0,0,0,1,1,1,0,1,0,0,0,0,0,1,0,0,0,0,1,1,0,2,0,0,0,1,1,0,0,0,1,1,0,3,0,1,1,1,3,0,2,3,4,1,0,0,0,0,1,0,1,0,2,1,0,0,0,0,0,1,0,2,0,0,0,0,0,0,0,0,0,0,0,0,0,0,0,0,0,0,0,0,0,0,0,0,0,0,0,0,0,0,0,0,0,0,0,0,0,0,0,0,0,0,0,0
CS,MARGA,MARGA,53210,273,"CASA CULTURALĂ ”DUMBRĂVIȚA” MARGA",R,859,3,462,3,0,21,486,15,14,41,94,81,11,24,32,92,82,1,2,0,5,4,1,2,1,0,1,1,2,2,1,2,1,3,4,4,4,6,4,7,4,2,2,4,5,3,2,4,4,8,8,0,5,3,5,9,6,9,3,3,7,3,4,3,4,7,5,5,3,9,1,5,5,3,5,8,1,2,4,3,1,2,0,2,1,1,1,1,0,0,1,1,0,0,0,0,0,0,0,0,0,0,0,0,0,0,0,0,0,0,0,0,0,0,0,0,0,0,0,0,3,3,1,3,0,1,0,5,0,0,4,2,1,6,4,0,2,3,7,3,2,2,2,1,5,5,2,4,2,3,2,5,2,4,4,9,4,7,6,10,3,6,2,1,4,5,9,2,1,4,8,6,7,7,7,4,2,2,7,4,7,4,2,2,1,1,2,0,0,0,1,0,0,0,0,0,1,0,0,0,0,0,0,0,0,0,0,0,0,0,0,0,0,0,0,0,0,0,0,0,0,0,0
CT,DOBROMIR,DOBROMIR,61737,438,"CĂMINUL CULTURAL DOBROMIR -",R,807,0,455,0,0,8,463,37,35,45,83,27,32,41,48,79,36,8,6,3,6,5,4,5,5,4,2,4,1,2,4,4,4,5,4,3,8,2,7,7,1,5,4,4,7,2,4,2,5,4,8,2,6,7,5,6,5,3,2,6,3,1,4,1,2,3,2,4,1,2,3,4,2,1,1,0,1,0,0,0,1,0,0,0,0,0,0,0,0,0,0,0,0,0,0,0,0,0,0,0,0,0,0,0,0,0,0,0,0,0,0,0,0,0,0,0,0,0,0,0,7,2,4,8,5,4,2,5,7,2,6,1,4,5,8,2,1,9,4,4,1,1,5,7,4,6,7,3,8,7,4,2,6,3,6,1,4,7,5,5,3,2,2,2,4,1,4,5,4,4,0,3,2,3,2,0,1,1,2,3,0,1,0,1,0,1,0,2,1,0,0,0,0,0,0,0,0,0,0,0,0,0,0,0,0,0,0,0,0,0,0,0,0,0,0,0,0,0,0,0,0,0,0
CT,DOBROMIR,"DOBROMIRU DIN DEAL",61737,440,"SCOALA PRIMARA NR 2 DOBROMIR DEAL",R,265,0,163,1,0,2,166,9,4,15,43,13,9,8,19,33,13,2,2,1,2,1,0,1,1,0,0,2,1,0,0,0,0,0,3,4,2,0,0,1,2,2,1,0,0,1,4,2,3,8,1,1,3,2,0,4,3,3,2,2,1,0,1,2,0,2,2,1,0,1,1,1,0,1,0,0,0,1,0,0,1,0,1,0,0,0,0,0,0,1,0,0,0,0,0,0,0,0,0,0,0,0,0,0,0,0,0,0,0,0,0,0,0,0,0,0,0,0,0,0,1,0,2,3,1,1,1,1,1,0,0,0,1,1,1,3,0,4,1,1,1,2,1,3,0,2,4,1,2,6,1,2,0,3,2,2,3,0,2,2,2,1,0,2,1,0,1,0,2,1,0,0,1,2,1,0,4,0,0,0,1,0,1,0,0,0,0,0,0,0,0,0,0,0,0,0,0,0,0,0,0,0,0,0,0,0,0,0,0,0,0,0,0,0,0,0,0,0,0,0,0,0,0
CT,DOBROMIR,LESPEZI,61737,441,"ȘCOALA PRIMARA NR 3 LESPEZI",R,439,0,291,0,0,2,293,34,19,29,47,11,24,24,33,47,25,9,4,6,3,7,2,3,1,1,3,0,2,2,3,3,0,4,3,2,3,4,1,5,2,3,2,4,1,2,6,6,4,3,2,3,4,2,0,3,1,1,1,2,1,2,1,2,1,0,2,1,1,1,0,0,0,0,0,1,0,1,1,0,0,0,1,0,0,0,0,0,0,1,0,0,0,0,0,0,0,0,0,0,0,0,0,0,0,0,0,0,0,0,0,0,0,0,0,0,0,0,0,0,6,6,1,1,4,2,4,6,3,2,0,3,3,3,1,2,1,4,3,2,1,6,3,1,3,2,8,4,5,3,4,2,3,1,4,3,3,1,0,2,4,0,3,2,1,0,2,2,3,3,0,0,4,3,1,1,0,2,0,1,1,2,0,0,1,0,0,1,0,0,0,0,0,0,0,0,0,0,0,0,0,0,0,0,0,0,0,0,0,0,0,0,0,0,0,0,0,0,0,0,0,0,0
CT,DOBROMIR,VĂLENI,61737,443,"ȘCOALA PRIMARA NR 1 VALENI",R,796,0,449,2,0,0,451,39,30,33,65,14,57,56,61,73,23,6,5,8,7,5,3,5,3,1,4,1,2,1,3,3,6,6,5,0,3,3,7,6,1,2,2,4,4,3,3,3,5,6,5,2,5,5,5,1,3,4,1,2,3,2,2,1,1,0,2,1,5,0,2,1,0,0,0,1,0,0,0,0,0,1,0,0,0,0,0,0,0,0,0,0,0,0,0,0,0,0,0,0,0,0,0,0,0,0,0,0,0,0,0,0,0,0,0,0,0,0,0,0,8,7,12,12,6,7,5,11,4,4,6,7,5,7,7,3,2,4,5,2,13,4,6,4,8,5,10,6,2,5,3,2,4,4,6,4,3,4,3,4,3,7,1,4,3,1,4,1,2,1,2,2,0,4,1,1,3,3,0,0,2,0,0,0,0,1,0,0,0,0,0,0,0,0,0,0,0,0,0,0,0,0,0,0,0,0,0,0,0,0,0,0,0,0,0,0,0,0,0,0,0,0,0
CT,DOBROMIR,PĂDURENI,61737,442,"ȘCOALA GEN CU CLS. I - IV PĂDURENI",R,107,0,48,2,0,0,50,2,6,4,14,4,1,5,4,8,2,0,0,1,1,0,0,0,0,0,2,0,1,1,1,0,1,0,0,1,0,0,1,0,0,0,0,2,3,1,1,3,0,0,0,0,1,0,1,0,0,1,0,0,1,1,0,1,1,0,0,0,1,0,0,0,0,0,0,1,0,1,0,0,0,0,0,0,0,0,0,0,0,0,0,0,0,0,0,0,0,0,0,0,0,0,0,0,0,0,0,0,0,0,0,0,0,0,0,0,0,0,0,0,0,0,0,0,0,1,0,1,0,1,0,0,1,1,0,1,0,0,0,0,0,0,1,0,0,3,0,0,0,0,0,0,1,1,0,1,0,0,1,0,0,1,2,0,0,1,0,0,0,0,0,0,0,0,1,0,0,0,0,0,0,0,0,1,0,0,0,0,0,0,0,0,0,0,0,0,0,0,0,0,0,0,0,0,0,0,0,0,0,0,0,0,0,0,0,0,0,0,0,0,0,0,0
CT,DOBROMIR,CETATEA,61737,439,"SCOALA GENERALA SAT CETATEA",R,189,0,126,4,0,5,135,11,10,16,28,10,15,9,9,19,8,0,1,3,1,3,0,3,0,1,2,0,1,2,2,1,0,1,3,2,2,1,1,0,3,1,2,1,2,3,1,2,0,1,0,2,3,1,0,3,2,2,0,1,1,2,2,0,1,1,1,0,1,0,0,1,0,1,1,0,0,0,0,0,1,1,1,0,0,0,0,0,0,0,0,0,0,0,0,0,0,0,0,0,0,0,0,0,0,0,0,0,0,0,0,0,0,0,0,0,0,0,0,0,3,2,5,1,2,1,1,3,0,1,0,1,1,1,0,1,1,0,2,3,2,0,0,0,1,0,1,0,0,1,1,0,1,3,2,3,1,1,1,1,1,0,1,0,2,0,0,0,0,0,1,1,0,1,1,1,0,0,1,0,1,0,0,1,0,0,0,0,0,0,0,0,0,0,0,0,0,0,0,0,0,0,0,0,0,0,0,0,0,0,0,0,0,0,0,0,0,0,0,0,0,0,0
CT,LUMINA,LUMINA,63152,477,"ȘCOALA VECHE LUMINA",R,1745,5,780,6,2,5,793,29,59,88,146,72,20,59,88,159,73,3,7,2,3,5,2,7,5,3,8,2,1,6,7,6,7,14,9,10,10,10,8,10,7,4,10,10,6,9,12,6,7,7,4,9,5,10,5,11,7,11,8,8,4,7,6,4,8,3,8,5,8,6,6,4,2,4,2,3,3,2,2,1,1,1,0,0,0,2,0,0,0,1,0,0,0,0,0,0,0,0,0,0,0,0,0,0,0,0,0,0,0,0,0,0,0,0,0,0,0,0,0,0,4,1,4,1,1,5,4,4,7,8,5,7,6,5,3,5,9,5,9,10,13,7,11,9,7,9,8,8,8,6,7,5,12,3,2,12,8,13,9,10,10,5,5,10,13,4,9,6,6,4,6,10,7,4,4,4,4,2,1,4,2,1,0,3,0,0,0,1,0,4,0,0,0,0,0,0,0,0,0,0,0,0,0,0,0,0,0,0,0,0,0,0,0,0,0,0,0,0,0,0,0,0,0
CT,LUMINA,LUMINA,63152,478,"ȘCOALA NOUĂ LUMINA",R,1987,2,940,3,1,4,948,40,52,94,186,84,21,58,98,202,113,7,6,7,5,6,3,6,4,6,4,3,8,3,6,7,5,6,10,8,5,10,8,7,11,11,10,14,11,10,8,12,12,8,12,9,14,8,11,8,11,12,5,7,8,7,6,7,9,2,8,14,7,4,7,6,6,6,2,2,2,2,2,1,0,0,0,0,1,0,1,1,1,0,0,0,0,0,0,0,0,0,0,0,0,0,0,0,0,0,0,0,0,0,0,0,0,0,0,0,0,0,0,0,3,3,0,3,2,8,2,1,4,3,3,11,10,7,7,4,8,7,12,5,12,12,6,8,12,6,18,9,17,10,11,8,17,21,7,10,12,6,8,10,16,6,6,8,5,9,6,12,8,12,10,6,11,3,14,7,5,4,3,5,3,3,0,1,0,2,2,1,0,0,1,0,0,0,0,0,0,0,0,0,0,0,0,0,0,0,0,0,0,0,0,0,0,0,0,0,0,0,0,0,0,0,0
CT,LUMINA,LUMINA,63152,479,"GRĂDINIȚA LUMINA",R,1946,0,886,5,0,6,897,32,43,80,176,84,39,58,83,195,107,5,4,6,5,2,6,4,4,2,7,5,2,4,6,1,5,7,5,7,11,8,8,10,10,6,8,7,9,10,8,12,15,8,6,11,11,7,13,11,7,17,6,4,10,6,2,3,10,9,5,4,5,6,5,2,5,5,3,3,3,6,3,3,0,1,1,1,2,0,1,0,1,0,0,0,0,0,0,0,0,0,0,0,0,0,0,0,0,0,0,0,0,0,0,0,0,0,0,0,0,0,0,0,6,7,4,6,5,5,6,3,9,8,6,4,5,6,2,8,7,7,10,8,7,8,11,10,9,5,8,6,19,11,15,11,11,12,13,13,9,12,4,15,12,4,5,7,1,10,5,7,4,6,10,12,8,11,6,7,6,6,9,4,1,1,2,1,4,1,0,0,0,0,0,0,0,0,1,0,0,0,0,0,0,0,0,0,0,0,0,0,0,0,0,0,0,0,0,0,0,0,0,0,0,0,0
CT,LUMINA,LUMINA,63152,480,"CĂMINUL CULTURAL LUMINA",R,1749,1,819,3,0,1,823,33,40,85,163,65,30,54,96,169,88,4,7,2,4,5,4,7,1,0,4,9,4,4,5,5,6,2,10,8,7,13,5,9,5,11,6,11,20,10,10,7,13,8,11,6,6,8,9,9,7,11,6,4,4,2,8,4,7,4,11,5,4,6,3,4,5,2,0,5,2,3,0,0,0,3,1,0,0,0,0,0,0,0,0,0,0,0,0,0,0,0,0,0,0,0,0,0,0,0,0,0,0,0,0,0,0,0,0,0,0,0,0,0,6,3,3,3,6,6,3,5,8,9,4,0,3,5,5,6,9,7,9,9,10,8,13,13,5,7,15,5,11,15,11,14,11,16,6,6,7,8,5,12,10,5,3,7,7,2,8,10,9,7,7,8,10,6,6,0,3,6,3,2,2,3,2,1,3,0,0,0,0,0,0,0,0,0,0,0,0,0,0,0,0,0,0,0,0,0,0,0,0,0,0,0,0,0,0,0,0,0,0,0,0,0,0
CT,LUMINA,LUMINA,63152,481,"ȘCOALA GIMNAZIALĂ NR.1 LUMINA - CLĂDIREA C8",R,2043,3,916,4,0,4,924,43,63,129,178,48,44,62,123,163,71,7,11,2,6,5,5,7,3,12,4,7,4,4,5,9,5,10,6,9,16,13,20,5,13,16,15,16,18,13,12,14,11,12,12,11,11,5,10,4,9,12,3,5,4,7,4,1,2,1,4,5,8,5,5,4,4,5,2,0,0,2,0,0,0,0,0,1,0,0,0,0,0,0,0,0,0,0,0,0,0,0,0,0,0,0,0,0,0,0,0,0,0,0,0,0,0,0,0,0,0,0,0,0,15,5,2,5,6,2,9,3,7,4,5,3,11,9,7,7,6,8,13,16,17,14,11,12,11,11,10,12,12,6,15,13,12,8,13,3,7,10,7,12,7,4,1,7,5,6,3,12,6,4,7,5,5,6,3,4,6,3,1,4,3,0,0,1,1,0,0,0,0,0,0,0,0,0,0,0,0,0,0,0,0,0,0,0,0,0,0,0,0,0,0,0,0,0,0,0,0,0,0,0,0,0,0
CT,LUMINA,OITUZ,63152,482,"ȘCOALA OITUZ",R,699,1,331,3,0,0,334,12,24,36,73,24,8,29,34,73,21,3,2,1,2,1,0,3,0,4,1,1,3,3,3,3,1,5,5,3,5,3,4,1,5,2,4,4,3,3,3,2,1,3,5,3,2,5,5,6,6,7,3,3,2,3,6,2,2,2,3,1,5,2,2,0,3,2,0,1,0,1,0,0,0,0,0,0,0,0,0,0,0,0,0,0,0,0,0,0,0,0,0,0,0,0,0,0,0,0,0,0,0,0,0,0,0,0,0,0,0,0,0,0,1,0,2,2,0,0,3,3,2,0,2,4,2,3,5,5,3,2,6,4,5,2,5,2,3,2,3,3,2,0,5,3,2,4,3,4,8,6,4,5,6,4,3,4,5,1,1,5,2,1,2,5,1,0,0,0,1,1,1,1,0,1,0,0,0,0,0,0,0,0,0,0,0,0,0,0,0,0,0,0,0,0,0,0,0,0,0,0,0,0,0,0,0,0,0,0,0,0,0,0,0,0,0
CT,LUMINA,SIBIOARA,63152,483,"ȘCOALA SIBIOARA",R,379,1,184,2,0,0,186,5,6,17,37,17,11,9,23,33,28,0,1,0,2,1,1,0,0,1,1,0,1,2,0,0,0,1,0,2,2,1,2,2,2,0,3,3,4,1,1,4,3,2,2,1,2,2,1,2,3,3,1,1,1,2,1,0,4,0,1,0,0,1,2,2,0,2,2,1,0,0,0,0,1,0,0,0,1,0,0,0,0,0,0,0,0,0,0,0,0,0,0,0,0,0,0,0,0,0,0,0,0,0,0,0,0,0,0,0,0,0,0,0,4,2,2,2,1,0,0,0,0,2,2,0,1,3,1,0,0,1,3,2,2,3,6,1,1,2,2,1,4,1,2,3,1,1,0,2,0,2,3,3,4,1,1,0,1,1,2,2,2,3,2,4,1,1,3,2,1,1,1,0,1,2,1,0,0,0,0,1,0,0,0,0,0,0,0,0,0,0,0,0,0,0,0,0,0,0,0,0,0,0,0,0,0,0,0,0,0,0,0,0,0,0,0
DB,"ORAŞ GĂEŞTI",GĂEŞTI,65681,92,"COLEGIUL NAȚIONAL ”VLADIMIR STREINU”, CORP C",U,887,0,469,9,0,2,480,17,18,39,92,60,12,24,47,87,84,5,2,2,2,2,3,1,1,1,1,1,1,2,5,2,2,2,3,0,5,6,4,5,2,2,7,5,10,6,5,3,5,4,4,3,1,4,7,3,5,10,5,1,5,1,2,8,4,3,1,5,7,4,7,5,4,4,1,4,2,2,2,0,1,3,0,0,1,0,0,0,0,0,0,0,0,0,0,0,0,0,0,0,0,0,0,0,0,0,0,0,0,0,0,0,0,0,0,0,0,0,0,0,1,2,2,0,4,1,2,2,1,0,1,3,1,3,2,7,4,4,7,8,3,0,7,6,3,5,4,4,3,2,3,5,6,6,4,4,5,3,6,3,5,4,5,4,6,6,3,6,7,6,8,7,5,7,6,2,5,2,6,4,1,3,2,2,0,1,0,1,1,0,0,1,1,0,0,0,0,0,0,0,0,0,0,0,0,0,0,0,0,0,0,0,0,0,0,0,0,0,0,0,0,0,0
DB,"ORAŞ GĂEŞTI",GĂEŞTI,65681,93,"COLEGIUL NAȚIONAL ”VLADIMIR STREINU”, CORP C",U,861,2,460,10,0,2,472,18,20,31,97,59,13,28,41,101,64,7,5,0,2,3,0,1,2,1,1,0,2,1,3,4,2,4,3,2,4,0,2,6,5,0,7,2,6,5,8,3,4,7,5,2,10,7,5,5,9,5,3,4,4,0,1,4,4,3,7,6,1,3,3,3,3,3,2,6,3,1,0,2,2,0,2,3,1,0,0,1,0,0,0,0,0,0,0,0,0,0,0,0,0,0,0,0,0,0,0,0,0,0,0,0,0,0,0,0,0,0,0,0,2,3,3,2,2,0,1,2,3,2,2,4,3,3,3,3,3,2,4,3,1,5,2,2,8,7,7,6,2,5,5,8,7,10,4,5,5,3,7,8,6,3,6,5,2,3,1,2,3,3,6,5,3,4,7,3,7,6,1,1,4,0,3,3,1,1,0,1,0,0,0,0,0,0,0,0,0,0,0,0,0,0,0,0,0,0,0,0,0,0,0,0,0,0,0,0,0,0,0,0,0,0,0
DB,"ORAŞ GĂEŞTI",GĂEŞTI,65681,94,"LICEUL TEHNOLOGIC ” DOCTOR CONSTANTIN ANGELESCU”",U,1150,0,598,11,0,0,609,20,49,40,138,51,18,36,33,146,78,2,0,4,5,4,4,1,5,4,5,3,5,3,8,4,9,3,3,5,3,4,4,6,3,5,3,4,4,2,5,10,8,7,6,11,7,3,10,11,12,16,6,2,6,4,5,3,2,3,2,3,1,5,8,4,4,1,1,4,5,2,2,1,0,1,0,0,1,1,0,0,0,0,0,0,0,0,0,0,0,0,0,0,0,0,0,0,0,0,0,0,0,0,0,0,0,0,0,0,0,0,0,0,6,4,1,2,0,3,2,8,7,3,2,1,1,4,5,3,2,8,5,6,3,1,3,0,4,2,1,7,11,12,7,6,9,4,3,10,11,7,12,6,9,7,5,4,6,5,5,4,7,6,6,7,4,4,3,8,3,1,2,2,5,2,3,3,1,0,2,1,0,2,0,0,0,1,0,1,0,0,0,0,0,0,0,0,0,0,0,0,0,0,0,0,0,0,0,0,0,0,0,0,0,0,0
DB,"ORAŞ GĂEŞTI",GĂEŞTI,65681,95,"COLEGIUL NAȚIONAL ” VLADIMIR STREINU”",U,1477,1,827,20,0,3,850,22,36,75,180,84,24,60,61,194,114,4,4,3,5,3,2,1,2,2,0,4,5,2,3,5,4,9,7,7,8,7,6,8,8,9,9,6,11,6,5,9,6,12,11,5,10,7,7,12,12,15,11,11,8,4,8,10,7,5,7,6,6,6,7,3,4,3,6,4,2,4,2,6,1,1,1,0,0,0,0,2,0,0,0,0,1,0,0,0,0,0,0,0,0,0,0,0,0,0,0,0,0,0,0,0,0,0,0,0,0,0,0,0,4,2,3,4,2,4,5,7,4,7,7,3,7,5,9,5,6,9,7,8,1,11,4,7,4,8,2,7,12,5,6,5,11,9,11,11,14,12,14,13,11,7,13,11,6,7,9,7,6,4,10,7,13,6,7,7,6,8,4,4,2,4,4,5,0,1,2,2,2,1,0,0,1,0,0,1,0,0,0,0,0,0,0,0,0,0,0,0,0,0,0,0,0,0,0,0,0,0,0,0,0,0,0
DB,"ORAŞ GĂEŞTI",GĂEŞTI,65681,96,"ȘCOALA GIMNAZIALĂ ”ȘERBAN CIOCULESCU”",U,1212,1,627,2,0,0,629,15,20,51,120,61,17,34,62,154,95,5,3,2,2,0,1,2,2,0,5,0,3,1,3,0,5,1,5,4,6,5,5,2,8,3,6,7,6,10,6,6,5,10,6,8,9,6,2,6,9,6,3,7,1,7,4,3,2,1,7,4,8,5,2,7,3,3,7,5,1,2,0,0,0,0,1,0,1,0,1,0,0,1,0,0,0,0,0,0,0,0,0,0,0,0,0,0,0,0,0,0,0,0,0,0,0,0,0,0,0,0,0,0,4,1,4,3,4,1,0,2,6,3,6,1,1,1,3,6,5,4,5,1,13,4,7,8,4,9,7,3,10,9,7,8,12,7,4,5,10,8,7,12,8,10,4,5,9,8,8,5,7,13,12,5,6,5,5,6,5,8,6,1,1,2,2,0,1,3,1,0,1,0,0,0,0,0,0,0,0,0,0,0,0,0,0,0,0,0,0,0,0,0,0,0,0,0,0,0,0,0,0,0,0,0,0
DB,"ORAŞ GĂEŞTI",GĂEŞTI,65681,97,"ȘCOALA GIMNAZIALĂ ”ȘERBAN CIOCULESCU”",U,763,0,370,11,0,2,383,7,18,34,75,36,6,19,39,91,58,2,2,1,1,1,0,0,0,0,1,4,1,2,0,2,4,4,5,3,2,5,3,3,2,2,5,4,2,2,8,5,8,4,2,3,2,6,3,5,4,7,2,1,2,4,2,3,2,1,4,1,4,6,0,2,0,2,1,3,3,1,0,0,0,1,0,1,2,1,1,0,0,0,0,0,0,0,0,0,0,0,0,0,0,0,0,0,0,0,0,0,0,0,0,0,0,0,0,0,0,0,0,0,1,0,3,0,1,0,1,0,2,3,2,1,1,3,2,2,3,7,5,3,5,6,4,6,2,0,1,8,4,3,6,4,4,2,5,9,9,4,7,3,3,2,2,4,6,4,2,5,3,3,9,4,7,4,1,1,2,5,4,1,3,1,1,1,1,0,0,1,1,0,0,0,0,0,0,0,0,0,0,0,0,0,0,0,0,0,0,0,0,0,0,0,0,0,0,0,0,0,0,0,0,0,0
DB,"ORAŞ GĂEŞTI",GĂEŞTI,65681,98,"ȘCOALA GIMNAZIALĂ ”ȘERBAN CIOCULESCU”",U,1043,1,496,18,0,3,517,18,20,42,83,47,17,44,45,118,83,3,3,4,0,2,3,3,1,1,1,4,6,1,3,1,2,0,2,2,6,6,7,3,4,5,1,6,5,3,3,5,9,4,5,4,8,2,6,2,6,4,4,5,4,1,2,1,2,3,4,5,3,2,6,3,2,2,4,0,1,4,1,2,1,0,0,1,1,0,0,0,0,0,0,0,0,0,0,0,0,0,0,0,0,0,0,0,0,0,0,0,0,0,0,0,0,0,0,0,0,0,0,0,2,2,2,2,5,3,1,6,1,6,2,3,2,7,4,4,9,5,9,2,6,4,5,3,3,3,5,3,6,10,8,6,10,7,2,10,7,6,4,8,9,4,2,5,2,5,4,5,9,7,7,5,5,5,6,6,5,2,4,4,4,2,0,1,0,0,2,1,1,0,0,1,0,1,0,0,0,0,0,0,0,0,0,0,0,0,0,0,0,0,0,0,0,0,0,0,0,0,0,0,0,0,0
DB,"ORAŞ GĂEŞTI",GĂEŞTI,65681,99,"ȘCOALA GIMNAZIALĂ ”ȘERBAN CIOCULESCU”",U,1185,0,620,19,0,2,641,23,26,56,126,61,19,39,56,154,81,6,1,3,2,3,4,4,0,3,1,3,3,4,2,2,4,4,12,5,3,6,10,6,3,2,4,5,7,4,9,12,13,13,6,5,5,5,3,9,11,5,2,4,2,6,4,1,6,2,4,3,3,6,3,6,2,4,5,3,4,3,3,0,0,2,2,0,0,0,0,0,0,0,0,0,0,0,0,0,0,0,0,0,0,0,0,0,0,0,0,0,0,0,0,0,0,0,0,0,0,0,0,0,5,2,2,1,2,4,3,2,0,1,2,5,5,5,7,6,6,9,7,1,9,6,2,5,4,5,8,5,9,5,9,12,7,7,1,8,8,10,14,12,11,7,2,10,5,5,7,7,5,6,10,6,2,3,7,3,8,5,4,6,5,0,3,0,0,0,1,0,0,0,0,0,0,0,0,0,0,0,0,0,0,0,0,0,0,0,0,0,0,0,0,0,0,0,0,0,0,0,0,0,0,0,0
DB,"ORAŞ GĂEŞTI",GĂEŞTI,65681,100,"ȘCOALA GIMNAZIALĂ ”RADU CEL MARE”",U,576,0,312,20,0,1,333,7,11,31,58,34,9,29,33,76,45,2,2,3,0,0,0,0,2,1,1,1,2,0,0,2,1,1,3,1,3,5,2,5,1,6,2,3,4,6,3,3,5,1,6,3,2,3,3,2,2,3,2,4,2,2,0,2,4,4,6,2,2,2,1,2,2,4,0,2,0,2,1,0,0,0,0,0,0,0,0,0,0,0,0,0,0,0,0,0,0,0,0,0,0,0,0,0,0,0,0,0,0,0,0,0,0,0,0,0,0,0,0,0,0,2,0,2,1,2,2,2,2,4,2,4,3,3,2,6,1,3,2,4,2,9,6,1,2,2,2,2,3,4,6,1,1,2,3,4,3,7,3,2,6,6,6,4,3,6,4,3,4,3,3,2,4,2,4,1,3,3,4,2,1,0,0,1,1,0,1,1,1,1,0,0,0,0,0,0,0,0,0,0,0,0,0,0,0,0,0,0,0,0,0,0,0,0,0,0,0,0,0,0,0,0,0
DB,"ORAŞ GĂEŞTI",GĂEŞTI,65681,101,"ȘCOALA GIMNAZIALĂ ”RADU CEL MARE”",U,1151,1,629,19,0,0,648,20,28,69,131,56,25,37,67,147,68,3,3,3,1,2,5,3,2,3,2,0,1,4,1,11,4,0,7,6,7,9,7,8,8,5,4,8,10,11,5,9,10,7,7,5,2,5,5,6,12,7,2,6,5,7,5,5,2,3,10,2,5,5,4,3,6,2,0,3,3,3,2,0,1,0,1,0,0,1,0,0,0,0,0,0,0,0,0,0,0,0,0,0,0,0,0,0,0,0,0,0,0,0,0,0,0,0,0,0,0,0,0,0,4,2,1,3,7,3,5,3,3,2,3,3,3,5,2,6,7,4,4,9,9,10,8,6,5,3,9,8,5,6,5,8,12,4,9,2,8,6,11,9,6,6,11,13,4,4,10,5,5,9,5,7,2,4,5,4,6,1,5,1,3,0,2,0,2,0,1,0,0,0,1,0,0,0,0,0,0,0,0,0,0,0,0,0,0,0,0,0,0,0,0,0,0,0,0,0,0,0,0,0,0,0,0
DB,"ORAŞ GĂEŞTI",GĂEŞTI,65681,102,"ȘCOALA GIMNAZIALĂ ”RADU CEL MARE”",U,1571,1,846,20,0,6,872,26,39,67,183,91,29,49,63,194,131,4,6,1,3,4,4,4,2,4,3,5,6,1,7,4,6,1,8,6,9,9,7,5,4,2,10,7,8,12,11,9,11,13,9,7,17,4,14,13,12,10,7,7,5,4,2,8,8,5,11,4,4,7,9,6,5,4,9,6,3,2,3,1,0,2,0,1,1,0,0,0,0,0,0,0,0,0,0,0,0,0,0,0,0,0,0,0,0,0,0,0,0,0,0,0,0,0,0,0,0,0,0,0,6,2,5,3,4,8,1,3,4,5,4,6,2,7,3,8,7,5,10,8,9,2,3,7,5,6,8,7,17,11,15,9,10,9,12,8,9,17,8,8,15,6,9,8,6,4,6,6,5,13,8,7,15,9,14,5,8,10,5,8,3,2,1,2,3,0,3,1,0,1,0,1,0,1,0,0,0,0,0,0,0,0,0,0,0,0,0,0,0,0,0,0,0,0,0,0,0,0,0,0,0,0,0
DJ,SOPOT,SOPOT,74242,491,"SCOALA CU CLASELE I-IV SOPOT",R,356,0,223,6,0,10,239,9,19,16,50,31,8,11,6,37,52,1,2,1,0,1,4,0,1,1,2,7,3,2,1,0,2,0,0,0,3,2,2,2,1,3,2,1,3,2,2,0,1,3,4,6,4,3,3,4,4,3,1,1,2,0,1,3,1,0,6,2,2,2,1,0,1,1,4,1,2,1,0,1,1,0,0,1,1,0,1,0,1,1,0,0,0,0,0,0,0,0,0,0,0,0,0,0,0,0,0,0,0,0,0,0,0,0,0,0,0,0,0,0,0,1,0,3,1,1,2,2,2,1,0,2,1,1,0,0,2,0,2,0,0,0,0,2,0,1,1,2,2,2,2,1,5,3,2,1,3,2,2,2,2,2,0,0,1,2,1,0,0,3,1,3,7,3,0,2,3,4,1,6,3,2,0,3,1,1,2,0,0,2,2,3,0,0,0,0,0,0,0,0,0,0,0,0,0,0,0,0,0,0,0,0,0,0,0,0,0,0,0,0,0,0,0
DJ,SOPOT,BELOŢ,74242,493,"SCOALA CU CLASELE I-VIII BELOŢ",R,239,0,171,6,0,4,181,4,14,10,35,31,5,13,6,28,35,0,1,0,1,1,0,1,4,0,0,2,0,2,2,1,3,0,0,1,2,0,3,0,1,1,2,0,2,0,4,1,3,2,5,1,0,0,2,3,2,2,1,1,3,2,1,0,5,1,4,1,2,2,4,2,2,0,0,1,1,2,1,1,0,0,0,1,0,1,0,0,0,0,0,0,0,0,0,0,0,0,0,0,0,0,0,0,0,0,0,0,0,0,0,0,0,0,0,0,0,0,0,0,0,0,1,1,1,1,1,1,1,3,0,4,1,1,0,2,0,1,1,0,0,0,0,2,0,1,1,4,0,3,4,1,0,1,0,3,1,1,2,0,1,0,1,0,2,2,2,1,2,2,3,2,2,3,1,2,2,2,4,0,2,1,0,0,0,1,1,1,0,2,0,1,0,0,0,0,0,0,0,0,0,0,0,0,0,0,0,0,0,0,0,0,0,0,0,0,0,0,0,0,0,0,0
DJ,SOPOT,SÂRSCA,74242,495,"SCOALA SÎRSCA",R,118,0,77,3,0,5,85,3,6,8,20,13,4,6,3,10,12,0,0,1,1,1,0,0,0,2,0,1,1,0,0,1,0,1,0,1,2,2,0,0,1,0,1,1,1,0,1,3,2,0,1,1,1,0,2,1,1,1,2,1,0,0,2,0,0,3,0,2,0,0,1,1,0,0,1,0,0,0,0,0,2,0,0,1,1,0,0,1,0,0,0,0,0,0,0,0,0,0,0,0,0,0,0,0,0,0,0,0,0,0,0,0,0,0,0,0,0,0,0,0,1,0,1,0,0,0,2,0,0,2,1,0,0,0,0,0,3,0,2,0,1,0,0,0,0,0,0,0,0,1,0,1,0,2,0,1,1,1,0,0,0,1,0,2,0,0,0,0,0,1,0,0,0,1,0,2,1,1,2,1,0,1,0,0,0,2,0,0,0,0,0,0,0,0,0,0,0,0,0,0,0,0,0,0,0,0,0,0,0,0,0,0,0,0,0,0,0,0,0,0,0,0,0
DJ,SOPOT,BAŞCOV,74242,492,"ANEXĂ ȘCOALĂ",R,270,0,198,4,0,11,213,11,17,18,43,15,7,14,15,32,41,2,2,1,2,0,1,3,1,0,1,0,2,1,3,3,3,3,4,0,0,1,1,4,4,1,3,0,2,4,2,0,0,1,3,3,3,3,3,1,7,4,1,0,2,2,1,1,0,1,0,2,0,0,2,1,2,0,1,0,2,0,1,0,0,1,1,0,0,0,0,0,1,0,0,0,0,0,0,0,0,0,0,0,0,0,0,0,0,0,0,0,0,0,0,0,0,0,0,0,0,0,0,0,2,3,0,0,2,0,0,2,0,1,0,2,3,1,1,3,1,1,1,4,1,2,1,1,0,2,2,0,3,1,1,2,1,3,4,2,2,3,0,2,2,0,2,1,0,2,1,2,1,2,4,2,4,0,1,2,1,3,2,3,1,2,1,1,1,0,0,0,3,1,0,1,1,0,1,0,0,0,0,0,1,0,0,0,0,0,0,0,0,0,0,0,0,0,0,0,0,0,0,0,0,0,0
DJ,SOPOT,PIETROAIA,74242,494,"SCOALA CU CLASELE I-IV PIETROAIA",R,336,0,239,1,0,3,243,15,23,27,43,28,8,13,16,35,35,2,1,7,0,2,1,2,6,2,2,2,2,2,2,2,2,1,0,4,2,1,3,5,4,3,2,3,0,3,1,1,5,0,1,3,3,5,2,2,3,5,0,4,2,1,0,2,2,2,1,1,1,2,2,1,0,0,1,2,1,3,0,1,0,1,1,3,0,1,1,0,1,0,0,0,0,0,0,0,0,0,0,0,0,0,0,0,0,0,0,0,0,0,0,0,0,0,0,0,0,0,0,0,3,0,0,1,0,2,2,0,0,0,0,1,1,4,3,3,1,1,3,2,2,3,1,0,2,1,1,3,3,0,4,2,1,0,4,3,2,2,3,2,1,1,0,2,1,1,0,2,1,4,0,2,0,3,2,1,1,3,4,0,2,3,1,0,2,0,0,1,0,1,1,0,0,0,1,0,0,0,0,0,0,0,0,0,0,0,0,0,0,0,0,0,0,0,0,0,0,0,0,0,0,0,0
IL,"VALEA CIORII","VALEA CIORII",94688,216,"CENTRUL COMUNITAR MULTIFUNCȚIONAL VALEA CIORII",R,1372,1,790,2,0,26,818,27,56,70,175,87,23,50,61,160,109,4,5,6,6,3,0,3,2,8,4,7,3,7,6,7,5,7,4,8,8,8,11,7,2,6,6,10,10,9,9,9,5,13,7,16,13,8,10,15,12,16,4,0,5,4,5,5,5,6,6,11,7,3,6,7,2,2,4,4,2,2,6,3,3,0,1,1,1,1,1,1,1,0,0,0,0,1,0,0,0,0,0,0,0,0,0,0,0,0,0,0,0,0,0,0,0,0,0,0,0,0,0,0,1,3,2,8,5,4,0,6,3,9,4,6,4,2,6,2,8,5,5,7,6,5,4,4,7,9,9,8,10,13,7,8,7,4,8,10,5,11,16,7,10,4,5,4,9,5,9,11,6,5,6,7,7,7,10,10,2,8,5,2,1,2,2,3,2,3,3,0,1,1,1,0,0,0,2,1,1,0,0,0,0,0,0,0,0,0,0,0,0,0,0,0,0,0,0,0,0,0,0,0,0,0,0
IS,VÂNĂTORI,VÂNĂTORI,100086,759,"CAMINUL CULTURAL VINATORI",R,872,0,451,1,0,27,479,14,29,31,96,63,18,23,26,95,84,7,0,0,2,2,1,2,3,1,7,0,4,3,5,3,0,3,3,2,6,4,4,2,5,1,2,2,0,3,12,6,2,2,6,4,5,4,7,9,6,2,6,6,5,6,1,4,5,7,2,5,3,3,1,2,4,3,3,0,3,4,1,0,1,1,3,3,3,1,1,1,0,2,1,0,0,0,0,0,0,0,0,0,0,0,0,0,0,0,0,0,0,0,0,0,0,0,0,0,0,0,0,0,2,3,2,5,4,1,1,2,1,5,0,1,1,2,4,3,4,4,3,1,3,0,3,4,2,3,3,5,5,10,3,5,7,5,6,4,3,5,8,6,3,4,2,1,3,6,4,3,2,4,2,7,6,5,4,4,0,4,5,10,3,1,3,8,1,2,1,2,1,3,1,0,0,0,0,2,0,0,0,0,0,0,0,0,0,0,0,0,0,0,0,0,0,0,0,0,0,0,0,0,0,0,0
IS,VÂNĂTORI,CRIVEŞTI,100086,760,"ȘCOALA CU CLASELE I-VIII CRIVEȘTI",R,1178,0,734,2,0,33,769,35,41,65,148,77,35,63,66,148,91,7,5,6,4,6,4,3,7,2,2,4,3,3,5,2,8,5,4,5,12,3,7,7,5,8,7,7,12,8,7,9,7,12,10,7,11,8,7,6,7,5,5,4,9,5,4,5,11,7,2,2,3,6,4,4,3,4,5,2,3,1,1,1,4,1,2,2,3,2,0,0,1,2,0,0,0,1,0,0,0,0,0,0,0,0,0,0,0,0,0,0,0,0,0,0,0,0,0,0,0,0,0,0,7,4,5,5,6,4,4,6,6,7,7,4,5,4,5,8,11,9,7,4,10,7,6,5,5,9,4,7,11,14,13,5,8,6,9,7,8,7,5,8,13,9,3,8,2,1,4,2,5,6,9,1,6,3,6,5,4,6,6,0,3,4,3,3,1,3,1,3,0,4,4,2,0,0,0,0,0,0,1,0,0,0,0,0,0,0,0,0,0,0,0,0,0,0,0,0,0,0,0,0,0,0,0
IS,VÂNĂTORI,"GURA BÂDILIŢEI",100086,761,"SCOALA CU CLASELE I-IV GURA-BIDILITEI",R,489,0,243,5,0,4,252,7,8,16,59,29,9,11,18,62,33,0,2,0,3,0,1,1,0,0,0,1,2,1,0,0,2,2,3,0,2,1,0,2,3,2,2,1,2,3,2,1,3,4,5,5,2,2,1,8,5,2,2,3,2,1,3,3,3,0,3,1,5,0,2,2,3,0,0,1,1,1,2,1,0,2,0,1,0,1,0,0,0,0,0,0,0,0,0,0,0,0,0,0,0,0,0,0,0,0,0,0,0,0,0,0,0,0,0,0,0,0,0,0,1,2,0,1,1,4,0,2,0,2,1,2,1,0,1,2,0,4,0,1,2,1,2,2,2,2,2,5,3,1,4,4,2,3,4,1,7,4,6,3,0,1,4,2,2,4,2,1,2,2,0,3,1,1,2,2,2,3,1,4,1,0,1,0,0,0,0,0,1,0,0,1,1,1,1,0,0,1,0,1,0,0,0,0,0,0,0,0,0,0,0,0,0,0,0,0,0,0,0,0,0,0,0
IS,VÂNĂTORI,HÂRTOAPE,100086,762,"ȘCOALA GIMNAZIALĂ HÎRTOAPE",R,908,0,569,7,0,14,590,24,39,46,138,73,22,45,34,98,71,6,0,3,5,2,7,1,5,2,5,0,5,2,3,5,5,7,3,8,7,4,3,3,9,1,1,7,5,5,5,9,5,9,5,5,6,10,12,5,12,11,7,4,6,7,4,6,4,6,0,4,3,9,2,7,4,5,4,3,2,4,3,3,0,1,1,1,1,0,2,1,0,2,0,0,0,0,0,1,0,0,0,0,0,0,0,0,0,0,0,0,0,0,0,0,0,0,0,0,0,0,0,0,2,4,2,3,4,7,0,4,4,8,5,0,6,6,3,4,5,4,3,1,5,6,5,1,6,1,2,4,4,2,6,8,5,5,6,8,3,10,4,7,7,6,6,0,4,2,1,3,3,6,1,1,5,5,6,6,4,0,5,4,2,2,1,4,0,0,2,3,1,0,1,0,3,2,1,0,0,0,0,0,0,0,0,0,0,0,0,0,0,0,0,0,0,0,0,0,0,0,0,0,0,0,0
IS,VÂNĂTORI,VLĂDNICUŢ,100086,763,"ȘCOALA PRIMARĂ VLĂDNICUȚ",R,116,0,66,5,0,0,71,3,2,10,14,8,1,9,7,11,6,0,1,0,0,0,2,0,0,1,0,1,0,0,0,0,0,0,0,0,1,3,2,2,0,0,0,2,0,0,2,2,0,2,2,0,1,2,0,0,2,0,0,1,0,0,0,0,0,0,0,0,1,0,1,1,0,1,1,1,0,0,1,0,0,0,0,0,0,0,1,0,0,0,0,0,0,0,0,0,0,0,0,0,0,0,0,0,0,0,0,0,0,0,0,0,0,0,0,0,0,0,0,0,0,1,0,0,0,0,0,2,2,1,1,1,1,0,0,1,0,1,3,0,0,0,1,2,0,0,0,1,0,0,0,1,1,3,1,2,0,0,0,0,1,0,0,0,0,0,1,0,0,1,0,1,1,1,1,0,1,0,0,0,0,0,0,0,0,0,0,0,0,0,0,0,0,0,0,0,0,0,0,0,0,0,0,0,0,0,0,0,0,0,0,0,0,0,0,0,0,0,0,0,0,0,0
MM,"POIENILE DE SUB MUNTE","POIENILE DE SUB MUNTE",108473,357,"ȘCOALA PROFESIONALĂ",R,1200,2,531,5,0,0,536,21,37,43,84,42,33,51,48,124,53,5,3,3,2,4,2,2,5,2,2,1,4,6,2,6,9,0,5,1,5,3,6,2,6,5,3,7,2,3,3,5,4,7,3,1,9,3,9,3,5,3,5,7,3,3,3,3,4,3,5,2,6,2,1,1,3,3,3,2,0,0,0,0,2,0,3,0,0,1,1,0,0,0,0,0,0,0,0,0,0,0,0,0,0,0,0,0,0,0,0,0,0,0,0,0,0,0,0,0,0,0,0,0,1,6,2,4,1,8,11,4,6,6,4,3,7,6,4,5,6,6,4,5,3,2,4,4,8,4,8,3,8,7,5,10,7,6,8,10,8,9,6,4,6,3,7,4,5,3,5,3,4,4,1,3,1,7,3,3,4,4,6,1,1,2,0,2,0,1,0,1,0,0,1,0,1,0,0,0,0,0,0,0,0,0,0,0,0,0,0,0,0,0,0,0,0,0,0,0,0,0,0,0,0,0,0
MM,"POIENILE DE SUB MUNTE","POIENILE DE SUB MUNTE",108473,358,"ȘCOALA PROFESIONALĂ",R,1120,0,441,9,0,0,450,13,16,41,88,33,34,34,50,94,47,5,1,0,2,1,2,2,1,1,0,1,0,2,2,3,3,3,5,3,2,7,7,5,3,2,2,5,5,4,7,8,4,5,3,5,5,2,3,5,4,5,2,5,7,5,1,3,2,3,4,2,2,1,2,5,5,0,0,1,0,1,1,0,0,0,1,0,0,0,2,0,0,0,0,1,0,0,0,0,0,0,0,0,0,0,0,0,0,0,0,0,0,0,0,0,0,0,0,0,0,0,0,0,5,7,4,6,3,6,3,4,4,1,5,2,4,4,2,4,4,1,3,5,5,7,10,6,3,3,7,4,8,3,10,6,2,7,3,4,3,3,5,3,4,5,6,4,5,4,5,4,5,2,5,4,5,2,4,4,3,1,3,0,0,1,1,0,1,0,1,1,0,0,0,0,0,0,0,0,0,0,0,0,0,0,0,0,0,0,0,0,0,0,0,0,0,0,0,0,0,0,0,0,0,0,0
MM,"POIENILE DE SUB MUNTE","POIENILE DE SUB MUNTE",108473,360,"ȘCOALA NEJNI CRAI",R,1138,0,498,4,0,1,503,18,43,43,87,51,24,45,43,99,50,5,4,1,1,4,0,3,4,7,8,1,1,5,4,6,1,6,4,1,4,7,4,2,4,5,3,9,5,4,6,2,3,4,6,7,6,3,3,3,8,6,3,2,4,6,2,4,5,4,0,6,4,5,3,3,2,3,2,6,1,3,1,0,1,0,0,0,0,1,1,0,0,0,0,0,0,0,0,0,0,0,0,0,0,0,0,0,0,0,0,0,0,0,0,0,0,0,0,0,0,0,0,0,5,2,3,4,1,7,2,5,4,5,2,4,4,8,2,6,5,3,4,4,6,6,2,6,3,3,6,4,8,6,5,7,6,4,6,3,7,2,2,2,4,5,9,5,5,4,5,4,2,1,4,2,4,6,4,3,4,2,2,0,2,2,2,2,2,1,1,0,0,0,0,0,0,0,0,0,0,0,0,0,0,0,0,0,0,0,0,0,0,0,0,0,0,0,0,0,0,0,0,0,0,0,0
MM,"POIENILE DE SUB MUNTE","POIENILE DE SUB MUNTE",108473,361,"ȘCOALA GIMNAZIALĂ NR. 4",R,1149,0,497,3,0,1,501,22,20,50,99,44,35,29,56,91,55,5,2,1,4,3,2,5,1,2,3,2,0,3,3,2,1,3,2,4,5,7,8,7,8,4,5,0,7,9,7,4,6,2,9,3,5,4,4,3,0,4,8,3,7,7,3,4,3,4,5,5,4,3,3,1,2,1,3,1,2,3,1,1,0,0,1,0,1,0,0,0,0,0,0,0,0,0,0,0,0,0,0,0,0,0,0,0,0,0,0,0,0,0,0,0,0,0,0,0,0,0,0,0,8,1,4,6,6,4,6,2,3,4,3,4,3,3,2,3,2,6,10,4,5,3,7,3,5,3,10,3,1,6,2,9,5,6,5,3,6,3,1,8,4,5,6,2,6,4,6,9,4,2,4,2,4,4,3,4,5,3,0,2,2,2,2,1,1,0,0,0,0,0,1,0,0,0,0,0,0,0,0,0,0,0,0,0,0,0,0,0,0,0,0,0,0,0,0,0,0,0,0,0,0,0,0
MM,"POIENILE DE SUB MUNTE","POIENILE DE SUB MUNTE",108473,363,"ȘCOALA GIMNAZIALĂ NR. 4, STRUCTURA LUHEI",R,906,0,437,5,0,5,447,21,33,38,94,31,31,31,49,83,36,3,0,1,4,6,5,2,1,3,2,1,3,8,0,5,6,4,4,8,5,2,1,5,3,5,4,1,3,3,9,6,7,5,7,9,4,1,4,7,2,2,3,5,3,5,6,3,3,5,2,2,1,2,1,3,1,3,2,2,0,1,2,0,0,0,1,0,0,0,0,0,0,0,0,0,0,0,0,0,0,0,0,0,0,0,0,0,0,0,0,0,0,0,0,0,0,0,0,0,0,0,0,0,5,5,3,4,5,3,6,2,5,1,5,2,6,2,2,3,3,3,5,6,2,9,4,2,4,6,8,1,6,3,3,3,1,2,4,3,5,5,3,5,6,2,7,8,10,3,3,2,5,1,3,2,6,3,3,1,4,1,1,0,0,1,0,2,0,1,0,0,0,0,0,0,0,0,0,0,0,0,0,0,0,0,0,0,0,0,0,0,0,0,0,0,0,0,0,0,0,0,0,0,0,0,0
MM,ŞIEU,ŞIEU,179613,417,"CĂMINUL CULTURAL",R,1185,1,671,8,0,31,710,21,29,60,126,109,22,34,50,121,138,2,2,0,6,4,2,5,4,4,0,2,5,4,1,4,3,2,6,8,2,3,3,9,8,9,9,3,4,8,4,8,12,8,5,5,2,7,8,6,6,4,5,8,8,7,1,10,6,7,9,7,10,5,5,6,6,9,7,4,4,7,1,6,0,3,0,2,2,0,1,0,1,0,0,1,0,0,0,0,0,0,0,0,0,0,0,0,0,0,0,0,0,0,0,0,0,0,0,0,0,0,0,0,3,3,1,6,3,3,3,3,3,2,1,2,4,5,7,3,4,5,8,5,7,4,4,9,2,3,3,4,7,8,3,6,2,4,5,11,8,5,7,5,7,9,10,4,4,5,7,12,16,9,5,8,4,9,5,6,6,5,11,4,5,7,2,5,4,2,2,3,0,1,1,2,0,1,0,2,0,0,0,1,0,0,0,0,0,0,0,0,0,0,0,0,0,0,0,0,0,0,0,0,0,0,0
MM,ŞIEU,ŞIEU,179613,418,"ȘCOALA DE LA PODUL RÂTULUI",R,708,0,423,6,0,15,444,13,21,27,94,58,12,35,35,83,66,2,5,1,1,0,2,2,0,1,1,3,3,2,2,2,7,0,0,1,1,4,4,3,3,5,4,2,6,5,6,7,2,4,3,8,6,7,5,6,3,6,4,4,2,3,3,4,10,5,2,5,4,2,1,4,1,2,0,3,4,1,2,1,1,2,1,0,0,1,2,0,1,2,0,0,0,0,0,0,0,1,0,0,0,0,0,0,0,0,0,0,0,0,0,0,0,0,0,0,0,0,0,0,1,3,1,1,2,3,1,5,0,6,2,6,3,3,1,4,5,4,2,3,2,2,5,6,6,2,3,3,5,3,4,6,2,6,5,6,4,3,5,4,2,5,8,4,2,3,3,2,4,2,1,5,8,2,2,4,5,0,3,5,3,2,3,2,3,1,1,1,2,2,0,0,0,3,0,0,0,0,0,0,0,0,0,0,0,0,0,0,0,0,0,0,0,0,0,0,0,0,0,0,0,0,0
MM,"POIENILE DE SUB MUNTE","POIENILE DE SUB MUNTE",108473,359,"ȘCOALA PRIMARĂ SI GRĂDINIȚA",R,1112,0,454,4,0,2,460,15,32,33,93,44,26,30,44,97,46,1,3,2,2,3,1,3,0,3,5,3,8,2,0,3,4,4,3,6,5,2,3,3,5,1,0,5,3,3,3,11,11,1,5,1,4,4,7,3,6,5,7,4,3,2,4,6,4,2,5,5,2,4,0,3,5,3,2,1,3,0,0,3,1,0,0,1,0,0,0,0,0,0,0,0,0,0,0,0,0,0,0,0,0,0,0,0,0,0,0,0,0,0,0,0,0,0,0,0,0,0,0,0,4,3,1,0,5,4,9,2,4,3,5,2,1,1,0,8,4,3,6,2,3,7,3,7,5,3,5,7,6,7,2,7,5,2,4,8,4,4,4,4,6,3,9,0,3,6,6,2,7,1,5,4,5,3,3,1,3,2,2,0,0,3,1,3,0,0,0,0,0,1,0,0,0,0,0,0,0,0,0,0,0,0,0,0,0,0,0,0,0,0,0,0,0,0,0,0,0,0,0,0,0,0,0
MM,"POIENILE DE SUB MUNTE","POIENILE DE SUB MUNTE",108473,362,"ȘCOALA GIMNAZIALĂ NR. 4",R,1096,0,483,4,0,1,488,23,23,40,100,47,35,34,55,87,44,6,6,0,1,4,0,6,3,3,2,1,2,3,0,3,5,1,8,2,3,7,3,4,2,6,1,4,5,7,4,5,9,6,5,6,3,1,8,3,3,1,5,6,6,7,6,4,4,4,2,4,2,6,5,1,2,4,1,2,0,0,1,1,1,2,0,2,1,0,0,0,0,1,0,0,0,1,0,0,0,0,0,0,0,0,0,0,0,0,0,0,0,0,0,0,0,0,0,0,0,0,0,0,6,5,4,5,6,6,3,6,3,1,3,2,3,3,5,2,6,6,4,4,4,7,7,5,8,2,8,6,3,4,5,3,5,7,2,8,3,9,2,1,3,2,4,7,2,5,6,3,3,6,7,0,2,3,3,1,3,3,1,2,0,0,0,1,2,2,0,1,0,1,0,0,0,0,0,0,0,0,0,0,0,0,0,0,0,0,0,0,0,0,0,0,0,0,0,0,0,0,0,0,0,0,0
SB,CÂRŢA,CÂRŢA,144508,260,"PRIMARIA CIRTA",R,1011,9,588,16,7,27,638,31,34,64,125,70,35,46,51,104,78,4,7,6,5,3,4,2,7,0,6,3,3,2,2,3,5,3,5,7,9,7,5,5,9,8,5,4,8,8,5,6,13,2,9,4,7,7,6,4,6,8,5,5,9,2,7,4,5,4,5,1,6,6,5,3,4,4,5,1,1,4,2,1,0,1,3,5,0,0,2,1,0,0,1,0,0,0,0,0,0,0,0,0,0,0,0,0,0,0,0,0,0,0,0,0,0,0,0,0,0,0,0,0,5,6,2,7,6,4,5,4,6,1,4,7,7,3,5,4,5,3,8,4,8,5,4,3,0,5,11,4,5,10,3,3,2,4,5,10,2,5,4,9,9,3,4,5,5,4,8,4,9,1,2,5,6,5,2,3,4,3,4,4,2,4,0,2,2,2,2,4,3,1,0,1,0,0,3,0,0,0,0,0,0,0,0,0,0,0,0,0,0,0,0,0,0,0,0,0,0,0,0,0,0,0,0
B,"BUCUREŞTI SECTORUL 1","BUCUREŞTI SECTORUL 1",179141,1,"LICEUL TEORETIC ”NICOLAE IORGA”",U,1330,16,238,11,0,0,249,8,10,25,52,33,6,6,22,41,46,1,1,1,1,0,0,4,1,3,0,0,2,0,2,1,1,0,2,2,2,5,2,0,2,2,6,2,3,5,6,2,5,3,2,2,1,4,4,4,2,1,2,2,1,2,0,1,2,2,0,2,1,1,1,0,0,1,3,3,4,1,2,1,2,1,0,0,2,0,2,1,0,1,0,0,0,0,0,0,0,0,0,0,0,0,0,0,0,0,0,0,0,0,0,0,0,0,0,0,0,0,0,0,0,0,0,1,2,1,2,1,0,0,1,0,1,2,1,0,0,1,1,0,3,1,4,2,7,1,2,1,1,5,7,0,2,5,2,1,1,1,1,2,5,1,1,1,2,0,2,1,1,3,4,5,4,1,4,1,2,4,4,3,1,1,0,2,0,1,2,1,0,0,0,0,0,0,1,0,0,0,0,0,0,0,0,0,0,0,0,0,0,0,0,0,0,0,0,0,0,0,0,0,0,0,0
B,"BUCUREŞTI SECTORUL 1","BUCUREŞTI SECTORUL 1",179141,2,"LICEUL TEORETIC ”NICOLAE IORGA”",U,1107,10,496,16,0,0,512,16,22,40,100,66,23,15,49,95,86,3,1,4,2,4,0,2,3,0,4,1,2,2,0,3,2,5,1,3,7,4,6,4,4,5,3,3,8,10,7,4,4,4,5,2,5,4,3,12,10,6,6,2,2,1,4,1,2,3,3,2,5,6,3,4,4,2,5,3,3,2,3,3,2,2,0,2,0,0,1,0,0,3,1,1,1,0,0,0,0,0,0,0,0,0,0,0,0,0,0,0,0,0,0,0,0,0,0,0,0,0,0,0,2,4,2,0,8,2,5,1,2,0,1,1,3,3,3,1,0,3,5,6,6,8,3,1,6,3,8,5,4,7,7,6,3,8,4,3,5,4,5,6,12,1,4,2,2,6,1,3,2,6,3,9,3,6,1,3,4,8,5,6,3,1,2,3,2,5,2,1,1,2,0,2,0,2,0,1,0,0,0,0,0,0,0,0,0,0,0,0,0,0,0,0,0,0,0,0,0,0,0,0,0,0,0
B,"BUCUREŞTI SECTORUL 1","BUCUREŞTI SECTORUL 1",179141,3,"LICEUL TEORETIC ”NICOLAE IORGA”",U,1164,9,510,11,0,0,521,15,16,42,102,61,17,18,42,112,96,3,0,6,1,1,3,1,2,3,2,0,0,1,4,2,0,2,5,3,8,5,1,2,4,5,6,3,9,3,4,4,4,6,8,5,2,3,6,7,11,8,6,4,7,0,2,3,2,3,6,4,2,5,2,3,3,5,2,6,0,3,2,3,1,0,0,1,2,1,2,1,0,0,0,0,1,1,0,0,0,0,0,0,0,0,0,0,0,0,0,0,0,0,0,0,0,0,0,0,0,0,0,0,6,1,3,2,2,2,1,1,0,4,3,1,2,2,3,1,1,3,5,6,1,2,3,10,7,4,1,9,7,2,7,8,2,7,2,3,7,4,5,10,14,3,5,6,5,4,2,4,6,6,6,5,5,4,8,5,10,8,7,3,3,3,1,6,2,1,1,0,0,1,1,0,0,0,0,0,0,0,0,0,0,0,0,0,0,0,0,0,0,0,0,0,0,0,0,0,0,0,0,0,0,0,0
B,"BUCUREŞTI SECTORUL 1","BUCUREŞTI SECTORUL 1",179141,4,"LICEUL TEORETIC ”NICOLAE IORGA”",U,960,115,344,12,0,2,358,10,12,29,47,39,8,23,40,82,68,3,2,1,3,0,0,1,1,1,0,1,2,2,1,3,0,1,2,3,1,1,5,2,4,3,4,4,3,4,2,4,4,1,2,2,2,1,0,1,3,8,2,1,0,1,1,5,2,2,6,4,4,2,0,2,0,2,2,0,0,1,2,0,2,1,0,1,0,2,0,1,0,1,0,0,0,0,0,0,0,0,1,0,0,0,0,1,0,0,0,0,0,0,0,0,0,0,0,0,0,0,0,0,1,2,1,1,0,2,1,2,4,1,0,2,4,3,2,4,1,2,4,2,8,5,4,4,3,3,5,6,5,1,11,0,4,6,0,3,7,3,3,5,4,2,3,3,6,7,3,3,2,5,7,3,3,4,4,4,2,2,1,5,4,1,1,4,1,2,2,0,1,1,2,2,1,1,0,0,0,0,0,0,0,0,0,0,0,0,0,0,0,0,0,0,0,0,0,0,0,0,0,0,0,0,0
B,"BUCUREŞTI SECTORUL 1","BUCUREŞTI SECTORUL 1",179141,6,"LICEUL GRECO-CATOLIC ”TIMOTEI CIPARIU”",U,1391,28,545,12,0,0,557,19,26,52,113,55,14,33,49,127,69,2,2,4,3,3,4,1,3,5,2,0,3,1,2,5,4,1,2,1,9,6,7,3,7,2,8,7,7,4,10,10,11,12,2,4,4,3,8,1,9,7,2,5,4,6,1,3,4,1,4,6,3,5,4,3,4,1,1,2,2,2,2,3,1,1,1,1,1,1,2,0,0,0,0,0,0,0,0,0,0,0,0,0,0,0,0,0,0,0,0,0,0,0,0,0,0,0,0,0,0,0,0,0,5,1,0,2,1,3,2,4,5,6,4,2,0,1,4,4,3,2,3,4,2,2,8,7,10,7,4,8,7,5,10,9,7,2,5,4,5,12,8,10,10,4,3,1,5,3,9,2,3,6,4,3,3,6,3,10,1,3,1,3,4,1,1,2,5,1,2,1,0,1,1,0,0,1,1,0,0,0,0,0,0,0,0,0,0,0,0,0,0,0,0,0,0,0,0,0,0,0,0,0,0,0,0
B,"BUCUREŞTI SECTORUL 1","BUCUREŞTI SECTORUL 1",179141,7,"LICEUL GRECO-CATOLIC ”TIMOTEI CIPARIU”",U,1286,10,453,7,0,0,460,11,20,43,91,51,17,21,42,107,57,2,0,4,0,1,4,0,1,2,2,2,4,1,2,2,2,2,3,5,4,4,8,3,7,2,3,4,4,9,4,4,6,4,3,4,4,5,3,7,7,8,5,1,2,3,2,6,5,7,5,0,1,2,4,4,3,3,3,2,2,1,5,0,1,0,1,0,2,0,0,0,0,0,0,0,0,0,0,0,0,0,0,0,0,0,0,0,0,0,0,0,0,0,0,0,0,0,0,0,0,0,0,0,3,2,3,4,1,2,2,1,2,0,2,1,2,1,3,6,3,2,10,4,2,4,6,3,2,4,5,4,8,2,8,8,8,7,0,6,0,6,5,10,8,2,4,4,5,6,6,2,4,5,1,3,8,4,7,4,2,3,1,6,2,2,0,3,0,0,0,0,0,0,0,0,0,0,0,0,0,0,0,0,0,0,0,0,0,0,0,0,0,0,0,0,0,0,0,0,0,0,0,0,0,0,0
B,"BUCUREŞTI SECTORUL 1","BUCUREŞTI SECTORUL 1",179141,8,"LICEUL GRECO-CATOLIC ”TIMOTEI CIPARIU”",U,1375,5,512,9,0,0,521,14,30,48,101,58,17,28,58,108,59,6,1,3,0,2,2,0,1,6,3,5,2,2,4,3,2,2,3,4,4,6,3,7,2,6,6,7,3,5,6,3,5,4,2,5,4,3,11,12,13,7,5,2,0,3,3,5,6,2,7,8,4,4,3,6,5,3,0,0,0,6,1,0,1,0,0,0,2,0,0,0,0,0,0,0,0,0,0,0,0,0,0,0,0,0,0,0,0,0,0,0,0,0,0,0,0,0,0,0,0,0,0,0,1,2,4,3,2,3,2,1,1,1,2,3,3,3,5,4,5,7,4,3,5,7,4,8,8,5,7,4,3,4,3,4,3,2,3,8,7,9,5,11,9,0,5,8,4,4,12,2,6,2,5,6,3,4,4,6,3,2,5,1,0,4,1,0,1,0,2,1,0,1,0,0,0,0,0,0,0,0,0,0,0,0,0,0,0,0,0,0,0,0,0,0,0,0,0,0,0,0,0,0,0,0,0
B,"BUCUREŞTI SECTORUL 1","BUCUREŞTI SECTORUL 1",179141,9,"ȘCOALA GIMNAZIALĂ NR.13",U,1324,6,497,8,2,0,507,13,19,42,107,61,23,27,54,107,54,0,2,2,5,3,1,0,0,2,4,1,2,0,4,2,2,2,0,4,5,4,6,6,3,4,3,7,6,3,4,7,5,7,7,11,6,10,6,9,9,1,3,2,3,4,4,0,5,2,4,7,6,2,5,8,3,1,5,2,1,3,1,1,1,0,0,0,1,1,2,0,0,0,0,0,0,0,0,0,0,0,0,0,0,0,0,0,0,0,0,0,0,0,0,0,0,0,0,0,0,0,0,0,8,0,5,1,7,1,1,1,2,0,2,3,1,6,4,1,7,2,6,6,3,5,6,8,5,5,8,7,8,8,9,6,5,3,4,5,7,2,8,7,7,4,2,1,4,4,6,3,3,4,5,7,2,6,6,3,4,4,0,3,2,0,0,1,0,0,1,0,0,0,0,0,0,0,0,0,0,0,0,0,0,0,0,0,0,0,0,0,0,0,0,0,0,0,0,0,0,0,0,0,0,0,0
B,"BUCUREŞTI SECTORUL 1","BUCUREŞTI SECTORUL 1",179141,10,"ŞCOALA GIMNAZIALĂ NR.13",U,1282,1,411,12,0,0,423,9,26,39,92,47,18,17,58,84,33,4,1,0,0,2,0,2,0,3,2,5,3,1,1,2,4,5,5,3,5,2,4,5,2,5,5,3,5,9,5,5,3,9,6,5,1,5,6,9,4,2,3,5,2,4,3,1,7,5,2,2,5,4,2,3,4,3,2,1,1,2,0,0,1,0,1,0,1,0,1,0,0,0,0,0,0,0,0,0,0,0,0,0,0,0,0,0,0,0,0,0,0,0,0,0,0,0,0,0,0,0,0,0,6,3,1,1,2,1,4,0,2,4,1,0,1,2,3,3,1,3,9,3,6,6,3,8,9,4,7,8,4,1,5,4,2,4,4,3,4,5,5,10,11,2,3,2,3,1,3,2,4,1,5,7,1,2,0,1,1,0,3,2,1,1,0,0,0,1,1,0,0,0,0,0,0,0,0,0,0,0,0,0,0,0,0,0,0,0,0,0,0,0,0,0,0,0,0,0,0,0,0,0,0,0,0
B,"BUCUREŞTI SECTORUL 1","BUCUREŞTI SECTORUL 1",179141,11,"ŞCOALA GIMNAZIALĂ NR.13",U,1226,14,440,7,0,16,463,21,15,55,102,49,11,16,61,97,36,4,3,3,4,2,4,1,2,0,1,0,2,1,2,1,4,2,3,1,7,6,6,5,6,6,8,7,10,10,14,6,8,6,7,4,5,6,1,2,8,4,3,1,2,1,3,1,2,5,2,4,6,6,4,2,2,3,2,0,3,2,0,1,0,3,0,0,0,0,1,0,0,0,0,0,0,0,0,1,0,0,0,0,0,0,0,0,0,0,0,0,0,0,0,0,0,0,0,0,0,0,0,0,1,3,1,1,1,2,2,0,3,1,1,1,1,3,0,5,1,4,7,5,5,7,7,6,3,9,8,6,3,11,11,8,5,10,7,3,1,2,7,3,6,4,0,4,1,1,4,2,1,6,0,2,2,1,3,1,3,2,0,3,1,2,2,0,1,0,0,0,2,1,0,0,0,1,0,0,0,0,0,0,0,0,0,0,0,0,0,0,0,0,0,0,0,0,0,0,0,0,0,0,0,0,0
B,"BUCUREŞTI SECTORUL 1","BUCUREŞTI SECTORUL 1",179141,12,"ŞCOALA GIMNAZIALĂ NR.13",U,1215,1,389,8,0,0,397,12,22,33,80,46,19,25,41,75,44,1,1,2,1,2,3,2,3,5,2,0,0,3,2,4,0,3,3,3,4,1,3,3,4,4,4,4,6,6,5,4,2,5,6,8,4,3,5,10,5,4,0,0,2,2,2,1,7,9,2,3,1,5,1,2,2,3,4,1,0,1,0,1,1,1,1,0,0,0,0,0,0,0,1,0,0,0,0,0,0,0,0,0,0,0,0,0,0,0,0,0,0,0,0,0,0,0,0,0,0,0,0,0,4,2,2,4,1,3,3,1,0,2,1,3,2,3,6,4,3,3,6,4,2,3,0,9,2,7,5,6,5,7,7,2,2,5,6,2,5,4,3,5,5,0,2,5,1,2,1,3,2,4,4,3,1,3,3,2,4,1,2,1,3,1,2,1,1,0,1,0,0,0,0,2,0,0,0,0,0,0,0,0,0,0,0,0,0,0,0,0,0,0,0,0,0,0,0,0,0,0,0,0,0,0,0
B,"BUCUREŞTI SECTORUL 1","BUCUREŞTI SECTORUL 1",179141,13,"ŞCOALA GIMNAZIALĂ NR.179",U,1306,6,411,6,0,0,417,20,21,33,97,29,14,27,45,100,31,1,4,5,3,5,1,1,1,1,1,2,4,0,4,6,0,2,2,4,4,5,4,2,6,1,2,3,5,3,6,6,6,4,3,4,6,2,5,3,8,5,5,7,5,8,2,4,1,1,10,3,1,2,1,2,3,1,2,0,0,1,1,0,0,0,0,0,0,0,0,0,0,0,0,0,0,0,0,0,0,0,0,0,0,0,0,0,0,0,0,0,0,0,0,0,0,0,0,0,0,0,0,0,1,2,1,1,3,4,2,3,1,1,5,4,0,2,4,3,4,0,12,5,4,2,7,4,3,3,5,3,1,1,7,7,5,4,4,10,7,4,1,9,6,7,6,6,3,5,4,3,6,2,3,2,3,2,0,2,2,0,0,0,1,0,0,2,0,2,0,0,0,0,0,1,0,0,0,0,0,0,0,0,0,0,0,0,0,0,0,0,0,0,0,0,0,0,0,0,0,0,0,0,0,0,0
B,"BUCUREŞTI SECTORUL 1","BUCUREŞTI SECTORUL 1",179141,14,"ŞCOALA GIMNAZIALĂ NR.179",U,1327,9,554,9,1,19,583,22,22,45,124,56,20,25,55,138,76,4,4,2,6,2,0,4,2,1,0,1,3,3,3,2,4,3,1,1,4,5,4,6,5,8,3,8,3,9,8,11,11,7,12,6,6,6,4,5,11,6,4,4,3,2,1,5,6,2,3,3,4,5,6,3,2,3,1,1,2,3,1,3,1,4,0,1,0,0,2,0,0,0,0,0,0,0,0,0,0,0,0,0,0,0,0,0,0,0,0,0,0,0,0,0,0,0,0,0,0,0,0,0,1,5,1,3,3,3,4,3,2,0,3,4,2,1,5,3,2,2,4,3,5,8,9,5,6,3,10,5,11,9,8,12,8,14,8,5,9,3,10,5,7,3,7,4,3,4,3,3,3,3,5,3,5,10,3,3,5,4,4,8,0,4,1,0,0,1,0,1,2,2,1,0,0,0,0,2,2,0,0,1,0,0,0,0,0,0,0,0,0,0,0,0,0,0,0,0,0,0,0,0,0,0,0
B,"BUCUREŞTI SECTORUL 1","BUCUREŞTI SECTORUL 1",179141,15,"ŞCOALA GIMNAZIALĂ NR.179",U,1348,7,528,10,0,0,538,20,25,52,108,36,17,32,73,108,67,4,4,7,0,0,4,1,2,1,4,2,2,2,1,1,1,9,6,5,2,7,4,6,6,3,6,7,9,8,7,6,10,8,7,2,0,4,4,6,6,14,4,1,3,5,1,3,3,3,3,3,4,3,2,2,2,3,1,0,1,1,1,1,0,1,0,1,0,0,0,0,1,0,0,0,0,0,0,0,0,0,0,0,0,0,0,0,0,0,0,0,0,0,0,0,0,0,0,0,0,0,0,0,0,3,5,2,3,1,3,3,3,4,1,2,4,4,2,4,5,7,6,3,9,7,11,13,5,6,6,6,7,8,8,8,3,5,4,7,7,5,6,7,11,5,3,2,2,3,1,3,6,6,4,2,5,5,5,3,2,1,2,2,3,4,4,0,2,1,1,2,0,0,3,1,0,0,0,0,0,0,0,0,0,0,0,0,0,0,0,0,0,0,0,0,0,0,0,0,0,0,0,0,0,0,0
B,"BUCUREŞTI SECTORUL 1","BUCUREŞTI SECTORUL 1",179141,16,"ŞCOALA GIMNAZIALĂ NR.179",U,1161,1,464,10,0,0,474,15,24,75,82,33,10,25,70,89,51,0,3,0,2,2,6,2,2,0,3,1,3,7,1,1,4,2,2,6,5,10,8,9,5,8,7,15,11,4,5,2,4,6,5,3,8,2,4,8,5,7,0,2,1,1,1,3,1,2,2,4,3,5,3,1,1,0,2,1,1,1,0,0,0,1,2,0,1,1,0,0,1,0,0,0,0,0,0,0,0,0,0,0,0,0,0,0,0,0,0,0,0,0,0,0,0,0,0,0,0,0,0,0,2,2,0,1,3,1,1,2,4,3,3,2,4,1,1,2,3,2,8,4,11,6,4,8,10,9,8,5,11,5,7,5,3,2,2,6,2,8,9,8,4,1,1,2,4,2,2,5,2,3,3,4,9,3,2,1,5,0,1,2,1,1,3,1,0,0,0,2,1,0,1,1,0,0,0,0,0,0,0,0,0,0,0,0,0,0,0,0,0,0,0,0,0,0,0,0,0,0,0,0,0,0,0
B,"BUCUREŞTI SECTORUL 1","BUCUREŞTI SECTORUL 1",179141,18,"LICEUL TEORETIC ”C-TIN BRÂNCOVEANU”",U,1066,7,358,7,0,0,365,6,11,31,63,50,8,15,25,82,74,1,1,0,1,0,2,1,1,0,1,1,1,3,0,0,2,2,3,3,3,4,1,2,5,4,2,4,4,1,5,1,3,2,6,3,2,7,3,3,7,6,0,1,1,3,5,0,3,2,5,4,6,5,2,0,3,7,1,4,1,1,0,0,0,0,1,1,1,0,0,1,0,1,0,0,0,1,0,0,0,0,0,0,0,0,0,0,0,0,0,0,0,0,0,0,0,0,0,0,0,0,0,0,1,2,0,1,3,1,0,0,1,0,2,0,3,4,3,2,0,2,0,3,6,3,2,2,2,2,3,4,2,8,2,3,3,6,2,7,1,2,4,8,8,0,3,4,5,4,6,4,5,4,3,4,8,7,4,7,6,3,3,2,2,3,0,2,2,0,1,1,0,1,0,0,0,0,1,0,1,0,0,0,0,0,0,0,0,0,0,0,0,0,0,0,0,0,0,0,0,0,0,0,0,0,0
B,"BUCUREŞTI SECTORUL 1","BUCUREŞTI SECTORUL 1",179141,19,"LICEUL TEORETIC ”C-TIN BRÂNCOVEANU”",U,1259,6,485,11,0,0,496,12,17,46,83,69,10,25,42,118,74,3,2,0,1,1,4,1,2,2,2,1,5,0,0,2,1,2,0,6,3,7,3,9,3,5,4,6,4,6,6,5,5,2,7,4,4,3,4,6,8,5,4,3,1,1,2,3,3,7,3,11,4,3,3,2,6,2,5,4,2,2,3,0,2,0,0,1,1,0,2,1,1,0,0,0,0,0,0,1,0,0,0,0,0,0,0,0,0,0,0,0,0,0,0,0,0,0,0,0,0,0,0,0,3,2,1,2,2,0,0,1,4,3,2,0,2,4,2,5,2,3,6,3,1,4,5,6,4,1,9,4,12,8,5,4,5,2,6,6,5,10,11,9,6,1,2,4,5,5,8,5,3,11,4,4,3,10,4,4,3,3,2,0,2,1,2,4,0,2,1,1,2,0,0,1,0,0,1,1,0,0,0,0,0,0,0,0,0,0,0,0,0,0,0,0,0,0,0,0,0,0,0,0,0,0,0
B,"BUCUREŞTI SECTORUL 1","BUCUREŞTI SECTORUL 1",179141,20,"LICEUL TEORETIC ”C-TIN BRÂNCOVEANU”",U,1165,6,341,10,0,0,351,13,23,25,62,40,1,27,32,66,62,1,2,3,2,2,1,2,4,1,5,1,3,2,1,0,3,3,2,2,2,1,7,5,1,2,1,2,4,5,3,5,2,2,4,1,3,3,4,5,5,5,2,2,2,1,1,3,4,2,3,0,2,2,2,4,1,2,1,2,3,2,2,0,0,2,2,0,1,1,1,1,0,0,0,0,0,0,0,0,0,0,0,0,0,0,0,0,0,0,0,0,0,0,0,0,0,0,0,0,0,0,0,0,0,0,1,0,0,0,0,2,1,4,3,3,3,2,2,4,3,4,4,5,3,2,4,1,3,4,2,0,1,3,3,3,5,4,3,2,2,7,3,5,6,2,2,1,4,6,4,1,6,2,3,4,4,3,0,3,3,1,5,3,5,1,1,5,2,1,1,2,3,0,0,1,0,1,1,0,0,0,0,0,0,0,0,0,0,0,0,0,0,0,0,0,0,0,0,0,0,0,0,0,0,0,0
B,"BUCUREŞTI SECTORUL 1","BUCUREŞTI SECTORUL 1",179141,21,"LICEUL TEORETIC ”C-TIN BRÂNCOVEANU”",U,1230,1,452,6,0,1,459,15,18,31,92,52,14,19,44,106,68,5,2,0,3,0,3,2,4,0,2,1,1,3,2,3,2,0,4,1,3,5,4,3,3,2,1,5,7,6,7,3,6,6,5,4,5,5,6,6,8,5,1,2,2,2,3,3,4,9,1,4,2,5,2,1,2,1,4,1,3,4,1,3,1,2,0,0,0,0,0,1,1,0,0,0,0,0,0,0,0,0,0,0,0,0,0,0,0,0,0,0,0,0,0,0,0,0,0,0,0,0,0,0,3,1,3,0,3,4,0,3,3,2,1,2,0,1,5,2,0,2,3,3,3,5,6,5,6,6,5,6,4,5,3,6,6,10,5,1,6,9,10,9,6,2,2,3,5,5,3,2,9,4,2,5,2,4,5,6,2,4,2,3,4,1,2,3,1,2,0,2,0,0,1,0,1,0,1,0,0,0,0,0,0,0,0,0,0,0,0,0,0,0,0,0,0,0,0,0,0,0,0,0,0,0,0
B,"BUCUREŞTI SECTORUL 1","BUCUREŞTI SECTORUL 1",179141,22,"ȘCOALA GIMNAZIALĂ NR.178",U,1258,2,465,14,0,0,479,10,22,36,109,44,10,17,46,101,84,2,1,5,1,1,0,0,3,3,4,5,1,2,0,0,1,3,4,4,4,8,1,7,2,4,1,1,6,8,5,8,4,3,8,5,5,3,4,9,10,7,3,3,5,2,6,5,3,1,0,4,8,6,6,0,3,1,1,1,2,1,1,0,1,0,1,0,2,0,0,0,1,0,0,0,0,1,0,0,0,0,0,0,0,0,0,0,0,0,0,0,0,0,0,0,0,0,0,0,0,0,0,0,1,1,0,2,0,4,2,1,4,3,1,1,2,0,0,4,1,1,6,4,6,4,2,3,3,7,10,4,4,4,3,4,7,5,8,6,5,5,9,9,13,3,1,2,4,4,1,3,3,10,2,6,4,6,2,7,2,2,4,1,3,2,5,3,2,2,2,3,3,0,2,1,0,4,0,0,0,0,0,0,0,0,0,0,0,0,0,0,0,0,0,0,0,0,0,0,0,0,0,0,0,0,0
B,"BUCUREŞTI SECTORUL 1","BUCUREŞTI SECTORUL 1",179141,23,"ŞCOALA GIMNAZIALĂ NR.178",U,1135,13,447,8,0,0,455,11,20,49,81,46,17,23,48,99,61,2,3,1,0,1,2,2,1,1,1,4,3,4,2,2,1,1,3,2,8,5,4,4,2,10,6,5,4,5,5,5,6,6,4,1,4,8,1,5,7,6,0,2,3,4,2,3,5,4,2,2,4,6,1,4,2,2,4,1,2,1,0,1,0,0,1,0,1,1,0,0,1,1,0,0,0,0,0,0,0,0,0,0,0,0,0,0,0,0,0,0,0,0,0,0,0,0,0,0,0,0,0,0,1,4,3,2,4,3,0,0,1,0,1,2,4,1,1,6,7,2,3,6,2,9,2,7,7,6,4,5,7,4,1,4,3,7,9,3,4,6,7,9,4,5,4,5,2,7,3,2,2,3,3,4,3,5,2,2,2,7,3,1,4,3,4,0,0,1,3,1,1,0,2,1,1,1,0,0,0,0,0,0,0,0,0,0,0,0,0,0,0,0,0,0,0,0,0,0,0,0,0,0,0,0,0
B,"BUCUREŞTI SECTORUL 1","BUCUREŞTI SECTORUL 1",179141,24,"ŞCOALA GIMNAZIALĂ NR.178",U,1104,11,423,5,0,1,429,7,21,28,85,51,9,27,32,105,64,3,0,1,1,0,0,2,1,3,1,3,2,2,1,6,2,0,3,1,0,2,1,6,2,6,4,3,7,4,2,4,4,5,7,5,3,1,3,3,12,6,3,7,2,4,2,1,2,5,3,3,3,0,5,5,2,0,5,2,4,1,1,3,0,0,3,1,1,0,0,1,0,1,0,0,0,0,0,0,0,0,0,0,0,0,0,0,0,0,0,0,0,0,0,0,0,0,0,0,0,0,0,0,1,1,2,1,1,2,1,2,3,2,4,0,3,2,5,3,3,3,6,2,3,1,6,4,2,2,3,4,7,3,10,6,4,1,5,6,3,7,7,9,7,3,5,2,6,6,4,3,6,5,7,2,4,4,3,5,3,0,3,0,1,1,2,5,1,0,0,2,1,3,1,0,1,1,0,0,0,0,0,0,0,0,0,0,0,0,0,0,0,0,0,0,0,0,0,0,0,0,0,0,0,0,0
B,"BUCUREŞTI SECTORUL 1","BUCUREŞTI SECTORUL 1",179141,25,"ŞCOALA GIMNAZIALĂ SPECIALĂ NR.8",U,1396,17,419,9,0,1,429,12,38,40,75,42,7,34,47,86,48,0,6,1,0,2,2,1,5,2,6,2,4,2,5,2,3,7,4,6,5,3,3,4,5,0,2,8,1,4,4,8,3,5,4,2,3,4,2,5,2,6,4,5,2,3,6,2,1,4,2,6,5,3,0,2,2,2,2,4,5,0,1,1,0,0,1,0,0,1,0,0,0,0,0,0,0,0,0,0,0,0,0,0,0,0,0,0,0,0,0,0,0,0,0,0,0,0,0,0,0,0,0,0,0,0,2,1,3,1,0,3,1,3,2,7,6,1,1,6,4,4,5,5,2,8,2,9,5,2,5,7,9,7,4,4,1,5,2,1,4,3,6,9,6,1,4,4,1,7,1,3,1,5,6,4,1,2,4,3,2,6,2,3,1,1,2,0,0,0,0,0,1,1,0,0,0,0,0,0,0,0,0,0,0,0,0,0,0,0,0,0,0,0,0,0,0,0,0,0,0,0,0,0,0,0,0
B,"BUCUREŞTI SECTORUL 1","BUCUREŞTI SECTORUL 1",179141,26,"ŞCOALA GIMNAZIALĂ SPECIALĂ NR.8",U,1429,38,551,12,0,0,563,18,39,77,100,35,13,37,94,106,44,3,3,1,1,4,2,4,6,2,4,2,3,5,4,5,4,4,7,7,8,7,12,7,13,6,8,2,8,12,5,6,10,4,4,3,2,3,8,2,8,4,4,3,2,4,5,3,1,4,4,0,0,4,1,3,1,0,4,6,1,1,0,1,1,0,0,0,0,0,1,0,2,0,0,0,0,0,0,0,0,0,0,0,0,0,0,0,0,0,0,0,0,0,0,0,0,0,0,0,0,0,0,0,2,2,1,0,4,3,1,2,1,6,4,1,4,6,5,2,6,8,11,7,11,8,12,11,9,6,11,9,7,5,5,11,2,6,4,1,7,3,6,8,11,9,2,3,3,3,1,3,5,2,3,2,4,0,3,5,6,2,4,2,1,2,0,0,0,0,0,0,0,0,0,0,0,0,0,0,0,0,0,0,0,0,0,0,0,0,0,0,0,0,0,0,0,0,0,0,0,0,0,0,0,0,0
B,"BUCUREŞTI SECTORUL 1","BUCUREŞTI SECTORUL 1",179141,27,"ȘCOALA GIMNAZIALĂ SPECIALĂ NR.8",U,1335,28,517,12,0,0,529,14,26,73,98,44,11,39,83,88,53,1,1,2,2,2,4,2,1,2,2,1,4,3,1,3,1,8,7,1,8,10,4,14,5,9,11,4,4,6,8,2,2,9,4,4,4,2,7,8,2,9,0,3,8,2,7,7,1,2,1,2,2,5,2,3,3,6,1,4,3,2,1,0,3,1,0,0,0,0,1,0,0,0,0,1,0,0,0,0,0,0,0,0,0,0,0,0,0,0,0,0,0,0,0,0,0,0,0,0,0,0,0,0,2,1,1,3,0,1,3,1,2,6,5,4,7,5,2,1,6,8,8,10,9,11,8,7,3,8,11,2,4,3,3,6,5,5,4,6,3,7,7,5,7,3,2,4,3,5,4,4,2,2,3,5,5,3,1,0,3,4,3,3,3,4,3,2,1,0,2,0,0,0,0,0,0,0,0,0,0,0,0,0,0,0,0,0,0,0,0,0,0,0,0,0,0,0,0,0,0,0,0,0,0,0,0
B,"BUCUREŞTI SECTORUL 1","BUCUREŞTI SECTORUL 1",179141,29,"ŞCOALA GIMNAZIALĂ ”NICOLAE GRIGORESCU”",U,1306,13,471,12,0,0,483,15,31,51,98,41,12,28,48,107,52,3,1,3,1,2,4,1,3,2,7,3,2,2,2,4,3,3,2,6,5,4,4,3,10,4,6,7,6,1,7,9,10,6,9,2,4,6,5,2,6,8,3,0,1,6,2,5,4,4,2,0,4,3,3,1,5,0,3,2,0,2,2,0,0,0,0,1,0,0,1,2,1,1,0,0,0,0,0,0,0,0,0,0,0,0,0,0,0,0,0,0,0,0,0,0,0,0,0,0,0,0,0,0,3,2,0,2,1,2,2,2,3,1,1,2,4,4,6,3,2,3,7,1,2,5,10,7,3,3,7,5,6,13,7,6,4,3,3,10,5,3,5,8,13,1,3,3,3,2,4,5,3,3,4,4,3,7,5,2,0,2,3,1,2,2,0,0,3,2,0,1,0,0,0,0,0,0,0,0,0,0,0,0,0,0,0,0,0,0,0,0,0,0,0,0,0,0,0,0,0,0,0,0,0,0,0
B,"BUCUREŞTI SECTORUL 1","BUCUREŞTI SECTORUL 1",179141,30,"ŞCOALA GIMNAZIALĂ ”NICOLAE GRIGORESCU”",U,1360,5,570,6,0,0,576,22,34,55,109,61,16,29,60,110,80,5,4,2,1,2,5,3,3,2,2,5,4,4,4,2,5,3,4,3,8,6,10,8,3,5,2,6,11,5,5,6,6,4,5,3,14,6,4,3,6,11,4,3,5,2,4,2,7,3,1,2,3,5,4,5,4,2,3,4,6,0,4,2,3,0,0,2,1,0,0,0,0,0,0,0,0,0,0,0,0,0,0,0,0,0,0,0,0,0,0,0,0,0,0,0,0,0,0,0,0,0,0,0,5,2,1,1,4,1,2,3,3,1,1,2,3,5,3,4,4,5,4,7,7,8,4,8,8,5,4,7,9,9,7,8,10,4,6,5,2,4,6,7,11,1,3,3,2,0,6,5,3,4,5,4,6,9,2,3,7,1,6,6,1,2,1,6,3,1,0,0,2,1,0,1,0,0,1,0,0,0,0,0,0,0,0,0,0,0,0,0,0,0,0,0,0,0,0,0,0,0,0,0,0,0,0
B,"BUCUREŞTI SECTORUL 1","BUCUREŞTI SECTORUL 1",179141,28,"ŞCOALA GIMNAZIALĂ SPECIALĂ NR.8",U,1343,39,547,10,0,0,557,16,26,73,113,43,16,25,73,121,51,5,1,2,3,2,0,3,2,3,4,2,2,2,2,1,4,4,5,5,10,5,3,4,10,8,16,7,3,10,8,11,9,6,10,4,5,3,8,5,6,10,3,3,2,1,5,1,4,3,7,4,3,4,1,2,3,2,7,0,1,0,1,0,0,0,0,1,0,0,0,0,0,0,0,0,0,0,0,0,0,0,0,0,0,0,0,0,0,0,0,0,0,0,0,0,0,0,0,0,0,0,0,0,4,3,2,0,3,3,1,4,0,1,4,6,1,2,4,0,3,11,9,7,5,5,8,5,8,5,10,10,8,10,6,5,8,13,8,6,1,3,6,12,5,3,4,4,2,4,3,6,1,3,3,2,5,9,4,1,2,3,1,3,0,1,0,2,0,0,1,2,1,1,0,0,0,0,0,0,0,0,0,0,0,0,0,0,0,0,0,0,0,0,0,0,0,0,0,0,0,0,0,0,0,0,0
B,"BUCUREŞTI SECTORUL 1","BUCUREŞTI SECTORUL 1",179141,5,"LICEUL TEORETIC ”NICOLAE IORGA”",U,1173,12,517,9,0,1,527,12,20,45,83,69,12,22,59,102,103,0,2,1,3,3,2,1,2,1,2,1,1,2,0,3,3,5,4,8,1,0,7,5,3,8,3,6,5,8,8,7,5,1,7,4,4,4,1,5,3,4,3,3,5,2,3,1,2,1,9,3,5,6,5,1,2,7,3,2,2,3,2,4,0,1,2,1,2,2,0,1,1,0,1,0,0,0,1,0,0,0,0,0,0,0,0,0,0,0,0,0,0,0,0,0,0,0,0,0,0,0,0,0,1,2,3,1,0,2,3,0,3,2,5,0,3,3,3,2,1,2,11,4,6,3,8,5,5,5,10,11,6,5,5,5,7,5,6,4,3,1,8,9,8,1,5,2,4,4,3,2,4,8,5,6,10,11,9,5,7,4,8,4,4,0,0,3,4,2,1,1,0,3,1,0,0,0,0,1,0,0,0,0,0,0,0,0,0,0,0,0,0,0,0,0,0,0,0,0,0,0,0,0,0,0,0
B,"BUCUREŞTI SECTORUL 1","BUCUREŞTI SECTORUL 1",179141,17,"ŞCOALA GIMNAZIALĂ NR.179",U,1343,5,542,7,0,0,549,19,20,55,122,54,17,26,52,115,69,3,2,4,1,5,2,2,2,2,2,2,3,3,3,0,2,1,4,5,10,4,2,4,6,6,7,7,7,7,6,6,6,10,9,3,3,8,8,9,7,15,2,2,5,4,3,2,1,6,3,5,1,6,5,3,2,4,2,2,3,1,2,0,1,2,0,0,1,1,0,1,1,1,0,0,0,0,0,0,0,0,0,0,0,0,0,0,0,0,0,0,0,0,0,0,0,0,0,0,0,0,0,0,4,3,4,1,3,2,0,1,1,4,4,3,3,3,4,0,3,1,3,6,4,5,9,2,4,12,6,8,13,3,12,6,6,11,3,8,3,8,4,12,2,2,3,3,2,4,2,4,5,3,2,7,3,7,2,2,2,5,4,2,1,2,5,2,5,2,1,0,0,1,2,0,0,0,0,0,0,0,0,0,0,0,0,0,0,0,0,0,0,0,0,0,0,0,0,0,0,0,0,0,0,0,0
B,"BUCUREŞTI SECTORUL 1","BUCUREŞTI SECTORUL 1",179141,36,"ŞCOALA GIMNAZIALĂ NR.6",U,999,13,414,12,0,8,434,17,19,40,87,39,12,23,53,88,56,6,4,3,1,1,1,1,3,0,1,2,4,4,2,1,1,1,5,3,4,4,2,3,3,7,4,5,3,10,5,11,3,2,4,3,5,3,5,4,4,7,2,0,3,6,3,4,4,2,3,3,5,3,3,4,3,2,2,2,0,0,2,0,0,1,0,0,0,0,0,0,0,0,0,0,0,0,0,0,0,0,0,0,0,0,0,0,0,0,0,0,0,0,0,0,0,0,0,0,0,0,0,0,3,1,2,0,4,1,1,1,1,3,5,1,1,3,2,3,3,3,3,7,6,9,5,9,3,3,5,4,9,5,4,8,5,4,4,6,4,7,4,6,2,2,5,1,3,3,2,2,1,3,6,3,6,5,4,9,4,8,2,1,0,0,0,0,0,0,1,1,0,0,0,0,0,0,0,0,0,0,0,0,0,0,0,0,0,0,0,0,0,0,0,0,0,0,0,0,0,0,0,0,0,0,0
B,"BUCUREŞTI SECTORUL 1","BUCUREŞTI SECTORUL 1",179141,37,"ŞCOALA GIMNAZIALĂ NR.6",U,1117,29,418,10,1,0,429,13,18,36,86,52,12,20,45,92,55,3,2,1,2,3,1,1,0,4,2,3,3,0,1,1,3,1,3,3,1,2,9,5,4,2,3,4,5,3,7,6,4,8,7,2,6,5,2,7,5,4,0,5,5,3,1,1,3,3,5,1,4,6,1,5,5,0,6,3,2,3,0,0,0,0,2,1,1,0,0,0,0,0,0,1,0,0,0,0,0,0,0,0,0,0,0,0,0,0,0,0,0,0,0,0,0,0,0,0,0,0,0,0,1,0,3,1,1,4,2,3,0,1,0,2,3,2,3,3,3,4,2,2,5,8,5,7,4,5,3,7,9,4,4,9,7,3,1,2,5,10,3,5,10,4,2,2,3,1,1,2,4,6,3,3,4,7,3,5,4,3,3,3,0,2,1,0,0,0,0,0,0,1,0,0,1,0,0,0,0,0,0,0,0,0,0,0,0,0,0,0,0,0,0,0,0,0,0,0,0,0,0,0,0,0,0
B,"BUCUREŞTI SECTORUL 1","BUCUREŞTI SECTORUL 1",179141,38,"UNIVERSITATEA DE ȘTIINȚE AGRONOMICE ȘI MEDICINĂ VETERINARĂ BUCUREȘTI",U,1296,45,486,18,0,32,536,14,40,53,79,44,18,46,83,108,51,1,0,5,3,1,1,3,4,1,3,2,5,2,4,7,6,6,7,4,8,4,6,3,7,5,6,3,4,2,5,6,6,6,3,4,5,5,4,1,5,5,2,3,0,5,6,2,5,3,5,2,4,3,1,4,2,2,1,1,4,2,2,0,0,0,1,0,1,0,0,0,0,0,0,0,0,1,0,0,0,0,0,0,0,0,0,0,0,0,0,0,0,0,0,0,0,0,0,0,0,0,0,0,3,2,3,1,4,2,3,1,4,4,4,2,4,3,11,5,8,13,12,8,5,10,8,7,6,8,6,8,5,10,3,11,6,5,3,5,2,7,4,11,7,2,2,8,1,3,5,3,4,5,8,0,6,0,1,5,1,2,2,2,1,2,1,2,0,0,2,0,1,1,0,0,1,0,0,0,0,1,0,0,0,0,0,0,0,0,0,0,0,0,0,0,0,0,0,0,0,0,0,0,0,0,0
B,"BUCUREŞTI SECTORUL 1","BUCUREŞTI SECTORUL 1",179141,39,"UNIVERSITATEA DE ŞTIINŢE AGRONOMICE ŞI MEDICINĂ VETERINARĂ BUCUREŞTI",U,1206,73,496,11,0,7,514,18,23,34,104,59,16,19,49,103,89,4,1,5,2,3,1,2,2,1,3,2,3,2,0,3,2,5,1,3,4,0,3,4,8,2,6,3,6,4,7,3,3,4,6,6,7,6,8,10,2,10,4,4,2,4,2,6,1,8,3,2,3,3,1,5,2,4,6,4,2,4,2,1,1,1,2,1,1,0,0,0,1,0,0,0,0,1,0,0,0,0,0,0,0,0,0,0,0,0,0,0,0,0,0,0,0,0,0,0,0,0,0,0,4,2,0,4,1,3,2,1,0,1,2,1,4,2,3,3,2,6,5,2,4,4,6,5,6,4,7,8,4,7,6,9,8,2,5,8,3,6,7,7,5,3,7,3,3,2,0,5,5,4,2,3,2,6,5,3,7,8,5,1,2,2,4,4,2,5,2,2,2,1,2,0,1,3,1,0,0,0,0,0,0,0,0,0,0,0,0,0,0,0,0,0,0,0,0,0,0,0,0,0,0,0,0
B,"BUCUREŞTI SECTORUL 1","BUCUREŞTI SECTORUL 1",179141,40,"DIRECŢIA PUBLICĂ DE EVIDENŢĂ A PERSOANEI ŞI STARE CIVILĂ SECT.1",U,1126,55,456,11,0,16,483,9,19,42,79,67,19,21,47,90,90,0,1,2,1,1,3,1,1,0,2,2,3,1,4,2,1,3,3,4,1,6,3,5,5,1,8,6,5,3,1,6,8,3,4,3,4,8,2,6,4,4,3,2,4,5,2,2,6,4,4,4,7,5,3,5,1,2,2,3,4,2,3,2,1,2,0,1,0,1,0,1,1,1,0,0,0,1,0,0,1,0,0,0,0,0,0,0,0,0,0,0,0,0,0,0,0,0,0,0,0,0,0,0,5,0,1,4,2,2,5,2,1,0,1,3,2,3,6,3,0,2,5,4,5,9,6,5,1,4,6,4,10,2,8,3,6,5,4,3,4,1,5,4,5,1,3,4,9,6,3,2,3,9,3,4,10,8,2,5,5,4,5,5,0,3,2,0,2,2,0,2,2,7,1,1,1,1,0,0,1,0,0,0,0,0,0,0,0,0,0,0,0,0,0,0,0,0,0,0,0,0,0,0,0,0,0
B,"BUCUREŞTI SECTORUL 1","BUCUREŞTI SECTORUL 1",179141,41,"ŞCOALA GIMNAZIALĂ NR.7",U,1214,28,478,6,0,0,484,12,16,44,78,75,9,22,56,99,73,2,3,0,4,1,2,0,2,2,2,0,1,2,2,0,2,3,0,2,1,7,5,6,4,2,8,9,7,5,5,7,8,5,7,3,2,2,3,4,4,4,2,2,0,3,4,1,2,6,5,6,3,6,5,5,3,2,4,3,6,5,2,4,2,4,1,0,0,1,0,0,0,0,0,0,0,0,0,0,0,0,0,0,0,0,0,0,0,0,0,0,0,0,0,0,0,0,0,0,0,0,0,0,3,2,1,1,1,0,1,2,3,2,3,1,1,1,3,4,2,2,5,6,8,7,3,1,4,9,11,5,5,8,5,5,6,6,8,4,4,3,5,5,5,3,5,3,5,4,5,2,4,4,8,4,10,6,3,3,6,4,3,1,3,2,0,1,1,2,2,0,0,3,0,1,0,0,0,0,0,0,0,0,0,0,0,0,0,0,0,0,0,0,0,0,0,0,0,0,0,0,0,0,0,0,0
B,"BUCUREŞTI SECTORUL 1","BUCUREŞTI SECTORUL 1",179141,42,"ŞCOALA GIMNAZIALĂ NR.7",U,1405,11,528,8,0,0,536,14,24,52,98,64,15,25,55,116,73,3,3,3,1,0,3,1,1,1,2,4,1,3,1,4,5,2,2,3,2,6,6,4,8,8,4,9,10,9,2,5,7,3,6,7,3,4,5,6,5,4,4,5,5,2,4,2,4,5,2,3,6,2,4,2,7,4,7,3,0,5,3,2,1,1,0,1,0,0,0,1,0,0,0,0,1,0,0,0,0,0,0,0,0,0,0,0,0,0,0,0,0,0,0,0,0,0,0,0,0,0,0,0,4,1,1,2,2,4,1,2,1,4,4,0,6,2,4,2,0,4,4,5,5,3,6,3,8,4,13,8,5,9,6,4,7,4,4,7,1,5,5,14,8,4,5,5,7,5,3,3,5,7,9,2,2,4,5,5,4,4,2,1,3,5,2,1,1,3,2,1,1,0,0,0,0,0,1,0,0,0,0,0,0,0,0,0,0,0,0,0,0,0,0,0,0,0,0,0,0,0,0,0,0,0,0
B,"BUCUREŞTI SECTORUL 1","BUCUREŞTI SECTORUL 1",179141,43,"ŞCOALA GIMNAZIALĂ NR.7",U,1379,4,556,11,0,0,567,17,11,67,80,89,15,18,74,93,103,5,4,2,2,1,0,3,2,0,0,1,0,0,0,2,3,3,4,5,10,6,5,5,9,4,10,9,6,8,10,2,9,5,4,2,4,4,3,3,2,3,1,2,5,2,2,3,4,5,6,4,4,11,11,6,6,9,3,3,5,3,3,2,0,0,0,1,1,1,0,0,0,0,1,0,0,0,0,0,0,0,0,0,0,0,0,0,0,0,0,0,0,0,0,0,0,0,0,0,0,0,0,0,7,1,0,2,1,1,3,3,1,1,0,1,4,2,1,2,3,9,8,10,3,6,7,9,4,11,7,9,7,10,6,2,6,5,1,4,2,7,4,7,1,2,4,3,1,5,7,6,6,13,9,10,4,8,10,3,8,5,1,5,4,2,1,1,0,0,1,2,0,2,1,0,0,0,1,0,0,0,0,0,0,0,0,0,0,0,0,0,0,0,0,0,0,0,0,0,0,0,0,0,0,0,0
B,"BUCUREŞTI SECTORUL 1","BUCUREŞTI SECTORUL 1",179141,44,"COLEGIUL TEHNOLOGIC ”VIACESLAV HARNAJ”",U,1545,50,603,5,0,0,608,27,25,64,112,65,18,29,64,121,83,5,2,5,2,2,5,6,4,2,3,1,1,6,0,5,0,3,4,3,7,8,4,9,7,7,6,9,6,8,8,10,8,6,9,3,3,7,10,7,8,4,2,0,2,3,5,3,2,4,7,5,4,7,1,8,5,5,3,2,4,2,1,0,0,1,2,0,2,0,0,0,0,0,0,0,0,0,0,0,0,0,0,0,0,0,0,0,0,0,0,0,0,0,0,0,0,0,0,0,0,0,0,0,1,1,5,3,2,4,2,3,3,2,0,0,2,4,5,5,5,7,3,7,3,9,6,9,5,8,7,15,9,9,7,8,6,7,4,5,6,4,7,8,4,2,7,2,1,3,7,8,5,9,5,8,12,4,2,3,4,2,8,3,3,3,1,0,1,1,0,0,0,1,0,0,0,0,0,0,0,0,0,0,0,0,0,0,0,0,0,0,0,0,0,0,0,0,0,0,0,0,0,0,0,0,0
B,"BUCUREŞTI SECTORUL 1","BUCUREŞTI SECTORUL 1",179141,45,"COLEGIUL TEHNOLOGIC ”VIACESLAV HARNAJ”",U,1572,214,579,10,2,0,591,33,21,49,135,37,29,27,64,155,41,12,4,4,2,8,1,2,0,5,2,1,1,4,1,2,2,3,4,5,4,6,2,5,4,5,5,9,7,6,14,12,12,6,9,5,5,9,7,9,6,5,6,5,6,1,3,2,4,2,1,3,2,0,2,4,2,2,6,2,1,0,3,0,2,0,1,0,0,0,0,0,0,0,0,0,0,0,0,0,0,0,0,0,0,0,0,0,0,0,0,0,0,0,0,0,0,0,0,0,0,0,0,0,6,4,3,3,6,2,5,1,4,1,4,3,3,0,2,4,5,4,3,8,6,8,7,7,5,10,6,8,12,13,20,12,13,14,12,7,5,5,7,8,7,2,1,2,5,0,2,0,3,1,4,3,3,1,2,4,6,2,2,3,0,2,1,0,1,0,1,1,0,1,0,0,0,0,0,0,0,0,0,0,0,0,0,0,0,0,0,0,0,0,0,0,0,0,0,0,0,0,0,0,0,0,0
B,"BUCUREŞTI SECTORUL 1","BUCUREŞTI SECTORUL 1",179141,46,"COLEGIUL TEHNOLOGIC ”VIACESLAV HARNAJ”",U,1551,50,604,9,0,2,615,20,23,64,113,70,11,25,89,126,74,3,3,7,3,1,2,1,1,3,2,2,3,3,2,2,4,1,3,2,4,9,7,4,12,7,8,8,8,11,7,5,11,8,8,10,5,5,3,4,7,6,5,0,3,2,3,2,6,6,8,3,6,6,4,5,6,3,1,4,1,3,1,1,1,1,1,0,1,2,0,0,0,0,0,0,0,0,0,0,0,0,0,0,0,0,0,0,0,0,0,0,0,0,0,0,0,0,0,0,0,0,0,0,3,1,2,2,1,1,1,1,3,3,1,3,2,3,3,0,6,6,8,4,7,10,6,10,11,10,17,11,9,5,6,8,7,9,5,4,8,8,3,8,9,3,4,6,3,5,5,5,6,4,11,9,7,4,1,4,3,3,4,3,1,3,1,1,0,3,1,0,0,0,0,0,0,0,0,0,0,0,0,0,0,0,0,0,0,0,0,0,0,0,0,0,0,0,0,0,0,0,0,0,0,0,0
B,"BUCUREŞTI SECTORUL 1","BUCUREŞTI SECTORUL 1",179141,47,"ŞCOALA GIMNAZIALĂ ”HERĂSTRĂU”",U,1420,114,539,13,1,8,561,14,21,67,110,65,7,25,76,109,67,1,3,0,2,4,3,1,2,2,1,4,1,3,2,3,3,0,3,4,9,2,5,6,10,5,8,15,9,6,6,11,2,9,8,6,3,4,7,5,4,6,2,6,1,6,5,4,6,10,2,2,5,4,3,8,6,3,2,3,3,0,3,0,3,0,0,2,0,0,0,0,0,0,0,0,0,0,0,0,0,0,0,0,0,0,0,0,0,0,0,0,0,0,0,0,0,0,0,0,0,0,0,0,0,2,1,1,1,1,1,1,1,3,1,2,2,6,4,2,3,6,4,10,11,12,6,6,6,9,6,10,11,10,7,4,11,4,3,7,2,1,6,7,4,6,7,1,4,2,2,4,5,9,3,7,5,5,4,4,5,4,4,3,2,2,1,0,0,0,0,0,0,0,0,0,0,0,0,0,0,0,0,0,0,0,0,0,0,0,0,0,0,0,0,0,0,0,0,0,0,0,0,0,0,0,0
B,"BUCUREŞTI SECTORUL 1","BUCUREŞTI SECTORUL 1",179141,48,"ŞCOALA GIMNAZIALĂ ”HERĂSTRĂU”",U,1485,29,670,13,0,0,683,13,42,101,104,67,12,54,108,98,84,1,2,4,2,2,1,1,0,3,3,2,3,8,5,7,5,6,6,12,15,6,11,14,13,11,8,5,11,5,7,7,12,4,8,2,6,4,4,7,5,3,2,1,3,2,6,5,7,8,6,7,8,9,3,3,2,3,2,1,3,2,0,1,0,1,1,0,0,0,0,0,0,0,0,0,0,0,0,0,0,0,0,0,0,0,0,0,0,0,0,0,0,0,0,0,0,0,0,0,0,0,0,0,1,2,3,2,2,1,1,4,3,4,5,5,6,5,6,6,10,12,8,19,9,21,8,7,8,7,9,11,7,3,8,6,4,2,5,3,3,1,3,3,9,1,5,1,4,8,11,9,6,9,8,10,6,6,3,2,3,2,4,4,1,3,2,1,0,1,0,2,1,0,0,0,1,0,0,0,0,0,0,0,0,0,0,0,0,0,0,0,0,0,0,0,0,0,0,0,0,0,0,0,0,0,0
B,"BUCUREŞTI SECTORUL 1","BUCUREŞTI SECTORUL 1",179141,49,"ŞCOALA GIMNAZIALĂ ”HERĂSTRĂU”",U,1367,19,557,12,0,0,569,11,25,64,83,84,15,26,71,98,92,3,0,2,4,2,0,0,3,2,1,1,3,1,1,2,5,6,5,7,7,5,7,6,7,11,4,5,6,9,4,4,7,1,2,3,3,3,1,4,8,8,0,1,4,2,4,9,5,7,6,13,8,10,4,2,2,3,6,5,4,1,3,1,1,0,1,0,1,0,0,0,0,0,0,0,0,0,0,1,0,0,0,0,0,0,0,0,0,0,0,0,0,0,0,0,0,0,0,0,0,0,0,0,5,3,0,3,2,1,1,3,0,1,4,2,2,2,4,3,5,3,5,10,7,5,9,9,7,7,9,9,6,0,7,10,4,4,4,5,5,1,3,5,7,0,3,3,6,7,9,13,4,12,9,7,8,6,6,5,2,8,1,3,2,0,0,0,3,1,0,2,0,0,0,0,0,0,0,0,0,0,0,0,0,0,0,0,0,0,0,0,0,0,0,0,0,0,0,0,0,0,0,0,0,0,0
B,"BUCUREŞTI SECTORUL 1","BUCUREŞTI SECTORUL 1",179141,50,"ŞCOALA GIMNAZIALĂ ”HERĂSTRĂU”",U,1376,86,553,10,0,0,563,21,12,69,85,79,16,24,76,85,96,4,4,2,5,4,1,1,1,1,0,0,1,2,4,0,1,2,3,4,5,7,12,8,6,5,11,8,8,5,7,7,8,6,6,2,3,2,1,4,8,2,3,0,4,2,1,6,2,5,6,5,7,12,6,6,10,4,7,3,0,0,1,0,1,1,0,1,0,0,0,0,0,1,0,0,1,0,0,0,0,0,0,0,0,0,0,0,0,0,0,0,0,0,0,0,0,0,0,0,0,0,0,0,5,5,1,1,0,2,2,1,1,0,4,5,2,3,3,4,1,6,5,6,2,7,14,8,8,10,10,3,2,3,7,9,10,3,4,3,2,3,5,7,5,3,5,2,1,6,2,5,8,11,10,11,11,8,6,1,6,5,0,0,0,2,2,4,1,0,0,0,2,1,1,1,0,0,0,0,0,0,0,0,0,0,0,0,0,0,0,0,0,0,0,0,0,0,0,0,0,0,0,0,0,0,0
B,"BUCUREŞTI SECTORUL 1","BUCUREŞTI SECTORUL 1",179141,51,"ŞCOALA GIMNAZIALĂ ”HERĂSTRĂU”",U,1492,18,682,7,0,0,689,18,23,93,95,97,16,29,84,118,116,4,3,1,1,3,4,2,3,0,1,3,1,3,3,2,1,6,4,7,10,11,10,14,8,11,10,8,8,11,5,4,6,6,4,5,5,5,6,5,7,5,0,4,2,1,4,2,8,5,7,11,8,16,8,5,10,2,4,0,4,4,2,0,0,0,1,0,1,0,0,0,0,1,0,0,0,0,0,0,0,0,0,0,0,0,0,0,0,0,0,0,0,0,0,0,0,0,0,0,0,0,0,0,6,3,1,3,0,1,2,2,0,3,2,3,4,3,4,7,1,7,6,9,12,7,13,8,7,9,6,6,12,11,6,5,5,8,2,6,4,3,5,8,5,4,1,6,5,8,8,9,12,11,12,6,10,14,7,6,4,6,4,2,3,1,3,1,2,1,0,0,2,0,0,0,0,0,0,0,0,0,0,0,0,0,0,0,0,0,0,0,0,0,0,0,0,0,0,0,0,0,0,0,0,0,0
B,"BUCUREŞTI SECTORUL 1","BUCUREŞTI SECTORUL 1",179141,52,"ŞCOALA GIMNAZIALĂ ”HERĂSTRĂU”",U,1452,198,597,8,1,0,606,14,27,107,88,47,14,46,115,93,55,1,2,4,0,2,3,2,1,3,2,2,0,5,2,2,3,7,5,10,5,9,4,23,16,14,10,11,6,12,10,6,8,6,7,5,1,2,0,7,3,4,2,0,2,1,1,5,0,6,5,6,6,3,3,4,2,2,2,1,0,2,2,1,1,0,0,1,0,0,0,0,0,0,0,0,0,0,0,0,0,0,0,0,0,0,0,0,0,0,0,0,0,0,0,0,0,0,0,0,0,0,0,0,3,0,1,1,2,5,2,1,2,5,6,2,4,11,5,5,5,6,9,8,7,13,22,16,9,13,12,5,7,9,7,4,7,6,5,6,4,6,3,2,5,1,1,3,4,4,4,9,10,6,4,6,5,1,3,1,0,3,2,1,2,1,0,1,0,0,0,0,0,0,0,0,0,0,0,0,0,0,0,0,0,0,0,0,0,0,0,0,0,0,0,0,0,0,0,0,0,0,0,0,0,0,0
B,"BUCUREŞTI SECTORUL 1","BUCUREŞTI SECTORUL 1",179141,53,"ŞCOALA GIMNAZIALĂ ”HERĂSTRĂU”",U,1230,37,521,3,0,0,524,3,22,74,71,69,8,22,77,102,76,1,1,1,0,0,0,0,1,2,5,3,2,1,2,2,3,1,4,5,6,7,11,9,7,7,10,8,6,5,3,4,9,4,4,4,1,2,5,1,2,3,2,2,6,1,4,3,6,4,8,8,4,10,6,3,2,3,2,2,0,1,2,2,2,0,1,0,1,0,1,0,0,1,0,0,0,0,0,0,0,0,0,0,0,0,0,0,0,0,0,0,0,0,0,0,0,0,0,0,0,0,0,0,3,0,1,2,1,1,0,2,2,1,0,3,1,1,4,4,4,4,12,7,6,11,11,8,4,4,10,10,4,7,5,5,3,3,1,4,5,2,6,7,7,4,5,3,6,5,10,4,12,5,8,9,5,6,4,4,2,2,5,1,0,1,0,3,2,0,0,1,1,0,0,0,0,0,1,0,0,0,0,0,0,0,0,0,0,0,0,0,0,0,0,0,0,0,0,0,0,0,0,0,0,0,0
B,"BUCUREŞTI SECTORUL 1","BUCUREŞTI SECTORUL 1",179141,54,"ŞCOALA GIMNAZIALĂ ”HERĂSTRĂU”",U,1348,18,535,11,0,0,546,19,30,76,85,54,12,35,77,109,49,1,1,3,3,3,5,3,2,1,2,6,3,1,4,4,2,5,7,9,8,7,10,12,10,7,3,3,6,8,5,3,6,5,5,3,5,3,4,5,5,9,0,2,3,3,2,3,6,7,3,9,3,5,7,1,4,0,3,1,0,3,1,1,0,0,0,0,0,0,0,0,0,0,0,0,0,0,0,0,0,0,0,0,0,0,0,0,0,0,0,0,0,0,0,0,0,0,0,0,0,0,0,0,3,1,2,2,3,0,1,4,1,3,1,6,4,4,3,6,3,8,4,14,10,11,6,7,5,8,4,5,10,6,8,3,7,6,3,6,7,4,4,6,6,6,10,4,3,3,2,4,6,12,3,2,7,3,3,0,2,1,1,1,2,0,0,0,0,2,0,0,0,0,0,0,0,0,0,0,0,0,0,0,0,0,0,0,0,0,0,0,0,0,0,0,0,0,0,0,0,0,0,0,0,0,0
B,"BUCUREŞTI SECTORUL 1","BUCUREŞTI SECTORUL 1",179141,55,"ŞCOALA GIMNAZIALĂ ”HERĂSTRĂU”",U,1255,17,546,14,0,0,560,14,21,64,80,81,12,22,76,107,83,3,2,1,1,1,4,2,2,3,0,3,4,0,0,2,5,2,4,8,5,3,6,10,6,6,9,7,10,4,3,4,3,3,7,1,1,2,3,5,6,6,1,1,3,4,8,5,8,8,12,8,8,6,9,1,5,5,0,3,4,0,0,0,0,0,0,1,0,0,1,1,0,0,1,0,0,0,0,0,0,0,0,0,0,0,0,0,0,0,0,0,0,0,0,0,0,0,0,0,0,0,0,0,1,3,2,2,4,0,0,1,1,1,3,2,5,5,0,2,2,5,6,6,7,11,11,4,8,11,7,9,5,3,6,5,5,3,5,2,4,4,7,8,4,3,7,10,6,6,5,8,11,10,8,6,8,2,5,3,5,3,0,3,1,2,1,0,2,0,1,1,0,0,1,1,1,0,0,0,0,0,0,0,0,0,0,0,0,0,0,0,0,0,0,0,0,0,0,0,0,0,0,0,0,0,0
B,"BUCUREŞTI SECTORUL 1","BUCUREŞTI SECTORUL 1",179141,56,"ŞCOALA GIMNAZIALĂ ”HERĂSTRĂU”",U,1247,24,548,14,0,0,562,14,22,79,90,64,10,37,78,109,59,3,5,3,0,1,1,1,1,3,2,3,2,0,4,4,1,2,3,12,5,12,7,17,5,7,5,6,6,10,2,5,5,4,9,4,3,3,3,5,4,2,3,5,6,2,3,6,7,3,12,7,7,7,2,1,5,3,4,1,0,4,1,0,0,0,0,0,0,0,0,0,0,0,0,0,0,0,0,0,0,0,0,0,0,0,0,0,0,0,0,0,0,0,0,0,0,0,0,0,0,0,0,0,5,1,0,4,0,0,0,0,2,3,0,6,3,4,6,10,3,1,9,9,9,12,6,14,5,7,6,6,10,5,5,5,5,7,8,2,5,3,2,5,10,5,2,2,5,6,11,7,11,7,6,6,5,4,3,1,1,2,2,1,0,0,0,2,0,0,0,0,0,1,0,0,0,0,0,0,0,0,0,0,0,0,0,0,0,0,0,0,0,0,0,0,0,0,0,0,0,0,0,0,0,0,0
B,"BUCUREŞTI SECTORUL 1","BUCUREŞTI SECTORUL 1",179141,57,"ŞCOALA GIMNAZIALĂ ”HERĂSTRĂU”",U,1387,83,578,7,0,0,585,15,31,84,70,76,16,29,81,108,75,2,2,2,3,2,1,3,3,0,1,2,7,3,3,3,7,2,7,13,10,14,8,2,8,6,9,7,3,9,3,4,0,6,2,4,3,1,3,6,2,6,1,2,4,2,3,6,7,9,7,12,2,2,4,8,1,6,2,3,5,2,0,1,1,1,1,0,1,0,0,0,0,0,1,0,0,0,0,0,0,0,0,0,0,0,0,0,0,0,0,0,0,0,0,0,0,0,0,0,0,0,0,0,2,5,2,1,2,1,3,1,2,6,2,1,3,3,6,5,0,5,5,10,7,14,15,9,6,7,3,6,8,5,6,5,5,4,3,6,3,3,9,8,5,3,5,8,6,8,2,7,7,8,4,8,4,4,2,7,2,1,2,2,1,2,3,4,1,1,2,2,0,1,0,0,0,0,0,0,0,0,0,0,0,0,0,0,0,0,0,0,0,0,0,0,0,0,0,0,0,0,0,0,0,0,0
B,"BUCUREŞTI SECTORUL 1","BUCUREŞTI SECTORUL 1",179141,58,"ŞCOALA GIMNAZIALĂ ”HERĂSTRĂU”",U,1276,11,495,12,0,0,507,16,15,58,71,69,9,26,74,97,72,6,1,4,3,1,1,0,1,1,0,1,1,3,0,1,2,5,5,4,6,6,5,13,6,4,7,2,6,6,8,2,7,3,7,1,2,3,9,2,3,1,0,1,2,1,3,4,7,4,9,9,5,3,5,1,3,2,8,1,1,3,2,0,2,1,1,1,0,0,0,0,1,0,0,0,0,0,0,0,0,0,0,0,0,0,0,0,0,0,0,0,0,0,0,0,0,0,0,0,0,0,0,0,2,2,1,1,2,0,1,2,1,3,4,3,3,1,4,0,5,4,8,7,6,11,8,8,6,9,7,4,0,11,8,9,6,5,2,4,1,3,5,3,3,5,3,4,6,5,10,5,7,7,6,9,6,5,3,6,1,5,3,3,2,1,1,0,1,0,0,1,0,0,0,0,0,0,0,0,0,0,0,0,0,0,0,0,0,0,0,0,0,0,0,0,0,0,0,0,0,0,0,0,0,0,0
B,"BUCUREŞTI SECTORUL 1","BUCUREŞTI SECTORUL 1",179141,59,"ŞCOALA GIMNAZIALĂ ”PIA BRĂTIANU”",U,1247,53,548,10,0,0,558,16,20,49,110,65,8,19,70,98,103,4,2,5,0,2,2,1,4,3,2,0,1,3,3,1,1,2,5,2,2,7,3,6,7,4,6,7,12,8,5,6,7,6,9,4,8,4,8,4,8,4,3,6,1,1,1,5,5,1,2,4,4,1,6,5,6,2,3,0,3,2,3,1,1,4,4,0,1,1,1,3,1,1,0,0,0,0,0,0,0,0,0,0,0,0,0,0,0,0,0,0,0,0,0,0,0,0,0,0,0,0,0,0,1,2,0,0,1,2,2,1,1,3,3,1,1,2,2,2,3,6,5,3,8,5,6,11,4,9,13,6,8,8,6,4,5,4,2,5,7,6,6,7,8,4,1,0,3,4,4,6,5,3,8,5,6,5,4,9,4,3,8,9,5,1,2,4,0,5,3,2,1,1,0,1,2,1,0,0,0,0,0,0,0,0,0,0,0,0,0,0,0,0,0,0,0,0,0,0,0,0,0,0,0,0,0
B,"BUCUREŞTI SECTORUL 1","BUCUREŞTI SECTORUL 1",179141,60,"ŞCOALA GIMNAZIALĂ ”PIA BRĂTIANU”",U,1249,66,527,13,1,0,541,17,24,43,110,62,15,23,63,118,66,0,3,3,1,4,1,5,3,3,3,1,4,2,2,3,2,1,3,8,1,6,2,4,6,3,3,7,7,11,6,6,6,6,2,7,9,3,6,7,12,7,1,2,3,3,3,3,3,4,2,6,3,4,3,6,6,2,2,8,1,0,3,3,1,0,0,1,0,0,0,2,1,0,0,0,0,0,1,0,0,0,0,0,0,0,0,0,0,0,0,0,0,0,0,0,0,0,0,0,0,0,0,0,0,3,5,2,3,0,2,4,4,2,1,1,1,1,3,3,3,4,6,5,4,3,5,10,11,8,7,10,8,7,6,9,11,4,7,3,2,7,2,9,8,3,3,5,6,2,6,6,4,6,3,9,4,3,1,8,2,3,2,1,3,1,2,2,0,1,0,0,0,1,2,1,0,0,1,0,0,0,0,0,0,0,0,0,0,0,0,0,0,0,0,0,0,0,0,0,0,0,0,0,0,0,0
B,"BUCUREŞTI SECTORUL 1","BUCUREŞTI SECTORUL 1",179141,61,"COMPLEXUL SOCIAL DE SERVICII ”ODĂI”",U,701,0,267,14,0,20,301,7,4,22,50,39,6,12,24,77,60,4,1,1,0,0,0,1,1,0,0,0,1,1,0,0,0,1,0,2,3,5,3,3,2,0,2,2,2,3,1,1,1,3,4,3,2,6,1,4,4,6,1,2,2,1,1,2,3,2,7,2,2,2,4,4,1,3,1,1,1,1,0,1,0,1,0,1,0,1,0,0,1,0,0,0,0,0,0,0,0,0,0,0,0,0,0,0,0,0,0,0,0,0,0,0,0,0,0,0,0,0,0,0,2,1,0,0,1,1,1,1,1,0,2,0,1,2,4,0,1,2,4,2,3,4,3,0,1,3,2,3,0,5,2,4,1,5,2,5,6,3,7,5,5,3,3,3,3,6,6,1,2,5,5,3,10,3,8,2,3,7,1,3,1,1,2,0,0,1,1,0,0,0,0,1,0,0,0,0,0,0,0,0,0,0,0,0,0,0,0,0,0,0,0,0,0,0,0,0,0,0,0,0,0,0,0
B,"BUCUREŞTI SECTORUL 1","BUCUREŞTI SECTORUL 1",179141,62,"COLEGIUL NAŢIONAL DE INFORMATICĂ ”TUDOR VIANU”",U,1072,108,448,13,1,10,472,22,23,39,95,64,9,13,46,90,71,7,1,6,2,3,2,1,4,2,2,0,2,2,5,0,2,4,2,1,5,3,6,4,6,4,2,6,3,6,9,8,5,6,3,4,5,2,3,11,12,6,4,0,2,1,3,2,2,7,1,2,3,4,1,6,5,3,7,3,4,2,0,1,2,1,0,0,2,0,3,1,1,1,2,0,0,0,0,0,0,0,0,0,0,0,0,0,0,0,0,0,0,0,0,0,0,0,0,0,0,0,0,0,0,1,0,2,2,0,4,2,0,0,1,2,1,1,1,3,2,3,4,2,3,8,9,3,2,5,7,2,7,4,4,4,4,4,5,10,5,4,9,6,5,2,4,4,3,1,3,3,1,4,5,1,7,5,4,4,2,5,5,2,3,6,2,0,3,1,0,2,3,0,0,2,0,0,1,0,0,0,0,0,0,0,0,0,0,0,0,0,0,0,0,0,0,0,0,0,0,0,0,0,0,0,0
B,"BUCUREŞTI SECTORUL 1","BUCUREŞTI SECTORUL 1",179141,63,"COLEGIUL NAŢIONAL DE INFORMATICĂ ”TUDOR VIANU”",U,1257,14,604,15,0,30,649,13,21,59,110,78,5,28,76,127,132,2,3,1,3,2,1,1,0,1,0,1,5,0,2,3,3,6,2,7,8,6,9,5,7,3,7,5,10,8,8,5,7,6,8,5,10,3,2,5,6,7,4,2,5,2,5,2,4,6,4,3,0,8,5,2,4,3,3,2,1,4,2,3,3,5,2,1,2,2,1,1,1,4,0,1,1,0,0,0,0,0,0,0,0,0,0,0,0,0,0,0,0,0,0,0,0,0,0,0,0,0,0,0,1,3,0,0,1,0,0,1,2,1,0,3,2,7,5,3,4,9,9,9,8,7,5,8,3,8,10,5,10,7,11,8,10,7,5,3,4,1,11,16,7,1,7,4,4,1,5,3,7,9,3,7,9,7,10,3,5,5,5,10,7,2,5,2,5,2,3,6,2,4,4,4,0,0,1,2,0,0,0,0,0,0,0,0,0,0,0,0,0,0,0,0,0,0,0,0,0,0,0,0,0,0,0
B,"BUCUREŞTI SECTORUL 1","BUCUREŞTI SECTORUL 1",179141,64,"COLEGIUL NAŢIONAL DE INFORMATICĂ ”TUDOR VIANU”",U,1062,54,442,6,0,0,448,10,18,34,100,58,8,14,44,93,69,4,0,2,3,1,0,0,2,2,3,1,3,3,2,1,0,1,1,5,2,2,3,4,5,4,4,4,5,8,4,9,7,8,8,3,3,9,3,4,6,5,2,1,5,6,2,2,2,4,2,6,3,3,2,4,3,3,2,6,2,5,2,1,2,1,1,0,2,1,0,0,0,0,0,0,0,0,0,0,0,1,0,0,0,0,0,0,0,0,0,0,0,0,0,0,0,0,0,0,0,0,0,0,0,2,1,2,0,1,2,1,0,0,3,1,1,1,4,0,3,2,3,3,5,2,6,7,3,7,6,5,6,4,8,3,10,6,2,5,7,5,6,2,5,3,4,3,4,4,1,4,3,4,5,7,6,2,1,1,3,2,1,4,1,3,1,4,0,4,1,1,2,1,0,0,3,1,1,0,0,2,0,1,0,0,0,0,0,0,0,0,0,0,0,0,0,0,0,0,0,0,0,0,0,0,0
B,"BUCUREŞTI SECTORUL 1","BUCUREŞTI SECTORUL 1",179141,65,"COLEGIUL NAŢIONAL ”I.L. CARAGIALE”",U,943,47,379,13,0,4,396,7,21,43,73,47,13,20,40,79,53,1,1,2,1,1,0,1,1,2,3,0,2,1,3,3,2,4,5,5,2,4,7,6,6,2,4,2,2,4,3,7,6,7,4,5,3,3,7,0,6,4,1,1,3,1,5,1,6,4,3,3,4,7,1,3,4,4,1,1,2,0,1,0,0,0,0,0,0,0,0,0,1,0,1,0,0,0,0,0,1,0,0,0,0,0,0,0,0,0,0,0,0,0,0,0,0,0,0,0,0,0,0,0,4,3,1,1,2,0,2,2,6,0,2,1,3,0,0,2,4,2,5,3,1,4,7,5,9,3,1,4,5,2,3,3,7,4,4,3,3,5,7,10,9,3,1,1,3,2,0,3,3,3,4,7,2,7,4,3,3,2,2,1,0,1,3,0,1,1,1,0,0,0,0,0,2,0,0,0,0,0,0,0,0,0,0,0,0,0,0,0,0,0,0,0,0,0,0,0,0,0,0,0,0,0,0
B,"BUCUREŞTI SECTORUL 1","BUCUREŞTI SECTORUL 1",179141,66,"COLEGIUL NAŢIONAL ”I.L. CARAGIALE”",U,1012,9,435,12,0,0,447,14,17,43,66,64,11,15,43,94,80,2,1,1,2,1,5,2,0,1,3,2,2,1,0,1,2,5,3,3,2,6,6,3,7,6,6,1,5,1,3,3,8,5,2,1,1,6,2,5,4,4,4,3,1,3,2,3,4,8,5,7,3,4,2,5,3,4,3,1,3,2,0,0,2,2,1,1,2,0,0,0,1,0,0,0,0,1,0,0,0,0,0,0,0,0,0,0,0,0,0,0,0,0,0,0,0,0,0,0,0,0,0,0,3,1,0,0,1,2,4,3,0,0,1,2,2,2,2,2,1,2,8,4,4,6,6,4,4,3,2,6,5,5,10,7,6,4,3,2,0,2,2,9,9,4,2,1,1,4,12,4,9,9,5,6,3,6,6,2,3,5,5,1,3,0,2,3,2,2,1,0,0,2,1,0,0,0,0,0,0,0,0,0,0,0,0,0,0,0,0,0,0,0,0,0,0,0,0,0,0,0,0,0,0,0,0
B,"BUCUREŞTI SECTORUL 1","BUCUREŞTI SECTORUL 1",179141,67,"ŞCOALA GIMNAZIALĂ ”TITU MAIORESCU”",U,1369,51,577,13,1,0,591,13,19,49,104,80,6,30,62,117,111,2,2,3,2,0,2,2,3,1,2,1,0,4,1,2,2,3,2,10,3,3,8,4,2,8,5,4,3,8,5,9,6,7,7,10,5,1,1,7,4,9,3,6,3,1,5,4,6,3,4,7,8,6,6,3,6,2,3,3,4,6,1,3,1,1,2,2,3,0,0,0,0,0,0,0,0,0,0,0,0,0,0,0,0,0,0,0,0,0,0,0,0,0,0,0,0,0,0,0,0,0,0,0,2,2,0,0,1,0,1,1,3,1,3,4,3,3,5,4,3,2,3,6,7,8,10,6,10,5,5,13,5,5,16,5,5,5,6,3,6,6,7,8,3,3,4,2,3,6,6,8,6,10,6,14,4,11,6,8,6,8,3,5,4,1,1,2,0,1,1,0,1,1,1,0,1,0,1,0,0,0,1,0,0,0,0,0,0,0,0,0,0,0,0,0,0,0,0,0,0,0,0,0,0,0,0
B,"BUCUREŞTI SECTORUL 1","BUCUREŞTI SECTORUL 1",179141,68,"ŞCOALA GIMNAZIALĂ ”TITU MAIORESCU”",U,1260,28,496,10,0,0,506,17,20,35,98,53,8,20,62,95,98,2,2,3,3,2,1,4,1,1,6,3,1,5,0,2,0,1,3,6,4,1,4,3,4,4,4,2,4,2,4,5,12,5,10,4,6,3,5,6,5,7,1,4,4,3,3,5,1,1,5,1,2,3,2,3,2,3,5,2,3,2,2,2,0,3,1,0,1,2,0,1,1,1,0,1,1,1,0,1,0,0,0,0,0,0,0,0,0,0,0,0,0,0,0,0,0,0,0,0,0,0,0,0,1,4,0,2,0,0,1,0,2,0,3,1,1,2,3,3,5,7,5,3,7,10,9,6,8,2,5,7,5,8,5,7,8,6,5,1,1,8,4,8,9,2,3,5,2,1,0,5,4,3,3,9,6,6,1,5,3,2,11,3,4,5,3,9,3,1,0,2,3,0,3,2,0,1,1,0,0,0,0,0,0,0,0,0,0,0,0,0,0,0,0,0,0,0,0,0,0,0,0,0,0,0,0
B,"BUCUREŞTI SECTORUL 1","BUCUREŞTI SECTORUL 1",179141,69,"LICEUL TEORETIC ”JEAN MONNET”",U,1352,137,536,10,1,0,547,14,20,42,111,79,18,21,44,120,78,3,1,1,3,2,3,1,2,1,5,4,0,1,1,0,1,5,1,1,2,5,7,4,3,8,9,2,10,5,7,3,11,7,10,5,8,4,5,5,7,3,1,5,2,3,4,6,5,4,4,6,5,5,8,6,2,5,2,1,3,2,2,0,0,9,2,0,0,1,1,1,1,3,1,0,0,0,0,0,0,0,0,0,0,0,0,0,0,0,0,0,0,0,0,0,0,0,0,0,0,0,0,0,5,3,2,3,2,1,2,4,1,1,5,0,1,3,0,2,4,0,1,6,2,8,6,5,10,4,2,11,9,6,4,9,5,8,1,5,5,9,6,12,6,6,4,7,3,2,2,5,1,3,4,8,9,4,3,4,4,4,2,4,1,4,4,4,0,1,2,0,2,1,0,0,1,0,0,1,2,0,0,0,0,0,0,0,0,0,0,0,0,0,0,0,0,0,0,0,0,0,0,0,0,0,0
B,"BUCUREŞTI SECTORUL 1","BUCUREŞTI SECTORUL 1",179141,70,"LICEUL TEORETIC ”JEAN MONNET”",U,1320,31,530,10,1,0,541,20,25,41,97,83,12,20,43,96,104,6,2,2,1,2,3,4,1,3,3,0,3,1,3,4,3,4,2,1,3,6,5,8,9,2,2,3,6,10,7,6,6,5,4,7,3,6,1,7,6,7,7,1,0,2,0,6,5,1,4,3,5,10,2,9,7,7,3,5,1,4,3,0,4,0,0,4,2,0,2,0,0,0,1,0,1,0,0,0,0,0,0,0,0,0,0,0,0,0,0,0,0,0,0,0,0,0,0,0,0,0,0,0,0,0,3,2,3,2,2,1,0,5,1,1,1,0,2,7,2,5,4,3,7,0,4,4,5,3,8,6,9,9,1,10,5,5,5,4,3,5,4,5,9,2,2,1,2,4,5,6,8,7,5,5,9,8,4,8,7,2,5,4,1,6,3,2,0,3,3,2,2,1,2,0,0,0,0,1,0,0,0,0,0,0,0,0,0,0,0,0,0,0,0,0,0,0,0,0,0,0,0,0,0,0,0
B,"BUCUREŞTI SECTORUL 1","BUCUREŞTI SECTORUL 1",179141,71,"COLEGIUL ECONOMIC ”V. MADGEARU”",U,977,42,349,14,1,0,364,6,15,34,64,47,7,11,38,71,71,1,2,0,2,0,1,0,0,3,2,0,4,1,0,2,0,3,2,1,2,4,2,4,5,7,6,1,5,4,1,3,2,6,3,4,1,7,4,4,10,4,1,1,0,1,2,1,2,2,2,5,3,0,7,4,3,2,1,0,1,2,2,2,3,0,0,3,1,1,1,0,0,0,0,0,0,0,0,0,0,0,0,0,0,0,0,0,0,0,0,0,0,0,0,0,0,0,0,0,0,0,0,0,1,2,1,1,2,0,0,2,0,2,0,1,2,1,0,3,0,3,1,5,3,2,5,5,3,4,7,8,3,3,6,4,4,7,1,3,4,5,2,3,6,2,3,0,3,4,0,1,4,3,4,6,0,4,5,6,5,3,1,5,0,5,2,2,2,2,0,3,1,4,0,1,0,1,0,0,1,0,0,0,0,0,0,0,0,0,0,0,0,0,0,0,0,0,0,0,0,0,0,0,0,0,0
B,"BUCUREŞTI SECTORUL 1","BUCUREŞTI SECTORUL 1",179141,72,"COLEGIUL ECONOMIC ”V. MADGEARU”",U,977,56,368,10,3,1,382,6,11,26,65,60,6,22,45,71,70,2,1,0,0,0,1,2,2,1,0,1,1,1,2,1,2,0,4,2,4,4,0,4,3,0,1,4,4,3,3,6,4,7,3,1,2,5,7,7,3,3,1,1,3,0,1,1,1,2,5,5,3,6,6,4,4,3,1,0,3,3,1,3,0,3,1,0,1,2,1,0,1,0,0,0,0,0,0,1,0,0,0,0,0,0,0,0,0,0,0,0,0,0,0,0,0,0,0,0,0,0,0,0,2,0,0,1,0,1,2,2,2,0,1,2,4,2,4,1,4,3,4,3,5,8,4,2,6,5,5,4,5,7,4,5,4,3,0,5,4,1,3,6,4,2,4,2,3,3,2,2,4,5,5,5,3,2,5,5,4,1,1,6,3,5,5,0,1,1,2,0,3,1,0,1,0,0,0,0,0,0,0,0,0,0,0,0,0,0,0,0,0,0,0,0,0,0,0,0,0,0,0,0,0,0,0
B,"BUCUREŞTI SECTORUL 1","BUCUREŞTI SECTORUL 1",179141,73,"ACADEMIA DE STUDII ECONOMICE DIN BUCUREŞTI",U,1427,109,460,11,0,0,471,12,21,43,75,56,13,21,54,79,97,1,3,1,1,0,4,2,1,2,2,3,1,0,6,2,1,3,5,2,6,4,4,5,2,2,4,9,4,3,3,5,5,7,2,3,6,3,5,5,5,3,1,3,1,5,5,1,2,6,2,3,3,1,2,2,7,2,5,4,2,0,3,3,1,2,1,1,1,0,0,0,0,0,2,0,1,0,0,0,0,0,0,0,0,0,0,0,0,0,0,0,0,0,0,0,0,0,0,0,0,0,0,0,3,0,1,3,1,5,0,1,2,4,1,0,2,5,2,2,2,6,7,9,6,5,5,4,4,3,5,4,3,5,5,5,5,7,5,5,4,4,4,4,4,1,3,3,2,5,1,6,3,6,12,8,4,8,9,8,4,7,2,5,1,4,1,3,1,0,1,0,1,1,1,1,0,0,0,0,0,0,0,0,0,0,0,0,0,0,0,0,0,0,0,0,0,0,0,0,0,0,0,0,0,0,0
B,"BUCUREŞTI SECTORUL 1","BUCUREŞTI SECTORUL 1",179141,31,"ŞCOALA GIMNAZIALĂ ”NICOLAE GRIGORESCU”",U,1336,9,484,7,0,0,491,9,27,55,96,42,16,30,60,109,47,4,2,0,0,0,0,3,2,2,1,2,2,3,3,4,3,5,4,7,3,7,5,8,8,2,5,6,3,10,7,7,9,5,3,4,1,6,5,6,5,4,4,7,1,5,2,2,1,4,3,3,5,4,2,4,1,2,1,2,1,0,3,0,2,2,2,0,0,0,0,0,0,0,0,0,0,0,0,0,0,0,0,0,0,0,0,0,0,0,0,0,0,0,0,0,0,0,0,0,0,0,0,0,3,2,4,2,2,0,3,3,1,0,3,1,1,5,4,3,9,5,8,5,1,9,6,6,10,5,5,7,4,11,9,10,4,7,3,7,7,1,3,13,5,3,0,1,5,6,3,2,3,3,3,3,3,4,3,4,2,4,1,4,0,3,2,1,0,0,1,0,0,0,1,0,0,0,0,0,0,0,0,0,0,0,0,0,0,0,0,0,0,0,0,0,0,0,0,0,0,0,0,0,0,0,0
B,"BUCUREŞTI SECTORUL 1","BUCUREŞTI SECTORUL 1",179141,74,"UNIVERSITATEA DE ARHITECTURĂ ŞI URBANISM ION MINCU",U,836,702,267,12,1,0,280,4,17,21,45,31,7,12,32,53,58,0,0,1,1,0,1,1,0,3,0,2,0,3,2,2,1,4,1,0,4,2,3,2,3,2,2,2,8,6,1,3,2,4,0,2,2,4,1,0,2,4,1,0,1,2,0,2,1,1,2,3,8,0,5,2,0,0,3,0,2,1,1,0,1,0,0,0,0,0,0,0,0,0,0,0,1,0,0,0,0,0,0,0,0,0,0,0,0,0,0,0,0,0,0,0,0,0,0,0,0,0,0,0,4,0,0,2,0,1,0,1,0,1,1,0,1,0,3,3,2,4,2,3,3,9,1,1,1,5,3,4,4,3,0,2,6,1,2,4,3,1,5,3,2,1,1,4,3,3,1,2,3,4,4,4,0,4,2,0,6,1,4,5,0,4,4,0,2,1,2,0,3,1,0,0,1,0,0,1,0,0,0,0,0,0,0,0,0,0,0,0,0,0,0,0,0,0,0,0,0,0,0,0,0,0,0
B,"BUCUREŞTI SECTORUL 1","BUCUREŞTI SECTORUL 1",179141,75,"UNIVERSITATEA DE ARHITECTURĂ ŞI URBANISM ION MINCU",U,916,137,277,4,1,0,282,5,17,11,55,37,7,14,24,60,52,1,0,0,0,1,1,2,1,0,3,1,2,3,1,1,2,3,0,0,2,3,0,1,4,1,0,0,2,3,4,4,4,3,5,2,3,3,3,1,3,3,2,0,4,3,2,1,3,2,4,1,2,2,2,3,5,2,2,2,0,1,2,1,0,1,0,1,0,0,0,0,0,0,0,0,0,0,0,0,0,1,0,0,0,0,0,0,0,0,0,0,0,0,0,0,0,0,0,0,0,0,0,0,1,1,2,0,0,1,2,4,1,0,2,1,1,1,3,0,1,4,4,4,1,1,3,1,3,0,3,1,3,5,4,0,3,1,3,6,1,2,5,4,8,0,2,2,4,3,3,1,3,2,6,5,4,3,3,6,3,2,1,3,1,0,2,1,2,0,0,1,1,2,0,0,0,0,0,0,0,0,0,0,0,0,0,0,0,0,0,0,0,0,0,0,0,0,0,0,0,0,0,0,0,0,0
B,"BUCUREŞTI SECTORUL 1","BUCUREŞTI SECTORUL 1",179141,76,"ŞCOALA GIMNAZIALĂ NR.5",U,1608,324,560,16,1,0,577,16,22,42,107,69,11,13,61,127,109,2,2,2,2,3,3,2,3,0,1,1,0,5,2,2,3,5,4,4,6,8,3,3,3,6,1,4,6,6,8,7,7,8,5,3,4,5,4,8,6,12,3,2,2,4,3,4,3,3,6,6,3,5,3,5,9,4,1,2,1,1,3,1,3,1,1,0,0,1,1,2,0,1,0,1,0,0,0,0,1,1,0,0,0,0,0,0,0,0,0,0,0,0,0,0,0,0,0,0,0,0,0,0,3,1,1,2,1,1,2,0,2,1,0,1,3,2,3,1,0,4,7,4,4,5,10,7,8,8,4,9,1,6,10,7,7,7,2,6,11,10,6,7,11,3,4,2,8,4,6,9,7,10,6,9,8,6,2,3,7,5,4,2,4,5,3,5,3,3,2,1,0,1,1,2,1,0,0,0,0,0,0,0,0,0,0,0,0,0,0,0,0,0,0,0,0,0,0,0,0,0,0,0,0,0,0
B,"BUCUREŞTI SECTORUL 1","BUCUREŞTI SECTORUL 1",179141,32,"ȘCOALA GIMNAZIALĂ NR. 6 - APICULTORILOR SALĂ SPORT",U,1567,37,577,8,0,0,585,17,16,63,134,60,20,17,70,128,60,2,3,4,3,1,3,1,1,3,3,4,0,0,0,3,1,1,3,0,4,4,5,13,8,7,12,7,9,7,11,8,17,13,3,6,5,7,6,7,12,4,4,3,3,1,3,5,2,6,6,2,3,6,4,3,4,3,5,5,3,0,2,2,2,1,0,0,1,0,0,0,0,0,0,0,0,0,0,0,0,0,0,0,0,0,0,0,0,0,0,0,0,0,0,0,0,0,0,0,0,0,0,0,5,2,1,5,2,2,3,2,2,0,1,1,1,3,3,2,2,4,5,6,4,13,5,10,8,10,5,8,13,8,9,5,9,4,5,4,7,5,11,14,3,3,0,6,7,1,6,2,2,7,5,2,3,2,9,3,5,6,2,4,2,2,1,1,0,0,0,1,0,1,0,0,0,0,0,0,0,0,0,0,0,0,0,0,0,0,0,0,0,0,0,0,0,0,0,0,0,0,0,0,0,0,0
B,"BUCUREŞTI SECTORUL 1","BUCUREŞTI SECTORUL 1",179141,77,"COLEGIUL NAŢIONAL DE MUZICĂ ”GEORGE ENESCU”",U,999,34,377,6,3,14,400,7,18,37,79,46,8,29,41,85,50,1,0,3,1,2,0,0,1,0,0,2,3,0,4,3,1,4,5,4,0,7,4,3,3,2,5,4,2,5,5,3,10,4,6,1,3,3,8,4,7,3,3,2,5,2,2,1,1,3,4,2,2,3,1,3,4,1,4,3,1,3,3,0,1,1,1,2,0,1,1,0,1,0,0,0,0,0,0,0,0,0,0,0,0,0,0,0,0,0,0,0,0,0,0,0,0,0,0,0,0,0,0,0,1,0,3,2,1,1,0,1,2,3,1,3,2,2,5,6,4,2,8,4,2,3,4,1,5,6,6,4,6,4,7,5,3,8,2,5,2,5,7,6,7,1,3,1,5,3,1,3,0,3,1,4,3,1,3,3,5,6,2,3,3,2,2,0,0,3,0,1,1,0,0,1,0,0,0,0,0,0,0,0,0,0,0,0,0,0,0,0,0,0,0,0,0,0,0,0,0,0,0,0,0,0,0
B,"BUCUREŞTI SECTORUL 1","BUCUREŞTI SECTORUL 1",179141,78,"COLEGIUL NAŢIONAL DE MUZICĂ ”GEORGE ENESCU”",U,1161,54,344,8,1,18,371,7,18,32,74,47,7,14,36,78,58,1,0,0,2,2,1,1,1,1,2,1,1,2,3,2,3,2,1,3,1,1,5,6,5,2,5,3,6,6,5,1,7,5,5,3,2,6,3,5,5,4,0,1,2,2,1,5,3,3,4,2,2,4,3,5,1,3,1,2,0,4,1,2,1,0,0,1,0,0,1,1,1,0,0,0,0,1,0,1,0,0,0,0,0,0,0,0,0,0,0,0,0,0,0,0,0,0,0,0,0,0,0,0,3,1,1,0,1,1,0,0,0,4,2,2,0,0,2,3,1,3,3,6,3,1,4,8,0,4,4,3,10,3,3,5,7,3,3,5,2,5,3,2,8,2,1,3,3,3,4,2,6,4,4,3,2,5,6,3,2,1,2,4,1,0,4,0,1,2,1,1,1,0,1,1,0,0,1,0,0,0,0,0,0,0,0,0,0,0,0,0,0,0,0,0,0,0,0,0,0,0,0,0,0,0,0
B,"BUCUREŞTI SECTORUL 1","BUCUREŞTI SECTORUL 1",179141,79,"COLEGIUL TEHNIC DE ARHITECTURĂ ŞI LUCRĂRI PUBLICE ”IOAN N. SOCOLESCU”",U,891,67,311,6,0,0,317,8,15,21,60,45,11,16,26,66,49,2,0,1,1,3,0,1,1,0,2,0,1,3,1,1,2,4,3,3,3,0,1,3,2,3,1,2,2,4,3,6,1,5,0,2,5,3,3,4,7,5,3,1,2,1,0,3,3,3,2,5,7,2,3,1,1,1,1,2,2,2,1,0,1,1,2,1,2,0,1,0,0,0,0,1,0,0,0,0,0,0,0,0,0,0,0,0,0,0,0,0,0,0,0,0,0,0,0,0,0,0,0,0,3,1,1,2,2,2,0,1,3,0,1,1,1,2,2,3,2,1,4,3,2,4,0,6,2,2,2,3,3,7,7,4,3,6,2,3,3,3,3,6,2,2,2,2,2,1,2,4,6,6,3,2,2,2,5,1,2,1,2,0,2,0,3,3,0,2,0,1,0,1,1,0,0,0,0,0,0,0,0,0,0,0,0,0,0,0,0,0,0,0,0,0,0,0,0,0,0,0,0,0,0,0,0
B,"BUCUREŞTI SECTORUL 1","BUCUREŞTI SECTORUL 1",179141,80,"COLEGIUL NAŢIONAL ”SFÂNTUL SAVA”",U,1231,101,383,9,1,0,393,13,16,30,74,57,10,13,40,80,60,2,3,3,2,1,0,2,1,0,1,0,3,0,3,3,1,4,5,2,4,3,2,4,5,1,1,3,3,5,3,6,3,5,5,3,4,2,3,3,5,9,3,2,0,5,1,4,4,2,3,6,3,3,4,4,5,2,2,4,0,3,1,1,2,2,1,0,1,0,1,0,2,0,0,0,1,0,0,0,0,0,0,0,0,0,0,0,0,0,0,0,0,0,0,0,0,0,0,0,0,0,0,0,6,1,0,0,2,0,1,0,1,2,2,1,0,0,3,3,1,3,3,5,5,5,6,2,3,5,3,9,0,3,3,5,3,5,3,0,5,5,6,6,7,3,3,2,4,1,7,0,3,3,2,6,5,3,5,5,3,4,2,0,3,4,2,2,1,0,3,1,1,0,2,0,0,0,0,0,0,0,0,0,0,0,0,0,0,0,0,0,0,0,0,0,0,0,0,0,0,0,0,0,0,0,0
B,"BUCUREŞTI SECTORUL 1","BUCUREŞTI SECTORUL 1",179141,81,"COLEGIUL NAŢIONAL ”SFÂNTUL SAVA”",U,1198,77,398,14,0,0,412,8,23,40,63,50,10,18,47,75,78,0,1,1,3,1,1,1,4,2,1,1,2,2,2,3,2,4,3,4,3,5,2,7,7,1,4,4,10,4,1,4,5,2,5,2,3,5,1,4,4,2,0,2,2,3,2,2,5,3,4,2,6,3,3,6,3,0,1,5,3,1,0,1,0,0,0,1,0,1,0,0,0,0,0,1,0,1,0,0,0,0,0,0,0,0,0,0,0,0,0,0,0,0,0,0,0,0,0,0,0,0,0,0,1,1,1,2,2,2,1,2,3,0,0,2,0,3,2,5,1,4,3,7,4,3,5,6,5,6,4,6,10,7,2,3,5,4,3,3,3,2,4,3,8,2,1,3,2,3,1,4,7,1,3,7,5,4,5,1,3,5,4,3,4,0,5,0,3,2,1,0,1,2,1,2,1,1,0,1,0,2,0,0,0,0,0,0,0,0,0,0,0,0,0,0,0,0,0,0,0,0,0,0,0,0,0
B,"BUCUREŞTI SECTORUL 1","BUCUREŞTI SECTORUL 1",179141,82,"COLEGIUL NAŢIONAL ”SFÂNTUL SAVA”",U,1086,59,366,9,0,1,376,9,11,41,70,42,9,12,38,83,61,1,3,0,1,1,1,2,1,1,0,2,0,1,2,1,1,2,2,4,3,8,5,0,8,4,5,2,7,5,2,6,4,3,3,3,4,1,5,9,5,2,3,3,1,0,2,2,6,3,5,2,0,1,5,1,0,2,4,2,1,1,2,1,2,1,1,1,0,0,0,0,0,1,0,0,0,0,0,0,0,0,0,0,0,0,0,0,0,0,0,0,0,0,0,0,0,0,0,0,0,0,0,0,4,0,0,2,2,0,1,1,1,0,2,1,2,1,1,2,1,5,5,2,2,4,1,6,5,3,5,2,4,4,4,9,6,11,4,5,1,7,3,5,3,1,4,2,5,1,2,3,2,1,5,4,4,2,6,4,4,5,3,1,1,3,4,1,2,2,1,0,1,0,0,1,0,0,0,1,0,0,0,0,0,0,0,0,0,0,0,0,0,0,0,0,0,0,0,0,0,0,0,0,0,0,0
B,"BUCUREŞTI SECTORUL 1","BUCUREŞTI SECTORUL 1",179141,33,"ȘCOALA GIMNAZIALĂ NR. 6 - APICULTORILOR SALĂ SPORT",U,1612,102,565,10,1,0,576,17,21,74,142,33,7,25,101,116,40,5,2,6,2,0,2,0,1,2,3,4,3,1,1,5,0,1,5,5,8,8,8,4,9,6,10,11,14,12,5,14,7,8,10,6,9,5,8,9,8,11,4,1,3,1,2,5,0,3,3,2,4,4,2,1,1,5,1,1,2,1,1,0,1,0,1,0,0,0,0,0,0,0,0,0,0,0,0,0,0,0,0,0,0,0,0,0,0,0,0,0,0,0,0,0,0,0,0,0,0,0,0,0,1,3,0,0,1,1,1,1,0,5,2,4,3,1,3,0,6,6,7,12,13,10,5,16,7,11,14,6,13,11,4,7,9,11,4,2,6,7,5,13,7,0,3,3,1,1,3,4,1,6,4,2,1,1,4,2,1,5,1,2,1,0,2,0,0,1,0,0,1,0,0,1,0,0,0,0,0,0,0,0,0,0,0,0,0,0,0,0,0,0,0,0,0,0,0,0,0,0,0,0,0,0,0
B,"BUCUREŞTI SECTORUL 1","BUCUREŞTI SECTORUL 1",179141,83,"UNIVERSITATEA NAŢIONALĂ DE MUZICĂ DIN BUCUREŞTI",U,846,52,274,6,3,0,283,6,13,26,51,35,8,11,37,60,36,1,1,1,1,0,1,1,1,1,2,0,3,1,0,1,1,3,2,2,3,2,5,2,2,2,2,4,2,2,4,5,2,2,2,1,0,7,3,4,3,3,2,1,1,2,4,1,3,7,2,2,3,0,2,2,2,1,2,3,1,0,2,0,1,0,0,0,1,0,1,0,0,0,0,0,0,0,0,0,0,0,0,0,0,0,0,0,0,0,0,0,0,0,0,0,0,0,0,0,0,0,0,0,2,2,1,1,0,0,2,1,0,1,1,1,1,2,0,1,3,6,5,2,6,0,2,7,3,4,2,2,1,2,6,2,5,5,5,2,5,3,4,3,4,1,5,0,1,3,1,2,2,2,2,0,3,3,3,3,3,0,3,1,2,2,1,1,0,2,0,0,0,0,0,0,0,0,1,0,0,0,0,0,0,0,0,0,0,0,0,0,0,0,0,0,0,0,0,0,0,0,0,0,0,0,0
B,"BUCUREŞTI SECTORUL 1","BUCUREŞTI SECTORUL 1",179141,84,"UNIVERSITATEA NAŢIONALĂ DE MUZICĂ DIN BUCUREŞTI",U,832,33,316,12,2,0,330,7,22,28,52,31,8,21,38,63,60,2,1,1,0,0,0,3,3,0,2,4,1,2,3,2,3,2,0,2,6,4,4,3,1,1,1,6,3,3,5,2,2,4,3,0,1,6,4,3,4,2,2,2,1,3,1,1,1,2,2,2,1,2,3,1,1,0,2,1,2,2,0,2,0,1,2,0,0,1,0,2,0,0,0,0,0,0,1,0,0,0,0,0,0,0,0,0,0,0,0,0,0,0,0,0,0,0,0,0,0,0,0,0,1,0,1,1,1,2,2,2,1,2,1,1,4,3,3,2,2,7,3,1,5,1,4,5,7,4,1,2,0,3,2,4,2,4,4,4,1,6,3,7,9,2,0,5,1,3,1,2,4,5,4,2,4,2,2,4,4,1,1,1,4,2,6,3,1,1,3,0,0,0,1,1,2,0,0,0,0,0,0,0,0,0,0,0,0,0,0,0,0,0,0,0,0,0,0,0,0,0,0,0,0,0,0
B,"BUCUREŞTI SECTORUL 1","BUCUREŞTI SECTORUL 1",179141,85,"LICEUL DE ARTE PLASTICE ”NICOLAE TONITZA”",U,1403,32,500,12,0,0,512,16,25,45,104,54,17,25,56,125,45,2,2,3,2,1,1,5,4,3,1,2,3,4,2,1,3,2,4,2,9,3,3,4,3,6,6,5,6,9,9,9,6,7,9,4,7,6,1,6,3,5,1,4,3,4,3,2,7,4,3,3,4,3,4,2,3,5,1,3,1,2,3,0,1,2,0,3,0,0,0,0,0,0,0,0,0,0,0,0,0,0,0,0,0,0,0,0,0,0,0,0,0,0,0,0,0,0,0,0,0,0,0,0,2,1,1,0,4,5,4,2,1,6,6,1,2,2,3,2,0,8,7,7,5,5,3,4,0,6,11,8,8,11,7,9,5,8,6,6,3,3,10,8,9,3,4,5,5,2,5,1,1,4,4,1,3,6,6,2,1,4,1,1,4,0,2,0,1,1,1,1,0,0,0,0,0,0,0,0,0,0,0,0,0,0,0,0,0,0,0,0,0,0,0,0,0,0,0,0,0,0,0,0,0,0,0
B,"BUCUREŞTI SECTORUL 1","BUCUREŞTI SECTORUL 1",179141,86,"LICEUL DE ARTE PLASTICE ”NICOLAE TONITZA”",U,1007,26,384,7,0,0,391,17,25,36,78,37,8,22,30,82,56,2,4,1,3,2,2,3,1,4,2,2,2,2,3,2,3,4,7,1,2,6,3,2,4,3,3,5,5,5,2,5,7,5,5,3,7,4,3,0,5,8,2,2,0,4,5,1,5,2,1,2,1,4,0,2,4,2,3,1,0,4,3,2,0,0,0,0,0,0,1,0,0,0,0,0,0,0,0,0,0,0,0,0,0,0,0,0,0,0,0,0,0,0,0,0,0,0,0,0,0,0,0,0,0,1,1,2,3,1,0,2,0,1,1,1,1,5,4,5,2,2,3,4,3,2,4,2,2,3,5,5,5,5,4,5,5,5,4,0,4,6,8,5,6,2,2,2,3,2,4,5,4,3,4,2,7,3,3,3,1,4,0,2,0,1,2,0,3,2,4,0,0,1,2,0,0,0,0,0,0,0,0,0,0,0,0,0,0,0,0,0,0,0,0,0,0,0,0,0,0,0,0,0,0,0,0
B,"BUCUREŞTI SECTORUL 1","BUCUREŞTI SECTORUL 1",179141,87,"LICEUL DE ARTE PLASTICE ”NICOLAE TONITZA”",U,1201,30,480,9,0,0,489,8,20,40,88,56,24,24,47,114,68,1,2,0,0,1,0,4,3,2,1,2,1,1,5,0,3,2,1,4,0,2,7,5,6,7,5,3,2,7,5,4,4,5,4,3,5,8,2,8,11,4,4,2,4,2,3,1,1,7,3,3,4,6,4,6,2,2,3,1,2,2,3,0,1,2,1,0,0,0,1,0,0,1,0,1,0,0,0,0,0,0,0,0,0,0,0,0,0,0,0,0,0,0,0,0,0,0,0,0,0,0,0,0,5,1,4,4,3,4,3,0,1,4,2,2,4,3,2,3,3,6,3,8,4,6,4,6,2,6,2,5,7,6,9,5,7,7,6,7,6,9,4,12,12,1,1,3,3,1,3,3,1,7,4,3,4,4,2,4,3,1,2,2,5,2,4,1,2,5,3,1,1,0,1,1,0,0,1,0,1,0,0,0,0,0,0,0,0,0,0,0,0,0,0,0,0,0,0,0,0,0,0,0,0,0,0
B,"BUCUREŞTI SECTORUL 1","BUCUREŞTI SECTORUL 1",179141,88,"LICEUL DE ARTE PLASTICE ”NICOLAE TONITZA”",U,1289,49,516,8,1,0,525,10,21,51,93,55,15,30,62,112,76,1,4,0,3,2,0,0,2,2,1,1,2,2,2,3,3,3,4,5,7,6,6,2,8,3,3,7,3,5,8,8,4,7,5,2,3,3,7,7,7,7,0,3,2,3,5,4,4,4,6,3,5,8,2,2,6,1,2,1,2,2,0,1,0,1,1,0,1,0,0,1,1,0,0,1,0,0,0,0,0,0,0,0,0,0,0,0,0,0,0,0,0,0,0,0,0,0,0,0,0,0,0,0,2,1,3,1,4,2,2,3,1,4,1,4,1,3,2,8,3,7,9,3,6,13,3,5,7,3,6,13,10,7,5,10,6,6,2,5,6,6,5,6,7,4,2,2,3,5,2,4,5,6,7,2,4,4,4,3,5,5,4,1,1,6,2,1,1,1,5,0,1,1,1,0,1,1,0,0,0,0,0,0,0,0,0,0,0,0,0,0,0,0,0,0,0,0,0,0,0,0,0,0,0,0,0
B,"BUCUREŞTI SECTORUL 1","BUCUREŞTI SECTORUL 1",179141,34,"ȘCOALA GIMNAZIALĂ NR. 6 - APICULTORILOR SALĂ SPORT",U,1483,32,658,10,0,0,668,15,35,93,127,39,22,50,103,127,57,3,2,0,1,2,3,4,2,2,3,4,3,5,5,3,4,4,5,10,5,11,11,12,12,6,10,11,16,9,12,7,5,9,5,7,2,10,3,6,6,9,5,3,4,5,4,0,5,2,2,4,3,0,2,5,3,1,3,2,1,2,1,0,1,0,1,0,0,1,0,0,0,0,0,0,0,0,0,0,0,0,0,0,0,0,0,0,0,0,0,0,0,0,0,0,0,0,0,0,0,0,0,0,4,4,4,1,4,1,4,2,3,7,5,4,4,6,7,2,10,11,13,8,9,7,11,9,9,15,11,9,14,14,8,8,8,9,2,10,10,5,4,5,6,2,5,2,2,1,3,3,6,7,3,4,5,4,7,2,4,5,3,0,0,2,1,0,0,0,0,0,1,0,0,0,0,0,0,0,0,0,0,0,0,0,0,0,0,0,0,0,0,0,0,0,0,0,0,0,0,0,0,0,0,0,0
B,"BUCUREŞTI SECTORUL 1","BUCUREŞTI SECTORUL 1",179141,89,"CENTRUL NAŢIONAL DE CALIFICARE ŞI INSTRUIRE FEROVIARĂ CENAFER",U,1531,14,612,11,1,0,624,14,28,66,129,55,20,36,71,125,80,3,1,5,3,2,0,0,4,2,3,2,1,2,4,1,5,4,4,4,5,9,12,7,7,3,6,9,10,5,7,12,9,3,13,3,2,6,6,13,6,13,6,3,2,2,2,6,2,5,6,2,7,3,4,2,5,1,3,2,1,3,1,0,2,0,1,1,3,0,0,1,0,0,0,0,0,0,0,0,0,0,0,0,0,0,0,0,0,0,0,0,0,0,0,0,0,0,0,0,0,0,0,0,3,2,3,3,5,2,2,3,4,2,2,1,4,4,4,8,4,4,1,7,14,6,9,7,5,7,11,8,8,10,16,5,8,10,6,4,6,6,7,9,6,2,3,2,1,4,4,5,3,6,3,8,4,6,3,5,3,5,5,4,4,3,1,6,4,1,0,0,1,0,0,0,0,0,0,0,0,0,0,0,0,0,0,0,0,0,0,0,0,0,0,0,0,0,0,0,0,0,0,0,0,0,0
B,"BUCUREŞTI SECTORUL 1","BUCUREŞTI SECTORUL 1",179141,90,"CENTRUL NAŢIONAL DE CALIFICARE ŞI INSTRUIRE FEROVIARĂ CENAFER",U,1119,14,395,10,0,0,405,9,24,42,64,44,4,25,47,80,66,2,3,0,2,1,0,1,0,2,5,4,1,2,2,2,4,2,1,1,8,4,3,5,6,4,4,6,2,7,5,7,1,3,4,4,3,2,1,3,4,6,3,1,1,2,3,2,6,1,1,4,2,5,1,3,6,3,2,0,2,2,0,4,0,1,0,0,0,0,0,0,1,0,0,0,0,0,0,0,0,0,0,0,0,0,0,0,0,0,0,0,0,0,0,0,0,0,0,0,0,0,0,0,2,1,0,1,0,0,0,1,2,2,3,5,2,2,2,3,3,3,6,3,8,4,7,3,3,5,5,5,7,6,5,4,1,5,2,4,2,4,3,6,3,5,5,6,1,3,3,2,4,3,6,7,5,8,5,2,3,2,6,2,2,4,1,1,0,1,0,0,0,0,1,0,0,1,0,0,0,0,0,0,0,0,0,0,0,0,0,0,0,0,0,0,0,0,0,0,0,0,0,0,0,0,0
B,"BUCUREŞTI SECTORUL 1","BUCUREŞTI SECTORUL 1",179141,91,"CENTRUL NAŢIONAL DE CALIFICARE ŞI INSTRUIRE FEROVIARĂ CENAFER",U,1360,142,556,11,0,0,567,16,28,53,92,60,14,41,55,123,85,4,2,2,3,1,1,3,2,1,5,3,3,3,1,1,7,2,3,9,7,2,3,8,5,8,3,5,13,7,7,6,6,4,4,4,4,5,4,2,7,7,1,3,4,1,1,2,1,4,5,6,0,6,6,7,2,5,4,2,0,0,3,1,2,1,1,1,0,0,0,1,1,1,0,0,0,0,0,0,0,0,0,0,0,0,0,0,0,0,0,0,0,0,0,0,0,0,0,0,0,0,0,0,4,0,2,1,1,3,3,4,3,1,8,6,2,5,3,4,5,4,6,4,8,7,8,4,4,7,3,8,6,6,10,6,7,4,2,6,5,9,7,8,10,7,2,3,3,6,8,5,5,7,7,3,10,11,5,6,5,3,2,2,5,1,2,0,0,1,1,1,1,0,0,1,1,0,0,0,0,0,0,0,0,0,0,0,0,0,0,0,0,0,0,0,0,0,0,0,0,0,0,0,0,0,0
B,"BUCUREŞTI SECTORUL 1","BUCUREŞTI SECTORUL 1",179141,92,"ŞCOALA GIMNAZIALĂ ”NICOLAE TITULESCU”",U,1149,13,452,9,1,1,463,11,24,33,90,52,11,20,47,100,75,2,1,1,3,1,2,1,1,2,0,1,4,0,5,2,3,6,1,5,3,5,4,3,1,7,3,1,4,5,7,6,6,2,5,5,3,9,4,2,7,6,1,6,6,1,2,3,4,1,7,2,3,5,3,3,5,2,3,1,1,1,2,2,1,0,2,1,0,0,2,1,0,0,0,0,0,0,0,0,0,0,0,0,0,0,0,0,0,0,0,0,0,0,0,0,0,0,0,0,0,0,0,0,3,2,1,1,3,1,0,1,2,1,3,1,1,3,3,3,2,1,7,7,3,5,6,8,4,3,3,6,4,9,5,6,7,6,2,6,2,2,4,10,5,5,3,6,5,5,2,7,5,13,5,6,1,4,3,4,7,1,4,3,3,1,1,2,0,1,1,0,0,1,1,1,0,0,0,0,0,0,0,0,0,0,0,0,0,0,0,0,0,0,0,0,0,0,0,0,0,0,0,0,0,0,0
B,"BUCUREŞTI SECTORUL 1","BUCUREŞTI SECTORUL 1",179141,93,"ŞCOALA GIMNAZIALĂ ”NICOLAE TITULESCU”",U,910,11,333,5,0,0,338,8,22,34,63,26,11,22,43,67,42,1,2,2,1,1,1,0,1,4,1,2,0,4,2,2,3,3,3,2,2,8,3,2,3,3,5,3,5,3,2,4,6,4,5,3,1,5,1,3,2,6,1,0,2,3,5,2,2,0,3,1,0,6,1,4,0,2,1,0,1,0,0,1,2,0,1,0,0,0,1,0,0,0,0,0,0,0,0,0,0,0,0,0,0,0,0,0,0,0,0,0,0,0,0,0,0,0,0,0,0,0,0,0,3,1,2,1,1,1,2,1,0,1,0,3,3,0,5,1,8,4,6,1,5,5,8,3,5,1,5,6,5,3,4,2,3,5,3,3,2,5,2,6,4,4,2,3,2,1,2,3,1,3,0,4,1,1,1,3,3,1,2,5,3,2,2,3,3,1,0,0,0,0,0,0,0,0,0,0,0,0,0,0,0,0,0,0,0,0,0,0,0,0,0,0,0,0,0,0,0,0,0,0,0,0,0
B,"BUCUREŞTI SECTORUL 1","BUCUREŞTI SECTORUL 1",179141,94,"ŞCOALA GIMNAZIALĂ ”NICOLAE TITULESCU”",U,1270,19,525,7,2,1,535,12,19,48,78,66,10,21,65,92,124,1,0,2,3,1,2,3,1,1,1,3,5,1,1,3,0,3,5,5,7,5,3,9,2,4,4,4,8,8,7,4,8,9,1,3,1,4,2,4,7,3,0,2,2,0,3,2,2,5,3,4,3,6,6,5,7,4,1,3,1,1,1,2,1,1,1,2,4,0,0,1,0,0,0,1,1,0,0,0,0,0,0,0,0,0,0,0,0,0,0,0,0,0,0,0,0,0,0,0,0,0,0,0,2,1,0,2,2,2,1,2,3,3,0,2,1,2,0,4,4,8,6,4,9,6,8,9,3,7,5,10,9,1,2,4,6,3,1,3,8,2,4,14,6,2,6,1,4,2,4,7,4,8,9,11,12,5,6,9,6,5,2,5,3,3,3,4,4,4,3,1,3,0,1,1,3,1,0,0,1,0,0,0,0,0,0,0,0,0,0,0,0,0,0,0,0,0,0,0,0,0,0,0,0,0,0
B,"BUCUREŞTI SECTORUL 1","BUCUREŞTI SECTORUL 1",179141,95,"ŞCOALA GIMNAZIALĂ ”NICOLAE TITULESCU”",U,1141,11,423,12,0,1,436,8,17,45,70,64,6,18,47,74,87,1,1,1,1,1,1,2,1,4,1,3,2,1,3,1,1,0,3,5,8,3,2,7,3,4,5,5,6,5,4,4,4,4,4,5,0,4,6,4,4,5,0,3,2,0,2,4,1,2,1,4,4,3,2,7,5,1,0,4,5,6,3,0,4,3,2,0,2,0,1,2,1,0,1,0,0,0,0,0,0,0,0,0,0,0,0,0,0,0,0,0,0,0,0,0,0,0,0,0,0,0,0,0,2,0,2,2,0,0,0,3,2,1,1,2,5,1,1,2,0,5,2,10,5,4,4,6,3,4,4,5,5,5,5,4,5,2,1,2,7,2,4,4,6,0,3,4,3,6,1,3,7,5,6,4,4,7,5,2,3,6,7,7,1,2,1,1,2,4,0,2,2,1,2,1,0,1,0,0,0,1,0,0,0,0,0,0,0,0,0,0,0,0,0,0,0,0,0,0,0,0,0,0,0,0,0
B,"BUCUREŞTI SECTORUL 1","BUCUREŞTI SECTORUL 1",179141,96,"ȘCOALA GIMNAZIALĂ ”NICOLAE TITULESCU”",U,1344,52,602,10,1,0,613,12,29,63,89,82,13,22,77,98,128,3,1,2,0,2,0,4,1,0,7,3,3,0,2,4,3,6,5,2,3,4,7,5,7,11,10,9,12,6,7,8,2,5,4,4,3,6,1,5,3,6,5,1,1,6,2,2,3,2,5,5,6,4,3,6,2,4,7,5,6,4,4,2,5,0,0,1,1,3,1,0,1,1,0,0,0,0,1,0,0,0,0,0,0,0,0,0,0,0,0,0,0,0,0,0,0,0,0,0,0,0,0,0,4,1,1,2,2,1,2,3,1,1,5,0,0,4,3,1,4,5,6,6,4,11,9,8,9,11,8,4,8,5,5,5,7,6,5,7,3,3,6,4,6,2,5,4,5,4,4,4,4,4,6,7,10,6,14,8,5,6,7,7,7,5,3,6,5,2,3,3,3,0,0,1,1,0,0,1,0,0,0,0,0,0,0,0,0,0,0,0,0,0,0,0,0,0,0,0,0,0,0,0,0,0,0
B,"BUCUREŞTI SECTORUL 1","BUCUREŞTI SECTORUL 1",179141,97,"LICEUL TEORETIC ”ALEXANDRU VLAHUŢĂ”",U,1139,38,450,12,0,0,462,12,10,47,86,47,7,22,42,113,76,5,1,1,1,1,1,2,0,1,2,2,0,1,0,0,1,3,3,3,4,8,6,7,4,3,4,5,3,4,3,5,8,2,10,1,4,4,2,4,6,8,3,4,3,4,4,4,4,1,1,1,3,4,2,4,7,1,1,2,2,3,3,2,1,1,1,1,1,0,0,0,0,1,0,0,0,0,0,0,0,0,0,0,0,0,0,0,0,0,0,0,0,0,0,0,0,0,0,0,0,0,0,0,2,1,1,0,1,1,1,0,2,0,0,1,0,8,4,2,5,3,2,4,3,7,4,6,5,4,4,7,6,5,4,8,9,6,3,7,3,3,9,10,11,1,3,5,3,5,5,1,4,5,4,5,4,3,5,4,5,5,4,2,5,3,1,3,1,0,2,2,1,3,0,1,2,1,0,0,0,0,0,0,0,0,0,0,0,0,0,0,0,0,0,0,0,0,0,0,0,0,0,0,0,0,0
B,"BUCUREŞTI SECTORUL 1","BUCUREŞTI SECTORUL 1",179141,98,"LICEUL TEORETIC ”ALEXANDRU VLAHUŢĂ”",U,1433,40,619,14,1,0,634,12,28,54,93,92,17,26,69,135,108,2,1,2,2,3,2,0,2,1,6,1,2,1,3,5,4,3,4,3,4,5,2,5,8,5,8,10,4,5,6,7,6,5,5,9,4,3,5,5,4,9,4,1,4,3,2,2,6,6,6,6,6,7,3,6,4,9,6,1,1,3,3,4,2,3,2,3,3,1,0,0,0,0,1,0,0,0,0,0,0,0,0,0,0,0,0,0,0,0,0,0,0,0,0,0,0,0,0,0,0,0,0,0,7,4,2,2,0,1,1,5,0,0,1,3,5,5,1,3,3,4,4,9,7,6,10,10,5,8,6,8,8,6,4,15,5,9,9,10,2,16,3,11,8,3,3,4,3,2,6,6,9,7,9,3,5,9,8,6,4,4,3,7,5,5,1,2,5,3,2,2,0,1,0,0,1,0,1,0,0,0,0,0,0,0,0,0,0,0,0,0,0,0,0,0,0,0,0,0,0,0,0,0,0,0,0
B,"BUCUREŞTI SECTORUL 1","BUCUREŞTI SECTORUL 1",179141,99,"LICEUL TEORETIC ”ALEXANDRU VLAHUŢĂ”",U,1142,42,406,11,0,26,443,11,6,41,75,75,9,11,40,73,102,3,3,0,1,0,0,4,2,1,0,1,1,0,0,0,0,1,4,2,4,4,3,5,5,4,4,6,6,7,9,9,2,4,6,1,4,1,0,5,5,4,1,1,2,2,2,4,8,2,1,1,8,4,4,3,6,3,5,6,3,5,1,5,3,0,1,0,3,0,2,0,1,0,0,0,0,0,0,0,0,0,0,0,0,0,0,0,0,0,0,0,0,0,0,0,0,0,0,0,0,0,0,0,1,2,1,2,0,1,2,1,0,1,2,0,0,1,3,2,1,3,1,2,5,6,2,5,4,6,6,10,2,3,6,7,3,6,4,1,3,3,2,6,5,2,2,0,4,0,4,10,6,5,3,5,7,4,6,6,6,10,4,4,6,5,1,0,1,3,1,2,5,0,2,0,0,0,0,0,0,0,0,0,0,0,0,0,0,0,0,0,0,0,0,0,0,0,0,0,0,0,0,0,0,0,0
B,"BUCUREŞTI SECTORUL 1","BUCUREŞTI SECTORUL 1",179141,35,"ȘCOALA GIMNAZIALĂ NR. 6 - APICULTORILOR SALĂ SPORT",U,1497,55,614,6,0,0,620,18,37,68,137,39,19,33,95,142,32,2,4,3,1,3,3,2,6,3,2,3,8,4,0,3,3,5,1,4,4,11,7,8,12,7,4,10,7,9,6,10,15,6,11,5,2,4,6,14,11,10,2,4,4,4,2,5,6,6,1,2,2,5,3,4,1,0,1,1,1,1,1,0,0,1,0,1,1,0,0,0,1,0,0,0,0,0,0,0,0,0,0,0,0,0,0,0,0,0,0,0,0,0,0,0,0,0,0,0,0,0,0,0,7,1,0,4,4,0,3,2,1,4,2,4,1,5,2,7,5,5,5,14,11,5,18,12,7,9,9,7,9,18,11,11,4,7,8,7,4,10,10,9,8,4,2,4,4,1,4,3,1,2,4,2,2,0,1,5,1,2,2,2,2,0,0,0,0,2,1,0,0,0,0,0,0,0,0,0,0,0,0,0,0,0,0,0,0,0,0,0,0,0,0,0,0,0,0,0,0,0,0,0,0,0,0
B,"BUCUREŞTI SECTORUL 1","BUCUREŞTI SECTORUL 1",179141,100,"COLEGIUL GERMAN ”GOETHE”",U,1198,79,427,14,0,0,441,16,17,31,68,62,9,24,34,93,87,4,2,4,1,1,2,2,1,0,2,4,1,3,0,3,1,2,6,2,1,4,3,3,3,3,3,3,3,6,3,4,2,3,5,3,5,2,2,2,7,5,1,3,4,2,3,3,2,3,5,4,4,5,1,3,6,2,2,1,7,1,2,4,1,1,1,2,1,2,0,1,0,1,0,0,0,0,0,0,0,0,0,0,0,0,0,0,0,0,0,0,0,0,0,0,0,0,0,0,0,0,0,0,3,1,2,1,1,1,0,1,3,3,2,2,2,0,3,2,6,3,5,2,4,1,6,2,3,1,7,2,5,6,7,8,4,6,2,8,4,2,10,5,5,4,2,3,1,3,6,3,1,3,5,9,7,2,7,3,3,2,6,2,5,2,1,2,1,6,5,1,1,2,3,0,1,1,2,1,0,0,0,0,0,0,0,0,0,0,0,0,0,0,0,0,0,0,0,0,0,0,0,0,0,0,0
B,"BUCUREŞTI SECTORUL 1","BUCUREŞTI SECTORUL 1",179141,101,"COLEGIUL GERMAN ”GOETHE”",U,1258,46,400,9,0,0,409,7,22,42,72,45,10,15,45,85,66,0,0,2,2,1,2,0,3,3,4,4,0,3,0,2,2,1,2,4,6,3,4,4,7,4,3,5,3,3,2,4,1,2,3,7,3,7,5,6,5,2,3,2,4,2,4,4,4,1,1,2,2,2,4,1,7,2,3,4,3,1,2,0,2,1,0,0,0,1,1,1,0,0,0,0,0,0,0,0,0,0,0,0,0,0,0,0,0,0,0,0,0,0,0,0,0,0,0,0,0,0,0,0,0,0,3,3,2,2,0,2,0,3,1,0,1,2,4,2,0,3,3,2,6,6,6,4,4,6,5,4,4,6,7,3,8,2,5,4,1,4,4,8,7,3,1,4,3,4,3,2,5,5,2,4,4,3,6,7,4,4,3,7,3,2,1,0,0,1,1,1,0,0,0,1,0,0,0,0,0,0,0,0,0,0,0,0,0,0,0,0,0,0,0,0,0,0,0,0,0,0,0,0,0,0,0
B,"BUCUREŞTI SECTORUL 1","BUCUREŞTI SECTORUL 1",179141,102,"COLEGIUL GERMAN ”GOETHE”",U,1163,43,453,9,0,0,462,10,24,40,73,52,12,21,47,105,78,3,2,1,2,1,0,1,2,4,2,2,1,2,3,1,5,2,2,0,4,6,2,7,3,4,1,11,6,7,4,7,2,5,4,4,4,2,2,0,6,5,6,1,1,3,2,2,3,3,0,2,6,9,4,2,5,6,2,2,1,0,0,2,1,0,0,0,1,1,0,0,1,0,0,1,0,0,0,0,0,0,0,0,0,0,0,0,0,0,0,0,0,0,0,0,0,0,0,0,0,0,0,0,1,3,1,4,1,1,1,1,2,4,3,2,0,2,1,4,2,2,5,2,5,5,5,4,3,7,9,11,8,5,3,7,7,9,11,4,2,6,1,5,8,6,1,1,2,5,3,4,8,3,8,2,6,8,5,4,1,4,2,5,2,3,1,3,3,0,1,1,0,1,0,0,0,1,1,0,0,1,0,0,0,0,0,0,0,0,0,0,0,0,0,0,0,0,0,0,0,0,0,0,0,0,0
B,"BUCUREŞTI SECTORUL 1","BUCUREŞTI SECTORUL 1",179141,103,"LICEUL TEORETIC BILINGV ”MIGUEL DE CERVANTES”",U,847,19,319,8,2,1,330,3,12,48,58,43,7,15,36,46,62,0,0,0,0,0,0,3,2,1,0,1,2,0,1,2,0,3,3,5,5,5,4,5,5,6,5,5,4,2,1,4,3,2,5,2,6,1,3,6,4,4,3,2,4,0,1,1,4,5,1,2,7,3,1,1,1,3,0,2,2,2,0,1,0,1,2,1,1,1,0,1,0,0,0,0,1,0,0,0,0,0,0,0,0,0,0,0,0,0,0,0,0,0,0,0,0,0,0,0,0,0,0,0,1,3,3,0,0,0,0,0,2,0,1,1,2,2,5,1,1,2,2,6,4,4,4,2,5,1,6,5,1,3,3,0,1,0,0,4,0,4,7,4,4,2,2,0,2,2,2,3,7,4,3,3,2,4,1,3,4,3,6,2,2,2,1,2,1,0,1,1,1,2,0,0,1,2,1,0,0,0,0,0,0,0,0,0,0,0,0,0,0,0,0,0,0,0,0,0,0,0,0,0,0,0,0
B,"BUCUREŞTI SECTORUL 1","BUCUREŞTI SECTORUL 1",179141,104,"LICEUL TEORETIC BILINGV ”MIGUEL DE CERVANTES”",U,925,14,330,14,3,0,347,12,11,36,72,36,5,21,34,74,46,2,3,2,4,0,0,1,0,3,0,0,4,0,1,0,2,1,3,2,3,1,2,5,4,5,7,4,3,5,7,5,8,5,1,3,2,0,6,4,4,9,1,2,2,2,2,1,3,3,1,3,4,0,6,3,2,0,1,3,3,0,0,1,0,0,1,0,0,1,0,1,0,0,0,0,0,0,0,0,0,0,0,0,0,0,0,0,0,0,0,0,0,0,0,0,0,0,0,0,0,0,0,0,2,0,2,0,1,0,0,2,2,3,0,2,2,3,2,3,2,4,2,3,0,5,3,3,5,6,3,7,4,5,6,3,8,3,4,2,3,1,2,3,8,2,2,3,4,3,1,2,3,3,4,3,2,2,2,2,4,4,1,1,5,1,1,1,1,2,1,0,0,0,0,1,0,0,0,0,0,0,0,0,0,0,0,0,0,0,0,0,0,0,0,0,0,0,0,0,0,0,0,0,0,0,0
B,"BUCUREŞTI SECTORUL 1","BUCUREŞTI SECTORUL 1",179141,105,"ȘCOALA GIMNAZIALĂ ”URUGUAY”",U,1204,13,387,9,1,1,398,7,19,35,87,40,17,17,30,84,62,0,0,0,2,2,2,1,1,1,3,2,2,0,2,0,7,1,3,3,2,5,5,6,1,3,4,3,9,1,5,9,5,2,1,2,5,2,4,10,8,5,0,2,4,4,3,6,1,3,1,5,2,3,2,2,1,2,3,3,2,0,3,0,1,4,0,1,1,0,0,0,0,0,0,0,0,0,0,0,0,0,0,0,0,0,0,0,0,0,0,0,0,0,0,0,0,0,0,0,0,0,0,0,3,2,5,1,1,3,2,0,0,4,1,4,1,0,4,2,1,2,3,2,3,7,4,1,3,2,3,4,9,1,4,4,5,4,6,3,5,3,10,6,4,2,3,2,1,6,2,6,3,1,5,5,2,3,4,6,4,2,4,4,3,2,2,1,2,1,1,0,0,0,0,0,1,0,0,0,0,0,0,0,0,0,0,0,0,0,0,0,0,0,0,0,0,0,0,0,0,0,0,0,0,0,0
B,"BUCUREŞTI SECTORUL 1","BUCUREŞTI SECTORUL 1",179141,106,"ȘCOALA GIMNAZIALĂ ”URUGUAY”",U,1172,20,286,6,0,39,331,10,12,12,67,55,11,16,28,62,58,1,0,1,1,1,1,5,1,0,1,1,1,3,2,1,1,1,1,0,0,4,2,1,1,3,0,0,4,3,5,2,3,4,6,3,7,2,3,1,7,3,3,1,2,3,2,3,4,4,4,8,6,2,7,1,3,5,1,1,2,2,1,0,1,0,0,1,1,0,0,0,0,0,0,0,1,0,0,0,0,0,0,0,0,0,0,0,0,0,0,0,0,0,0,0,0,0,0,0,0,0,0,0,3,4,1,2,1,0,0,2,2,0,3,3,1,0,1,2,2,1,7,4,3,3,3,2,0,4,1,5,5,3,1,2,5,3,4,4,4,4,5,1,6,0,3,1,2,2,2,4,6,1,5,6,6,4,2,3,4,3,1,0,2,3,0,1,1,0,1,2,0,3,0,0,0,0,0,0,0,0,0,0,0,0,0,0,0,0,0,0,0,0,0,0,0,0,0,0,0,0,0,0,0,0,0
B,"BUCUREŞTI SECTORUL 1","BUCUREŞTI SECTORUL 1",179141,107,"ŞCOALA GIMNAZIALĂ ”URUGUAY”",U,1205,40,434,15,0,27,476,17,24,51,77,62,9,32,47,95,62,5,3,3,1,3,1,1,2,3,3,2,4,4,0,2,2,2,4,6,4,5,11,3,6,5,0,7,3,9,3,5,4,4,3,2,4,2,6,8,5,3,2,3,1,6,2,2,11,3,7,6,4,1,1,6,1,3,1,1,3,4,3,0,2,0,1,0,0,0,1,1,0,0,0,1,1,0,0,0,0,0,0,0,0,0,0,0,0,0,0,0,0,0,0,0,0,0,0,0,0,0,0,0,1,1,2,2,1,1,1,3,3,2,3,2,3,3,2,5,6,6,3,4,7,5,5,4,6,3,4,12,2,4,5,9,6,5,1,4,3,4,4,11,3,4,3,5,1,3,6,8,4,4,3,5,2,1,2,8,1,4,6,4,3,0,1,0,0,1,1,0,2,0,1,0,1,0,0,0,0,0,0,0,0,0,0,0,0,0,0,0,0,0,0,0,0,0,0,0,0,0,0,0,0,0,0
B,"BUCUREŞTI SECTORUL 1","BUCUREŞTI SECTORUL 1",179141,108,"ŞCOALA GIMNAZIALĂ ”URUGUAY”",U,1211,16,523,11,0,0,534,17,15,40,89,67,12,26,50,130,88,3,3,4,4,1,0,2,1,0,0,0,4,3,1,3,2,1,2,6,4,4,5,5,6,2,3,3,6,4,7,6,2,9,5,1,1,6,4,4,9,7,2,4,3,3,3,3,4,0,6,5,5,6,4,4,2,4,1,2,6,0,3,1,2,6,2,1,1,0,0,0,0,1,1,0,0,0,0,0,0,0,0,0,0,0,0,0,0,0,0,0,0,0,0,0,0,0,0,0,0,0,0,0,6,0,2,1,0,2,1,1,1,2,1,2,2,3,4,4,6,2,3,3,7,5,7,8,4,4,7,7,8,9,7,5,10,10,9,7,2,6,5,6,11,4,3,5,4,8,4,5,7,10,4,4,5,2,8,3,4,4,5,4,5,2,1,2,1,0,3,3,0,3,1,0,0,0,2,0,0,0,0,0,0,0,0,0,0,0,0,0,0,0,0,0,0,0,0,0,0,0,0,0,0,0,0
B,"BUCUREŞTI SECTORUL 1","BUCUREŞTI SECTORUL 1",179141,109,"ȘCOALA GIMNAZIALĂ ”URUGUAY”",U,1186,41,321,5,0,0,326,5,15,27,65,35,16,24,29,53,57,0,0,3,0,2,0,0,2,0,0,1,4,0,1,2,3,2,1,3,4,1,4,4,4,4,0,2,2,4,3,6,4,2,5,2,2,5,6,6,3,3,2,2,1,2,4,1,3,2,4,1,2,3,2,0,2,2,1,0,4,0,3,2,0,2,1,0,0,0,1,0,0,0,0,0,0,0,0,0,0,0,0,0,0,0,0,0,0,0,0,0,0,0,0,0,0,0,0,0,0,0,0,0,4,3,2,2,0,3,2,2,1,4,2,4,4,3,0,2,2,4,6,1,2,5,2,5,1,1,2,2,1,3,5,4,2,3,1,3,1,2,9,4,2,2,0,3,3,1,2,7,2,4,1,6,3,6,1,2,2,3,7,3,2,2,1,1,2,1,0,0,0,0,0,0,0,1,0,0,0,0,0,0,0,0,0,0,0,0,0,0,0,0,0,0,0,0,0,0,0,0,0,0,0,0,0
B,"BUCUREŞTI SECTORUL 1","BUCUREŞTI SECTORUL 1",179141,114,"ȘCOALA GIMNAZIALĂ ”ALEXANDRU COSTESCU” NR.182",U,1359,11,438,6,0,0,444,12,16,44,84,54,11,26,40,94,63,0,3,5,1,0,2,1,3,0,2,1,2,2,2,1,2,1,2,3,2,7,7,4,3,3,4,9,8,5,5,4,8,4,6,2,3,4,5,5,7,6,0,5,1,2,2,2,4,1,5,5,3,3,6,5,6,1,3,2,0,2,2,1,3,1,0,0,0,0,1,0,0,0,0,0,0,0,0,0,0,0,0,0,0,0,0,0,0,0,0,0,0,0,0,0,0,0,0,0,0,0,0,0,2,5,1,0,0,0,3,2,2,1,7,2,1,1,1,7,2,2,4,4,4,4,6,1,4,6,5,5,10,3,9,3,2,4,5,7,3,4,11,5,4,1,5,4,2,4,3,2,5,10,5,2,4,7,3,4,4,1,4,0,3,4,0,0,1,1,2,0,0,0,1,0,0,0,0,0,0,0,0,0,0,0,0,0,0,0,0,0,0,0,0,0,0,0,0,0,0,0,0,0,0,0,0
B,"BUCUREŞTI SECTORUL 1","BUCUREŞTI SECTORUL 1",179141,115,"ŞCOALA GIMNAZIALĂ ”SFINŢII VOIEVOZI”",U,1089,70,325,11,0,24,360,5,12,24,67,52,8,28,36,63,65,1,0,2,0,2,0,0,0,3,0,3,1,1,1,1,1,1,1,2,5,3,1,3,2,1,1,5,2,4,2,6,5,4,4,2,4,2,3,0,5,3,2,2,2,5,6,4,5,1,3,3,5,3,2,2,6,2,3,0,1,6,1,1,1,2,0,0,0,1,2,0,0,0,1,1,0,0,0,0,0,0,0,0,0,0,0,0,0,0,0,0,0,0,0,0,0,0,0,0,0,0,0,0,3,0,0,1,2,0,2,1,2,6,2,6,3,2,1,2,3,2,3,3,7,5,2,0,6,5,3,4,6,2,4,6,3,2,0,4,0,0,1,4,7,1,3,2,7,4,3,5,4,3,7,4,2,2,3,2,7,6,1,0,3,3,1,3,1,0,2,1,2,0,2,0,1,0,0,0,0,0,0,0,0,0,0,0,0,0,0,0,0,0,0,0,0,0,0,0,0,0,0,0,0,0,0
B,"BUCUREŞTI SECTORUL 1","BUCUREŞTI SECTORUL 1",179141,116,"ŞCOALA GIMNAZIALĂ ”SFINŢII VOIEVOZI”",U,1393,50,464,8,0,1,473,12,32,47,82,50,5,25,54,94,72,2,3,1,1,2,2,1,3,2,2,6,1,4,4,4,3,3,1,5,6,10,5,5,3,3,4,5,5,7,7,6,9,9,0,0,4,3,2,7,4,4,0,3,2,4,3,3,1,4,0,4,12,1,3,3,4,5,3,0,1,2,3,2,0,0,0,0,0,1,0,0,0,1,0,0,0,0,0,0,0,0,0,0,0,0,0,0,0,0,0,0,0,0,0,0,0,0,0,0,0,0,0,0,0,2,2,1,0,0,0,0,0,1,3,5,4,2,2,4,4,6,2,5,6,5,9,10,4,2,5,3,8,7,11,4,5,9,3,3,6,5,3,8,3,1,0,4,4,4,3,5,5,5,9,5,8,5,1,6,6,2,2,3,1,0,1,2,1,0,1,0,0,1,0,2,0,0,0,1,0,0,0,0,0,0,0,0,0,0,0,0,0,0,0,0,0,0,0,0,0,0,0,0,0,0,0
B,"BUCUREŞTI SECTORUL 1","BUCUREŞTI SECTORUL 1",179141,117,"ŞCOALA GIMNAZIALĂ ”SFINŢII VOIEVOZI”",U,1085,32,377,6,0,0,383,7,14,52,58,44,15,20,41,69,63,2,0,0,1,0,1,3,0,2,3,0,1,2,1,3,0,2,6,4,7,4,3,4,9,4,7,4,3,5,3,3,3,4,1,4,1,0,1,2,4,7,4,2,4,1,5,1,0,9,2,4,5,3,2,2,3,2,0,4,1,0,0,0,1,0,1,2,0,0,0,1,0,0,0,0,0,1,1,0,0,0,0,0,0,0,0,0,0,0,0,0,0,0,0,0,0,0,0,0,0,0,0,0,2,2,1,5,0,2,3,1,2,1,2,1,0,2,4,2,5,5,5,6,2,6,4,3,6,4,0,3,7,3,5,4,0,3,4,3,4,3,8,3,4,1,1,2,4,2,5,4,4,3,2,5,8,6,3,3,3,5,3,2,0,2,2,2,1,1,0,1,0,0,0,0,1,0,1,0,0,1,0,0,0,0,0,0,0,0,0,0,0,0,0,0,0,0,0,0,0,0,0,0,0,0,0
B,"BUCUREŞTI SECTORUL 1","BUCUREŞTI SECTORUL 1",179141,118,"ŞCOALA GIMNAZIALĂ ”SFINŢII VOIEVOZI”",U,1323,141,464,12,1,0,477,6,32,61,84,48,11,33,39,87,76,2,1,0,1,0,2,0,2,3,2,3,2,3,3,6,3,5,6,9,10,4,3,10,6,7,2,4,5,11,2,5,5,6,5,3,2,3,3,4,9,5,4,0,2,4,2,4,2,4,2,0,1,4,7,4,2,2,1,4,2,3,2,0,1,2,0,0,2,0,0,0,1,2,0,0,0,0,0,0,0,0,0,0,0,0,0,0,0,0,0,0,0,0,0,0,0,0,0,0,0,0,0,0,5,2,2,0,1,0,1,1,2,3,1,4,3,5,2,7,5,2,3,4,3,2,8,8,4,1,4,5,6,2,3,4,7,5,3,6,2,6,3,6,5,2,2,2,5,4,9,1,4,5,7,3,12,8,5,5,3,3,3,3,3,2,0,3,1,1,0,0,0,1,1,1,0,1,0,0,0,0,0,0,0,0,0,0,0,0,0,0,0,0,0,0,0,0,0,0,0,0,0,0,0,0,0
B,"BUCUREŞTI SECTORUL 1","BUCUREŞTI SECTORUL 1",179141,119,"ȘCOALA GIMNAZIALĂ ”AVENOR”",U,1610,30,727,12,0,0,739,14,43,155,117,21,9,50,162,135,33,8,1,1,1,1,1,1,2,1,3,2,1,5,5,3,11,10,8,12,14,18,16,23,15,13,15,21,14,14,7,19,11,7,6,6,3,1,5,6,3,5,1,2,3,3,0,1,2,3,2,1,2,0,1,1,0,2,3,1,0,2,0,0,0,0,1,0,0,0,0,0,0,0,0,0,0,0,0,0,0,0,0,0,0,0,0,0,0,0,0,0,0,0,0,0,0,0,0,0,0,0,0,0,4,2,0,2,1,0,0,2,1,2,1,4,5,9,9,8,9,13,12,19,14,15,28,13,11,19,18,18,17,15,7,11,10,9,7,9,4,3,3,6,3,2,4,1,4,1,1,1,3,1,4,0,3,2,0,0,3,2,3,1,3,1,1,1,2,1,0,0,0,0,0,1,0,0,0,0,0,0,0,0,0,0,0,0,0,0,0,0,0,0,0,0,0,0,0,0,0,0,0,0,0,0,0
B,"BUCUREŞTI SECTORUL 1","BUCUREŞTI SECTORUL 1",179141,121,"COLEGIUL NAŢIONAL ”ION NECULCE”",U,1451,21,598,13,1,0,612,10,30,61,77,77,12,29,85,104,127,3,3,0,1,0,2,1,4,2,1,3,1,2,4,1,1,11,3,9,7,7,8,6,7,2,6,6,7,1,5,9,4,10,3,3,1,3,1,2,5,4,1,7,2,4,2,3,0,3,3,8,8,6,4,6,8,7,7,1,4,4,0,3,1,0,1,0,2,0,1,0,0,0,0,0,0,0,0,0,0,0,0,0,0,0,0,0,0,0,0,0,0,0,0,0,0,0,0,0,0,0,0,0,0,3,0,3,3,2,1,1,2,3,2,1,1,4,2,5,8,10,5,8,12,7,6,12,6,10,9,8,5,7,4,6,7,2,4,1,5,4,7,9,9,5,5,7,1,1,7,3,5,7,9,16,7,16,10,7,6,10,4,4,4,7,2,1,1,0,4,1,2,0,1,0,0,0,0,0,0,0,0,0,0,0,0,0,0,0,0,0,0,0,0,0,0,0,0,0,0,0,0,0,0,0,0
B,"BUCUREŞTI SECTORUL 1","BUCUREŞTI SECTORUL 1",179141,122,"COLEGIUL NAŢIONAL ”ION NECULCE”",U,1395,17,515,7,0,0,522,14,23,57,78,69,16,18,51,101,95,3,2,1,0,3,2,3,0,2,3,0,1,4,4,1,4,4,2,3,6,8,2,5,7,5,5,14,7,3,3,5,2,5,4,6,3,2,3,3,4,7,3,7,2,1,6,2,1,5,7,6,8,4,3,0,8,4,2,5,2,1,2,2,0,1,0,1,1,4,2,0,0,0,0,0,0,0,0,0,0,0,0,0,0,0,0,0,0,0,0,0,0,0,0,0,0,0,0,0,0,0,0,0,5,1,2,1,2,3,2,1,1,0,4,1,1,0,2,3,5,1,8,4,2,3,8,8,4,4,9,8,10,5,3,6,3,4,4,7,3,5,7,5,9,3,2,4,4,5,4,11,8,9,12,7,7,4,4,6,4,1,7,4,1,3,1,3,0,1,1,0,1,0,0,0,0,0,0,0,0,0,0,0,0,0,0,0,0,0,0,0,0,0,0,0,0,0,0,0,0,0,0,0,0,0,0
B,"BUCUREŞTI SECTORUL 1","BUCUREŞTI SECTORUL 1",179141,123,"COLEGIUL NAŢIONAL ”ION NECULCE”",U,1458,30,595,12,1,1,609,11,26,65,107,65,19,28,62,126,100,2,1,0,2,0,1,5,2,3,3,1,3,2,2,2,4,4,4,5,7,4,9,5,11,4,10,6,6,5,4,10,12,6,9,4,6,6,4,7,5,7,3,3,3,1,2,4,4,3,2,4,9,4,6,10,3,3,3,1,0,1,0,1,0,2,0,0,1,3,3,1,0,0,0,0,1,0,0,0,0,0,0,0,0,0,0,0,0,0,0,0,0,0,0,0,0,0,0,0,0,0,0,0,2,2,2,2,3,5,3,2,0,0,1,2,3,5,4,6,5,5,10,6,3,9,6,4,6,9,4,13,7,7,6,9,6,12,10,2,2,5,9,7,5,4,3,3,4,6,6,5,8,12,6,11,9,6,5,3,6,8,1,4,2,1,1,2,3,1,2,2,0,0,2,0,0,0,0,0,0,0,0,0,0,0,0,0,0,0,0,0,0,0,0,0,0,0,0,0,0,0,0,0,0,0,0
B,"BUCUREŞTI SECTORUL 1","BUCUREŞTI SECTORUL 1",179141,124,"COLEGIUL NAŢIONAL ”ION NECULCE”",U,1428,16,593,9,0,1,603,22,28,44,124,68,15,30,48,125,99,3,2,5,6,1,1,4,0,3,5,3,3,2,2,3,4,3,2,5,3,4,6,1,10,2,3,8,7,8,7,9,7,9,9,1,4,5,8,6,9,7,5,3,3,5,7,5,4,5,1,4,4,2,4,7,5,3,3,3,2,4,2,1,6,2,2,0,0,2,1,0,0,0,0,1,0,0,0,0,0,0,0,0,0,0,0,0,0,0,0,0,0,0,0,0,0,0,0,0,0,0,0,0,4,1,2,4,0,2,2,2,1,7,2,5,1,3,4,3,2,6,5,4,5,3,6,1,5,5,8,6,4,7,7,8,6,8,8,8,4,4,9,11,10,0,6,5,3,6,5,5,3,4,11,11,7,5,5,9,5,6,2,3,3,0,2,1,5,2,3,3,2,0,0,2,0,0,0,0,0,0,0,0,0,0,0,0,0,0,0,0,0,0,0,0,0,0,0,0,0,0,0,0,0,0,0
B,"BUCUREŞTI SECTORUL 1","BUCUREŞTI SECTORUL 1",179141,125,"COLEGIUL NAŢIONAL ”ION NECULCE”",U,1430,72,476,7,0,0,483,21,18,39,99,55,24,13,41,115,58,4,0,2,3,3,7,2,2,1,1,3,3,3,2,1,2,0,1,3,4,6,5,2,6,6,4,2,4,2,4,5,3,4,5,3,7,7,10,7,6,13,6,3,4,2,3,1,2,4,2,3,3,5,5,6,3,4,4,4,2,0,2,1,0,0,0,1,1,0,0,3,0,0,0,0,0,0,0,0,0,0,0,0,0,0,0,0,0,0,0,0,0,0,0,0,0,0,0,0,0,0,0,0,11,1,2,4,2,2,2,2,1,1,1,2,1,2,1,1,1,3,6,5,2,3,2,4,4,8,4,8,9,7,6,7,5,5,5,7,7,12,11,6,7,2,1,3,3,2,2,5,0,3,4,4,8,4,5,6,2,3,2,4,0,2,3,2,1,0,0,0,0,0,0,0,0,0,0,0,0,0,0,0,0,0,0,0,0,0,0,0,0,0,0,0,0,0,0,0,0,0,0,0,0,0,0
B,"BUCUREŞTI SECTORUL 1","BUCUREŞTI SECTORUL 1",179141,126,"ŞCOALA GIMNAZIALĂ ”GEO BOGZA”",U,1003,5,389,8,0,2,399,16,16,44,65,48,14,11,41,76,68,2,1,2,4,3,2,2,1,3,2,2,0,0,2,1,5,0,1,3,5,3,3,2,6,5,11,5,2,4,4,2,4,7,8,3,0,4,6,3,3,1,2,1,7,4,0,0,2,7,5,3,1,5,3,1,5,4,1,3,0,0,4,0,0,0,0,1,0,1,0,0,0,1,0,1,0,0,0,0,0,0,0,0,0,0,0,0,0,0,0,0,0,0,0,0,0,0,0,0,0,0,0,0,3,0,3,4,1,3,0,1,0,0,0,0,2,1,3,1,3,2,5,1,4,6,5,8,3,3,4,7,6,5,5,3,9,3,2,2,3,2,7,6,7,1,1,2,2,1,2,5,6,6,10,7,3,2,6,2,0,2,5,0,3,2,1,2,0,3,0,0,0,0,3,0,0,0,0,0,0,0,0,0,0,0,0,0,0,0,0,0,0,0,0,0,0,0,0,0,0,0,0,0,0,0,0
B,"BUCUREŞTI SECTORUL 1","BUCUREŞTI SECTORUL 1",179141,127,"ŞCOALA GIMNAZIALĂ ”GEO BOGZA”",U,1109,4,406,8,0,0,414,11,7,47,67,57,15,6,56,76,72,2,5,1,0,1,2,0,0,1,1,0,1,1,1,1,0,1,3,7,4,3,4,8,4,3,3,8,3,4,4,3,2,2,5,5,1,3,7,5,4,6,1,3,2,1,1,5,2,5,3,5,7,7,2,3,2,1,3,1,2,2,5,2,1,2,2,0,0,0,0,0,0,0,0,0,0,0,0,0,0,0,0,0,0,0,0,0,0,0,0,0,0,0,0,0,0,0,0,0,0,0,0,0,4,3,3,1,1,2,1,1,1,0,1,1,0,0,1,0,1,3,5,6,3,4,11,6,9,4,5,1,2,6,2,3,6,2,5,5,2,3,5,4,5,1,4,3,7,2,8,7,10,7,2,8,6,3,5,2,4,5,4,1,2,2,2,0,0,1,1,0,0,0,0,0,0,0,0,0,0,0,0,0,0,0,0,0,0,0,0,0,0,0,0,0,0,0,0,0,0,0,0,0,0,0,0
B,"BUCUREŞTI SECTORUL 1","BUCUREŞTI SECTORUL 1",179141,128,"ŞCOALA GIMNAZIALĂ ”GEO BOGZA”",U,823,3,347,10,0,0,357,4,11,38,46,63,8,13,40,54,80,1,0,2,0,1,0,0,1,1,1,0,2,0,1,1,1,3,2,2,3,2,7,5,4,2,4,7,3,3,3,3,6,0,2,5,4,2,2,5,2,2,1,2,0,0,0,1,3,3,3,3,8,7,3,5,7,0,5,4,3,0,0,0,2,1,3,0,1,0,0,1,0,1,0,0,0,0,0,0,0,0,0,0,0,0,0,0,0,0,0,0,0,0,0,0,0,0,0,0,0,0,0,0,4,0,1,1,1,0,1,1,0,1,2,1,2,0,3,1,2,7,3,3,0,3,6,2,8,5,3,6,6,5,1,1,6,4,1,3,3,0,3,5,3,1,1,2,1,0,2,9,2,5,3,14,8,6,3,3,3,4,4,3,1,3,2,2,1,2,0,0,1,0,0,1,0,0,0,0,0,0,0,0,0,0,0,0,0,0,0,0,0,0,0,0,0,0,0,0,0,0,0,0,0,0,0
B,"BUCUREŞTI SECTORUL 1","BUCUREŞTI SECTORUL 1",179141,129,"ŞCOALA GIMNAZIALĂ ”PETRE ISPIRESCU”",U,1294,7,560,8,0,0,568,10,30,52,84,77,14,22,69,107,103,4,2,1,2,1,0,0,4,3,4,2,5,2,2,1,2,5,3,4,5,3,2,9,8,4,4,10,7,7,6,11,7,1,6,4,3,7,4,2,4,4,4,2,1,0,1,3,2,4,3,3,8,4,10,4,3,5,1,4,8,2,3,4,3,2,0,1,0,1,0,1,0,1,0,0,0,0,0,0,0,0,0,0,0,0,0,0,0,0,0,0,0,0,0,0,0,0,0,0,0,0,0,0,5,0,5,2,1,0,1,3,0,1,4,2,5,1,2,2,2,2,7,7,6,3,8,9,9,11,7,12,9,8,8,7,4,9,3,3,6,4,7,5,6,2,3,1,2,5,3,4,3,7,5,8,19,11,8,3,7,3,5,2,4,0,3,1,2,2,1,0,2,1,2,0,0,0,0,0,0,0,0,0,0,0,0,0,0,0,0,0,0,0,0,0,0,0,0,0,0,0,0,0,0,0,0
B,"BUCUREŞTI SECTORUL 1","BUCUREŞTI SECTORUL 1",179141,130,"ŞCOALA GIMNAZIALĂ ”PETRE ISPIRESCU”",U,1318,204,559,11,0,0,570,13,20,66,72,81,11,24,66,92,125,2,0,2,4,1,3,1,5,0,0,2,2,0,3,2,3,3,6,3,8,4,6,6,4,7,14,8,4,9,8,6,7,3,3,2,4,1,2,3,6,3,1,0,5,2,1,2,3,2,4,5,9,12,6,10,1,4,3,2,5,1,3,2,0,2,1,0,1,0,1,1,0,1,0,0,1,1,0,0,0,0,0,0,0,0,0,0,0,0,0,0,0,0,0,0,0,0,0,0,0,0,0,0,2,3,0,1,1,2,2,3,0,4,1,1,2,3,1,3,6,5,4,7,6,6,7,9,7,10,5,11,6,8,2,3,7,8,7,2,3,2,3,4,11,1,0,1,6,1,6,12,9,6,15,15,12,10,3,3,6,3,7,5,6,2,5,0,2,0,1,0,1,1,1,0,0,0,0,0,0,0,0,0,0,0,0,0,0,0,0,0,0,0,0,0,0,0,0,0,0,0,0,0,0,0,0
B,"BUCUREŞTI SECTORUL 1","BUCUREŞTI SECTORUL 1",179141,131,"ŞCOALA GIMNAZIALĂ ”PETRE ISPIRESCU”",U,1295,116,535,8,0,0,543,22,16,45,90,77,9,21,51,124,88,4,3,3,3,1,5,3,2,5,0,2,1,1,1,2,0,2,2,3,4,7,4,5,3,3,6,8,3,5,9,5,6,6,9,3,2,2,6,3,5,15,3,1,0,2,3,2,3,2,6,8,10,4,6,4,5,3,3,2,5,2,7,1,1,2,1,0,0,0,0,0,0,1,0,0,0,1,0,0,0,0,0,0,0,0,0,0,0,0,0,0,0,0,0,0,0,0,0,0,0,0,0,0,2,2,0,1,1,3,0,3,3,2,0,1,1,2,2,1,6,4,4,3,4,4,3,8,9,5,7,8,6,4,8,5,4,5,5,5,9,5,8,9,11,5,6,7,7,5,2,3,4,7,5,5,4,11,7,5,3,4,1,6,1,6,4,1,2,3,1,1,2,1,0,0,1,0,0,0,0,0,0,0,0,0,0,0,0,0,0,0,0,0,0,0,0,0,0,0,0,0,0,0,0,0,0
B,"BUCUREŞTI SECTORUL 1","BUCUREŞTI SECTORUL 1",179141,132,"ŞCOALA GIMNAZIALĂ ”PETRE ISPIRESCU”",U,1031,18,441,9,0,0,450,13,21,39,87,64,11,17,40,100,58,1,4,0,0,2,3,3,2,3,5,0,0,2,5,2,1,1,4,7,2,3,3,4,5,5,3,3,8,2,6,4,8,6,1,3,4,2,3,3,7,9,2,4,2,3,6,4,3,7,3,3,6,4,3,4,3,1,7,3,2,3,3,2,1,1,0,1,1,0,0,1,1,0,1,0,0,0,0,0,0,0,0,0,0,0,0,0,0,0,0,0,0,0,0,0,0,0,0,0,0,0,0,0,2,2,3,0,1,0,3,0,4,3,3,2,1,0,3,1,0,2,8,2,3,4,2,6,3,5,5,1,5,5,6,4,5,2,3,3,6,4,7,15,9,4,5,4,3,5,4,2,7,8,7,6,2,3,2,2,3,4,0,1,2,0,2,1,0,0,2,0,1,0,1,0,1,0,1,0,0,0,0,0,0,0,0,0,0,0,0,0,0,0,0,0,0,0,0,0,0,0,0,0,0,0,0
B,"BUCUREŞTI SECTORUL 1","BUCUREŞTI SECTORUL 1",179141,133,"ŞCOALA GIMNAZIALĂ ”PETRE ISPIRESCU”",U,1057,6,472,12,0,0,484,11,19,34,105,48,11,22,49,117,68,2,3,0,1,0,1,4,2,1,1,4,2,3,2,1,1,2,3,1,1,3,3,6,5,4,4,4,6,8,7,8,4,9,7,1,7,3,6,9,3,6,3,3,2,3,7,3,3,3,4,2,2,3,0,9,3,2,5,1,3,3,0,0,1,0,0,2,0,0,0,0,2,0,0,0,0,0,0,0,0,0,0,0,0,0,0,0,0,0,0,0,0,0,0,0,0,0,0,0,0,0,0,0,3,1,0,2,0,5,0,3,4,1,3,5,0,1,1,1,3,2,5,4,3,5,5,11,4,6,4,6,7,5,7,10,3,3,9,3,9,7,4,11,10,2,4,6,4,3,4,6,2,2,2,8,8,2,4,3,3,7,3,4,5,0,0,2,2,0,1,1,1,0,1,0,0,0,1,0,0,0,0,0,0,0,0,0,0,0,0,0,0,0,0,0,0,0,0,0,0,0,0,0,0,0,0
B,"BUCUREŞTI SECTORUL 1","BUCUREŞTI SECTORUL 1",179141,134,"ŞCOALA GIMNAZIALĂ ”SF.NICOLAE”",U,1388,11,486,13,0,1,500,13,33,50,87,49,10,22,66,99,71,4,3,3,2,0,0,1,4,4,1,3,7,1,2,4,5,2,6,5,1,6,6,5,2,6,5,8,9,4,4,8,3,3,8,2,2,4,4,4,7,5,4,2,3,3,4,4,3,4,4,3,4,8,1,3,1,3,1,0,3,0,1,0,1,2,1,1,0,1,1,2,1,0,0,0,0,0,0,0,0,0,0,0,0,0,0,0,0,0,0,0,0,0,0,0,0,0,0,0,0,0,0,0,2,2,0,1,2,0,3,0,1,1,2,4,0,5,4,5,0,2,9,6,4,10,9,1,10,5,10,7,4,6,7,8,5,6,4,2,1,6,5,7,5,3,8,5,3,5,2,2,5,8,5,6,4,6,2,5,1,3,2,2,3,3,2,2,0,3,2,2,0,0,1,0,2,0,0,0,0,0,0,0,0,0,0,0,0,0,0,0,0,0,0,0,0,0,0,0,0,0,0,0,0,0,0
B,"BUCUREŞTI SECTORUL 1","BUCUREŞTI SECTORUL 1",179141,135,"ŞCOALA GIMNAZIALĂ ”SF.NICOLAE”",U,1210,15,416,6,0,0,422,14,21,46,65,39,6,25,55,86,65,4,0,2,3,0,2,3,1,2,1,3,0,4,5,1,1,3,2,2,5,7,4,5,5,6,5,5,5,3,7,3,5,4,4,3,4,8,1,3,2,3,3,2,0,2,0,3,5,1,5,3,3,3,4,2,3,0,1,2,3,1,1,0,0,0,0,0,0,0,1,0,0,0,1,0,0,0,0,0,0,0,0,0,0,0,0,0,0,0,0,0,0,0,0,0,0,0,0,0,0,0,0,0,2,0,1,0,0,2,1,4,3,1,1,3,4,4,2,2,1,2,6,8,5,6,5,7,4,6,6,5,4,6,8,5,8,6,2,2,2,8,5,12,3,1,0,4,2,1,2,5,6,4,4,5,6,6,2,1,5,2,2,1,1,3,0,1,1,1,2,3,0,1,1,1,1,0,0,0,0,0,0,0,0,0,0,0,0,0,0,0,0,0,0,0,0,0,0,0,0,0,0,0,0,0,0
B,"BUCUREŞTI SECTORUL 1","BUCUREŞTI SECTORUL 1",179141,136,"COLEGIUL NAŢIONAL ”AUREL VLAICU”",U,1323,25,650,9,0,0,659,12,33,82,114,58,19,25,98,146,72,3,1,1,2,3,0,2,3,5,0,4,4,4,1,4,4,4,7,5,9,7,13,14,6,8,7,6,9,14,9,8,4,3,6,5,4,8,4,2,11,12,3,4,3,1,3,1,2,1,4,4,5,6,4,4,1,6,3,3,2,3,3,2,2,2,0,0,0,1,0,0,0,0,0,0,0,0,0,0,0,0,0,0,0,0,0,0,0,0,0,0,0,0,0,0,0,0,0,0,0,0,0,0,4,5,2,1,1,2,4,0,1,1,1,0,4,6,3,4,5,8,6,8,13,17,11,10,7,8,10,21,13,9,9,7,7,8,6,9,5,3,11,9,6,4,2,6,2,4,5,5,2,6,2,9,6,7,6,1,5,1,6,5,1,1,3,0,3,1,0,0,0,0,0,1,0,1,0,0,0,0,0,0,0,0,0,0,0,0,0,0,0,0,0,0,0,0,0,0,0,0,0,0,0,0,0
B,"BUCUREŞTI SECTORUL 1","BUCUREŞTI SECTORUL 1",179141,137,"COLEGIUL NAŢIONAL ”AUREL VLAICU”",U,1269,7,550,11,0,0,561,20,23,44,102,75,18,21,48,128,82,3,6,2,0,2,3,4,4,5,0,3,3,0,0,0,3,5,3,3,6,3,8,7,2,3,2,7,3,7,5,7,3,7,7,7,1,5,5,7,12,8,3,1,2,8,2,2,5,1,4,2,7,7,10,5,9,1,3,4,1,0,0,3,1,0,0,3,1,3,1,1,2,0,1,0,0,0,0,0,0,0,0,0,0,0,0,0,0,0,0,0,0,0,0,0,0,0,0,0,0,0,0,0,4,2,2,2,3,3,2,1,3,2,2,0,1,3,2,4,3,1,3,6,8,5,3,6,3,7,6,6,4,7,8,6,10,9,5,7,4,7,11,11,15,1,5,4,1,3,4,5,4,6,5,2,6,8,6,2,2,2,8,7,5,1,4,1,0,0,2,1,1,2,1,0,0,1,0,0,0,0,0,0,0,0,0,0,0,0,0,0,0,0,0,0,0,0,0,0,0,0,0,0,0,0,0
B,"BUCUREŞTI SECTORUL 1","BUCUREŞTI SECTORUL 1",179141,138,"COLEGIUL NAŢIONAL ”AUREL VLAICU”",U,1217,7,484,6,0,0,490,21,20,43,98,50,12,19,37,108,82,5,3,3,2,5,1,2,3,1,2,1,1,2,8,1,0,1,5,2,3,3,5,4,7,6,5,3,6,4,6,6,4,6,12,6,2,4,3,4,10,10,4,5,2,2,1,1,2,1,7,1,3,4,4,4,4,3,1,1,2,1,0,2,0,0,4,0,2,2,1,0,0,0,1,0,0,0,0,0,0,0,0,0,0,0,0,0,0,0,0,0,0,0,0,0,0,0,0,0,0,0,0,0,2,3,1,1,4,1,0,1,2,1,2,0,2,3,3,4,1,3,4,4,1,4,4,4,9,2,2,4,12,6,6,4,8,9,5,3,2,9,3,13,7,4,2,3,4,2,2,4,4,5,6,6,5,4,7,5,3,6,2,5,2,1,2,1,3,1,4,0,2,0,0,2,1,0,1,0,0,0,0,0,0,0,0,0,0,0,0,0,0,0,0,0,0,0,0,0,0,0,0,0,0,0,0
B,"BUCUREŞTI SECTORUL 1","BUCUREŞTI SECTORUL 1",179141,139,"COLEGIUL TEHNIC ” VALTER MĂRĂCINEANU”",U,1081,23,350,10,1,0,361,18,21,33,56,30,14,13,45,80,51,2,2,3,2,2,5,2,0,2,2,1,3,2,2,0,1,8,4,0,4,4,5,3,2,6,2,3,4,2,6,4,1,3,5,2,2,3,4,3,5,6,0,0,2,1,2,1,4,4,0,2,4,3,2,1,0,3,2,0,1,0,2,1,0,0,0,1,0,0,0,0,0,0,0,0,0,0,0,0,0,0,0,0,0,0,0,0,0,0,0,0,0,0,0,0,0,0,0,0,0,0,0,0,1,5,1,2,1,2,2,0,1,0,2,2,1,0,3,0,4,4,5,6,3,6,8,3,2,1,7,4,6,2,2,7,3,7,4,2,6,6,7,8,6,0,1,2,3,2,2,4,6,2,1,5,5,5,3,5,3,1,0,1,0,3,1,0,0,1,2,0,3,0,0,0,0,0,0,0,0,0,0,0,0,0,0,0,0,0,0,0,0,0,0,0,0,0,0,0,0,0,0,0,0,0,0
B,"BUCUREŞTI SECTORUL 1","BUCUREŞTI SECTORUL 1",179141,140,"COLEGIUL TEHNIC ” VALTER MĂRĂCINEANU”",U,1366,13,445,9,0,1,455,13,31,39,76,50,17,23,43,87,76,2,2,0,2,0,3,4,5,3,1,1,1,0,3,8,3,6,2,4,4,4,4,7,7,2,2,3,4,3,6,4,4,4,1,2,3,6,8,4,5,9,0,5,1,3,2,2,3,2,4,1,8,8,3,2,2,2,3,2,1,2,1,1,1,0,0,0,0,2,1,1,0,0,0,0,0,0,0,0,0,0,0,0,0,0,0,0,0,0,0,0,0,0,0,0,0,0,0,0,0,0,0,0,5,4,0,1,1,3,3,2,1,5,3,0,2,2,3,4,1,4,3,2,10,4,5,4,1,6,4,6,2,5,10,5,4,5,5,2,2,7,3,8,4,4,4,0,4,2,5,6,3,3,1,2,6,10,6,5,2,4,5,3,7,4,3,1,1,1,2,0,1,0,0,0,0,0,0,0,0,0,0,0,0,0,0,0,0,0,0,0,0,0,0,0,0,0,0,0,0,0,0,0,0,0,0
B,"BUCUREŞTI SECTORUL 1","BUCUREŞTI SECTORUL 1",179141,141,"COLEGIUL TEHNIC ” VALTER MĂRĂCINEANU”",U,1167,15,417,6,0,1,424,13,13,35,70,48,13,30,49,82,71,4,2,2,1,3,1,0,2,0,0,1,3,0,2,2,2,1,2,3,3,3,6,3,2,2,2,9,6,2,3,2,4,2,5,4,0,5,5,4,5,9,1,5,1,2,3,2,6,3,5,2,5,0,5,3,3,3,1,2,0,0,3,0,1,2,2,0,0,0,1,0,1,0,0,0,0,0,0,0,0,0,0,0,0,0,0,0,0,0,0,0,0,0,0,0,0,0,0,0,0,0,0,0,2,2,3,1,2,2,1,1,3,1,2,4,4,5,3,5,2,5,3,3,4,4,6,10,5,3,6,3,5,3,6,2,2,5,6,9,1,7,5,14,2,1,4,3,0,1,3,7,2,8,3,6,8,6,4,7,0,8,3,1,0,0,0,0,1,0,1,0,0,3,1,2,0,0,0,0,0,0,0,0,0,0,0,0,0,0,0,0,0,0,0,0,0,0,0,0,0,0,0,0,0,0,0
B,"BUCUREŞTI SECTORUL 1","BUCUREŞTI SECTORUL 1",179141,142,"COLEGIUL TEHNIC FEROVIAR ”MIHAI I”",U,1186,2,383,5,0,0,388,18,9,33,98,41,9,14,38,85,43,3,4,3,3,3,1,1,2,1,2,1,0,0,0,0,0,3,1,4,6,5,1,2,4,1,5,4,7,7,8,7,4,6,3,4,2,3,4,4,9,4,5,8,4,5,1,3,3,3,4,4,3,2,2,4,2,2,2,0,0,2,3,1,0,0,1,0,0,0,0,0,2,0,0,0,0,0,0,1,0,0,0,0,0,0,0,0,0,0,0,0,0,0,0,0,0,0,0,0,0,0,0,0,4,2,1,0,2,0,0,1,2,0,1,1,3,0,2,2,2,6,3,2,4,5,2,3,4,4,5,8,6,5,2,3,3,2,4,3,6,5,3,8,3,3,5,3,6,2,5,3,3,4,3,3,4,2,3,2,2,2,4,0,1,1,0,1,0,1,2,0,1,1,0,0,0,0,0,0,0,0,0,0,0,0,0,0,0,0,0,0,0,0,0,0,0,0,0,0,0,0,0,0,0,0,0
B,"BUCUREŞTI SECTORUL 1","BUCUREŞTI SECTORUL 1",179141,143,"COLEGIUL TEHNIC FEROVIAR ”MIHAI I”",U,1125,0,318,3,0,0,321,13,12,30,64,35,14,13,28,62,50,0,5,2,2,4,0,0,3,0,0,0,3,2,0,1,2,1,1,5,1,2,4,2,5,7,1,2,4,3,3,2,5,6,3,4,8,2,2,4,5,4,2,0,0,3,1,3,4,0,3,1,3,3,3,2,0,2,7,1,0,1,1,2,0,0,0,0,0,1,0,0,1,0,0,0,0,0,0,0,0,0,0,0,0,0,0,0,0,0,0,0,0,0,0,0,0,0,0,0,0,0,0,0,5,0,2,1,2,1,3,0,0,3,1,2,3,0,1,2,1,1,0,5,6,2,2,3,2,4,3,6,6,6,5,4,4,5,3,2,3,1,1,2,4,3,1,2,1,2,1,3,3,3,1,5,6,4,6,5,4,1,4,2,1,0,0,0,0,0,0,0,1,0,0,0,0,0,0,0,1,0,0,0,0,0,0,0,0,0,0,0,0,0,0,0,0,0,0,0,0,0,0,0,0,0,0
B,"BUCUREŞTI SECTORUL 1","BUCUREŞTI SECTORUL 1",179141,144,"ŞCOALA GIMNAZIALĂ NR.162",U,1383,1,382,6,0,1,389,7,16,34,72,49,10,20,34,82,65,0,1,1,1,3,1,0,1,0,2,5,2,1,2,1,0,2,2,1,8,5,1,2,4,5,1,5,3,5,1,6,2,2,5,4,2,3,3,6,4,7,2,2,2,3,7,3,2,6,4,2,4,3,4,3,5,1,1,2,1,1,2,1,2,0,0,2,0,2,0,0,0,0,0,1,0,0,0,0,0,0,0,0,0,0,0,0,0,0,0,0,0,0,0,0,0,0,0,0,0,0,0,0,2,3,1,1,1,0,2,2,1,1,1,1,1,3,4,4,2,6,3,1,4,5,2,4,3,4,2,5,1,6,5,7,5,7,2,1,4,2,7,7,6,3,4,2,4,3,1,5,3,6,7,8,4,2,3,2,4,3,6,5,3,0,0,2,0,0,0,1,0,0,0,1,0,0,0,0,0,0,0,0,0,0,0,0,0,0,0,0,0,0,0,0,0,0,0,0,0,0,0,0,0,0,0
B,"BUCUREŞTI SECTORUL 1","BUCUREŞTI SECTORUL 1",179141,145,"ŞCOALA GIMNAZIALĂ NR.162",U,1396,1,401,6,0,0,407,10,18,29,104,39,20,14,37,93,43,0,1,0,1,0,5,3,5,3,0,1,2,0,2,2,0,3,1,1,3,6,2,6,5,3,0,2,6,4,8,8,6,7,4,1,3,8,2,4,16,7,3,5,4,5,0,3,5,2,0,7,2,1,2,2,5,2,2,3,1,2,0,0,2,0,0,1,0,0,0,0,0,0,0,0,0,0,0,0,0,0,0,0,0,0,0,0,0,0,0,0,0,0,0,0,0,0,0,0,0,0,0,0,3,2,2,7,0,2,4,5,0,0,1,1,1,0,1,4,1,1,5,1,4,1,6,8,5,3,3,2,3,5,6,8,3,7,4,5,7,3,8,12,4,4,0,7,1,2,2,2,1,2,3,6,1,4,3,2,2,3,4,1,3,1,2,0,1,1,0,0,1,0,0,0,0,0,0,0,0,0,0,0,0,0,0,0,0,0,0,0,0,0,0,0,0,0,0,0,0,0,0,0,0,0,0
B,"BUCUREŞTI SECTORUL 1","BUCUREŞTI SECTORUL 1",179141,110,"ŞCOALA GIMNAZIALĂ ”ALEXANDRU COSTESCU” NR.182",U,1278,11,484,11,0,0,495,17,19,74,81,41,7,38,67,102,49,2,2,4,3,2,2,2,0,2,2,0,3,1,2,1,3,5,9,8,8,9,11,7,4,6,4,8,5,8,4,8,3,5,5,4,4,2,2,4,5,7,1,3,2,1,4,4,1,5,1,2,3,2,3,4,2,2,2,3,2,1,2,0,1,1,1,2,0,0,0,0,0,1,0,0,0,0,0,0,0,0,0,0,0,0,0,0,0,0,0,0,0,0,0,0,0,0,0,0,0,0,0,0,3,0,1,1,1,0,1,3,3,5,2,2,2,5,4,8,4,10,7,7,2,6,13,4,6,4,8,8,7,6,10,2,9,7,6,5,7,4,3,6,5,4,4,0,2,3,4,0,3,2,5,8,5,1,3,1,6,2,2,0,2,1,1,2,0,0,0,1,2,0,1,0,0,1,0,0,0,0,0,0,0,0,0,0,0,0,0,0,0,0,0,0,0,0,0,0,0,0,0,0,0,0,0
B,"BUCUREŞTI SECTORUL 1","BUCUREŞTI SECTORUL 1",179141,111,"ŞCOALA GIMNAZIALĂ ”ALEXANDRU COSTESCU” NR.182",U,1365,14,467,7,0,0,474,15,28,39,97,38,20,30,54,106,47,3,2,1,3,2,2,2,2,2,1,1,4,5,5,2,2,4,4,3,5,2,7,2,5,3,3,5,3,4,2,7,8,5,6,4,5,4,6,8,11,8,1,3,2,1,6,3,4,1,2,0,3,5,2,6,1,1,2,2,2,0,2,0,0,1,0,0,2,1,0,0,1,0,0,0,0,0,0,0,0,0,0,0,0,0,0,0,0,0,0,0,0,0,0,0,0,0,0,0,0,0,0,0,3,3,2,2,2,6,2,2,2,3,2,2,2,3,5,1,8,9,8,2,5,4,3,5,4,5,9,4,8,5,7,7,7,8,4,5,3,5,11,9,10,2,4,1,1,3,2,2,4,1,3,6,5,4,2,2,1,3,2,2,0,2,2,0,0,2,0,1,0,0,0,1,1,0,0,1,0,0,0,0,0,0,0,0,0,0,0,0,0,0,0,0,0,0,0,0,0,0,0,0,0,0,0
B,"BUCUREŞTI SECTORUL 1","BUCUREŞTI SECTORUL 1",179141,112,"ŞCOALA GIMNAZIALĂ ”ALEXANDRU COSTESCU” NR.182",U,1279,7,466,7,0,0,473,11,35,72,74,38,8,35,79,76,45,3,1,2,0,0,2,3,1,2,3,4,3,3,1,4,9,5,7,4,8,8,10,10,9,6,6,4,5,4,3,6,4,4,4,4,6,1,5,5,6,0,6,3,2,3,1,2,1,4,3,5,3,4,2,4,1,0,4,1,1,0,2,0,1,0,1,0,0,0,0,0,0,1,0,0,0,0,0,0,0,0,0,0,0,0,0,0,0,0,0,0,0,0,0,0,0,0,0,0,0,0,0,0,1,2,0,1,1,2,1,0,3,5,2,3,5,8,2,4,3,7,15,10,8,2,6,13,5,9,4,5,1,7,4,3,7,2,1,3,6,4,3,5,11,3,0,3,2,4,2,4,1,4,3,7,4,2,5,3,1,0,3,2,0,2,0,2,0,1,0,0,0,0,0,0,0,0,0,1,0,0,0,0,0,0,0,0,0,0,0,0,0,0,0,0,0,0,0,0,0,0,0,0,0,0,0
B,"BUCUREŞTI SECTORUL 1","BUCUREŞTI SECTORUL 1",179141,113,"ŞCOALA GIMNAZIALĂ ”ALEXANDRU COSTESCU” NR.182",U,1408,12,497,9,0,0,506,17,28,38,101,61,11,33,55,107,55,2,3,3,2,3,3,1,2,3,2,1,1,7,4,3,3,2,2,2,5,4,2,7,4,4,1,7,11,7,6,8,7,4,5,1,6,3,7,6,9,5,5,1,2,3,1,4,5,6,3,5,2,1,2,8,2,5,5,4,2,1,2,2,1,0,2,1,0,0,0,0,1,0,0,1,0,0,0,0,0,0,0,0,0,0,0,0,0,0,0,0,0,0,0,0,0,0,0,0,0,0,0,0,2,3,0,2,1,1,2,1,2,5,2,1,7,5,2,2,6,8,4,5,4,6,7,6,4,5,6,6,8,9,5,6,10,3,4,0,6,2,5,9,9,1,7,3,8,3,3,6,5,2,2,3,4,8,4,6,3,4,2,3,0,1,1,0,0,0,0,0,1,0,0,0,0,0,0,0,0,0,0,0,0,0,0,0,0,0,0,0,0,0,0,0,0,0,0,0,0,0,0,0,0,0,0
B,"BUCUREŞTI SECTORUL 1","BUCUREŞTI SECTORUL 1",179141,146,"ŞCOALA GIMNAZIALĂ NR.183",U,1389,34,356,6,0,0,362,11,15,37,74,30,8,20,47,75,45,2,3,0,0,3,0,3,0,0,0,4,2,1,0,3,4,1,4,4,2,1,4,6,1,5,5,5,5,3,6,3,3,4,4,3,2,5,6,3,9,4,1,2,4,1,1,5,2,4,2,3,2,2,3,0,3,0,2,3,1,1,1,0,0,0,0,1,0,0,0,0,0,0,0,0,0,0,0,0,0,0,0,0,0,0,0,0,0,0,0,0,0,0,0,0,0,0,0,0,0,0,0,0,1,3,1,1,0,0,2,3,3,1,1,3,1,1,3,1,3,7,3,4,4,4,3,4,4,8,6,1,3,3,4,5,5,5,6,2,6,3,7,6,4,4,2,2,5,0,2,7,2,5,4,6,3,3,2,4,3,0,1,1,0,0,0,0,0,1,2,1,0,0,0,0,0,0,0,0,0,0,0,0,0,0,0,0,0,0,0,0,0,0,0,0,0,0,0,0,0,0,0,0,0,0,0
B,"BUCUREŞTI SECTORUL 1","BUCUREŞTI SECTORUL 1",179141,147,"ŞCOALA GIMNAZIALĂ NR.183",U,1383,38,380,6,0,0,386,9,16,27,85,41,10,22,33,97,46,4,1,1,0,2,1,0,1,1,2,3,4,1,1,1,2,0,2,2,10,2,3,1,2,1,1,3,2,3,7,3,3,8,4,2,3,1,6,6,7,6,8,0,4,6,5,1,5,7,5,4,3,2,3,2,2,1,0,1,3,0,0,1,0,0,1,0,0,0,0,0,1,0,0,0,0,0,0,0,0,0,0,0,0,0,0,0,0,0,0,0,0,0,0,0,0,0,0,0,0,0,0,0,0,2,2,3,3,0,0,2,1,3,0,2,5,3,1,4,1,5,2,4,1,6,2,3,2,2,6,4,2,2,4,0,7,5,5,5,5,7,7,5,10,9,4,6,3,2,5,8,6,2,2,1,7,3,1,3,3,1,1,0,1,0,0,0,1,1,2,1,0,0,0,0,1,0,1,0,0,0,0,0,0,0,0,0,0,0,0,0,0,0,0,0,0,0,0,0,0,0,0,0,0,0,0
B,"BUCUREŞTI SECTORUL 1","BUCUREŞTI SECTORUL 1",179141,148,"ŞCOALA GIMNAZIALĂ NR.183",U,1555,102,574,7,0,0,581,22,33,69,110,48,18,31,65,117,68,3,5,2,3,2,2,5,2,3,2,3,3,3,7,3,2,5,6,6,5,4,5,8,6,10,9,10,10,6,9,10,5,5,5,4,2,6,6,7,9,12,2,4,3,2,2,1,3,4,2,2,2,1,7,2,2,3,3,5,3,2,0,2,0,0,1,0,0,2,2,0,0,0,0,0,0,0,0,0,0,0,0,0,0,0,0,0,0,0,0,0,0,0,0,0,0,0,0,0,0,0,0,0,2,4,3,2,2,1,4,3,0,2,1,8,5,2,6,4,0,8,3,7,6,6,9,5,9,5,7,4,9,9,9,6,4,8,4,3,6,10,7,5,6,4,7,3,0,7,6,4,4,5,4,3,7,5,6,6,4,5,3,2,1,1,0,0,1,2,3,0,2,0,0,0,0,0,0,0,0,0,0,0,0,0,0,0,0,0,0,0,0,0,0,0,0,0,0,0,0,0,0,0,0,0,0
B,"BUCUREŞTI SECTORUL 1","BUCUREŞTI SECTORUL 1",179141,149,"ŞCOALA GIMNAZIALĂ NR.183",U,1536,83,530,9,0,0,539,7,24,80,89,52,11,27,91,94,64,1,1,2,1,0,0,2,0,1,1,3,4,2,2,4,2,5,3,6,10,7,8,10,10,9,8,9,12,5,6,3,8,5,5,2,1,4,3,4,3,7,4,5,4,2,2,4,3,3,5,4,4,6,6,5,2,3,3,1,0,3,0,0,1,1,0,0,1,0,1,0,0,0,0,0,0,0,0,0,0,0,0,0,0,0,0,0,0,0,0,0,0,0,0,0,0,0,0,0,0,0,0,0,2,0,3,3,1,1,1,2,2,1,2,2,6,0,4,3,5,13,5,8,14,14,14,8,5,6,4,5,6,3,4,7,4,4,4,7,3,3,6,5,12,1,7,6,1,3,3,5,3,3,7,4,6,9,5,4,5,3,2,1,1,1,1,0,0,0,1,1,1,1,0,0,0,0,0,0,0,0,0,0,0,0,0,0,0,0,0,0,0,0,0,0,0,0,0,0,0,0,0,0,0,0,0
B,"BUCUREŞTI SECTORUL 1","BUCUREŞTI SECTORUL 1",179141,150,"ȘCOALA GIMNAZIALĂ NR.183",U,1505,35,528,8,0,0,536,22,29,52,97,53,14,29,65,116,59,8,1,1,1,2,5,4,5,1,4,1,3,3,3,6,2,1,1,4,4,6,8,6,8,3,7,5,3,1,6,9,3,4,8,4,5,3,9,4,10,6,2,2,4,4,4,6,4,6,2,4,5,2,2,3,4,1,2,4,1,1,3,1,1,1,1,0,1,0,1,1,0,1,1,0,0,0,0,0,0,0,0,0,0,0,0,0,0,0,0,0,0,0,0,0,0,0,0,0,0,0,0,0,1,4,3,2,3,0,1,2,2,5,4,3,2,2,2,3,4,4,6,11,4,2,12,7,6,6,7,6,5,10,9,4,4,4,4,6,5,7,6,11,5,1,4,10,2,9,4,2,4,3,3,4,1,6,2,3,3,6,5,3,2,1,3,1,1,0,1,1,2,0,2,0,0,0,0,0,0,0,0,0,0,0,0,0,0,0,0,0,0,0,0,0,0,0,0,0,0,0,0,0,0,0,0
B,"BUCUREŞTI SECTORUL 1","BUCUREŞTI SECTORUL 1",179141,120,"ȘCOALA GIMNAZIALĂ ”AVENOR”",U,1635,23,728,11,0,0,739,7,41,153,114,28,7,65,177,110,37,1,1,0,2,0,2,1,1,1,0,3,1,6,6,2,11,10,7,17,16,15,18,18,22,9,13,18,13,19,13,11,11,8,5,6,8,1,3,3,5,5,0,1,1,1,0,0,1,2,1,2,1,2,5,4,1,2,1,2,0,0,0,0,2,1,0,0,1,0,0,0,0,0,0,0,0,0,0,0,0,0,0,0,0,0,0,0,0,0,0,0,0,0,0,0,0,0,0,0,0,0,0,0,2,1,1,2,1,0,0,1,1,3,2,5,11,7,15,8,12,15,16,15,16,20,20,18,23,15,19,15,9,12,14,8,9,3,5,5,4,3,4,8,4,1,2,0,0,2,2,4,3,3,3,1,3,4,4,2,2,3,0,0,1,0,1,2,0,0,0,0,1,0,0,0,0,0,0,0,0,0,0,0,0,0,0,0,0,0,0,0,0,0,0,0,0,0,0,0,0,0,0,0,0,0,0
B,"BUCUREŞTI SECTORUL 1","BUCUREŞTI SECTORUL 1",179141,151,"GRĂDINIȚA NR. 46",U,1319,1,320,5,0,0,325,10,12,28,81,35,11,15,31,71,31,0,2,1,2,3,1,1,0,0,2,0,1,1,2,3,2,1,4,2,3,4,2,4,4,0,3,2,5,5,5,3,7,5,3,5,0,1,4,6,4,4,1,3,4,6,6,4,2,4,4,2,4,0,3,2,2,1,2,3,2,0,0,1,1,0,1,0,0,0,1,0,0,0,0,0,0,0,0,0,0,0,0,0,0,0,0,0,0,0,0,0,0,0,0,0,0,0,0,0,0,0,0,0,3,2,0,1,2,0,3,1,0,0,2,0,2,3,2,1,4,3,5,4,3,0,4,4,2,2,4,5,3,2,3,2,1,3,3,1,5,5,4,6,9,2,4,2,6,2,3,2,3,6,5,1,2,1,3,1,1,1,1,0,0,0,2,0,1,0,1,0,0,0,0,0,0,0,0,0,0,0,0,0,0,0,0,0,0,0,0,0,0,0,0,0,0,0,0,0,0,0,0,0,0,0,0
B,"BUCUREŞTI SECTORUL 1","BUCUREŞTI SECTORUL 1",179141,153,"ŞCOALA GIMNAZIALĂ NR.153",U,1470,3,322,1,0,0,323,13,12,24,81,30,20,13,27,77,26,0,4,4,1,0,2,2,0,0,3,0,1,0,1,4,0,3,3,3,5,2,3,2,3,2,1,0,3,9,3,3,4,6,4,3,7,4,5,4,5,6,4,3,4,1,2,1,2,3,3,6,5,2,1,1,0,2,1,0,0,0,1,1,0,0,1,1,0,0,0,0,0,0,0,0,0,0,0,0,0,0,0,0,0,0,0,0,0,0,0,0,0,0,0,0,0,0,0,0,0,0,0,0,3,2,4,4,2,2,3,1,0,2,0,2,2,1,2,2,1,1,0,6,4,0,2,1,6,3,4,1,3,2,3,2,4,3,2,9,7,10,5,5,9,0,1,4,1,1,5,3,3,1,2,5,4,1,1,1,1,2,0,0,0,0,1,0,0,0,1,0,0,0,0,0,0,0,0,0,0,0,0,0,0,0,0,0,0,0,0,0,0,0,0,0,0,0,0,0,0,0,0,0,0,0,0
B,"BUCUREŞTI SECTORUL 1","BUCUREŞTI SECTORUL 1",179141,154,"ŞCOALA GIMNAZIALĂ NR.184",U,1667,13,530,8,0,0,538,11,57,90,99,33,12,61,59,73,43,2,4,2,1,1,1,0,3,6,1,6,6,8,11,6,4,6,12,9,19,9,2,7,8,7,9,8,11,8,10,6,6,4,2,8,2,3,5,5,7,8,2,1,1,3,3,4,0,0,4,5,1,4,1,2,2,4,3,3,0,1,0,1,0,2,0,0,0,0,0,0,0,0,0,0,0,0,0,0,0,0,0,0,0,0,0,0,0,0,0,0,0,0,0,0,0,0,0,0,0,0,0,0,1,3,1,0,2,4,1,5,3,5,7,8,7,7,3,6,10,3,12,6,10,5,4,1,10,5,3,6,5,6,8,3,1,4,3,4,3,3,6,3,2,0,6,3,1,2,4,5,6,5,3,5,4,0,2,1,2,3,3,1,0,1,0,0,0,0,1,0,0,1,0,0,0,0,0,0,0,0,0,0,0,0,0,0,0,0,0,0,0,0,0,0,0,0,0,0,0,0,0,0,0,0,0
B,"BUCUREŞTI SECTORUL 1","BUCUREŞTI SECTORUL 1",179141,155,"ŞCOALA GIMNAZIALĂ NR.184",U,1612,3,395,10,0,0,405,10,24,46,83,44,9,22,41,80,46,1,1,2,3,0,2,1,2,3,2,1,4,3,2,1,2,4,1,7,6,6,7,4,2,3,3,7,3,5,4,6,3,6,4,2,6,3,2,4,9,7,0,4,5,2,5,3,3,3,2,7,7,2,0,1,0,6,1,3,2,2,2,0,1,0,0,1,1,0,0,0,0,0,0,0,0,0,0,0,0,0,0,0,0,0,0,0,0,0,0,0,0,0,0,0,0,0,0,0,0,0,0,0,1,2,1,1,2,0,2,1,4,2,4,3,0,1,2,0,5,5,2,5,3,2,3,5,1,9,6,11,6,4,2,1,5,3,2,4,4,4,8,3,7,2,5,2,2,3,2,3,2,3,3,8,3,2,3,1,5,3,4,0,0,1,0,2,0,1,0,1,0,0,0,1,0,0,0,0,0,0,0,0,0,0,0,0,0,0,0,0,0,0,0,0,0,0,0,0,0,0,0,0,0,0,0
B,"BUCUREŞTI SECTORUL 1","BUCUREŞTI SECTORUL 1",179141,156,"ŞCOALA GIMNAZIALĂ NR.184",U,1605,4,447,6,0,0,453,14,17,37,97,43,18,21,52,94,60,2,5,0,1,2,4,0,2,2,2,1,2,1,2,1,2,2,2,5,2,2,3,2,0,6,6,9,1,5,5,7,6,8,5,4,5,3,6,8,4,5,4,3,6,3,4,5,1,2,1,2,5,4,1,5,2,5,6,3,1,2,1,0,0,1,0,0,0,0,0,0,0,0,0,0,1,0,0,0,0,0,0,0,0,0,0,0,0,0,0,0,0,0,0,0,0,0,0,0,0,0,0,0,6,3,3,3,2,0,1,1,2,2,0,4,2,1,3,0,6,4,5,4,4,3,7,5,10,6,4,8,8,3,4,5,6,2,5,5,6,5,7,6,2,4,5,7,3,0,3,6,4,4,10,6,4,2,4,3,1,0,2,1,3,2,1,2,1,0,1,1,0,0,0,2,0,0,0,0,0,0,0,0,0,0,0,0,0,0,0,0,0,0,0,0,0,0,0,0,0,0,0,0,0,0,0
B,"BUCUREŞTI SECTORUL 1","BUCUREŞTI SECTORUL 1",179141,157,"ŞCOALA GIMNAZIALĂ NR.184",U,1535,2,418,6,0,0,424,15,19,38,102,34,15,22,34,92,53,2,7,1,2,2,1,0,1,2,2,1,1,2,3,1,2,4,3,3,3,2,6,3,3,3,6,6,8,5,8,7,5,7,4,1,4,5,5,5,9,11,5,4,3,3,1,2,1,3,2,2,6,4,2,5,1,1,1,0,3,0,0,1,0,0,0,1,1,0,0,0,0,0,0,0,0,0,0,0,0,0,0,0,0,0,0,0,0,0,0,0,0,0,0,0,0,0,0,0,0,0,0,0,1,1,5,1,1,2,4,5,1,1,3,3,1,0,3,3,2,3,6,4,4,1,2,4,4,3,3,5,7,9,5,4,5,7,2,6,5,6,7,5,4,3,0,6,2,2,2,2,4,6,3,5,2,5,2,6,3,2,2,3,3,1,1,1,1,0,0,1,0,0,0,0,0,0,0,0,0,0,0,0,0,0,0,0,0,0,0,0,0,0,0,0,0,0,0,0,0,0,0,0,0,0,0
B,"BUCUREŞTI SECTORUL 1","BUCUREŞTI SECTORUL 1",179141,158,"ȘCOALA GIMNAZIALĂ NR.184",U,1612,15,554,7,0,0,561,27,19,46,133,53,25,26,55,117,60,6,4,4,2,5,3,3,1,1,2,1,4,4,1,2,2,1,4,3,1,4,7,6,5,3,4,9,9,5,12,7,12,5,13,4,5,8,5,3,10,11,2,5,5,3,2,7,4,1,5,3,6,5,4,4,4,4,1,2,0,4,2,0,0,2,0,0,0,2,0,0,0,0,0,0,0,0,0,0,0,0,0,0,0,0,0,0,0,0,0,0,0,0,0,0,0,0,0,0,0,0,0,0,4,2,4,5,3,2,5,4,1,6,1,2,3,2,1,0,6,9,5,1,6,4,3,10,4,9,4,8,12,6,8,10,5,5,14,5,8,2,4,11,6,3,3,1,3,2,1,3,4,3,3,5,8,4,5,6,2,6,2,2,2,0,1,0,1,1,1,0,1,0,0,0,0,0,0,0,0,0,0,0,0,0,0,0,0,0,0,0,0,0,0,0,0,0,0,0,0,0,0,0,0,0,0
B,"BUCUREŞTI SECTORUL 1","BUCUREŞTI SECTORUL 1",179141,159,"ŞCOALA GIMNAZIALĂ NR.181",U,1166,42,439,4,0,0,443,16,18,38,100,43,14,18,43,87,66,2,1,3,3,3,4,0,1,3,2,2,1,2,1,3,3,0,3,2,2,4,5,2,1,5,6,8,13,10,3,8,6,2,3,6,7,3,2,6,12,7,2,0,1,3,1,5,2,5,3,6,2,1,2,3,2,6,2,3,1,2,0,0,0,2,0,0,0,1,0,0,0,0,0,0,0,0,0,0,0,0,0,0,0,0,0,0,0,0,0,0,0,0,0,0,0,0,0,0,0,0,0,0,1,2,2,3,1,3,2,1,0,3,3,3,1,2,0,1,4,4,4,5,3,4,5,6,4,6,2,4,5,5,3,5,7,5,1,4,3,4,5,7,5,1,3,8,3,7,2,5,2,3,5,4,3,5,8,11,6,4,1,0,1,1,2,2,2,0,0,0,0,0,0,1,0,0,0,0,0,0,0,0,0,0,0,0,0,0,0,0,0,0,0,0,0,0,0,0,0,0,0,0,0,0,0
B,"BUCUREŞTI SECTORUL 1","BUCUREŞTI SECTORUL 1",179141,160,"ŞCOALA GIMNAZIALĂ NR.181",U,1209,0,358,5,0,0,363,10,26,30,74,39,7,17,32,81,47,2,1,1,2,0,3,1,0,0,3,4,4,1,3,3,3,5,2,2,4,1,5,2,5,3,2,4,2,4,5,1,8,2,4,2,4,5,5,7,7,4,1,2,1,5,2,3,4,3,0,2,1,4,2,2,7,1,2,2,2,2,2,2,0,0,0,1,0,0,0,0,0,0,0,0,0,0,0,0,0,0,0,0,0,0,0,0,0,0,0,0,0,0,0,0,0,0,0,0,0,0,0,0,2,2,1,0,1,0,1,2,3,2,0,2,4,1,2,0,1,3,1,3,5,2,3,4,1,6,4,2,6,5,4,5,4,3,3,2,2,7,5,9,5,3,3,4,4,2,3,2,3,5,5,6,4,5,3,0,3,0,4,4,1,1,0,0,0,0,0,0,0,1,0,0,0,0,0,0,0,0,0,0,0,0,0,0,0,0,0,0,0,0,0,0,0,0,0,0,0,0,0,0,0,0,0
B,"BUCUREŞTI SECTORUL 1","BUCUREŞTI SECTORUL 1",179141,161,"ŞCOALA GIMNAZIALĂ NR.181",U,1292,10,485,4,0,0,489,21,30,56,102,29,15,35,69,84,48,7,1,3,3,2,3,2,1,0,3,1,2,3,3,4,6,7,6,6,7,5,8,4,6,3,5,6,9,7,6,6,4,3,5,7,5,6,3,8,3,6,7,2,4,2,3,6,2,2,2,2,1,3,0,6,3,1,1,0,0,1,2,0,1,1,0,0,0,1,0,0,0,0,0,0,0,0,0,0,0,0,0,0,0,0,0,0,0,0,0,0,0,0,0,0,0,0,0,0,0,0,0,0,4,2,3,0,3,2,1,4,2,3,0,4,1,2,5,7,7,10,4,7,5,8,3,11,2,8,11,6,4,8,4,3,3,5,2,7,3,5,3,9,4,2,2,3,3,1,7,5,1,4,1,3,6,3,7,2,3,0,4,2,1,2,3,0,0,1,0,0,0,0,0,0,0,0,0,0,0,0,0,0,0,0,0,0,0,0,0,0,0,0,0,0,0,0,0,0,0,0,0,0,0,0,0
B,"BUCUREŞTI SECTORUL 1","BUCUREŞTI SECTORUL 1",179141,162,"ŞCOALA GIMNAZIALĂ NR.181",U,1142,2,364,8,0,0,372,11,12,27,83,40,17,13,30,81,58,0,0,4,1,2,1,3,1,0,3,2,1,0,1,2,2,0,1,2,4,2,2,2,2,5,4,3,1,8,8,4,9,5,5,3,7,7,4,2,6,4,2,2,1,0,2,3,4,0,1,7,3,0,2,0,3,1,3,5,2,2,0,1,2,0,1,2,0,1,0,0,0,0,0,0,0,0,0,0,0,0,0,0,0,0,0,0,0,0,0,0,0,0,0,0,0,0,0,0,0,0,0,0,4,1,3,2,1,5,1,0,0,0,2,0,2,2,2,1,4,1,4,3,1,2,4,5,2,6,2,9,4,8,4,2,4,3,4,6,6,5,6,3,7,1,1,1,2,5,0,4,5,3,2,3,2,2,6,2,5,8,2,1,4,4,1,3,0,1,0,0,0,0,0,0,0,0,0,0,0,0,0,0,0,0,0,0,0,0,0,0,0,0,0,0,0,0,0,0,0,0,0,0,0,0,0
B,"BUCUREŞTI SECTORUL 1","BUCUREŞTI SECTORUL 1",179141,163,"SCOALA GIMNAZIALĂ NR. 192",U,1551,7,566,12,0,0,578,12,36,58,116,54,10,38,67,118,69,1,2,2,0,2,2,3,4,0,1,4,1,4,6,3,7,6,4,7,5,5,5,4,6,7,8,7,2,12,8,5,8,3,5,4,4,7,9,6,10,5,4,2,7,6,5,4,5,4,2,6,7,1,5,4,1,2,3,2,3,0,1,0,0,0,0,0,2,0,1,1,0,0,2,1,1,0,0,0,0,0,0,0,0,0,0,0,0,0,0,0,0,0,0,0,0,0,0,0,0,0,0,0,1,2,3,0,1,2,1,6,3,3,3,3,2,3,8,2,5,5,10,1,8,9,6,10,5,4,9,5,7,5,7,13,6,6,6,5,3,4,2,12,10,4,5,4,4,6,4,1,5,2,3,3,12,1,7,2,3,5,7,2,1,1,1,3,1,3,2,0,3,0,1,0,0,0,0,0,0,0,0,0,0,0,0,0,0,0,0,0,0,0,0,0,0,0,0,0,0,0,0,0,0,0,0
B,"BUCUREŞTI SECTORUL 1","BUCUREŞTI SECTORUL 1",179141,164,"ȘCOALA GIMNAZIALĂ NR.192",U,1656,10,659,20,0,7,686,29,51,102,100,42,14,85,97,96,70,2,5,2,5,6,3,6,5,2,2,5,3,4,6,7,6,11,14,15,17,10,8,10,7,9,5,7,9,10,8,8,6,3,8,5,6,3,3,8,8,5,4,1,0,2,2,1,3,4,2,3,3,2,0,2,2,2,1,1,2,1,2,1,0,1,1,2,0,2,1,1,1,1,0,0,0,0,0,0,1,0,0,0,0,0,0,0,0,0,0,0,0,0,0,0,0,0,0,0,0,0,0,0,7,0,1,2,2,2,0,6,5,6,3,7,6,8,11,15,18,14,7,12,10,13,6,8,9,9,9,4,8,5,9,2,3,1,6,4,6,7,6,6,10,3,4,3,3,3,3,4,5,4,4,6,3,5,5,9,1,3,1,3,1,2,3,1,4,0,1,1,1,1,1,1,0,0,0,0,0,0,0,0,0,0,0,0,0,0,0,0,0,0,0,0,0,0,0,0,0,0,0,0,0,0,0
B,"BUCUREŞTI SECTORUL 1","BUCUREŞTI SECTORUL 1",179141,165,"ŞCOALA GIMNAZIALĂ NR.192",U,1544,6,552,8,0,0,560,15,35,58,104,48,21,31,62,115,71,6,2,0,1,1,4,1,2,4,0,5,5,3,1,4,6,5,9,5,4,6,6,9,3,5,9,2,9,8,3,7,1,5,6,4,6,3,7,7,6,9,7,3,3,5,1,4,1,5,3,1,3,1,6,1,3,2,1,1,5,0,0,2,2,0,2,2,0,0,1,2,2,1,0,1,0,0,0,0,0,0,0,0,0,0,0,0,0,0,0,0,0,0,0,0,0,0,0,0,0,0,0,0,4,4,3,2,2,1,5,2,1,2,4,6,3,0,3,8,2,6,7,3,7,12,8,6,2,7,4,10,8,6,6,7,5,5,4,4,5,9,10,7,7,2,3,6,3,7,1,5,3,2,5,4,1,3,6,3,4,2,4,3,2,2,1,2,3,3,5,3,1,0,1,1,1,0,1,0,0,0,0,0,0,0,0,0,0,0,0,0,0,0,0,0,0,0,0,0,0,0,0,0,0,0,0
B,"BUCUREŞTI SECTORUL 1","BUCUREŞTI SECTORUL 1",179141,166,"ACADEMIA DE POLIȚIE ”ALEXANDRU IOAN CUZA”",U,1126,89,390,11,1,0,402,5,18,62,81,24,12,18,69,82,31,2,0,1,2,0,0,0,2,1,1,2,4,2,0,1,3,2,1,1,5,5,7,13,9,7,4,10,10,4,5,6,3,7,3,7,1,5,1,7,8,4,2,0,1,3,2,2,0,3,2,3,0,1,3,2,3,1,2,0,1,1,0,1,0,0,0,0,0,0,0,0,0,1,0,0,0,0,0,0,0,0,0,0,0,0,0,0,0,0,0,0,0,0,0,0,0,0,0,0,0,0,0,0,3,4,1,1,2,1,0,3,0,2,2,4,2,0,1,3,1,5,5,6,10,4,7,12,9,4,7,11,8,8,0,5,9,3,5,2,3,5,4,4,2,2,4,2,0,3,2,3,3,3,3,3,2,2,2,1,3,3,1,0,1,1,0,0,0,0,0,0,0,0,0,0,0,0,0,0,0,0,0,0,0,0,0,0,0,0,0,0,0,0,0,0,0,0,0,0,0,0,0,0,0,0,0
B,"BUCUREŞTI SECTORUL 1","BUCUREŞTI SECTORUL 1",179141,152,"GRĂDINIȚA NR. 46",U,1204,7,334,5,0,0,339,12,20,36,77,33,10,25,32,67,27,3,0,0,1,1,3,4,1,3,1,2,1,1,1,4,1,5,4,4,2,7,4,3,3,2,1,6,3,6,5,5,2,1,6,6,3,3,3,5,7,7,5,3,3,1,0,3,2,4,3,1,2,4,1,2,1,2,2,1,1,1,3,0,0,0,0,1,1,0,0,1,0,0,0,0,0,0,0,0,0,0,0,0,0,0,0,0,0,0,0,0,0,0,0,0,0,0,0,0,0,0,0,0,2,3,1,0,1,1,2,0,1,4,2,5,2,3,1,5,2,2,3,3,4,1,2,3,3,3,8,5,3,3,2,3,4,1,4,4,8,5,7,6,3,0,1,0,4,1,3,3,0,4,3,2,2,4,2,0,0,1,2,2,0,0,0,1,1,0,0,0,0,0,0,0,0,0,0,0,0,0,0,0,0,0,0,0,0,0,0,0,0,0,0,0,0,0,0,0,0,0,0,0,0,0,0
B,"BUCUREŞTI SECTORUL 2","BUCUREŞTI SECTORUL 2",179150,167,"ŞCOALA GIMNAZIALĂ NR. 28",U,2538,45,568,8,0,0,576,14,23,47,97,89,6,34,53,99,114,2,1,3,3,2,1,2,2,1,2,1,3,2,3,3,3,3,3,3,4,7,5,2,3,7,6,7,11,10,8,3,8,7,9,4,8,4,5,1,2,6,0,0,5,0,5,1,3,0,8,5,6,5,4,7,8,5,5,8,3,4,1,3,2,4,2,1,3,0,0,0,1,0,1,0,0,0,0,0,0,0,0,0,0,0,0,0,0,0,0,0,0,0,0,0,0,0,0,0,0,0,0,0,3,1,1,0,1,0,0,1,2,3,2,5,3,5,2,4,7,5,5,2,7,1,6,6,8,6,7,5,11,9,4,6,6,8,4,5,2,5,6,6,8,2,2,3,2,2,3,1,3,6,7,8,13,11,5,6,7,6,9,5,5,2,9,1,1,2,1,1,0,1,1,2,0,1,0,0,0,0,0,0,0,0,0,0,0,0,0,0,0,0,0,0,0,0,0,0,0,0,0,0,0,0,0
B,"BUCUREŞTI SECTORUL 2","BUCUREŞTI SECTORUL 2",179150,168,"ŞCOALA GIMNAZIALĂ NR. 28",U,1094,26,438,12,0,62,512,8,17,45,71,79,8,30,54,80,120,2,3,1,0,0,1,1,1,0,0,6,2,2,0,3,3,0,6,1,0,0,4,10,5,3,10,6,11,5,8,4,5,3,6,4,0,3,0,5,4,5,1,2,2,1,1,1,0,4,4,2,7,8,7,6,5,4,5,2,6,4,3,3,2,0,1,0,3,0,1,1,0,0,1,0,0,0,0,0,0,0,0,0,0,0,0,0,0,0,0,0,0,0,0,0,0,0,0,0,0,0,0,0,2,0,3,2,1,0,0,1,4,0,4,1,3,4,2,5,6,1,9,2,3,7,6,7,4,9,6,9,7,6,8,2,5,2,2,4,4,5,6,8,4,1,0,1,3,2,1,4,3,8,7,10,6,12,11,5,10,5,4,5,6,9,4,3,1,2,2,0,0,0,2,0,0,1,0,0,0,0,0,0,0,0,0,0,0,0,0,0,0,0,0,0,0,0,0,0,0,0,0,0,0,0,0
B,"BUCUREŞTI SECTORUL 2","BUCUREŞTI SECTORUL 2",179150,169,"ŞCOALA GIMNAZIALĂ NR. 28",U,1386,118,514,17,0,0,531,15,30,53,75,53,19,41,58,91,96,5,1,4,0,1,1,3,2,4,1,0,2,2,5,4,3,7,10,5,7,5,7,5,3,4,3,4,9,6,10,11,2,1,4,3,5,1,3,3,4,3,1,2,4,1,1,1,1,1,4,4,7,6,7,5,2,2,4,1,2,1,2,0,0,0,0,0,1,0,0,0,1,0,2,0,0,0,0,0,0,0,0,0,0,0,0,0,0,0,0,0,0,0,0,0,0,0,0,0,0,0,0,0,3,5,3,2,2,4,0,3,5,2,4,0,5,6,3,8,5,8,8,4,8,6,2,3,5,6,8,9,6,3,7,11,3,6,3,3,5,5,7,6,7,0,1,2,1,3,3,7,6,6,8,8,5,4,2,7,8,1,5,5,5,3,1,1,1,0,1,1,1,4,1,0,1,2,0,2,0,0,0,0,0,0,0,0,0,0,0,0,0,0,0,0,0,0,0,0,0,0,0,0,0,0,0
B,"BUCUREŞTI SECTORUL 2","BUCUREŞTI SECTORUL 2",179150,170,"ŞCOALA GIMNAZIALĂ ”MARIA ROSETTI”",U,1714,44,744,9,0,0,753,22,27,79,143,74,14,46,86,141,121,6,1,3,2,4,4,2,3,4,1,1,5,1,5,3,1,3,4,7,9,4,14,7,13,4,7,10,13,10,7,10,8,12,5,5,12,4,11,9,6,9,1,5,4,4,4,4,2,9,4,7,3,4,4,4,7,2,5,3,4,2,4,0,2,3,1,0,0,0,0,0,1,1,0,1,1,0,0,0,0,0,0,0,0,0,0,0,0,0,0,0,0,0,0,0,0,0,0,0,0,0,0,0,2,2,1,3,2,1,3,0,6,2,2,4,6,6,6,7,7,3,7,5,5,18,11,11,7,8,11,7,10,2,7,7,6,13,9,7,10,7,12,6,11,1,7,2,5,5,7,6,7,6,5,7,11,6,6,8,5,4,3,7,9,7,2,4,3,3,1,3,1,2,1,1,0,2,0,0,0,0,1,0,0,0,0,0,0,0,0,0,0,0,0,0,0,0,0,0,0,0,0,0,0,0,0
B,"BUCUREŞTI SECTORUL 2","BUCUREŞTI SECTORUL 2",179150,171,"ŞCOALA GIMNAZIALĂ ”MARIA ROSETTI”",U,874,12,356,12,1,0,369,4,18,28,54,47,11,18,42,84,63,0,1,0,0,0,2,1,0,1,4,0,2,2,5,1,2,1,2,2,0,5,2,2,4,4,5,2,4,4,3,6,2,3,4,1,3,4,1,3,5,3,0,0,1,2,4,1,2,1,4,3,7,2,0,1,3,2,5,0,1,5,3,2,0,0,1,0,1,0,0,0,1,1,0,0,1,0,1,0,0,0,0,0,0,0,0,0,0,0,0,0,0,0,0,0,0,0,0,0,0,0,0,0,3,2,1,1,3,0,1,1,2,4,1,0,1,4,2,1,2,3,2,4,5,6,6,7,2,3,4,2,3,10,7,8,6,4,4,4,2,4,2,6,4,2,3,1,7,1,4,3,6,1,1,4,1,2,3,4,5,4,4,5,0,4,1,4,3,1,1,1,1,1,0,0,1,0,0,1,0,1,0,0,0,0,0,0,0,0,0,0,0,0,0,0,0,0,0,0,0,0,0,0,0,0,0
B,"BUCUREŞTI SECTORUL 2","BUCUREŞTI SECTORUL 2",179150,172,"ŞCOALA GIMNAZIALĂ ”MARIA ROSETTI”",U,862,15,321,16,0,0,337,2,23,40,61,32,7,19,41,71,41,1,0,0,1,0,0,0,2,3,1,1,3,3,5,1,3,1,4,3,6,4,2,5,5,3,4,4,6,3,2,6,6,1,5,1,2,8,4,4,2,0,1,0,2,1,3,4,1,6,1,1,2,5,1,3,4,2,1,1,0,0,0,0,0,2,1,0,0,1,0,0,0,0,0,0,0,0,0,0,0,0,0,0,0,0,0,0,0,0,0,0,0,0,0,0,0,0,0,0,0,0,0,0,1,2,0,1,0,2,1,0,1,2,3,1,1,4,3,4,0,6,2,3,4,4,5,5,3,4,5,6,7,6,4,9,7,4,2,5,1,3,1,5,5,1,1,2,1,0,1,2,2,0,3,3,3,2,3,3,4,1,3,1,0,3,1,1,2,0,2,1,0,0,1,0,0,0,0,0,0,0,0,0,0,0,0,0,0,0,0,0,0,0,0,0,0,0,0,0,0,0,0,0,0,0,0
B,"BUCUREŞTI SECTORUL 2","BUCUREŞTI SECTORUL 2",179150,173,"LICEUL TEORETIC ”C.A. ROSETTI ”",U,938,14,357,10,0,1,368,10,18,24,67,45,3,16,43,78,64,3,1,2,0,3,1,0,0,0,2,0,2,1,3,4,3,3,2,2,3,1,5,5,1,1,2,2,1,9,2,3,4,3,8,0,1,2,1,8,5,4,2,2,2,4,3,3,0,3,2,4,7,2,2,2,3,2,4,3,1,0,3,0,0,1,1,0,1,0,0,0,2,0,2,0,0,0,0,0,0,0,0,0,0,0,0,0,0,0,0,0,0,0,0,0,0,0,0,0,0,0,0,0,0,1,0,0,1,0,1,2,1,1,1,1,4,3,0,3,0,4,4,5,7,2,4,5,3,6,3,3,3,9,6,7,4,3,2,1,4,3,6,8,6,0,4,2,2,4,1,3,4,3,3,3,7,3,2,3,6,3,5,6,1,2,1,2,1,1,1,0,2,2,0,0,0,0,0,0,0,0,0,0,0,0,0,0,0,0,0,0,0,0,0,0,0,0,0,0,0,0,0,0,0,0,0
B,"BUCUREŞTI SECTORUL 2","BUCUREŞTI SECTORUL 2",179150,174,"LICEUL TEORETIC ”C.A. ROSETTI ”",U,1880,74,721,18,0,0,739,21,30,88,116,71,25,49,104,151,84,2,4,3,3,4,3,2,5,3,1,2,6,5,1,2,2,3,7,5,9,8,11,11,9,8,8,12,11,10,7,6,8,6,12,5,3,5,5,5,9,8,2,0,4,4,4,2,3,3,3,2,6,7,8,8,1,3,4,6,3,2,0,3,2,1,1,1,1,0,1,0,1,0,0,0,0,0,1,0,0,0,0,0,0,0,0,0,0,0,0,0,0,0,0,0,0,0,0,0,0,0,0,0,6,3,0,3,3,5,5,3,1,5,5,7,4,2,6,7,9,6,11,12,11,14,11,7,9,12,11,12,11,11,5,10,12,6,6,5,0,12,11,13,8,6,4,10,4,0,5,3,3,6,6,11,7,4,9,6,3,9,4,5,0,3,0,2,2,0,0,0,0,1,0,0,0,0,0,0,0,0,0,0,0,0,0,0,0,0,0,0,0,0,0,0,0,0,0,0,0,0,0,0,0,0,0
B,"BUCUREŞTI SECTORUL 2","BUCUREŞTI SECTORUL 2",179150,175,"LICEUL TEORETIC ”C.A. ROSETTI ”",U,1492,28,522,8,1,1,532,15,23,53,103,59,13,29,60,111,66,0,1,6,1,3,1,3,0,4,5,3,2,1,2,4,1,1,2,6,5,6,9,6,5,4,5,5,10,10,3,4,11,5,9,5,7,4,3,5,6,7,3,2,1,3,4,1,2,4,3,1,5,3,5,7,5,4,2,4,2,1,3,1,0,0,3,1,1,2,0,0,0,0,0,0,0,0,0,0,0,0,0,0,0,0,0,0,0,0,0,0,0,0,0,0,0,0,0,0,0,0,0,0,3,2,1,4,1,1,1,4,2,2,1,1,5,0,3,7,4,5,4,8,8,6,5,3,8,5,8,9,6,7,5,13,4,5,1,6,8,3,7,14,7,2,5,0,4,2,3,5,5,4,3,9,3,1,3,2,2,5,4,1,2,3,5,3,0,1,0,1,1,0,1,0,1,0,0,0,1,0,0,0,0,0,0,0,0,0,0,0,0,0,0,0,0,0,0,0,0,0,0,0,0,0,0
B,"BUCUREŞTI SECTORUL 2","BUCUREŞTI SECTORUL 2",179150,176,"LICEUL TEORETIC ”TRAIAN”",U,1783,34,732,8,0,0,740,11,44,70,107,114,13,31,70,142,138,1,2,1,3,2,2,0,5,4,5,6,4,3,6,8,1,2,3,10,3,11,3,7,11,10,5,7,4,6,6,8,8,2,11,4,4,6,2,5,7,8,3,5,5,4,3,6,6,8,6,9,14,11,6,8,7,7,8,7,4,2,2,2,3,0,2,0,1,0,0,0,1,0,0,0,0,0,0,0,0,0,0,0,0,0,0,0,0,0,0,0,0,0,0,0,0,0,0,0,0,0,0,0,4,0,2,1,2,3,1,3,0,1,2,6,5,5,2,4,3,8,5,5,7,13,8,6,2,9,7,7,6,8,5,5,7,5,6,7,11,0,10,9,9,5,10,5,9,9,9,13,12,15,19,6,5,10,9,8,4,8,9,4,1,1,4,3,0,1,3,0,0,2,0,0,0,0,1,0,0,0,0,0,0,0,0,0,0,0,0,0,0,0,0,0,0,0,0,0,0,0,0,0,0,0,0
B,"BUCUREŞTI SECTORUL 2","BUCUREŞTI SECTORUL 2",179150,177,"LICEUL TEORETIC ”TRAIAN”",U,1712,19,626,12,0,0,638,16,31,61,99,79,17,36,57,149,93,3,1,2,6,2,1,1,4,3,0,3,4,3,3,5,3,3,6,5,5,8,7,10,4,5,4,7,3,4,4,2,4,8,4,1,5,2,2,8,10,11,7,5,3,8,7,1,9,4,6,5,6,8,6,5,1,3,5,8,2,1,4,2,1,0,1,1,1,0,0,0,0,0,0,0,0,0,0,0,0,0,0,0,0,0,0,0,0,0,0,0,0,0,0,0,0,0,0,0,0,0,0,0,4,1,1,4,3,3,1,1,2,2,5,3,3,6,4,6,4,5,4,9,5,5,4,10,7,2,6,11,4,5,5,3,8,6,5,4,3,8,8,19,11,10,9,4,10,10,6,7,6,13,9,9,8,5,8,7,4,3,1,3,2,1,0,2,1,0,0,0,1,0,1,1,0,0,0,1,0,0,0,0,0,0,0,0,0,0,0,0,0,0,0,0,0,0,0,0,0,0,0,0,0,0,0
B,"BUCUREŞTI SECTORUL 2","BUCUREŞTI SECTORUL 2",179150,178,"LICEUL TEORETIC ”TRAIAN”",U,1770,22,606,9,0,0,615,11,26,58,124,74,12,28,66,152,64,3,1,0,3,1,1,2,2,4,1,3,1,3,4,4,2,2,9,3,6,7,4,6,8,5,5,5,7,4,6,5,9,7,5,4,2,3,5,7,6,12,4,4,7,7,11,9,12,6,10,9,1,9,4,0,4,4,4,2,1,2,1,1,0,2,0,0,1,0,1,0,0,0,0,0,0,0,0,0,0,0,0,0,0,0,0,0,0,0,0,0,0,0,0,0,0,0,0,0,0,0,0,0,4,1,3,1,1,1,1,2,2,1,2,4,4,1,3,5,4,11,8,4,4,4,5,7,10,7,6,5,8,8,4,8,8,9,3,6,4,5,14,11,11,5,9,14,3,9,8,7,3,10,4,8,7,4,0,2,2,2,1,3,3,2,2,1,0,0,0,1,0,0,0,1,0,0,1,0,0,0,0,0,0,0,0,0,0,0,0,0,0,0,0,0,0,0,0,0,0,0,0,0,0,0,0
B,"BUCUREŞTI SECTORUL 2","BUCUREŞTI SECTORUL 2",179150,179,"LICEUL TEORETIC ”TRAIAN”",U,1745,39,680,7,0,0,687,19,25,59,120,94,19,25,62,127,137,4,1,1,3,3,3,4,1,3,3,2,0,4,1,3,3,5,3,5,4,6,3,5,8,7,13,5,9,8,9,10,8,13,9,3,7,2,4,2,14,9,1,3,2,2,3,2,3,0,1,4,1,7,3,9,13,11,4,7,5,2,3,5,2,1,4,1,4,1,2,1,0,0,0,0,0,0,0,0,0,0,0,0,0,0,0,0,0,0,0,0,0,0,0,0,0,0,0,0,0,0,0,0,5,2,6,2,2,1,1,1,4,0,2,2,2,2,2,6,4,4,7,1,5,4,7,13,6,7,8,9,9,8,8,7,10,10,3,2,8,6,9,9,7,3,4,2,6,6,1,2,5,7,8,11,8,14,13,12,9,13,7,3,3,4,3,2,2,4,1,0,3,2,1,0,0,0,0,0,0,0,0,0,0,0,0,0,0,0,0,0,0,0,0,0,0,0,0,0,0,0,0,0,0,0,0
B,"BUCUREŞTI SECTORUL 2","BUCUREŞTI SECTORUL 2",179150,180,"ŞCOALA GIMNAZIALĂ NR. 31",U,1349,0,487,9,0,0,496,13,17,43,88,55,12,26,43,100,99,4,0,1,2,2,1,3,0,1,1,2,2,0,5,2,3,1,3,5,5,1,6,6,5,4,4,4,4,11,5,5,7,4,7,0,3,3,6,2,5,6,2,4,5,6,2,1,1,2,0,3,3,5,6,3,6,6,4,4,1,4,0,0,1,0,0,4,0,0,0,1,1,0,0,0,0,0,0,0,0,0,0,0,0,0,0,0,0,0,0,0,0,0,0,0,0,0,0,0,0,0,0,0,6,2,1,2,1,0,0,1,2,1,2,3,2,7,0,5,3,1,6,5,4,4,1,3,8,7,4,6,5,8,4,5,5,9,6,6,7,4,3,9,7,3,3,2,1,3,4,3,2,6,6,6,10,5,6,5,12,9,7,6,1,3,2,3,1,0,2,1,1,1,0,1,0,0,0,0,0,0,0,0,0,0,0,0,0,0,0,0,0,0,0,0,0,0,0,0,0,0,0,0,0,0,0
B,"BUCUREŞTI SECTORUL 2","BUCUREŞTI SECTORUL 2",179150,181,"ŞCOALA GIMNAZIALĂ NR. 31",U,1942,51,700,9,2,1,712,16,24,82,126,60,22,42,78,156,106,3,3,1,1,2,2,4,1,4,0,1,2,1,2,4,5,4,3,9,7,10,9,10,9,6,9,10,18,9,9,10,11,5,9,4,6,4,6,2,8,6,3,4,3,4,3,2,3,1,5,4,4,3,3,3,4,5,5,5,5,2,1,0,2,1,0,2,1,0,1,0,0,0,0,0,0,0,0,0,0,0,0,0,0,0,0,0,0,0,0,0,0,0,0,0,0,0,0,0,0,0,0,0,4,3,1,5,4,3,2,4,3,3,2,4,4,3,6,4,9,1,9,8,9,9,7,6,12,9,8,10,10,11,18,8,13,11,9,3,4,4,11,8,7,3,4,4,4,5,9,2,7,2,6,11,4,13,10,8,10,3,3,2,6,1,5,3,0,2,2,1,0,3,1,0,0,0,1,0,0,0,0,0,0,0,0,0,0,0,0,0,0,0,0,0,0,0,0,0,0,0,0,0,0,0,0
B,"BUCUREŞTI SECTORUL 2","BUCUREŞTI SECTORUL 2",179150,182,"ŞCOALA GIMNAZIALĂ NR. 31",U,1610,43,609,8,0,0,617,18,32,60,106,64,15,27,80,113,102,2,5,1,2,4,2,2,1,3,5,5,1,6,2,5,2,2,5,5,5,3,7,13,9,7,2,4,9,9,11,4,5,4,4,7,4,5,4,3,10,6,2,3,5,3,4,4,4,2,7,5,5,9,4,7,2,4,4,0,0,2,2,0,0,2,1,3,1,0,0,0,0,0,0,0,0,0,0,0,0,0,0,0,0,0,0,0,0,0,0,0,0,0,0,0,0,0,0,0,0,0,0,0,1,3,2,2,4,1,2,2,4,3,2,2,4,2,3,2,3,4,8,6,6,14,11,6,12,8,5,6,1,9,9,5,11,7,5,3,5,4,6,5,3,8,2,9,4,7,4,11,12,5,9,10,9,13,2,4,5,3,4,4,2,3,2,2,0,0,1,1,0,0,0,0,0,0,0,0,0,0,0,0,0,0,0,0,0,0,0,0,0,0,0,0,0,0,0,0,0,0,0,0,0,0,0
B,"BUCUREŞTI SECTORUL 2","BUCUREŞTI SECTORUL 2",179150,183,"ŞCOALA GIMNAZIALĂ NR. 31",U,1552,46,556,6,0,0,562,14,21,47,100,63,17,21,55,124,100,2,1,4,4,0,2,1,0,3,3,4,2,1,3,2,3,0,2,4,2,4,6,4,10,2,8,5,1,5,5,7,9,8,4,3,5,6,3,4,11,9,3,1,5,3,3,5,1,3,9,3,5,5,5,4,5,1,0,5,2,4,4,1,1,2,0,0,0,0,1,0,1,0,0,1,0,0,0,0,0,0,0,0,0,0,0,0,0,0,0,0,0,0,0,0,0,0,0,0,0,0,0,0,4,4,2,3,0,1,3,3,1,2,0,2,5,3,1,0,4,7,6,2,4,6,5,10,4,4,7,4,8,14,13,6,6,4,5,9,6,4,10,10,5,3,1,4,3,5,4,7,6,9,4,8,9,7,9,7,7,5,8,4,5,1,0,0,0,0,0,0,2,0,0,1,0,0,0,0,1,0,0,0,0,0,0,0,0,0,0,0,0,0,0,0,0,0,0,0,0,0,0,0,0,0,0
B,"BUCUREŞTI SECTORUL 2","BUCUREŞTI SECTORUL 2",179150,184,"ŞCOALA GIMNAZIALĂ NR. 31",U,1764,31,577,7,1,0,585,13,24,55,118,77,18,25,62,110,83,1,3,2,2,2,2,1,6,2,4,2,0,1,1,4,2,2,7,3,9,6,7,5,5,5,3,5,8,8,5,8,10,6,3,2,8,3,6,11,11,6,3,1,4,4,6,5,2,3,6,5,4,7,8,5,7,5,5,7,3,2,2,0,0,1,1,1,0,0,0,1,0,0,0,2,0,0,0,0,0,0,0,0,0,0,0,0,0,0,0,0,0,0,0,0,0,0,0,0,0,0,0,0,0,3,7,2,1,3,2,3,4,1,1,1,2,6,2,4,1,5,6,7,8,7,6,6,3,7,7,3,10,13,8,5,5,5,4,3,6,3,4,4,12,4,3,3,3,9,3,8,2,6,4,2,4,8,8,8,6,5,7,4,1,3,0,0,0,1,1,1,1,1,0,0,0,1,1,0,0,0,0,0,0,0,0,0,0,0,0,0,0,0,0,0,0,0,0,0,0,0,0,0,0,0,0
B,"BUCUREŞTI SECTORUL 2","BUCUREŞTI SECTORUL 2",179150,185,"UNIVERSITATEA TEHNICĂ DE CONSTRUCŢII BUCUREŞTI",U,1607,30,641,8,0,14,663,20,27,54,116,95,20,32,54,122,123,3,6,2,1,4,3,1,3,1,2,0,4,1,1,5,5,5,2,2,3,4,7,3,3,7,14,9,7,5,12,15,12,4,8,7,2,3,3,7,10,9,4,4,2,1,1,0,2,3,4,3,3,8,3,3,2,6,6,13,13,6,4,2,3,2,1,4,0,3,0,0,0,1,0,0,0,0,0,0,0,0,0,0,0,0,0,0,0,0,0,0,0,0,0,0,0,0,0,0,0,0,0,0,1,4,2,3,2,4,4,2,1,1,2,1,2,8,7,2,6,2,7,6,5,10,7,1,6,6,4,13,3,6,14,14,11,7,4,3,6,3,3,5,11,3,1,5,3,3,4,6,1,4,6,6,8,11,8,6,7,12,14,12,6,6,1,1,1,3,1,1,0,1,0,0,1,0,0,0,0,0,0,0,0,0,0,0,0,0,0,0,0,0,0,0,0,0,0,0,0,0,0,0,0,0,0
B,"BUCUREŞTI SECTORUL 2","BUCUREŞTI SECTORUL 2",179150,186,"UNIVERSITATEA TEHNICĂ DE CONSTRUCŢII BUCUREŞTI",U,1538,42,438,6,0,0,444,7,22,47,74,41,11,30,41,111,60,2,0,1,1,0,2,1,1,4,1,4,3,2,1,3,2,1,5,5,4,3,3,1,4,5,6,11,7,0,6,6,6,2,4,2,2,6,6,6,9,4,1,2,0,3,1,1,4,3,7,5,1,2,1,0,2,1,2,2,1,2,1,1,1,1,0,0,0,2,0,2,0,0,0,0,0,0,0,0,0,0,0,0,0,0,0,0,0,0,0,0,0,0,0,0,0,0,0,0,0,0,0,0,2,0,3,2,1,2,1,3,2,5,2,3,4,1,3,3,4,2,4,6,6,5,4,4,7,2,1,7,7,2,4,8,9,8,6,5,6,5,8,4,10,0,3,2,5,5,7,5,3,4,3,3,5,5,7,8,6,3,1,4,0,0,2,0,0,0,0,1,0,0,0,0,0,0,0,0,0,0,0,0,0,0,0,0,0,0,0,0,0,0,0,0,0,0,0,0,0,0,0,0,0,0,0
B,"BUCUREŞTI SECTORUL 2","BUCUREŞTI SECTORUL 2",179150,187,"UNIVERSITATEA TEHNICĂ DE CONSTRUCŢII BUCUREŞTI",U,1599,18,474,9,0,0,483,13,21,53,85,45,18,25,37,112,74,2,4,2,1,1,0,3,0,0,0,2,2,5,1,1,7,3,2,5,5,7,8,10,2,2,9,3,5,2,6,3,6,9,8,5,1,2,7,6,3,4,4,4,2,1,2,5,4,0,3,8,3,5,0,2,4,2,0,1,3,3,2,2,1,0,0,1,0,1,0,0,0,0,0,0,0,0,0,0,0,0,0,0,0,0,0,0,0,0,0,0,0,0,0,0,0,0,0,0,0,0,0,0,9,1,5,0,2,0,1,3,1,2,2,0,3,2,1,8,3,3,5,6,5,3,4,1,3,3,4,7,10,12,1,5,7,5,7,4,1,10,8,7,9,3,3,1,5,6,1,5,10,11,5,7,4,5,5,6,2,4,2,2,3,1,1,0,1,0,0,0,0,0,0,0,0,0,0,0,0,0,0,0,0,0,0,0,0,0,0,0,0,0,0,0,0,0,0,0,0,0,0,0,0,0,0
B,"BUCUREŞTI SECTORUL 2","BUCUREŞTI SECTORUL 2",179150,188,"UNIVERSITATEA TEHNICĂ DE CONSTRUCŢII BUCUREŞTI",U,1505,86,509,6,0,0,515,14,20,66,97,59,14,15,51,105,74,4,2,3,1,0,2,2,1,3,2,3,1,1,2,1,3,3,3,5,4,7,5,9,10,5,11,7,15,5,7,12,5,3,6,7,1,3,2,2,3,4,1,7,2,5,3,4,9,4,4,5,8,4,4,3,6,3,2,0,1,1,1,2,0,0,1,0,1,0,0,0,0,0,0,0,0,0,0,0,0,0,0,0,0,0,0,0,0,0,0,0,0,0,0,0,0,0,0,0,0,0,0,0,3,4,2,0,2,2,1,1,2,1,0,1,3,1,2,1,3,3,2,9,4,5,6,7,2,8,5,4,8,6,3,3,4,7,3,1,2,1,3,7,12,4,5,8,5,9,10,6,6,4,12,3,4,3,5,8,4,1,4,3,3,2,0,2,0,2,0,0,2,0,0,0,0,0,0,0,0,0,0,0,0,0,0,0,0,0,0,0,0,0,0,0,0,0,0,0,0,0,0,0,0,0,0
B,"BUCUREŞTI SECTORUL 2","BUCUREŞTI SECTORUL 2",179150,189,"UNIVERSITATEA TEHNICĂ DE CONSTRUCŢII BUCUREŞTI",U,1613,17,543,5,0,1,549,14,22,76,78,75,15,28,52,98,91,3,3,1,3,1,2,1,2,3,3,0,3,2,3,2,1,3,0,5,9,3,15,12,11,9,9,3,5,9,5,2,7,7,2,1,3,5,3,0,2,5,4,2,4,4,6,2,8,5,7,7,8,3,7,3,3,5,2,7,1,0,4,1,1,1,0,0,1,1,0,0,0,0,0,0,0,0,0,0,0,0,0,0,0,0,0,0,0,0,0,0,0,0,0,0,0,0,0,0,0,0,0,0,5,1,2,1,2,1,3,3,3,1,2,6,2,3,2,2,4,2,6,8,4,3,10,4,5,5,5,3,7,6,5,11,6,5,4,5,4,4,5,5,9,0,2,3,4,3,7,11,9,9,5,4,5,7,13,3,5,3,4,3,2,4,1,1,0,0,2,0,0,0,0,0,0,0,0,0,0,0,0,0,0,0,0,0,0,0,0,0,0,0,0,0,0,0,0,0,0,0,0,0,0,0,0
B,"BUCUREŞTI SECTORUL 2","BUCUREŞTI SECTORUL 2",179150,190,"UNIVERSITATEA TEHNICĂ DE CONSTRUCŢII BUCUREŞTI",U,1730,60,569,9,0,0,578,20,22,74,98,82,9,18,72,105,78,2,2,5,4,2,2,3,3,1,3,5,1,1,2,1,2,3,8,1,8,5,7,7,12,8,12,6,7,8,5,11,5,7,7,4,6,3,2,6,3,3,4,4,3,3,2,5,5,8,14,7,5,5,5,4,6,7,5,3,1,1,2,2,1,0,1,0,0,0,0,0,0,0,0,0,0,0,0,0,0,0,0,0,0,0,0,0,0,0,0,0,0,0,0,0,0,0,0,0,0,0,0,0,1,0,4,1,0,2,1,2,2,0,0,3,2,4,0,4,1,7,9,4,4,13,9,9,2,5,10,7,5,6,8,6,5,9,4,4,2,5,7,5,7,2,3,3,5,7,5,6,9,10,3,8,5,7,5,5,7,2,0,3,2,2,0,1,0,1,0,0,0,0,0,1,0,1,0,0,0,0,0,0,0,0,0,0,0,0,0,0,0,0,0,0,0,0,0,0,0,0,0,0,0,0,0
B,"BUCUREŞTI SECTORUL 2","BUCUREŞTI SECTORUL 2",179150,191,"UNIVERSITATEA TEHNICĂ DE CONSTRUCŢII BUCUREŞTI",U,1396,35,413,7,0,1,421,12,26,47,77,47,8,23,57,69,55,2,0,2,2,1,2,3,2,2,1,3,3,2,2,1,2,8,2,3,2,1,9,7,7,4,7,5,5,9,6,2,4,7,5,3,5,1,2,2,6,4,4,3,5,1,1,2,3,3,7,2,5,2,2,4,2,4,2,2,2,1,0,3,3,0,0,0,0,0,0,0,0,0,0,0,0,0,0,0,0,0,0,0,0,0,0,0,0,0,0,0,0,0,0,0,0,0,0,0,0,0,0,0,2,0,2,0,1,2,1,1,2,3,2,2,0,1,6,2,4,8,7,6,2,6,6,3,8,6,5,4,4,6,4,3,4,8,2,1,4,5,2,5,4,2,2,3,1,2,3,7,8,5,7,3,2,5,4,2,0,2,1,1,0,1,1,1,1,1,0,0,0,1,0,1,1,0,0,0,0,0,0,0,0,0,0,0,0,0,0,0,0,0,0,0,0,0,0,0,0,0,0,0,0,0,0
B,"BUCUREŞTI SECTORUL 2","BUCUREŞTI SECTORUL 2",179150,192,"UNIVERSITATEA TEHNICĂ DE CONSTRUCŢII BUCUREŞTI",U,1220,2,276,7,0,0,283,10,13,28,71,34,9,9,21,64,24,1,2,2,0,2,1,2,1,1,1,2,2,0,0,2,2,2,6,0,1,2,5,6,1,1,3,3,6,1,4,2,5,7,4,2,1,4,6,5,8,6,2,0,4,1,1,2,2,1,4,3,2,3,4,2,4,2,4,1,0,1,0,1,0,0,0,0,0,0,0,0,0,0,0,0,0,0,0,0,0,0,0,0,0,0,0,0,0,0,0,0,0,0,0,0,0,0,0,0,0,0,0,0,1,2,1,1,1,1,2,1,2,0,0,0,1,2,2,0,1,0,2,2,3,0,3,3,2,3,3,1,6,3,4,5,3,2,3,3,7,3,5,4,5,2,1,4,2,0,1,0,1,1,3,1,1,6,2,3,0,1,1,1,1,0,1,0,0,0,0,0,0,1,0,0,0,0,0,0,0,0,0,0,0,0,0,0,0,0,0,0,0,0,0,0,0,0,0,0,0,0,0,0,0,0,0
B,"BUCUREŞTI SECTORUL 2","BUCUREŞTI SECTORUL 2",179150,193,"UNIVERSITATEA TEHNICĂ DE CONSTRUCŢII BUCUREŞTI",U,1557,17,630,6,0,0,636,17,26,52,101,84,19,34,62,119,122,4,1,4,0,4,2,2,2,1,6,1,5,3,2,2,2,2,2,3,6,5,5,4,8,7,3,9,6,9,7,6,9,9,8,3,3,4,3,4,7,2,7,1,2,6,2,3,3,3,2,4,7,3,4,5,7,4,6,7,4,6,5,1,2,4,2,1,1,0,2,0,1,0,0,0,0,0,0,0,0,0,0,0,0,0,0,0,0,0,0,0,0,0,0,0,0,0,0,0,0,0,0,0,5,1,3,3,1,3,3,4,2,4,1,0,5,3,2,6,7,5,3,8,9,4,5,11,5,4,8,5,8,7,6,9,8,8,6,3,9,3,9,8,10,3,3,4,8,1,1,5,7,4,1,4,10,4,6,9,4,11,17,11,5,4,4,3,1,5,1,0,2,0,2,1,0,0,1,0,0,0,0,0,0,0,0,0,0,0,0,0,0,0,0,0,0,0,0,0,0,0,0,0,0,0,0
B,"BUCUREŞTI SECTORUL 2","BUCUREŞTI SECTORUL 2",179150,194,"UNIVERSITATEA TEHNICĂ DE CONSTRUCŢII BUCUREŞTI",U,1574,26,360,8,0,0,368,14,12,44,68,41,5,19,39,69,57,3,2,3,2,2,0,2,2,1,1,2,0,1,1,1,2,1,5,6,6,2,2,4,6,6,3,4,2,7,3,1,4,4,4,3,2,5,0,5,2,11,3,2,1,3,1,5,4,1,1,2,7,2,4,1,2,2,3,4,1,1,1,1,1,0,0,0,1,2,0,0,0,0,0,0,0,0,0,0,0,0,0,0,0,0,0,0,0,0,0,0,0,0,0,0,0,0,0,0,0,0,0,0,0,2,1,0,1,1,0,1,1,1,1,4,0,2,1,3,5,1,1,7,3,4,4,4,6,4,5,3,4,5,5,6,4,3,1,5,4,2,2,4,10,0,2,3,2,1,3,7,2,4,7,5,5,3,0,2,1,3,4,3,0,3,1,2,1,0,1,1,1,0,1,0,0,0,0,0,0,0,0,0,0,0,0,0,0,0,0,0,0,0,0,0,0,0,0,0,0,0,0,0,0,0,0
B,"BUCUREŞTI SECTORUL 2","BUCUREŞTI SECTORUL 2",179150,195,"LICEUL TEHNOLOGIC CONSTANTIN BRÂNCUŞI",U,2554,338,939,27,2,4,972,16,123,199,114,21,20,142,190,117,30,5,4,1,2,4,0,0,5,7,7,2,15,19,12,23,19,14,24,29,15,13,27,23,23,11,16,18,14,12,7,7,9,9,5,5,6,2,7,6,5,5,0,5,0,5,1,4,4,4,0,2,0,2,1,3,0,1,0,3,0,0,0,0,0,1,0,0,0,0,0,0,0,0,0,0,0,0,0,0,0,0,0,0,0,0,0,0,0,0,0,0,0,0,0,0,0,0,0,0,0,0,0,0,3,3,3,3,2,5,1,9,8,8,10,12,17,21,15,20,22,30,33,27,17,17,18,13,13,12,10,7,11,9,7,14,6,8,8,7,1,7,3,3,9,4,3,2,3,4,1,6,4,1,4,4,2,4,1,0,2,0,0,0,1,0,0,0,0,0,1,0,0,0,0,0,0,0,0,0,0,0,0,0,0,0,0,0,0,0,0,0,0,0,0,0,0,0,0,0,0,0,0,0,0,0,0
B,"BUCUREŞTI SECTORUL 2","BUCUREŞTI SECTORUL 2",179150,196,"ŞCOALA GIMNAZIALĂ NR. 27",U,1335,13,407,7,0,3,417,11,10,42,85,44,15,16,39,81,74,1,2,2,2,1,2,1,1,1,2,1,0,0,1,1,0,3,3,2,2,4,5,8,4,9,2,3,2,7,4,6,6,4,10,2,2,5,6,4,5,8,1,4,2,4,2,1,1,1,2,5,2,4,4,4,2,5,2,2,1,2,1,0,1,0,2,1,0,0,2,0,0,0,0,0,0,0,0,0,0,0,0,0,0,0,0,0,0,0,0,0,0,0,0,0,0,0,0,0,0,0,0,0,1,2,0,2,3,4,3,1,2,1,0,3,0,2,4,1,2,2,3,3,7,3,6,5,3,3,4,4,4,6,7,5,4,4,3,3,4,2,8,8,3,1,4,2,5,1,3,1,5,2,7,3,8,11,4,6,7,4,1,2,3,3,0,1,1,1,1,1,0,0,2,0,0,0,0,0,0,0,0,0,0,0,0,0,0,0,0,0,0,0,0,0,0,0,0,0,0,0,0,0,0,0,0
B,"BUCUREŞTI SECTORUL 2","BUCUREŞTI SECTORUL 2",179150,197,"ŞCOALA GIMNAZIALĂ NR. 27",U,1450,11,515,8,0,0,523,8,25,50,77,64,8,29,62,109,91,3,0,0,3,2,0,0,1,0,0,2,3,6,3,2,7,1,4,3,6,5,3,9,4,1,7,8,8,7,2,9,5,1,3,2,2,1,6,3,7,5,6,0,2,1,4,3,2,4,5,2,3,4,3,0,3,4,4,3,1,3,5,2,3,0,2,2,1,1,2,1,2,0,2,0,0,0,0,0,0,0,0,0,0,0,0,0,0,0,0,0,0,0,0,0,0,0,0,0,0,0,0,0,1,1,0,1,3,0,2,3,1,3,3,2,4,2,3,5,3,8,6,3,4,5,6,5,9,9,7,6,3,6,6,5,3,7,4,4,7,7,8,8,8,4,8,3,3,6,3,4,4,5,5,7,8,1,5,5,5,4,3,4,6,2,5,2,4,1,0,4,1,2,0,3,0,1,0,0,0,0,0,0,0,0,0,0,0,0,0,0,0,0,0,0,0,0,0,0,0,0,0,0,0,0,0
B,"BUCUREŞTI SECTORUL 2","BUCUREŞTI SECTORUL 2",179150,198,"ŞCOALA GIMNAZIALĂ NR. 27",U,1147,139,387,7,0,1,395,9,17,44,79,41,8,22,40,75,60,3,1,0,0,1,3,1,0,0,3,1,2,1,5,1,1,3,3,5,3,3,4,3,6,8,5,4,2,5,9,5,6,5,4,3,1,1,2,7,2,5,2,4,2,2,4,8,5,4,3,1,3,0,2,2,1,1,3,5,3,2,1,0,2,2,1,0,0,0,0,0,0,0,0,0,0,0,0,0,0,0,0,0,0,0,0,0,0,0,0,0,0,0,0,0,0,0,0,0,0,0,0,0,3,1,0,1,1,0,2,2,3,1,0,3,2,1,1,6,3,3,3,5,3,2,3,5,5,7,4,6,2,5,7,3,4,5,1,4,2,2,5,8,3,4,2,3,3,3,3,4,1,3,6,2,4,3,0,5,4,3,8,1,2,3,2,2,1,0,0,2,1,0,1,0,0,0,0,2,0,0,0,0,0,0,0,0,0,0,0,0,0,0,0,0,0,0,0,0,0,0,0,0,0,0,0
B,"BUCUREŞTI SECTORUL 2","BUCUREŞTI SECTORUL 2",179150,199,"ŞCOALA GIMNAZIALĂ NR. 27",U,1249,21,424,12,0,0,436,14,26,50,78,42,8,25,43,82,68,2,2,0,3,2,4,1,3,4,0,3,3,2,3,5,2,1,4,1,4,13,4,4,8,2,6,4,6,3,9,6,7,3,9,3,3,1,5,5,7,5,1,1,1,1,0,2,2,3,2,3,2,3,5,2,3,2,1,2,3,0,0,1,1,0,1,0,2,0,1,1,1,0,0,0,0,0,0,1,0,0,0,0,0,0,0,0,0,0,0,0,0,0,0,0,0,0,0,0,0,0,0,0,1,1,1,1,1,3,0,3,1,4,7,0,3,2,4,1,0,3,9,4,4,3,2,6,2,2,8,2,9,7,5,7,6,4,3,2,7,5,5,8,7,1,2,0,1,0,1,3,4,5,6,7,5,3,4,1,3,0,4,3,3,2,4,3,0,1,2,1,0,1,1,0,0,0,1,0,1,0,0,0,0,0,0,0,0,0,0,0,0,0,0,0,0,0,0,0,0,0,0,0,0,0,0
B,"BUCUREŞTI SECTORUL 2","BUCUREŞTI SECTORUL 2",179150,200,"ŞCOALA GIMNAZIALĂ NR. 27",U,977,47,378,9,0,0,387,13,11,35,52,51,10,22,36,83,74,4,2,2,2,0,2,1,0,1,1,0,1,1,2,3,1,1,1,3,5,3,3,1,2,2,4,11,3,4,4,5,5,4,3,2,1,4,2,3,2,3,1,0,2,1,2,1,1,2,5,0,3,3,2,3,2,2,1,4,3,3,4,2,1,2,2,0,0,2,0,2,1,0,0,0,0,0,0,1,0,0,0,0,0,0,0,0,0,0,0,0,0,0,0,0,0,0,0,0,0,0,0,0,2,2,1,0,2,1,2,2,2,2,2,0,2,6,3,1,2,3,8,1,3,3,2,4,3,4,5,7,7,5,6,6,5,4,6,4,3,5,6,4,4,1,1,1,3,1,4,3,1,2,4,4,5,5,3,4,9,4,6,3,3,3,3,0,3,3,0,0,4,0,0,1,0,0,1,0,0,0,0,0,0,0,0,0,0,0,0,0,0,0,0,0,0,0,0,0,0,0,0,0,0,0,0
B,"BUCUREŞTI SECTORUL 2","BUCUREŞTI SECTORUL 2",179150,201,"ŞCOALA GIMNAZIALĂ ”GRIGORE GHICA VOIEVOD”",U,1623,24,580,16,0,0,596,11,27,60,96,83,15,24,62,108,110,2,1,3,2,3,0,0,2,0,1,1,6,4,0,3,5,5,5,5,8,3,8,6,8,6,4,7,6,9,9,4,10,5,6,4,5,5,6,2,4,4,3,0,5,2,4,3,3,6,8,9,7,11,6,10,4,6,5,2,1,1,1,1,0,0,1,0,0,0,1,0,0,0,0,0,0,0,0,0,0,0,0,0,0,0,0,0,0,0,0,0,0,0,0,0,0,0,0,0,0,0,0,0,2,1,4,0,0,2,6,1,0,2,1,2,1,3,4,5,5,3,5,10,1,7,7,7,8,9,5,8,9,6,3,8,4,5,3,2,5,5,7,4,5,2,4,3,8,10,7,8,8,13,11,15,10,7,11,9,2,3,1,3,3,1,1,0,2,0,0,0,2,0,0,0,0,0,0,0,0,0,0,0,0,0,0,0,0,0,0,0,0,0,0,0,0,0,0,0,0,0,0,0,0,0,0
B,"BUCUREŞTI SECTORUL 2","BUCUREŞTI SECTORUL 2",179150,202,"ŞCOALA GIMNAZIALĂ ”GRIGORE GHICA VOIEVOD”",U,1424,48,518,5,0,1,524,16,11,64,97,62,11,17,62,96,88,1,2,3,3,3,3,1,1,1,2,1,0,1,1,2,0,2,1,3,5,11,4,5,6,8,12,9,9,7,9,9,7,5,7,4,5,3,5,1,4,4,2,2,4,3,4,3,5,1,7,5,4,5,6,2,1,7,1,6,1,5,1,2,0,1,0,0,0,0,0,0,0,1,0,0,0,0,0,0,1,0,0,0,0,0,0,0,0,0,0,0,0,0,0,0,0,0,0,0,0,0,0,0,3,1,2,2,1,0,2,2,0,1,1,2,5,0,3,1,2,6,6,7,5,3,10,7,4,9,5,6,5,7,12,7,8,5,1,5,4,6,4,1,3,2,5,5,3,5,2,3,5,6,8,13,8,10,6,4,5,7,5,3,2,1,0,1,0,0,1,0,0,0,0,0,0,0,0,0,0,0,0,0,0,0,0,0,0,0,0,0,0,0,0,0,0,0,0,0,0,0,0,0,0,0,0
B,"BUCUREŞTI SECTORUL 2","BUCUREŞTI SECTORUL 2",179150,203,"ŞCOALA GIMNAZIALĂ ”GRIGORE GHICA VOIEVOD”",U,1783,11,563,11,0,0,574,15,15,56,88,89,18,22,62,94,115,2,3,2,2,2,1,3,1,0,1,1,1,1,5,1,2,2,3,2,9,6,5,4,9,3,9,6,8,5,4,12,11,5,3,3,1,3,1,7,5,8,1,3,2,1,1,4,4,7,7,9,10,5,8,7,7,5,4,3,2,4,0,1,0,1,0,0,0,1,2,2,0,0,0,0,0,0,0,0,0,0,0,0,0,0,0,0,0,0,0,0,0,0,0,0,0,0,0,0,0,0,0,0,3,1,3,2,1,4,4,1,0,1,5,1,3,6,0,3,2,5,1,9,7,10,6,7,3,9,5,6,1,10,5,1,13,5,3,3,4,5,7,8,5,4,1,3,4,2,4,6,13,16,7,13,9,8,9,6,3,3,7,5,2,0,1,1,2,2,0,0,0,1,1,0,0,0,0,0,0,0,0,0,0,0,0,0,0,0,0,0,0,0,0,0,0,0,0,0,0,0,0,0,0,0,0
B,"BUCUREŞTI SECTORUL 2","BUCUREŞTI SECTORUL 2",179150,204,"ŞCOALA GIMNAZIALĂ ”GRIGORE GHICA VOIEVOD”",U,1659,21,503,5,0,0,508,8,24,39,102,60,19,24,42,110,80,1,1,1,0,1,3,1,1,0,4,5,2,1,3,2,0,6,3,1,3,9,2,2,3,2,6,8,4,10,3,3,4,8,4,5,3,5,6,13,6,10,2,3,0,2,6,5,6,4,4,6,8,4,3,2,4,3,6,1,0,2,2,2,0,0,1,1,0,0,1,0,0,0,0,0,0,0,0,0,0,0,0,0,0,0,0,0,0,0,0,0,0,0,0,0,0,0,0,0,0,0,0,0,0,5,5,1,2,1,5,3,0,2,1,2,4,1,6,2,3,3,8,2,3,4,7,5,2,2,6,2,5,7,3,9,4,6,3,6,7,7,9,14,5,5,2,3,5,4,4,6,6,2,7,7,7,10,9,6,2,4,6,3,0,1,2,1,1,0,0,0,0,0,0,0,0,0,0,0,0,0,0,0,0,0,0,0,0,0,0,0,0,0,0,0,0,0,0,0,0,0,0,0,0,0,0
B,"BUCUREŞTI SECTORUL 2","BUCUREŞTI SECTORUL 2",179150,205,"ŞCOALA GIMNAZIALĂ ”GRIGORE GHICA VOIEVOD”",U,1535,71,532,9,0,0,541,22,20,49,88,73,15,23,46,101,104,4,4,6,3,2,0,3,2,1,4,2,2,2,1,0,4,2,4,4,4,5,6,3,5,6,8,4,7,6,8,5,3,4,8,5,8,6,3,4,2,4,1,3,1,3,5,2,5,1,2,1,3,3,4,3,2,3,6,6,13,5,3,1,4,1,1,1,2,0,0,3,0,0,0,0,0,0,0,0,0,0,0,0,0,0,0,0,0,0,0,0,0,0,0,0,0,0,0,0,0,0,0,0,2,1,5,1,2,2,2,0,4,1,4,5,1,0,4,0,4,1,4,2,2,6,6,6,9,6,4,5,4,16,10,5,6,4,6,1,4,3,3,10,6,2,8,1,1,4,2,2,2,2,1,1,4,7,10,8,4,11,10,10,8,6,8,3,2,1,0,1,1,0,2,0,0,0,0,0,0,0,0,0,0,0,0,0,0,0,0,0,0,0,0,0,0,0,0,0,0,0,0,0,0,0,0
B,"BUCUREŞTI SECTORUL 2","BUCUREŞTI SECTORUL 2",179150,206,"ŞCOALA GIMNAZIALĂ ”GRIGORE GHICA VOIEVOD”",U,1320,19,391,3,0,0,394,8,17,32,71,47,6,19,50,66,78,0,1,2,0,3,2,0,2,1,0,0,0,1,7,1,3,2,2,3,3,1,6,1,6,1,4,5,3,6,8,6,9,2,3,3,0,3,4,5,5,4,2,0,2,1,4,1,2,2,3,3,7,5,4,6,4,3,3,3,0,0,2,0,0,0,0,0,0,0,0,0,0,0,0,0,0,0,0,0,0,0,0,0,0,0,0,0,0,0,0,0,0,0,0,0,0,0,0,0,0,0,0,0,4,1,1,0,0,0,0,1,1,1,3,1,1,4,2,4,1,1,3,7,11,5,6,5,4,3,5,5,7,2,5,7,3,3,2,4,2,2,4,1,7,2,1,2,2,2,3,3,5,9,11,7,8,6,1,8,6,6,2,1,0,1,0,1,0,2,0,0,0,0,0,0,1,0,0,0,0,0,0,0,0,0,0,0,0,0,0,0,0,0,0,0,0,0,0,0,0,0,0,0,0,0,0
B,"BUCUREŞTI SECTORUL 2","BUCUREŞTI SECTORUL 2",179150,207,"ŞCOALA GIMNAZIALĂ ”GRIGORE GHICA VOIEVOD”",U,1536,17,404,5,0,0,409,10,20,46,73,47,10,20,35,79,69,2,2,0,3,1,1,1,1,2,1,3,1,4,0,2,3,3,4,5,4,5,9,2,4,1,2,10,2,5,3,1,3,8,8,5,3,2,3,4,3,4,3,3,5,2,2,4,6,3,2,8,3,4,4,4,4,2,1,1,2,0,2,0,0,0,0,1,0,0,0,0,0,0,0,0,0,0,0,0,0,0,0,0,0,0,0,0,0,0,0,0,0,0,0,0,0,0,0,0,0,0,0,0,3,0,1,1,1,4,0,1,2,1,2,2,1,1,4,4,2,6,4,1,2,6,4,4,1,1,6,7,4,5,3,1,7,2,1,3,4,5,6,6,6,0,3,6,3,4,3,3,8,4,9,8,10,8,3,1,4,1,3,2,3,0,1,1,0,0,0,0,0,0,0,0,0,0,0,0,0,0,0,0,0,0,0,0,0,0,0,0,0,0,0,0,0,0,0,0,0,0,0,0,0,0,0
B,"BUCUREŞTI SECTORUL 2","BUCUREŞTI SECTORUL 2",179150,208,"GRĂDINIŢA NR. 233",U,1337,35,421,9,0,0,430,15,18,31,82,43,8,26,40,86,81,0,3,3,4,2,1,2,1,1,7,1,1,1,0,2,3,1,3,5,2,4,4,4,2,0,2,5,1,10,2,3,4,6,4,2,5,8,7,5,7,4,3,1,5,1,0,4,2,0,1,4,5,3,0,0,2,2,2,1,4,2,2,1,2,2,2,1,0,1,0,1,2,0,1,0,0,0,0,0,0,0,0,0,0,0,0,0,0,0,0,0,0,0,0,0,0,0,0,0,0,0,0,0,1,3,3,1,0,0,0,4,3,3,1,3,2,3,2,2,3,7,4,5,5,2,3,6,3,4,1,4,4,4,5,5,4,3,4,9,8,10,2,9,6,4,0,2,2,0,1,4,3,6,1,10,4,4,4,6,4,6,4,7,2,1,4,1,1,1,0,2,1,2,0,0,1,1,0,0,1,0,0,0,0,0,0,0,0,0,0,0,0,0,0,0,0,0,0,0,0,0,0,0,0,0,0
B,"BUCUREŞTI SECTORUL 2","BUCUREŞTI SECTORUL 2",179150,209,"GRĂDINIŢA NR. 233",U,1181,17,444,9,0,0,453,11,25,38,75,42,9,28,54,87,84,1,3,0,2,1,2,2,2,1,3,3,1,4,5,1,3,2,1,7,4,5,7,1,4,2,4,3,11,5,5,1,2,1,6,3,4,5,2,5,6,7,2,2,1,1,3,3,3,0,1,3,1,4,2,2,3,1,4,3,1,0,1,0,0,0,1,2,1,2,5,2,0,0,0,0,0,0,0,0,0,0,0,0,0,0,0,0,0,0,0,0,0,0,0,0,0,0,0,0,0,0,0,0,0,1,2,1,3,1,1,4,1,1,2,5,3,2,1,5,4,2,3,5,4,3,9,8,8,7,5,3,5,5,5,6,3,4,4,3,7,7,8,4,10,5,3,2,1,0,2,3,1,4,4,7,2,3,0,2,4,3,9,2,3,4,5,5,4,2,4,2,5,2,1,0,1,1,1,0,0,0,0,0,0,0,0,0,0,0,0,0,0,0,0,0,0,0,0,0,0,0,0,0,0,0,0
B,"BUCUREŞTI SECTORUL 2","BUCUREŞTI SECTORUL 2",179150,210,"ŞCOALA GIMNAZIALĂ NR. 39",U,1652,91,610,10,0,0,620,9,18,45,116,86,12,21,65,116,132,1,1,3,1,2,1,0,1,2,1,2,0,1,3,4,4,0,2,3,2,5,4,5,7,8,2,7,15,13,10,11,10,4,9,1,4,4,4,7,6,4,4,2,2,2,3,1,4,2,4,2,5,2,8,7,5,10,10,5,8,5,3,1,1,0,0,1,1,1,0,0,1,0,0,0,0,0,0,0,0,0,0,0,0,0,0,0,0,0,0,0,0,0,0,0,0,0,0,0,0,0,0,0,3,2,1,2,0,1,3,2,1,1,2,5,3,0,3,2,2,1,5,8,6,7,1,9,12,10,6,10,12,6,14,13,5,3,8,8,4,7,4,5,2,1,4,3,1,1,5,8,2,1,13,11,11,12,11,10,19,5,9,5,4,4,2,1,0,2,1,0,0,1,0,0,0,0,0,0,0,0,0,0,0,0,0,0,0,0,0,0,0,0,0,0,0,0,0,0,0,0,0,0,0,0,0
B,"BUCUREŞTI SECTORUL 2","BUCUREŞTI SECTORUL 2",179150,211,"ŞCOALA GIMNAZIALĂ NR. 39",U,1323,343,446,11,0,0,457,19,18,46,65,67,12,12,46,84,88,4,0,1,3,2,3,6,2,4,3,0,1,1,1,1,2,3,5,3,3,5,2,3,7,3,4,11,7,6,5,5,7,0,8,2,3,1,1,1,4,5,1,2,2,1,4,0,3,3,1,5,4,2,3,6,5,7,5,8,4,3,3,2,0,1,0,0,1,0,0,0,0,1,0,0,0,0,0,0,0,0,0,0,0,0,0,0,0,0,0,0,0,0,0,0,0,0,0,0,0,0,0,0,1,3,2,1,2,2,1,1,0,1,1,1,1,0,1,2,4,2,7,3,4,4,7,3,4,8,4,4,8,6,9,5,7,3,8,2,5,3,3,7,4,3,1,1,0,3,2,5,5,2,8,3,10,8,7,8,7,6,8,4,2,0,1,0,0,1,2,0,1,0,0,0,0,0,0,0,0,0,0,0,0,0,0,0,0,0,0,0,0,0,0,0,0,0,0,0,0,0,0,0,0,0,0
B,"BUCUREŞTI SECTORUL 2","BUCUREŞTI SECTORUL 2",179150,212,"ŞCOALA GIMNAZIALĂ NR. 39",U,1558,33,410,6,0,11,427,17,23,30,81,52,18,15,32,88,71,2,3,5,2,1,2,2,0,4,3,3,1,3,2,3,0,4,2,4,3,5,3,2,3,2,2,4,5,7,3,5,7,1,3,4,6,2,5,10,2,6,2,4,2,3,4,0,1,2,4,2,5,9,1,7,7,5,2,3,1,0,0,1,1,0,1,0,0,0,0,0,0,0,0,0,0,0,0,0,0,0,0,0,0,0,0,0,0,0,0,0,0,0,0,0,0,0,0,0,0,0,0,0,2,9,0,1,0,4,2,2,1,3,1,2,1,1,0,3,1,1,5,6,2,4,5,1,1,3,4,2,7,5,7,6,3,2,3,1,5,1,10,7,7,4,1,6,2,5,4,2,5,9,6,6,8,4,7,3,7,2,4,3,3,0,0,2,0,0,0,0,0,0,0,0,0,0,0,0,0,0,0,0,0,0,0,0,0,0,0,0,0,0,0,0,0,0,0,0,0,0,0,0,0,0,0
B,"BUCUREŞTI SECTORUL 2","BUCUREŞTI SECTORUL 2",179150,213,"ŞCOALA GIMNAZIALĂ NR. 39",U,1421,98,465,4,0,0,469,8,29,58,79,53,22,28,44,86,62,1,3,2,1,0,1,0,3,3,1,1,4,4,3,3,5,2,1,5,5,10,2,14,5,6,7,3,2,7,7,5,6,6,4,3,2,3,3,3,6,6,2,3,1,5,1,4,6,4,4,5,6,5,5,6,3,2,2,3,0,0,0,1,0,1,0,0,0,0,0,0,0,0,0,0,0,0,0,0,0,0,0,0,0,0,0,0,0,0,0,0,0,0,0,0,0,0,0,0,0,0,0,0,7,3,2,1,1,4,4,2,2,4,2,4,2,0,6,4,2,1,5,4,4,8,3,6,5,3,5,4,2,3,6,7,5,7,6,3,5,6,5,1,8,1,1,5,4,3,4,6,8,3,4,7,6,4,2,2,5,4,3,3,2,0,2,0,1,0,0,0,0,0,0,0,0,0,0,0,0,0,0,0,0,0,0,0,0,0,0,0,0,0,0,0,0,0,0,0,0,0,0,0,0,0,0
B,"BUCUREŞTI SECTORUL 2","BUCUREŞTI SECTORUL 2",179150,214,"ŞCOALA GIMNAZIALĂ NR. 39",U,1531,123,523,4,0,0,527,8,9,45,101,77,14,14,41,105,113,6,1,0,0,1,0,0,1,1,1,0,1,1,0,2,1,1,3,3,4,2,7,4,1,6,8,7,8,9,10,11,12,4,7,3,4,5,3,5,9,2,1,1,2,3,1,1,4,2,1,2,4,6,4,5,2,10,7,10,1,5,5,2,3,0,0,0,1,2,1,0,0,0,0,0,0,0,0,0,0,0,0,0,0,0,0,0,0,0,0,0,0,0,0,0,0,0,0,0,0,0,0,0,2,4,2,3,3,0,0,1,1,1,1,1,0,3,1,0,5,3,4,2,2,6,2,5,13,2,2,6,10,16,8,13,4,2,4,2,4,4,4,5,8,1,1,2,4,2,5,8,6,6,4,6,12,9,13,9,9,4,5,8,3,2,0,2,4,2,0,1,0,0,0,0,0,0,0,0,0,0,0,0,0,0,0,0,0,0,0,0,0,0,0,0,0,0,0,0,0,0,0,0,0,0,0
B,"BUCUREŞTI SECTORUL 2","BUCUREŞTI SECTORUL 2",179150,215,"ŞCOALA GIMNAZIALĂ NR. 39",U,1692,182,478,13,0,0,491,17,18,48,79,66,7,26,45,94,91,3,5,1,1,2,5,0,0,1,4,0,2,4,1,1,1,4,5,3,4,7,3,4,11,1,4,6,8,5,5,8,7,2,4,3,3,3,6,4,1,1,3,3,5,4,3,1,0,3,2,4,4,11,4,10,5,3,4,3,4,3,1,2,2,0,0,1,0,0,0,0,0,0,0,0,0,0,0,0,0,0,0,0,0,0,0,0,0,0,0,0,0,0,0,0,0,0,0,0,0,0,0,0,1,2,1,1,1,1,0,3,2,2,4,1,3,3,4,0,4,6,5,3,3,5,9,4,5,4,1,5,4,4,11,13,9,0,6,5,2,3,7,8,5,3,0,5,1,1,2,5,8,5,9,11,11,6,7,5,4,2,2,4,3,1,1,1,3,1,1,0,0,1,0,0,0,0,0,0,0,0,0,0,0,0,0,0,0,0,0,0,0,0,0,0,0,0,0,0,0,0,0,0,0,0,0
B,"BUCUREŞTI SECTORUL 2","BUCUREŞTI SECTORUL 2",179150,216,"ŞCOALA GIMNAZIALĂ NR. 39",U,1481,61,445,9,0,0,454,14,21,37,97,47,11,21,31,93,82,3,2,4,2,0,2,1,1,1,5,2,1,1,3,1,4,2,4,3,2,5,3,4,5,0,5,6,6,9,10,10,12,7,6,3,4,4,2,6,3,7,3,1,0,2,1,1,1,3,3,1,0,2,2,2,5,4,2,3,3,4,3,3,1,0,0,2,1,1,0,0,0,0,0,0,1,0,0,0,0,0,0,0,0,0,0,0,0,0,0,0,0,0,0,0,0,0,0,0,0,0,0,0,5,0,2,0,2,1,1,2,1,2,2,4,0,4,2,2,2,5,4,3,2,5,5,3,0,1,3,10,6,10,7,8,11,6,1,3,1,3,3,6,5,1,2,1,1,2,6,4,1,2,4,2,4,5,11,9,6,6,4,5,2,8,2,3,1,2,1,0,0,0,0,0,0,0,0,0,0,0,0,0,0,0,0,0,0,0,0,0,0,0,0,0,0,0,0,0,0,0,0,0,0,0,0
B,"BUCUREŞTI SECTORUL 2","BUCUREŞTI SECTORUL 2",179150,217,"ŞCOALA GIMNAZIALĂ NR. 40",U,1704,13,432,7,0,0,439,16,16,45,92,50,14,20,35,96,55,2,3,2,2,2,3,2,2,1,3,2,0,2,2,0,2,2,0,1,4,3,7,2,4,3,7,14,3,4,4,9,9,5,6,1,6,4,4,6,3,5,3,4,4,2,4,6,5,5,4,2,2,1,4,4,2,9,1,6,1,0,3,0,1,0,0,0,0,0,0,0,0,0,0,0,0,0,0,0,0,0,0,0,0,0,0,0,0,0,0,0,0,0,0,0,0,0,0,0,0,0,0,0,3,2,1,2,1,4,1,1,1,3,3,3,2,2,2,1,2,4,5,1,6,1,4,1,2,4,7,5,5,4,8,5,7,4,1,2,4,6,4,14,8,3,2,3,5,3,3,2,2,5,6,6,4,1,4,8,6,5,1,2,0,0,1,1,0,0,0,1,0,0,0,0,0,0,0,0,0,0,0,0,0,0,0,0,0,0,0,0,0,0,0,0,0,0,0,0,0,0,0,0,0,0,0
B,"BUCUREŞTI SECTORUL 2","BUCUREŞTI SECTORUL 2",179150,218,"ŞCOALA GIMNAZIALĂ NR. 40",U,1643,2,452,4,0,0,456,14,16,36,91,52,15,28,50,90,64,2,0,3,1,3,4,1,0,1,1,2,2,1,3,0,2,4,4,5,3,4,3,3,4,3,0,7,3,9,8,6,8,8,2,9,4,2,8,4,3,6,2,5,0,1,1,2,3,4,1,6,7,5,3,4,2,4,1,3,2,0,0,3,1,0,0,0,1,0,0,1,0,1,0,0,0,0,0,0,0,0,0,0,0,0,0,0,0,0,0,0,0,0,0,0,0,0,0,0,0,0,0,0,4,2,2,3,3,0,1,2,2,5,2,5,3,1,0,5,3,2,3,6,7,4,6,3,3,9,7,7,3,4,7,8,2,5,5,5,4,3,8,4,9,3,2,2,0,4,5,4,3,4,6,7,6,6,3,3,4,3,3,0,3,1,2,1,0,1,2,1,1,0,0,0,0,0,0,0,0,0,0,0,0,0,0,0,0,0,0,0,0,0,0,0,0,0,0,0,0,0,0,0,0,0,0
B,"BUCUREŞTI SECTORUL 2","BUCUREŞTI SECTORUL 2",179150,219,"ŞCOALA GIMNAZIALĂ NR. 40",U,1626,11,504,9,0,0,513,25,24,40,112,60,18,10,47,98,79,6,3,2,3,2,4,5,1,2,2,3,1,2,2,4,3,4,3,3,4,5,3,5,4,6,1,6,8,11,3,6,5,7,16,5,7,4,3,9,3,6,7,4,4,1,2,1,2,5,5,5,4,5,4,4,3,1,3,6,3,0,3,3,1,2,0,1,0,0,0,0,0,0,0,0,0,0,0,0,0,0,0,0,0,0,0,0,0,0,0,0,0,0,0,0,0,0,0,0,0,0,0,0,4,2,4,2,1,3,2,1,4,1,2,0,0,1,0,0,1,5,3,5,7,7,5,2,4,2,7,10,4,5,4,5,6,7,3,6,2,9,7,6,6,2,2,3,1,6,4,3,9,10,8,2,7,6,6,5,5,6,4,2,1,2,1,0,1,0,0,1,0,0,0,0,0,0,0,0,0,0,0,0,0,0,0,0,0,0,0,0,0,0,0,0,0,0,0,0,0,0,0,0,0,0,0
B,"BUCUREŞTI SECTORUL 2","BUCUREŞTI SECTORUL 2",179150,220,"ŞCOALA GIMNAZIALĂ NR. 40",U,1572,84,449,5,0,0,454,17,27,36,92,57,11,21,35,104,54,4,1,5,2,1,2,2,2,3,4,3,4,4,2,1,2,2,1,2,4,4,5,4,5,2,5,4,4,3,6,4,4,7,9,7,4,4,3,5,7,6,2,3,1,2,7,4,6,6,4,3,7,3,4,4,2,4,6,3,0,1,2,0,1,0,0,0,0,0,0,0,0,1,0,0,0,0,0,0,0,0,0,0,0,0,0,0,0,0,0,0,0,0,0,0,0,0,0,0,0,0,0,0,2,2,5,0,1,0,1,0,1,0,1,3,2,2,3,6,3,1,3,1,4,5,5,7,3,0,6,4,7,1,6,8,4,7,6,7,2,2,11,9,6,5,3,2,1,7,6,4,6,3,6,6,5,4,4,3,1,5,1,4,0,1,0,1,0,0,0,0,0,0,0,0,0,0,0,0,0,0,0,0,0,0,0,0,0,0,0,0,0,0,0,0,0,0,0,0,0,0,0,0,0,0,0
B,"BUCUREŞTI SECTORUL 2","BUCUREŞTI SECTORUL 2",179150,221,"ŞCOALA GIMNAZIALĂ NR. 40",U,1922,19,516,1,0,0,517,19,22,35,123,63,15,22,37,117,64,5,2,1,1,6,2,2,3,3,4,0,2,1,2,2,1,4,3,4,5,3,1,4,5,6,1,3,4,11,7,3,8,8,7,5,8,5,6,5,8,8,3,4,3,6,7,7,6,4,5,4,6,8,2,3,2,4,2,4,0,1,1,2,2,1,2,0,0,2,1,0,1,0,0,0,0,0,0,0,0,0,0,0,0,0,0,0,0,0,0,0,0,0,0,0,0,0,0,0,0,0,0,0,1,4,1,3,1,3,2,1,2,2,2,1,1,2,4,1,6,3,1,2,4,2,2,3,6,6,8,6,6,7,3,5,8,3,7,5,5,7,6,8,14,5,2,6,5,3,6,7,3,6,8,4,3,5,2,3,2,5,3,3,2,3,1,0,0,0,1,0,1,0,1,0,0,0,0,0,0,0,1,0,0,0,0,0,0,0,0,0,0,0,0,0,0,0,0,0,0,0,0,0,0,0,0
B,"BUCUREŞTI SECTORUL 2","BUCUREŞTI SECTORUL 2",179150,222,"ŞCOALA GIMNAZIALĂ NR. 40",U,1845,15,486,1,0,0,487,19,35,41,105,56,20,23,33,96,59,4,5,1,2,2,2,3,2,5,3,1,4,2,4,3,5,6,4,4,1,6,0,6,6,1,7,6,3,5,3,8,11,6,7,4,5,4,6,8,7,13,2,3,3,1,3,3,2,3,4,6,4,7,1,7,4,2,3,3,0,2,2,1,1,1,1,0,1,0,1,0,0,0,0,0,0,0,0,0,0,0,0,0,0,0,0,0,0,0,0,0,0,0,0,0,0,0,0,0,0,0,0,0,3,2,4,3,1,4,3,1,6,1,1,2,1,3,2,4,2,3,5,8,2,2,4,1,0,4,4,3,4,5,2,5,6,10,4,8,1,2,11,11,12,4,2,0,1,2,3,3,3,5,6,2,5,5,7,2,2,4,7,1,0,1,1,1,2,0,0,1,1,0,0,0,0,0,0,0,0,0,0,0,0,0,0,0,0,0,0,0,0,0,0,0,0,0,0,0,0,0,0,0,0,0,0
B,"BUCUREŞTI SECTORUL 2","BUCUREŞTI SECTORUL 2",179150,223,"ŞCOALA GIMNAZIALĂ NR. 41",U,1695,35,399,8,0,0,407,20,33,24,97,43,11,19,27,91,42,4,5,4,0,1,1,5,4,1,2,6,3,3,4,0,8,2,3,3,1,3,3,2,2,3,2,2,2,2,7,7,6,2,10,6,3,5,4,7,6,4,3,2,5,3,8,5,4,4,5,2,2,0,3,1,3,4,1,2,6,2,3,0,0,0,0,1,0,0,0,0,0,0,0,0,0,0,0,0,0,0,0,0,0,0,0,0,0,0,0,0,0,0,0,0,0,0,0,0,0,0,0,0,2,1,2,1,1,3,1,2,6,1,3,0,1,1,2,2,1,3,3,1,5,1,0,4,5,3,2,8,3,7,7,8,3,5,7,3,6,2,5,5,5,3,2,3,2,5,2,2,3,3,3,5,3,4,6,3,1,1,2,2,1,2,1,0,0,0,0,0,0,0,0,0,0,0,0,0,0,0,0,0,0,0,0,0,0,0,0,0,0,0,0,0,0,0,0,0,0,0,0,0,0,0,0
B,"BUCUREŞTI SECTORUL 2","BUCUREŞTI SECTORUL 2",179150,224,"ŞCOALA GIMNAZIALĂ NR. 41",U,1834,2,426,6,0,0,432,16,21,32,103,46,20,19,25,95,55,1,4,1,4,2,1,3,1,4,3,3,1,0,3,0,2,4,1,3,4,2,1,3,8,3,4,3,3,1,3,6,3,7,8,5,3,6,7,6,12,8,1,5,5,5,5,4,4,2,3,7,4,6,3,4,1,7,0,0,2,1,0,2,0,0,0,0,0,0,0,0,0,0,0,0,0,0,0,0,0,0,0,0,0,0,0,0,0,0,0,0,0,0,0,0,0,0,0,0,0,0,0,0,3,3,3,2,1,1,7,3,3,1,0,3,3,0,2,2,2,1,1,1,3,3,3,4,3,2,4,3,3,6,5,4,6,6,7,2,1,8,9,13,8,4,3,3,1,2,1,8,5,2,5,4,6,5,4,3,2,5,0,1,0,2,0,2,0,0,0,0,0,1,0,0,0,0,0,0,0,0,0,0,0,0,0,0,0,0,0,0,0,0,0,0,0,0,0,0,0,0,0,0,0,0,0
B,"BUCUREŞTI SECTORUL 2","BUCUREŞTI SECTORUL 2",179150,225,"ŞCOALA GIMNAZIALĂ NR. 41",U,1846,8,548,4,0,0,552,14,26,38,149,59,21,18,48,114,65,2,1,2,2,3,2,2,2,0,4,3,3,3,4,3,3,1,1,4,3,3,0,3,4,3,11,6,9,9,11,8,6,12,4,7,3,6,6,11,8,19,7,5,8,4,3,3,1,6,7,9,2,2,4,5,4,2,3,2,3,1,2,3,0,2,0,0,1,0,0,0,0,0,0,0,0,0,0,0,0,0,0,0,0,0,0,0,0,0,0,0,0,0,0,0,0,0,0,0,0,0,0,0,5,5,3,2,0,3,3,2,1,2,0,2,1,7,2,0,1,2,4,5,6,5,5,3,7,2,9,3,8,11,5,6,4,4,7,4,1,6,6,16,8,3,5,5,7,2,3,5,6,6,6,5,5,2,3,8,4,4,2,3,0,1,1,0,1,1,0,1,1,0,0,0,0,0,0,0,0,0,0,0,0,0,0,0,0,0,0,0,0,0,0,0,0,0,0,0,0,0,0,0,0,0,0
B,"BUCUREŞTI SECTORUL 2","BUCUREŞTI SECTORUL 2",179150,226,"ŞCOALA GIMNAZIALĂ NR. 32",U,1682,18,440,11,0,21,472,25,16,27,121,50,21,19,30,107,56,2,7,5,5,3,2,1,0,0,4,1,3,1,2,2,2,1,1,1,3,5,1,2,6,3,3,2,8,8,8,6,9,5,11,5,1,5,4,4,12,8,3,5,6,5,4,4,4,5,1,3,5,4,2,4,1,2,3,0,4,6,1,1,0,2,1,0,1,0,0,0,0,0,0,0,0,0,0,0,0,0,0,0,0,0,0,0,0,0,0,0,0,0,0,0,0,0,0,0,0,0,0,0,4,3,5,2,2,1,4,3,0,1,2,1,4,3,0,3,2,1,1,1,3,3,6,2,3,6,4,5,9,5,3,7,8,5,4,4,2,6,5,9,12,5,4,2,4,3,5,5,3,2,2,5,5,5,5,5,6,1,2,4,0,1,2,0,0,0,1,0,1,0,0,0,0,1,0,0,0,0,0,0,0,0,0,0,0,0,0,0,0,0,0,0,0,0,0,0,0,0,0,0,0,0,0
B,"BUCUREŞTI SECTORUL 2","BUCUREŞTI SECTORUL 2",179150,227,"ŞCOALA GIMNAZIALĂ NR. 32",U,1678,6,517,6,0,0,523,12,25,41,110,81,15,26,35,113,65,1,3,0,2,3,3,0,3,7,1,1,3,3,2,2,3,0,5,3,4,2,10,3,4,4,3,3,7,2,6,7,10,7,6,5,4,10,8,8,10,5,5,0,1,5,3,1,4,7,9,4,6,4,5,3,7,5,6,3,4,2,2,5,1,1,1,0,0,0,1,0,1,0,0,0,0,0,0,0,0,0,0,0,0,0,0,0,0,0,0,0,0,0,0,0,0,0,0,0,0,0,0,0,1,2,3,0,4,1,4,3,3,1,3,2,3,2,4,4,1,2,5,9,4,2,8,0,1,3,1,7,6,3,8,11,3,10,4,5,6,6,4,8,10,3,4,3,5,3,4,4,3,5,4,5,7,10,5,5,7,0,1,2,3,1,1,1,1,0,0,0,0,0,0,0,0,0,0,0,0,0,0,0,0,0,0,0,0,0,0,0,0,0,0,0,0,0,0,0,0,0,0,0,0,0,0
B,"BUCUREŞTI SECTORUL 2","BUCUREŞTI SECTORUL 2",179150,228,"ŞCOALA GIMNAZIALĂ NR. 32",U,1690,150,501,10,0,1,512,11,23,35,115,59,24,31,37,106,71,3,0,2,1,2,1,2,2,1,2,5,2,2,0,2,7,0,6,1,4,3,2,4,3,3,3,6,5,5,4,12,6,5,5,3,8,2,11,7,10,12,2,4,4,3,2,5,4,2,2,6,7,3,5,3,8,3,1,8,1,0,1,0,1,0,0,2,1,0,0,0,0,0,0,0,0,1,0,0,0,0,0,0,0,0,0,0,0,0,0,0,0,0,0,0,0,0,0,0,0,0,0,0,3,1,3,6,5,5,1,1,4,3,4,4,4,4,2,3,2,1,4,1,5,3,4,6,5,3,5,5,3,6,6,5,8,4,6,8,7,4,6,7,11,2,4,0,7,4,3,4,5,9,5,0,13,9,8,7,1,2,1,3,0,1,1,1,0,0,0,0,0,1,0,0,0,0,0,0,0,0,0,0,0,0,0,0,0,0,0,0,0,0,0,0,0,0,0,0,0,0,0,0,0,0,0
B,"BUCUREŞTI SECTORUL 2","BUCUREŞTI SECTORUL 2",179150,229,"ŞCOALA GIMNAZIALĂ NR. 32",U,2016,284,482,8,0,1,491,15,17,49,103,52,16,14,57,90,78,1,4,3,1,4,2,0,1,3,2,2,0,0,1,4,1,3,4,2,4,5,4,3,3,6,12,6,9,6,4,12,8,3,4,11,2,8,6,5,4,5,1,4,4,2,1,4,2,5,1,4,1,7,3,3,10,1,1,4,2,2,2,2,1,0,0,0,0,1,0,0,0,0,0,0,0,0,0,0,0,0,0,0,0,0,0,0,0,0,0,0,0,0,0,0,0,0,0,0,0,0,0,0,5,0,1,2,3,3,2,1,1,0,0,3,0,1,3,3,2,4,3,4,4,7,4,11,5,5,10,5,12,7,5,10,4,5,1,3,1,6,6,3,8,0,2,1,4,4,3,3,7,10,10,5,10,4,5,7,4,5,1,1,2,1,1,0,1,0,1,0,0,0,0,0,0,0,0,0,0,0,0,0,0,0,0,0,0,0,0,0,0,0,0,0,0,0,0,0,0,0,0,0,0,0,0
B,"BUCUREŞTI SECTORUL 2","BUCUREŞTI SECTORUL 2",179150,230,"ŞCOALA GIMNAZIALĂ NR. 32",U,1183,9,328,8,1,0,337,15,20,27,77,36,10,11,28,74,39,2,2,1,3,4,2,1,2,2,4,0,0,0,3,2,4,3,1,2,4,1,3,4,3,3,2,4,3,3,4,2,3,4,6,4,6,3,3,6,7,5,3,3,4,2,5,1,2,3,2,2,2,4,2,3,2,1,1,6,3,0,1,0,0,1,1,0,0,0,0,0,0,0,0,0,0,0,0,0,0,0,0,0,0,0,0,0,0,0,0,0,0,0,0,0,0,0,0,0,0,0,0,0,0,1,2,0,3,0,4,3,0,0,1,2,2,0,0,0,3,4,4,3,2,2,4,2,2,2,3,3,1,5,3,6,4,5,1,1,5,5,9,6,4,1,3,3,2,1,6,3,4,1,2,4,4,4,3,2,4,1,1,1,1,0,2,0,1,0,0,0,0,0,0,0,1,0,0,0,0,0,0,0,0,0,0,0,0,0,0,0,0,0,0,0,0,0,0,0,0,0,0,0,0,0,0
B,"BUCUREŞTI SECTORUL 2","BUCUREŞTI SECTORUL 2",179150,231,"COLEGIUL NAŢIONAL ”VICTOR BABEŞ”",U,1740,42,456,11,0,22,489,15,23,62,92,45,14,26,50,94,68,5,2,1,1,3,2,1,8,1,4,1,1,2,2,2,1,1,2,2,6,6,6,11,4,6,9,10,5,4,9,7,5,8,4,3,6,2,2,5,6,8,3,4,0,4,3,4,1,6,6,6,6,3,4,5,3,3,1,0,0,0,0,0,1,0,0,0,0,0,0,0,0,0,0,0,0,0,0,0,0,0,0,0,0,0,0,0,0,0,0,0,0,0,0,0,0,0,0,0,0,0,0,0,4,1,3,2,3,1,0,6,4,1,2,1,2,2,2,4,2,0,5,4,4,2,9,8,3,8,7,3,1,13,5,8,4,3,4,6,5,4,7,5,3,2,3,3,9,2,4,1,6,9,9,4,4,5,4,5,3,5,2,3,4,1,1,1,0,1,0,0,0,0,0,0,0,0,0,0,0,0,0,0,0,0,0,0,0,0,0,0,0,0,0,0,0,0,0,0,0,0,0,0,0,0,0
B,"BUCUREŞTI SECTORUL 2","BUCUREŞTI SECTORUL 2",179150,232,"COLEGIUL NAŢIONAL ”VICTOR BABEŞ”",U,1635,8,437,5,0,0,442,11,14,54,84,54,16,11,42,91,65,1,0,0,2,3,2,3,2,2,2,2,1,2,1,1,1,0,0,4,5,7,7,5,7,6,5,8,2,4,6,8,3,5,6,0,1,8,2,4,10,7,3,2,2,3,4,4,6,4,6,7,4,6,5,3,3,2,1,3,0,0,1,0,1,2,0,0,0,0,0,0,0,0,0,0,0,0,0,0,0,0,0,0,0,0,0,0,0,0,0,0,0,0,0,0,0,0,0,0,0,0,0,0,6,1,2,1,3,1,2,2,1,1,2,4,0,0,0,1,0,2,5,4,4,5,6,6,0,3,7,4,4,7,3,7,6,5,5,1,4,3,7,6,6,1,3,5,6,3,5,7,8,8,7,3,5,5,4,3,3,4,0,4,2,1,0,1,0,0,0,0,0,0,0,0,0,0,0,0,0,0,0,0,0,0,0,0,0,0,0,0,0,0,0,0,0,0,0,0,0,0,0,0,0,0,0
B,"BUCUREŞTI SECTORUL 2","BUCUREŞTI SECTORUL 2",179150,233,"COLEGIUL NAŢIONAL ”VICTOR BABEŞ”",U,1942,12,559,7,0,0,566,20,23,56,124,42,23,21,65,141,51,3,2,1,6,3,2,3,2,1,3,2,1,1,4,4,2,3,2,5,7,5,6,4,7,6,5,9,8,7,11,11,13,10,7,3,3,5,6,10,7,7,2,1,1,3,5,4,2,10,3,4,4,5,3,1,3,0,0,1,1,0,1,2,0,0,0,1,0,1,0,0,0,0,0,0,0,0,0,0,0,0,0,0,0,0,0,0,0,0,0,0,0,0,0,0,0,0,0,0,0,0,0,0,2,2,5,4,1,3,6,2,3,0,1,2,4,3,1,4,1,8,4,3,3,10,5,2,8,8,14,8,17,5,8,9,9,9,6,3,3,6,6,10,12,6,2,6,2,11,3,4,7,3,7,7,5,3,3,4,2,1,0,1,0,0,3,1,0,0,0,0,0,0,0,0,0,0,0,0,0,0,0,0,0,0,0,0,0,0,0,0,0,0,0,0,0,0,0,0,0,0,0,0,0,0,0
B,"BUCUREŞTI SECTORUL 2","BUCUREŞTI SECTORUL 2",179150,234,"COLEGIUL NAŢIONAL ”VICTOR BABEŞ”",U,2112,58,518,14,0,0,532,11,36,72,94,58,19,38,66,90,48,4,2,1,0,0,1,3,3,4,5,1,4,4,2,5,4,4,7,9,7,5,6,7,6,13,6,6,8,7,9,3,7,5,6,6,5,0,2,4,12,3,4,2,3,2,3,3,9,5,4,3,8,4,2,3,7,4,3,1,1,2,1,0,1,0,0,0,0,0,0,0,0,0,0,0,0,0,0,0,0,0,0,0,0,0,0,0,0,0,0,0,0,0,0,0,0,0,0,0,0,0,0,0,5,2,1,3,2,3,3,0,4,4,5,5,4,5,3,5,3,6,2,7,4,7,6,11,5,9,9,2,3,7,9,3,3,5,4,5,2,3,9,8,4,2,1,6,4,3,7,4,7,2,4,5,5,4,1,4,4,2,2,0,0,2,0,1,0,0,0,0,1,0,0,0,0,0,0,0,0,0,0,0,0,0,0,0,0,0,0,0,0,0,0,0,0,0,0,0,0,0,0,0,0,0,0
B,"BUCUREŞTI SECTORUL 2","BUCUREŞTI SECTORUL 2",179150,235,"ŞCOALA GIMNAZIALĂ NR. 25 ( FOSTA GRĂDINITĂ NR. 11)",U,1617,25,478,17,0,0,495,15,16,53,105,45,20,20,36,115,70,2,3,1,3,1,2,3,1,0,0,5,2,3,1,2,1,1,5,7,10,3,3,7,7,3,3,5,7,5,6,4,9,5,4,7,4,5,4,7,8,10,4,2,1,4,4,5,2,4,1,3,2,4,4,0,5,1,2,2,3,3,1,1,2,0,0,1,1,0,2,1,0,0,0,0,0,0,0,0,0,0,0,0,0,0,0,0,0,0,0,0,0,0,0,0,0,0,0,0,0,0,0,0,2,4,2,3,2,3,4,2,2,1,0,1,4,0,2,3,5,5,3,1,5,4,4,4,0,5,5,7,8,4,9,11,7,4,4,6,7,7,9,9,12,1,3,1,1,3,2,8,7,3,6,5,3,4,2,6,4,6,4,3,5,1,0,0,2,1,0,0,0,0,0,0,0,0,0,0,0,0,0,0,0,0,0,0,0,0,0,0,0,0,0,0,0,0,0,0,0,0,0,0,0,0,0
B,"BUCUREŞTI SECTORUL 2","BUCUREŞTI SECTORUL 2",179150,236,"ŞCOALA GIMNAZIALĂ NR. 25 ( FOSTA GRĂDINITĂ NR. 11)",U,1550,48,476,14,0,0,490,19,23,47,92,48,15,27,55,109,55,6,2,1,2,2,3,3,2,1,3,0,2,4,3,4,3,1,7,4,4,7,4,2,6,2,6,5,7,4,5,6,3,8,5,7,3,4,5,3,6,5,2,1,4,4,4,6,3,5,4,1,4,3,4,6,2,1,5,3,1,0,0,0,0,0,1,2,0,0,0,0,0,0,1,0,2,0,0,0,0,0,0,0,0,0,0,0,0,0,0,0,0,0,0,0,0,0,0,0,0,0,0,0,3,4,2,4,0,0,2,2,3,3,3,2,6,1,3,3,1,6,5,4,4,2,7,12,7,5,3,2,11,2,3,9,6,9,7,2,5,3,7,9,8,3,5,4,3,4,7,4,3,2,3,4,6,4,4,5,2,2,2,3,0,4,2,2,0,1,0,2,0,0,0,0,0,0,0,0,0,0,0,0,0,0,0,0,0,0,0,0,0,0,0,0,0,0,0,0,0,0,0,0,0,0,0
B,"BUCUREŞTI SECTORUL 2","BUCUREŞTI SECTORUL 2",179150,237,"ŞCOALA GIMNAZIALĂ NR. 145",U,2143,20,573,10,0,0,583,12,37,102,103,33,12,32,80,114,58,2,1,1,1,1,3,3,1,3,3,6,3,8,1,9,2,1,10,8,16,11,7,7,14,9,9,11,11,11,4,7,4,6,5,2,4,7,5,2,8,9,1,2,2,5,4,4,5,3,2,7,5,1,2,2,0,1,0,0,0,0,0,1,1,0,2,0,0,1,0,0,0,0,0,0,0,0,0,0,0,0,0,0,0,0,0,0,0,0,0,0,0,0,0,0,0,0,0,0,0,0,0,0,3,1,3,0,0,1,4,1,1,2,3,4,3,4,3,4,7,8,11,10,9,10,7,11,4,6,4,5,10,12,5,7,3,7,4,7,4,5,3,10,5,4,6,8,3,5,1,5,6,4,9,4,6,4,2,2,2,1,1,1,4,0,4,1,0,1,0,0,1,0,0,0,0,0,0,0,0,0,0,0,0,0,0,0,0,0,0,0,0,0,0,0,0,0,0,0,0,0,0,0,0,0,0
B,"BUCUREŞTI SECTORUL 2","BUCUREŞTI SECTORUL 2",179150,238,"ŞCOALA GIMNAZIALĂ NR. 145",U,1497,0,490,10,0,0,500,19,19,61,88,65,16,27,56,112,37,3,3,6,2,2,1,2,1,0,1,3,1,2,3,5,0,3,5,10,7,8,9,6,4,0,5,7,7,5,5,5,6,3,4,4,1,4,2,2,4,12,4,7,5,2,5,1,6,12,9,8,1,4,5,4,4,3,4,2,2,0,0,1,0,0,0,0,0,0,0,0,0,0,0,0,0,0,0,0,0,0,0,0,0,0,0,0,0,0,0,0,0,0,0,0,0,0,0,0,0,0,0,0,1,1,3,5,0,3,3,2,3,3,1,4,0,0,4,3,7,8,7,9,4,6,4,5,4,2,7,10,8,2,4,5,1,7,5,4,4,2,4,9,12,3,10,3,6,7,6,7,3,5,4,4,3,4,1,3,3,0,0,0,0,0,0,0,0,0,0,0,0,0,0,0,0,0,0,0,0,0,0,0,0,0,0,0,0,0,0,0,0,0,0,0,0,0,0,0,0,0,0,0,0,0,0
B,"BUCUREŞTI SECTORUL 2","BUCUREŞTI SECTORUL 2",179150,239,"ŞCOALA GIMNAZIALĂ NR. 145",U,1590,1,440,9,0,0,449,18,19,54,92,37,10,12,48,105,54,2,6,1,3,4,1,1,2,1,2,0,3,3,3,2,1,2,6,2,8,7,8,6,4,5,2,6,5,6,6,1,7,5,3,4,2,6,2,5,8,13,3,3,2,4,4,3,4,5,5,1,4,4,1,2,1,2,1,3,1,0,0,0,0,1,0,1,0,0,0,0,0,1,0,0,0,0,0,0,0,0,0,0,0,0,0,0,0,0,0,0,0,0,0,0,0,0,0,0,0,0,0,0,1,0,1,3,2,2,1,0,0,0,2,0,1,1,2,3,3,6,4,4,6,8,4,8,3,2,3,1,6,4,4,2,6,3,5,4,8,5,9,9,8,3,4,9,2,8,5,6,7,4,5,4,3,8,4,3,1,3,0,2,1,2,1,0,0,0,0,0,0,0,0,0,0,0,0,0,0,0,0,0,0,0,0,0,0,0,0,0,0,0,0,0,0,0,0,0,0,0,0,0,0,0,0
B,"BUCUREŞTI SECTORUL 2","BUCUREŞTI SECTORUL 2",179150,240,"ŞCOALA GIMNAZIALĂ NR. 145",U,1684,3,319,6,0,0,325,9,22,25,81,32,3,18,19,70,46,1,2,2,0,1,1,2,2,4,2,2,2,2,2,3,1,2,3,1,5,5,3,0,1,2,3,2,1,3,4,2,3,1,4,0,5,1,4,9,9,13,3,5,3,3,3,5,4,3,4,5,3,5,2,2,1,0,0,2,0,0,0,0,0,0,0,0,0,0,0,0,0,0,0,1,0,0,0,0,0,0,0,0,0,0,0,0,0,0,0,0,0,0,0,0,0,0,0,0,0,0,0,0,0,0,1,0,1,1,0,4,0,1,2,1,0,3,3,2,2,0,3,3,3,0,0,2,2,1,5,0,0,3,0,2,3,6,1,4,6,3,9,9,10,0,2,7,1,1,3,10,6,2,4,1,4,2,2,1,5,1,1,1,1,0,1,0,1,1,1,0,0,0,1,0,0,0,0,0,0,0,0,0,0,0,0,0,0,0,0,0,0,0,0,0,0,0,0,0,0,0,0,0,0,0,0
B,"BUCUREŞTI SECTORUL 2","BUCUREŞTI SECTORUL 2",179150,241,"ŞCOALA GIMNAZIALĂ NR. 145",U,1501,4,402,8,0,0,410,9,25,51,81,45,13,22,29,106,29,1,1,1,1,2,2,1,3,2,1,2,4,2,1,3,4,3,3,6,4,4,5,6,8,3,6,6,3,4,4,4,3,4,1,4,7,1,2,2,5,7,8,7,4,6,1,4,9,4,8,3,5,3,2,2,0,1,3,2,0,0,0,0,0,1,1,0,0,0,0,1,0,0,0,0,0,0,0,0,0,0,0,0,0,0,0,0,0,0,0,0,0,0,0,0,0,0,0,0,0,0,0,0,3,3,1,1,2,1,2,1,2,2,2,1,4,1,6,0,3,3,2,2,4,7,1,3,1,3,3,5,6,5,4,5,1,4,4,1,5,3,6,15,9,3,4,9,4,7,6,7,4,4,2,2,2,0,5,0,1,0,0,0,0,1,0,1,0,0,0,0,0,0,0,0,0,0,0,0,0,0,0,0,0,0,0,0,0,0,0,0,0,0,0,0,0,0,0,0,0,0,0,0,0,0,0
B,"BUCUREŞTI SECTORUL 2","BUCUREŞTI SECTORUL 2",179150,242,"ŞCOALA GIMNAZIALĂ NR. 145",U,1655,20,459,11,0,0,470,13,34,51,88,40,8,33,55,113,35,1,2,1,3,0,4,2,2,0,5,1,3,8,3,0,6,6,7,4,7,5,6,4,4,6,6,2,6,7,3,5,3,0,5,4,2,3,4,4,8,10,4,1,6,1,8,4,5,5,5,4,4,3,4,1,3,2,1,1,0,0,0,1,0,0,0,0,0,1,0,0,0,0,0,0,0,0,0,0,0,0,0,0,0,0,0,0,0,0,0,0,0,0,0,0,0,0,0,0,0,0,0,0,1,2,1,1,2,1,0,3,3,1,1,2,6,3,8,0,6,6,8,5,2,5,7,4,6,5,7,1,3,6,4,4,4,6,6,4,5,2,2,9,10,5,6,12,5,9,10,3,4,0,3,7,4,2,2,2,0,2,1,0,1,1,0,2,0,0,0,1,0,0,0,0,0,0,0,0,0,0,0,0,0,0,0,0,0,0,0,0,0,0,0,0,0,0,0,0,0,0,0,0,0,0,0
B,"BUCUREŞTI SECTORUL 2","BUCUREŞTI SECTORUL 2",179150,243,"ŞCOALA GIMNAZIALĂ NR. 145",U,1642,82,392,10,0,0,402,12,24,28,95,36,18,25,41,83,40,1,4,1,2,2,1,1,3,1,0,3,2,4,3,4,4,0,3,1,7,3,2,5,0,6,0,1,2,7,8,4,6,2,2,1,3,4,3,7,4,8,7,4,3,7,4,9,2,0,6,4,5,1,4,3,1,2,2,3,0,0,0,1,1,0,0,0,1,0,0,0,0,0,0,0,0,0,0,0,0,0,0,0,0,0,0,0,0,0,0,0,0,0,0,0,0,0,0,0,0,0,0,0,3,4,5,1,1,2,2,1,3,0,3,2,3,8,1,3,1,3,9,8,4,4,3,0,1,5,4,3,2,2,8,1,0,7,0,2,3,11,6,8,10,5,4,2,2,4,3,4,3,4,4,1,7,4,2,2,0,1,2,2,2,0,0,1,1,0,0,0,0,0,0,0,0,0,0,0,0,0,0,0,0,0,0,0,0,0,0,0,0,0,0,0,0,0,0,0,0,0,0,0,0,0,0
B,"BUCUREŞTI SECTORUL 2","BUCUREŞTI SECTORUL 2",179150,244,"ŞCOALA GIMNAZIALĂ NR. 145",U,1470,3,256,8,0,0,264,11,15,17,61,36,5,11,17,66,25,1,0,1,3,2,0,4,1,1,1,2,2,1,3,1,2,1,1,0,1,2,2,3,1,2,2,3,1,1,3,5,3,1,3,3,1,3,9,5,5,4,2,1,2,2,2,5,6,2,5,6,1,3,3,1,3,0,2,0,1,0,0,1,1,1,0,0,0,0,0,0,0,0,0,0,0,0,0,0,0,0,0,0,0,0,0,0,0,0,0,0,0,0,0,0,0,0,0,0,0,0,0,0,1,1,1,0,1,1,0,0,2,1,3,1,0,2,0,2,0,0,1,1,4,3,2,2,1,2,1,2,2,5,2,4,3,2,0,4,1,3,3,7,4,3,4,7,1,5,4,4,1,1,6,2,2,1,0,2,4,1,0,0,1,0,0,0,0,0,0,0,0,0,0,0,0,0,0,0,0,0,0,0,0,0,0,0,0,0,0,0,0,0,0,0,0,0,0,0,0,0,0,0,0,0,0
B,"BUCUREŞTI SECTORUL 2","BUCUREŞTI SECTORUL 2",179150,245,"ŞCOALA GIMNAZIALĂ NR. 62",U,1447,9,439,9,0,0,448,9,19,35,83,55,10,24,42,85,86,1,3,0,2,2,1,0,0,3,3,3,1,4,0,0,2,3,3,2,5,1,1,4,4,3,7,5,4,5,5,8,6,3,6,5,4,2,7,3,7,4,3,2,2,1,2,4,3,1,1,6,5,1,6,6,11,2,4,2,0,1,2,0,0,1,1,1,0,0,0,0,0,0,0,1,0,0,0,0,0,0,0,0,0,0,0,0,0,0,0,0,0,0,0,0,0,0,0,0,0,0,0,0,1,2,1,1,2,3,0,1,2,4,3,4,0,2,2,1,5,1,1,5,5,4,6,7,5,4,4,5,2,3,7,6,4,4,4,4,3,7,3,10,6,2,4,4,1,2,4,2,4,9,10,11,5,6,10,4,5,5,3,2,3,2,1,2,0,0,0,1,0,1,0,0,0,0,0,0,0,0,0,0,0,0,0,0,0,0,0,0,0,0,0,0,0,0,0,0,0,0,0,0,0,0,0
B,"BUCUREŞTI SECTORUL 2","BUCUREŞTI SECTORUL 2",179150,246,"ŞCOALA GIMNAZIALĂ NR. 62",U,1301,218,276,6,0,0,282,9,6,20,56,42,9,6,27,53,54,2,0,1,3,0,2,1,0,0,0,3,0,1,1,0,0,1,4,1,1,3,2,3,1,2,2,1,4,3,5,5,2,3,1,3,2,1,1,3,5,4,2,4,1,3,3,1,0,0,5,0,4,7,4,2,5,2,3,4,0,3,1,1,0,0,0,0,0,1,0,0,0,0,0,0,0,0,0,0,0,0,0,0,0,0,0,0,0,0,0,0,0,0,0,0,0,0,0,0,0,0,0,0,0,2,4,2,0,1,0,2,0,0,0,0,1,0,1,0,2,2,1,0,4,1,5,4,6,1,3,7,0,0,4,4,1,2,3,2,4,0,2,4,5,4,2,0,2,4,3,1,1,2,3,14,8,5,4,2,3,3,3,1,1,2,0,0,0,0,0,0,1,0,0,0,0,0,0,0,0,0,0,0,0,0,0,0,0,0,0,0,0,0,0,0,0,0,0,0,0,0,0,0,0,0,0
B,"BUCUREŞTI SECTORUL 2","BUCUREŞTI SECTORUL 2",179150,247,"ŞCOALA GIMNAZIALĂ NR. 62",U,1234,8,428,8,0,0,436,19,13,43,76,54,14,16,49,85,67,6,3,0,2,3,4,1,0,3,1,3,0,2,1,0,0,3,2,3,2,6,3,6,3,7,8,3,7,7,8,6,3,4,1,4,3,3,6,3,3,6,3,1,2,0,3,3,0,5,4,5,4,6,6,5,2,5,4,1,1,0,0,2,1,0,1,0,1,0,0,1,0,0,0,0,0,0,0,0,0,0,0,0,0,0,0,0,0,0,0,0,0,0,0,0,0,0,0,0,0,0,0,0,1,2,1,2,2,2,4,1,2,4,1,2,2,1,1,0,2,4,5,6,3,6,4,8,3,3,7,7,4,4,7,4,4,4,2,5,1,0,5,5,6,5,1,6,4,3,8,4,6,9,7,8,6,4,2,3,3,4,1,2,1,5,1,1,0,0,0,0,0,0,0,0,0,0,0,0,0,0,0,0,0,0,0,0,0,0,0,0,0,0,0,0,0,0,0,0,0,0,0,0,0,0,0
B,"BUCUREŞTI SECTORUL 2","BUCUREŞTI SECTORUL 2",179150,248,"ŞCOALA GIMNAZIALĂ NR. 62",U,1456,8,456,5,0,0,461,11,20,39,95,45,11,24,44,109,63,2,1,1,1,2,1,3,2,2,2,4,1,1,2,0,3,3,2,3,2,3,1,10,5,3,5,5,3,8,5,1,7,3,10,2,6,2,12,3,6,10,2,1,2,6,5,1,1,6,4,5,3,4,1,3,5,1,2,2,2,1,1,0,3,0,0,0,0,0,0,0,0,0,0,0,1,0,0,0,0,0,0,0,0,0,0,0,0,0,0,0,0,0,0,0,0,0,0,0,0,0,0,0,3,1,5,0,0,1,1,1,1,1,4,5,0,2,5,2,3,4,1,2,5,4,7,7,5,5,4,7,8,8,5,6,5,7,3,3,1,8,5,4,13,3,2,6,3,7,5,3,5,7,9,6,3,9,4,4,1,0,2,2,2,2,0,1,0,2,1,0,0,0,0,0,0,0,0,0,0,0,0,0,0,0,0,0,0,0,0,0,0,0,0,0,0,0,0,0,0,0,0,0,0,0,0
B,"BUCUREŞTI SECTORUL 2","BUCUREŞTI SECTORUL 2",179150,249,"ŞCOALA GIMNAZIALĂ NR. 62",U,1398,225,390,8,0,0,398,8,13,36,66,43,15,18,39,95,65,2,0,1,2,2,0,1,3,2,1,0,2,0,0,2,1,2,2,3,2,4,5,2,7,6,3,2,5,2,4,4,4,5,4,3,4,0,5,6,2,3,2,2,4,2,1,4,1,2,2,6,4,5,3,2,2,3,1,3,4,1,0,1,0,0,0,0,1,1,0,0,1,0,0,0,0,0,0,0,0,0,0,0,0,0,0,0,0,0,0,0,0,0,0,0,0,0,0,0,0,0,0,0,3,0,4,2,3,0,3,0,2,1,4,0,4,0,3,2,2,2,1,5,5,6,4,3,2,3,8,9,6,6,1,5,6,6,6,5,3,5,5,7,7,3,2,2,3,4,4,5,3,6,5,5,5,3,4,3,3,3,4,2,4,0,3,2,0,0,2,1,1,1,0,0,0,0,0,0,0,0,0,0,0,0,0,0,0,0,0,0,0,0,0,0,0,0,0,0,0,0,0,0,0,0,0
B,"BUCUREŞTI SECTORUL 2","BUCUREŞTI SECTORUL 2",179150,250,"ŞCOALA GIMNAZIALĂ NR. 62",U,1216,26,377,11,0,0,388,10,10,30,72,53,13,7,26,75,92,2,1,3,0,1,2,1,0,2,0,0,1,1,2,2,0,2,2,2,4,3,5,4,2,1,5,2,6,7,5,11,6,4,10,3,0,3,3,4,3,0,0,3,0,2,1,1,3,1,2,1,2,0,0,0,1,6,6,10,3,7,0,1,2,3,1,0,0,3,1,0,0,0,0,0,0,0,0,0,0,0,0,0,0,0,0,0,0,0,0,0,0,0,0,0,0,0,0,0,0,0,0,0,0,4,1,3,2,2,1,0,1,1,0,1,2,1,0,0,1,3,2,0,3,4,1,3,2,3,5,4,8,8,9,6,1,8,6,1,2,5,5,5,5,0,0,1,0,1,0,1,4,3,4,4,10,10,12,9,6,9,5,2,5,1,3,1,1,1,0,1,0,0,0,0,0,0,0,0,0,0,0,0,0,0,0,0,0,0,0,0,0,0,0,0,0,0,0,0,0,0,0,0,0,0,0
B,"BUCUREŞTI SECTORUL 2","BUCUREŞTI SECTORUL 2",179150,251,"ŞCOALA GIMNAZIALĂ NR. 62",U,1079,3,319,7,0,0,326,10,14,31,67,35,6,9,41,68,45,2,1,0,0,3,2,2,2,2,0,2,1,2,0,2,2,1,1,3,3,1,3,6,2,4,7,1,3,7,5,8,4,6,2,2,3,0,2,4,4,3,3,2,0,2,4,3,0,2,5,3,8,1,4,2,4,1,1,1,0,1,1,0,0,0,0,0,0,0,0,0,0,1,0,0,0,0,0,0,0,0,0,0,0,0,0,0,0,0,0,0,0,0,0,0,0,0,0,0,0,0,0,0,1,0,2,0,1,1,1,1,2,0,1,1,0,1,1,0,2,4,3,2,4,3,4,8,3,5,5,5,6,6,2,2,5,5,4,5,0,5,2,5,6,0,0,1,3,1,5,5,7,4,2,7,3,2,4,5,0,1,1,2,0,1,0,0,0,0,0,1,0,0,0,0,0,0,0,0,0,0,0,0,0,0,0,0,0,0,0,0,0,0,0,0,0,0,0,0,0,0,0,0,0,0,0
B,"BUCUREŞTI SECTORUL 2","BUCUREŞTI SECTORUL 2",179150,252,"LICEUL TEHNOLOGIC ”SF. PANTELIMON”",U,1774,8,670,6,0,3,679,13,31,50,127,80,21,24,49,152,132,3,1,1,0,2,2,4,4,4,5,5,2,3,4,2,2,0,6,0,2,5,4,6,13,2,7,5,6,13,8,8,12,6,8,5,4,2,6,6,14,8,2,5,3,4,2,5,5,2,0,6,5,2,6,5,4,8,3,3,5,2,2,4,1,0,2,1,3,1,0,3,3,2,1,0,0,0,0,0,0,0,1,0,0,0,0,0,0,0,0,0,0,0,0,0,0,0,0,0,0,0,0,0,7,1,6,1,2,2,2,3,5,2,3,4,1,3,1,1,1,0,4,3,3,8,1,11,7,3,9,10,9,8,11,10,10,12,7,3,5,7,7,17,11,4,3,6,4,4,4,3,8,11,6,6,16,10,10,5,4,5,9,3,3,7,2,8,5,1,2,0,3,2,0,0,2,0,1,0,0,0,0,0,0,0,0,0,0,0,0,0,0,0,0,0,0,0,0,0,0,0,0,0,0,0,0
B,"BUCUREŞTI SECTORUL 2","BUCUREŞTI SECTORUL 2",179150,253,"LICEUL TEHNOLOGIC ”SF. PANTELIMON”",U,1210,20,459,6,0,0,465,13,14,40,81,53,13,16,43,86,106,3,1,1,2,2,2,2,1,0,2,1,2,1,2,2,2,1,2,5,2,4,5,4,6,4,4,4,6,4,7,7,7,6,5,5,3,6,3,3,4,3,2,3,0,3,1,3,2,1,1,4,1,1,6,3,2,3,2,3,2,6,3,4,3,1,1,0,1,1,2,0,0,0,0,0,0,0,0,0,0,0,0,0,0,0,0,0,0,0,0,0,0,0,0,0,0,0,0,0,0,0,0,0,0,3,3,3,2,1,1,1,2,1,4,2,1,1,1,2,1,0,5,6,6,2,5,9,2,4,4,7,8,6,7,6,2,5,4,6,2,4,5,5,3,2,4,1,3,2,4,5,3,4,0,5,4,4,10,13,10,11,6,8,3,3,2,3,1,2,2,5,1,1,0,0,0,0,0,0,0,0,0,0,0,0,0,0,0,0,0,0,0,0,0,0,0,0,0,0,0,0,0,0,0,0,0
B,"BUCUREŞTI SECTORUL 2","BUCUREŞTI SECTORUL 2",179150,254,"LICEUL TEHNOLOGIC ”SF. PANTELIMON”",U,1202,4,410,7,0,0,417,11,14,38,79,55,6,17,35,83,79,3,2,1,0,3,1,1,1,2,1,3,1,0,0,0,2,4,1,6,5,7,5,5,3,1,3,2,5,6,8,3,6,9,5,1,5,3,2,4,5,6,1,2,3,0,3,2,2,2,0,2,3,5,4,7,3,4,6,4,7,2,0,1,0,0,0,0,1,0,1,0,0,0,0,1,0,0,0,0,0,0,0,0,0,0,0,0,0,0,0,0,0,0,0,0,0,0,0,0,0,0,0,0,0,1,0,2,1,2,0,0,1,1,5,1,1,3,1,2,2,2,4,0,6,5,4,3,3,3,5,2,5,6,7,5,8,4,3,4,3,4,4,6,7,3,2,3,3,2,2,4,1,6,5,5,8,13,6,3,8,5,3,1,1,1,1,1,0,1,0,1,1,2,1,1,0,0,0,0,0,0,0,0,0,0,0,0,0,0,0,0,0,0,0,0,0,0,0,0,0,0,0,0,0,0,0
B,"BUCUREŞTI SECTORUL 2","BUCUREŞTI SECTORUL 2",179150,255,"LICEUL TEHNOLOGIC ”SF. PANTELIMON”",U,1454,9,487,10,0,0,497,11,18,39,99,48,11,27,43,110,91,3,0,2,3,2,0,1,1,1,3,2,3,2,1,1,2,2,4,3,2,5,1,5,6,4,3,6,8,2,6,2,13,10,5,6,8,7,4,4,8,7,1,3,3,1,1,0,0,1,2,1,2,2,0,0,2,6,5,6,1,6,1,1,2,4,2,1,1,0,1,1,0,0,0,0,0,0,0,0,0,0,0,0,0,0,0,0,0,0,0,0,0,0,0,0,0,0,0,0,0,0,0,0,3,2,1,0,0,2,3,5,5,1,1,3,2,3,0,3,4,4,3,6,3,2,6,3,4,8,4,8,4,6,7,6,5,9,5,8,6,8,8,6,5,2,4,6,3,2,2,4,2,3,3,2,6,6,7,7,9,6,7,4,4,2,7,1,2,1,4,1,2,0,0,0,0,1,0,0,0,0,0,0,0,0,0,0,0,0,0,0,0,0,0,0,0,0,0,0,0,0,0,0,0,0,0
B,"BUCUREŞTI SECTORUL 2","BUCUREŞTI SECTORUL 2",179150,256,"ŞCOALA GIMNAZIALĂ NR. 51",U,1344,24,502,8,0,0,510,16,20,33,97,65,21,20,31,109,98,2,4,2,2,3,1,2,2,1,1,3,1,2,2,2,2,4,1,1,2,4,4,8,3,2,2,6,7,9,3,4,8,8,4,7,5,5,4,2,7,9,3,3,4,1,1,3,2,6,2,3,2,2,3,4,4,4,5,8,3,6,1,3,3,2,0,1,0,0,0,0,1,0,0,0,0,0,0,0,0,0,0,0,0,0,0,0,0,0,0,0,0,0,0,0,0,0,0,0,0,0,0,0,6,2,4,4,2,2,1,1,0,3,0,3,4,1,3,0,5,6,3,0,4,3,4,3,3,1,4,9,10,8,7,8,5,6,5,2,3,6,10,6,7,0,0,3,5,5,4,3,4,6,6,2,5,5,4,10,6,8,9,7,4,3,5,1,1,1,1,2,3,1,0,0,0,0,1,0,0,0,0,0,0,0,0,0,0,0,0,0,0,0,0,0,0,0,0,0,0,0,0,0,0,0,0
B,"BUCUREŞTI SECTORUL 2","BUCUREŞTI SECTORUL 2",179150,257,"ŞCOALA GIMNAZIALĂ NR. 51",U,1322,1,302,11,0,0,313,11,7,20,77,19,11,20,25,82,41,5,2,0,1,0,2,1,2,1,0,1,0,1,1,0,0,1,1,2,1,3,4,2,2,3,0,2,3,9,2,6,3,8,3,4,6,2,9,1,3,5,3,3,2,1,3,1,0,2,3,0,1,2,2,1,3,0,0,2,0,1,0,0,1,1,0,0,0,0,0,0,0,0,0,0,0,0,0,0,0,0,0,0,0,0,0,0,0,0,0,0,0,0,0,0,0,0,0,0,0,0,0,0,2,2,1,0,2,3,1,4,1,0,3,0,2,1,2,2,5,0,2,1,2,1,5,4,2,5,3,3,4,8,3,2,5,6,3,2,3,8,6,6,10,0,4,2,3,3,1,1,5,0,2,1,6,6,2,4,3,3,3,2,1,1,0,0,0,0,0,0,1,0,0,0,0,0,0,0,0,0,0,0,0,0,0,0,0,0,0,0,0,0,0,0,0,0,0,0,0,0,0,0,0,0,0
B,"BUCUREŞTI SECTORUL 2","BUCUREŞTI SECTORUL 2",179150,258,"ŞCOALA GIMNAZIALĂ NR. 51",U,1261,3,445,11,0,0,456,12,19,44,82,64,9,12,30,73,111,1,2,5,3,0,0,1,3,2,2,0,0,3,1,4,1,3,1,4,6,2,7,8,3,3,5,5,6,6,6,15,3,9,2,2,4,3,2,2,2,8,4,3,1,0,2,2,2,3,6,6,7,3,5,8,4,4,5,2,3,1,0,1,0,0,0,0,1,0,1,0,0,0,0,0,0,1,0,1,0,0,0,0,0,0,0,0,0,0,0,0,0,0,0,0,0,0,0,0,0,0,0,0,2,2,1,2,1,1,0,1,1,0,0,1,2,3,1,3,0,1,5,4,6,0,3,2,2,4,3,7,11,4,1,6,5,3,3,7,2,2,1,4,1,2,1,4,4,4,1,8,9,13,10,9,9,4,12,5,8,5,7,0,0,1,4,0,1,3,0,0,0,2,0,0,1,0,0,0,0,0,0,0,0,0,0,0,0,0,0,0,0,0,0,0,0,0,0,0,0,0,0,0,0,0,0
B,"BUCUREŞTI SECTORUL 2","BUCUREŞTI SECTORUL 2",179150,259,"GRADINIŢA NR. 280",U,1251,10,385,11,0,0,396,12,17,29,71,52,7,12,39,85,72,2,3,2,0,0,3,2,4,0,2,0,1,6,3,0,0,1,3,3,3,3,3,4,5,0,2,3,6,9,4,6,10,5,3,4,2,2,4,4,1,1,1,1,2,1,2,3,1,1,2,3,1,2,5,0,3,9,4,9,5,1,1,0,1,2,0,0,0,1,1,0,0,0,0,0,0,0,0,0,0,0,0,0,0,0,0,0,0,0,0,0,0,0,0,0,0,0,0,0,0,0,0,0,2,1,0,1,1,1,1,0,0,3,2,2,0,1,1,1,2,6,5,1,6,4,2,2,1,8,4,3,10,4,8,5,8,6,4,1,3,5,7,3,6,2,3,4,1,0,2,2,0,3,4,4,2,7,8,5,4,4,5,4,3,5,2,3,2,1,1,0,2,1,0,0,0,0,0,0,0,0,0,0,0,0,0,0,0,0,0,0,0,0,0,0,0,0,0,0,0,0,0,0,0,0,0
B,"BUCUREŞTI SECTORUL 2","BUCUREŞTI SECTORUL 2",179150,260,"GRADINIŢA NR. 280",U,2123,12,669,9,0,0,678,21,44,107,114,44,17,56,96,113,66,2,3,6,3,2,3,2,3,2,1,4,1,7,3,6,10,7,8,9,21,9,8,10,13,13,9,7,6,8,8,13,7,5,8,5,8,5,7,4,7,9,1,3,3,4,2,1,5,1,0,4,2,4,4,4,3,2,2,3,1,3,1,1,0,1,0,0,3,0,0,0,0,0,0,0,0,0,0,0,0,0,0,0,0,0,0,0,0,0,0,0,0,0,0,0,0,0,0,0,0,0,0,0,4,1,3,4,1,2,2,3,3,2,2,4,6,7,9,9,11,14,14,13,9,5,9,9,5,13,5,8,11,5,6,7,4,9,6,4,9,0,9,10,3,2,6,0,4,7,3,4,5,5,4,4,1,5,1,5,6,2,3,4,3,1,4,2,1,2,1,1,1,0,0,0,0,0,1,0,0,0,0,0,0,0,0,0,0,0,0,0,0,0,0,0,0,0,0,0,0,0,0,0,0,0,0
B,"BUCUREŞTI SECTORUL 2","BUCUREŞTI SECTORUL 2",179150,261,"ŞCOALA GIMNAZIALĂ NR. 77",U,1291,7,389,9,0,0,398,9,13,39,85,40,9,15,28,95,65,1,1,3,1,2,0,1,1,0,0,1,0,2,3,3,3,0,2,4,3,3,3,5,5,1,5,8,6,2,5,5,7,3,7,6,5,4,6,4,7,4,2,1,1,5,3,2,3,1,7,8,0,3,1,4,5,3,2,1,0,0,0,1,0,0,1,0,0,0,0,0,0,0,0,0,0,0,0,0,0,0,0,0,0,0,0,0,0,0,0,0,0,0,0,0,0,0,0,0,0,0,0,0,1,1,1,3,1,0,2,1,3,1,0,1,3,1,1,2,2,4,2,2,2,3,5,2,4,2,2,6,6,2,4,9,4,7,8,3,3,1,4,10,7,3,2,1,5,6,4,5,3,9,9,5,9,8,1,4,1,2,5,0,0,0,2,0,0,0,0,1,1,0,0,0,0,0,0,0,0,0,0,0,0,0,0,0,0,0,0,0,0,0,0,0,0,0,0,0,0,0,0,0,0,0,0
B,"BUCUREŞTI SECTORUL 2","BUCUREŞTI SECTORUL 2",179150,262,"ŞCOALA GIMNAZIALĂ NR. 77",U,1331,8,515,11,0,0,526,12,18,34,96,64,16,19,55,109,103,1,2,4,1,3,0,1,1,3,1,2,0,1,3,3,0,4,1,2,4,2,6,1,3,8,3,4,4,5,4,10,8,7,8,5,3,6,6,5,4,6,3,3,2,3,2,2,4,3,1,3,4,3,3,1,5,3,2,3,4,6,2,3,1,2,3,1,2,1,1,2,1,0,0,0,0,0,0,0,0,0,0,0,0,0,0,0,0,0,0,0,0,0,0,0,0,0,0,0,0,0,0,0,1,2,3,3,3,1,3,0,2,1,1,1,0,3,6,3,2,4,2,5,9,4,8,5,6,8,4,7,5,8,9,10,7,6,5,6,5,4,3,6,10,2,0,4,5,3,4,3,5,5,7,3,7,5,7,11,7,5,8,7,4,5,2,5,3,0,2,1,0,0,0,0,0,1,0,0,0,0,0,0,0,0,0,0,0,0,0,0,0,0,0,0,0,0,0,0,0,0,0,0,0,0,0
B,"BUCUREŞTI SECTORUL 2","BUCUREŞTI SECTORUL 2",179150,263,"ŞCOALA GIMNAZIALĂ NR. 77",U,1474,27,505,8,0,1,514,21,18,36,93,69,18,23,45,95,96,3,3,4,5,1,1,4,1,1,4,4,1,0,2,0,3,2,3,1,3,3,6,2,8,5,1,4,11,5,9,4,4,8,7,6,4,4,2,3,6,4,2,2,2,2,4,4,3,2,7,4,5,5,3,5,4,0,4,3,2,5,3,2,4,1,0,2,2,2,1,0,0,0,0,0,0,0,0,0,0,0,0,0,0,0,0,0,0,0,0,0,0,0,0,0,0,0,0,0,0,0,0,0,3,2,3,3,2,3,2,3,1,3,6,1,3,1,0,4,1,4,4,3,1,6,6,6,5,5,5,2,8,7,9,9,1,8,5,5,7,3,0,0,6,3,3,4,4,3,8,4,2,6,8,8,3,10,4,9,4,8,6,6,3,4,3,2,0,0,1,1,1,1,1,0,0,0,0,1,0,0,0,0,0,0,0,0,0,0,0,0,0,0,0,0,0,0,0,0,0,0,0,0,0,0,0
B,"BUCUREŞTI SECTORUL 2","BUCUREŞTI SECTORUL 2",179150,264,"ŞCOALA GIMNAZIALĂ NR. 77",U,2000,35,784,10,0,0,794,14,58,118,135,66,26,57,101,129,90,3,0,3,2,2,1,3,4,6,3,2,8,5,8,6,6,10,9,12,11,14,10,12,15,11,13,11,6,14,9,10,3,5,14,7,8,8,3,9,9,7,4,3,3,3,4,6,3,2,2,2,3,4,6,4,2,5,5,7,1,5,0,3,2,3,1,1,0,3,0,1,1,0,0,0,0,0,0,0,0,0,0,0,0,0,0,0,0,0,0,0,0,0,0,0,0,0,0,0,0,0,0,0,9,1,2,3,3,3,5,5,4,3,3,8,5,9,8,8,4,6,16,11,11,11,9,12,6,10,9,6,9,11,7,10,6,7,3,4,8,6,6,8,11,5,4,4,2,8,4,7,1,2,3,6,1,11,6,7,3,7,14,5,5,4,0,2,3,0,2,1,0,0,0,0,0,0,0,0,0,0,0,0,0,0,0,0,0,0,0,0,0,0,0,0,0,0,0,0,0,0,0,0,0,0,0
B,"BUCUREŞTI SECTORUL 2","BUCUREŞTI SECTORUL 2",179150,265,"ŞCOALA GIMNAZIALĂ NR. 77",U,2146,28,638,6,0,21,665,17,25,82,112,72,14,43,71,124,105,2,5,2,1,2,3,2,3,3,1,2,2,2,2,0,1,9,5,7,7,10,7,7,12,6,10,11,10,2,12,12,3,7,8,5,2,2,3,5,8,8,3,2,3,6,3,8,4,3,7,9,4,2,7,5,4,5,3,1,3,4,0,3,2,1,1,0,1,2,0,0,0,0,0,0,1,0,0,0,0,0,0,0,0,0,0,0,0,0,0,0,0,0,0,0,0,0,0,0,0,0,0,0,3,1,4,1,1,3,1,1,4,5,4,2,3,6,3,10,5,8,6,11,9,5,2,5,12,6,7,6,6,8,10,8,9,6,5,4,4,5,3,11,6,4,3,8,7,5,6,4,10,4,12,9,9,10,9,7,3,5,8,1,3,0,0,4,2,2,1,0,1,1,0,0,0,0,0,0,0,0,0,0,0,0,0,0,0,0,0,0,0,0,0,0,0,0,0,0,0,0,0,0,0,0,0
B,"BUCUREŞTI SECTORUL 2","BUCUREŞTI SECTORUL 2",179150,266,"ŞCOALA GIMNAZIALĂ NR. 77",U,1429,15,403,7,0,0,410,16,14,31,82,49,10,24,23,91,70,1,2,4,3,1,3,2,1,2,4,0,0,1,3,3,0,0,1,6,1,2,3,4,7,2,3,2,4,3,7,6,13,5,3,5,2,3,4,5,6,3,3,2,3,3,0,2,5,3,3,1,2,1,3,0,4,0,6,2,1,2,1,2,3,2,1,2,2,2,0,0,0,0,0,1,0,0,0,0,0,0,0,0,0,0,0,0,0,0,0,0,0,0,0,0,0,0,0,0,0,0,0,0,2,0,4,3,0,1,0,1,2,3,4,2,2,4,1,3,2,0,0,1,4,5,2,4,3,2,2,5,6,5,12,6,4,4,5,4,4,0,6,11,7,2,1,5,1,1,2,4,3,3,5,0,4,4,5,6,3,7,9,7,1,1,5,1,0,0,0,1,0,1,0,0,0,0,0,0,0,0,0,0,0,0,0,0,0,0,0,0,0,0,0,0,0,0,0,0,0,0,0,0,0,0,0
B,"BUCUREŞTI SECTORUL 2","BUCUREŞTI SECTORUL 2",179150,267,"LICEUL TEORETIC ”LUCIAN BLAGA”",U,1510,13,424,5,0,0,429,11,12,38,96,47,8,15,38,86,78,1,1,2,3,2,1,1,0,0,3,3,0,1,1,1,2,1,3,3,2,1,4,3,8,3,2,9,5,7,7,7,6,6,5,10,2,8,5,5,9,2,4,1,2,3,0,2,1,3,2,0,4,4,2,0,5,4,4,1,5,4,0,0,1,3,2,0,0,0,1,0,0,1,0,0,0,0,0,0,0,0,0,0,0,0,0,0,0,0,0,0,0,0,0,0,0,0,0,0,0,0,0,0,1,1,1,4,1,0,0,0,3,3,3,2,0,2,0,0,2,0,5,3,6,3,4,5,4,5,3,3,12,4,6,8,1,1,3,8,4,3,2,5,9,5,0,5,5,0,2,5,1,1,3,3,6,5,9,3,8,11,4,6,1,3,1,0,2,2,1,0,1,0,1,1,0,0,0,0,0,0,0,0,0,0,0,0,0,0,0,0,0,0,0,0,0,0,0,0,0,0,0,0,0,0,0
B,"BUCUREŞTI SECTORUL 2","BUCUREŞTI SECTORUL 2",179150,268,"LICEUL TEORETIC ”LUCIAN BLAGA”",U,1580,1,252,8,0,0,260,7,10,22,64,21,12,15,12,76,21,1,3,1,1,1,0,0,1,0,0,2,1,1,2,1,1,1,2,3,4,4,2,2,0,3,2,0,4,2,4,2,2,2,5,2,5,4,6,2,5,5,3,3,3,4,1,0,4,2,4,0,1,2,1,1,2,1,1,0,0,0,1,0,0,0,1,0,0,0,0,0,0,0,0,0,0,0,0,0,0,0,0,0,0,0,0,0,0,0,0,0,0,0,0,0,0,0,0,0,0,0,0,0,2,2,3,2,1,0,2,1,1,1,2,4,2,2,1,1,0,1,2,1,3,0,1,2,0,1,1,0,3,3,2,3,3,3,4,3,3,7,4,8,4,0,4,4,9,7,2,3,2,3,2,1,0,1,1,2,1,4,0,0,0,0,0,0,0,1,0,0,0,0,0,0,0,0,0,0,0,0,0,0,0,0,0,0,0,0,0,0,0,0,0,0,0,0,0,0,0,0,0,0,0,0,0
B,"BUCUREŞTI SECTORUL 2","BUCUREŞTI SECTORUL 2",179150,269,"LICEUL TEORETIC ”LUCIAN BLAGA”",U,1679,6,497,7,0,0,504,16,18,42,101,53,14,22,43,110,85,1,4,1,1,7,2,0,1,4,1,1,1,1,3,4,2,0,2,4,3,4,5,8,1,4,5,6,7,1,5,4,4,13,9,5,4,10,5,7,3,4,2,5,3,4,5,1,3,4,2,4,5,2,2,7,0,4,2,6,4,0,0,2,1,0,2,2,0,0,0,0,0,1,0,0,0,0,0,0,0,0,0,0,0,0,0,0,0,0,0,0,0,0,0,0,0,0,0,0,0,0,0,0,0,1,2,2,4,0,5,3,3,3,0,2,1,2,2,5,1,1,4,6,4,7,5,3,5,4,4,3,6,4,6,8,9,11,3,5,7,6,7,12,6,2,2,4,2,4,3,4,2,4,5,6,6,10,10,4,7,2,7,7,2,2,0,1,1,1,2,0,1,0,1,0,0,0,0,0,0,0,0,0,0,0,0,0,0,0,0,0,0,0,0,0,0,0,0,0,0,0,0,0,0,0,0
B,"BUCUREŞTI SECTORUL 2","BUCUREŞTI SECTORUL 2",179150,270,"LICEUL TEORETIC ”LUCIAN BLAGA”",U,1684,11,421,6,0,0,427,10,17,29,100,57,11,17,33,94,59,1,1,3,2,1,2,0,2,1,1,1,2,1,5,2,1,1,0,7,1,5,3,2,3,3,1,4,2,5,5,4,6,7,2,5,7,5,6,7,8,10,1,6,5,2,4,3,5,2,4,1,2,4,3,6,1,6,6,2,4,2,2,0,3,2,0,1,0,0,0,0,1,0,0,0,0,0,0,0,0,0,0,0,0,0,0,0,0,0,0,0,0,0,0,0,0,0,0,0,0,0,0,0,0,2,4,3,0,1,1,1,2,1,2,2,1,5,1,0,2,4,3,4,3,3,6,2,1,6,1,6,6,5,6,5,7,4,4,3,3,9,5,11,5,5,1,2,2,3,2,2,2,5,2,7,7,6,6,2,1,4,6,3,1,3,1,0,0,0,0,0,0,0,0,0,1,0,0,0,0,0,0,0,0,0,0,0,0,0,0,0,0,0,0,0,0,0,0,0,0,0,0,0,0,0,0
B,"BUCUREŞTI SECTORUL 2","BUCUREŞTI SECTORUL 2",179150,271,"LICEUL TEORETIC ”LUCIAN BLAGA”",U,1696,5,477,5,0,0,482,22,23,25,120,51,11,20,22,116,72,2,5,5,1,0,5,4,3,0,2,3,0,6,1,4,3,1,3,4,0,1,2,1,5,4,3,2,3,5,6,8,3,7,7,5,5,4,7,5,13,13,3,7,3,8,4,4,6,2,5,4,3,2,3,1,3,1,3,2,4,2,2,0,3,1,2,0,1,1,0,0,0,0,0,0,0,0,0,0,0,0,0,0,0,0,0,0,0,0,0,0,0,0,0,0,0,0,0,0,0,0,0,0,3,1,1,2,0,1,3,2,3,2,1,1,3,2,0,3,3,2,1,0,0,6,4,1,1,1,6,4,6,5,8,5,4,4,5,7,4,6,9,7,13,8,4,1,6,4,6,4,8,1,6,6,5,6,5,2,4,7,4,1,2,4,1,2,0,0,0,2,2,0,0,0,0,0,0,0,0,0,0,0,0,0,0,0,0,0,0,0,0,0,0,0,0,0,0,0,0,0,0,0,0,0,0
B,"BUCUREŞTI SECTORUL 2","BUCUREŞTI SECTORUL 2",179150,272,"ŞCOALA GIMNAZIALĂ NR. 66",U,1618,3,461,8,0,0,469,13,17,48,96,52,14,20,38,95,76,3,1,5,0,2,1,1,2,2,2,2,1,1,4,1,1,1,3,4,2,6,6,6,5,4,4,8,7,1,6,4,7,8,9,4,4,2,2,6,10,7,3,8,2,1,2,3,5,0,5,8,6,1,4,4,1,1,4,3,2,3,1,2,0,0,1,1,0,0,0,0,0,0,0,0,0,0,0,0,0,0,0,0,0,0,0,0,0,0,0,0,0,0,0,0,0,0,0,0,0,0,0,0,1,0,2,4,5,0,2,3,0,2,0,1,3,2,2,3,4,2,2,6,6,4,5,1,1,4,7,3,4,1,2,5,7,5,5,5,7,3,5,12,7,3,1,5,2,3,10,4,5,5,3,3,3,9,9,3,3,6,4,8,4,4,0,1,0,1,0,1,0,0,0,0,0,0,0,0,0,0,0,0,0,0,0,0,0,0,0,0,0,0,0,0,0,0,0,0,0,0,0,0,0,0,0
B,"BUCUREŞTI SECTORUL 2","BUCUREŞTI SECTORUL 2",179150,273,"ŞCOALA GIMNAZIALĂ NR. 66",U,1177,3,393,6,0,11,410,8,13,28,74,63,13,15,24,84,88,1,0,2,2,0,3,0,2,2,1,2,0,2,0,1,2,1,3,3,2,3,3,4,1,1,6,2,5,4,5,4,7,7,10,4,2,2,3,3,6,4,1,2,1,3,1,0,2,0,3,3,2,1,3,5,1,7,6,5,4,1,5,1,3,1,3,5,0,0,2,0,0,0,0,0,0,0,0,0,0,0,0,0,0,0,0,0,0,0,0,0,0,0,0,0,0,0,0,0,0,0,0,0,3,2,0,4,2,0,2,1,1,2,0,2,0,3,2,2,2,0,1,6,1,2,1,3,0,3,7,4,7,8,6,9,5,4,2,2,5,4,6,4,8,2,3,2,1,1,1,3,3,5,2,5,7,5,5,10,9,6,9,3,2,4,0,2,1,2,1,0,1,0,1,2,0,0,0,0,0,0,0,0,0,0,0,0,0,0,0,0,0,0,0,0,0,0,0,0,0,0,0,0,0,0,0
B,"BUCUREŞTI SECTORUL 2","BUCUREŞTI SECTORUL 2",179150,274,"ŞCOALA GIMNAZIALĂ NR. 66",U,1442,6,368,10,0,0,378,8,14,32,66,45,16,18,32,84,63,2,1,0,0,2,2,1,0,2,1,2,2,1,0,3,0,3,4,1,5,7,6,0,2,2,2,3,4,2,2,1,6,2,5,5,1,4,5,2,4,8,2,2,4,4,0,3,1,4,4,6,3,4,6,1,3,2,1,4,1,0,1,1,0,0,0,2,0,0,1,0,0,0,0,0,0,0,0,0,0,0,0,0,0,0,0,0,0,0,0,0,0,0,0,0,0,0,0,0,0,0,0,0,2,2,2,4,3,3,0,3,2,1,0,2,2,5,0,2,1,3,3,4,5,2,4,2,2,5,2,1,5,2,0,7,5,4,2,4,4,5,7,7,10,3,3,0,6,6,3,2,5,5,5,8,5,3,5,5,3,3,3,2,1,0,1,1,1,1,2,1,1,0,0,0,0,0,0,0,0,0,0,0,0,0,0,0,0,0,0,0,0,0,0,0,0,0,0,0,0,0,0,0,0,0,0
B,"BUCUREŞTI SECTORUL 2","BUCUREŞTI SECTORUL 2",179150,275,"ŞCOALA GIMNAZIALĂ NR. 66",U,1266,6,429,6,0,2,437,16,13,34,78,59,14,18,44,72,89,5,1,2,2,2,1,3,1,0,2,2,1,1,0,0,3,3,2,4,6,0,5,3,5,4,1,4,3,4,8,12,2,6,8,2,4,3,3,7,2,5,2,3,2,0,1,1,0,3,1,2,4,4,7,8,2,2,4,7,5,3,1,2,0,1,0,1,1,0,0,1,0,0,0,0,0,0,0,0,0,0,0,0,0,0,0,0,0,0,0,0,0,0,0,0,0,0,0,0,0,0,0,0,4,3,0,4,1,0,2,2,0,1,2,0,3,1,1,3,5,5,5,5,2,10,7,1,2,3,4,4,10,5,9,8,7,0,1,4,2,2,3,5,4,1,3,0,3,0,1,0,3,4,3,7,7,8,8,8,10,4,13,3,4,2,2,2,0,1,0,0,0,0,0,0,0,0,0,0,0,0,0,0,0,0,0,0,0,0,0,0,0,0,0,0,0,0,0,0,0,0,0,0,0,0,0
B,"BUCUREŞTI SECTORUL 2","BUCUREŞTI SECTORUL 2",179150,276,"ŞCOALA GIMNAZIALĂ NR. 66",U,1690,8,429,8,0,0,437,17,20,28,103,48,17,19,33,89,63,3,3,4,4,0,3,0,2,3,2,0,0,2,5,0,2,4,3,1,0,1,5,5,0,4,4,5,5,3,6,9,5,8,7,8,6,6,6,5,7,4,2,5,3,4,2,2,4,1,5,1,2,3,3,5,5,3,2,2,3,0,4,0,1,1,1,1,1,0,0,0,0,0,0,0,0,0,0,0,0,0,0,0,0,0,0,0,0,0,0,0,0,0,0,0,0,0,0,0,0,0,0,0,3,1,5,2,2,1,3,2,1,4,4,3,1,0,2,1,1,3,1,1,1,4,5,3,4,6,5,1,3,6,6,7,6,5,2,8,5,4,4,12,5,2,3,1,4,3,2,6,4,5,2,8,5,8,3,4,2,3,3,2,4,1,1,0,0,0,0,0,0,1,0,0,1,0,0,0,0,0,0,0,0,0,0,0,0,0,0,0,0,0,0,0,0,0,0,0,0,0,0,0,0,0,0
B,"BUCUREŞTI SECTORUL 2","BUCUREŞTI SECTORUL 2",179150,277,"GRADINIŢA NR. 189",U,925,4,304,11,0,0,315,8,12,29,70,37,11,12,22,67,47,3,0,0,0,1,3,1,0,2,1,1,2,1,2,0,1,2,1,1,1,3,4,2,4,3,4,6,4,3,3,5,3,7,7,1,5,3,5,2,9,5,0,1,2,1,1,3,1,2,1,0,2,3,2,5,3,5,1,1,2,2,2,0,0,2,0,0,1,1,0,1,0,0,0,0,0,0,0,0,0,0,0,0,0,0,0,0,0,0,0,0,0,0,0,0,0,0,0,0,0,0,0,0,1,1,1,1,3,1,3,2,1,1,0,2,1,0,1,2,2,4,1,1,0,3,0,4,2,3,4,3,4,3,4,5,5,5,5,7,3,3,4,7,1,0,0,4,2,0,2,2,1,4,2,2,3,2,5,7,5,1,3,2,2,1,0,1,0,2,1,1,0,0,0,0,0,0,0,0,0,0,0,0,0,0,0,0,0,0,0,0,0,0,0,0,0,0,0,0,0,0,0,0,0,0,0
B,"BUCUREŞTI SECTORUL 2","BUCUREŞTI SECTORUL 2",179150,278,"GRADINIŢA NR. 189",U,925,4,293,9,0,0,302,8,3,30,56,48,8,9,26,45,69,2,1,1,1,0,1,2,1,0,0,0,0,1,0,0,0,1,1,5,2,2,1,4,4,3,4,4,7,5,5,1,7,7,0,3,1,3,3,2,3,0,3,0,1,2,1,2,0,4,4,0,3,5,5,4,5,6,5,2,0,2,2,0,0,0,0,0,0,0,0,1,0,0,0,0,0,0,0,0,0,0,0,0,0,0,0,0,0,0,0,0,0,0,0,0,0,0,0,0,0,0,0,0,3,0,0,3,1,1,0,3,1,1,0,1,0,0,2,0,1,5,1,4,0,3,1,3,3,2,4,6,4,4,3,2,2,2,0,2,4,1,3,3,0,0,1,1,3,0,4,1,7,4,6,9,8,4,4,7,4,3,6,0,2,0,2,0,1,0,1,0,0,0,0,0,0,0,0,0,0,0,0,0,0,0,0,0,0,0,0,0,0,0,0,0,0,0,0,0,0,0,0,0,0,0,0
B,"BUCUREŞTI SECTORUL 2","BUCUREŞTI SECTORUL 2",179150,279,"COLEGUL TEHNIC ”DIMITRIE LEONIDA”",U,1012,11,345,10,0,15,370,7,17,28,56,45,11,22,34,81,69,1,1,2,1,0,2,0,0,0,0,4,1,2,3,1,3,3,3,2,2,5,1,3,1,0,7,4,2,1,6,5,1,1,5,3,4,0,2,4,5,4,1,2,2,4,2,2,4,4,3,4,3,4,1,3,4,2,3,1,1,1,1,0,2,0,1,1,0,1,1,0,0,0,0,0,0,0,0,0,0,0,0,0,0,0,0,0,0,0,0,0,0,0,0,0,0,0,0,0,0,0,0,0,0,4,4,2,0,1,0,2,3,3,0,1,3,2,0,5,3,2,4,3,1,7,3,6,1,3,4,8,3,7,4,6,5,2,2,3,2,3,5,4,5,6,3,1,3,5,4,6,2,4,2,6,4,1,7,3,1,4,2,4,6,2,1,0,0,3,2,1,2,1,4,0,1,0,0,0,0,0,0,0,0,0,0,0,0,0,0,0,0,0,0,0,0,0,0,0,0,0,0,0,0,0,0
B,"BUCUREŞTI SECTORUL 2","BUCUREŞTI SECTORUL 2",179150,280,"COLEGUL TEHNIC ”DIMITRIE LEONIDA”",U,1291,6,488,9,0,0,497,16,9,58,91,66,17,19,50,108,63,4,2,2,2,3,1,2,1,0,1,3,1,0,1,1,0,1,7,4,4,11,2,6,6,4,7,7,7,6,3,4,5,6,5,1,3,6,11,2,5,9,4,5,0,2,3,4,3,7,6,8,8,4,3,7,3,3,2,3,4,1,2,0,0,1,0,1,0,0,0,0,0,0,0,0,0,0,0,0,0,0,0,0,0,0,0,0,0,0,0,0,0,0,0,0,0,0,0,0,0,0,0,0,5,1,1,3,2,0,5,2,3,0,3,0,2,0,4,4,1,3,3,4,6,3,2,10,6,6,7,8,7,5,6,8,7,6,4,5,8,3,7,2,8,1,2,3,5,7,6,4,6,5,6,6,6,3,2,5,5,4,0,2,3,0,0,2,2,0,0,1,0,1,0,0,0,0,0,0,0,0,0,0,0,0,0,0,0,0,0,0,0,0,0,0,0,0,0,0,0,0,0,0,0,0,0
B,"BUCUREŞTI SECTORUL 2","BUCUREŞTI SECTORUL 2",179150,281,"ŞCOALA GIMNAZIALĂ ”PETRE GHELMEZ”",U,1478,27,524,6,0,0,530,13,23,46,89,65,14,20,46,113,101,1,2,4,3,1,2,0,3,2,3,0,3,1,3,4,1,3,3,2,4,5,3,4,6,8,2,9,7,8,9,2,3,6,9,4,5,2,6,4,7,4,2,4,1,3,1,2,4,3,0,7,5,5,6,4,6,2,1,2,0,4,1,1,1,3,0,2,0,3,0,1,3,1,0,0,0,0,0,0,0,0,0,0,0,0,0,0,0,0,0,0,0,0,0,0,0,0,0,0,0,0,0,0,2,1,2,2,3,0,4,1,0,1,2,1,6,3,4,0,2,2,5,2,5,6,3,2,5,6,10,7,7,7,9,10,4,5,2,7,3,4,5,15,8,1,2,5,4,4,4,2,8,7,4,8,10,8,8,6,3,8,3,3,3,4,1,5,1,1,1,4,1,0,1,1,0,0,0,0,0,0,0,0,0,0,0,0,0,0,0,0,0,0,0,0,0,0,0,0,0,0,0,0,0,0,0
B,"BUCUREŞTI SECTORUL 2","BUCUREŞTI SECTORUL 2",179150,282,"ŞCOALA GIMNAZIALĂ ”PETRE GHELMEZ”",U,1573,7,502,10,0,0,512,12,19,50,101,55,18,20,41,96,100,3,2,1,1,1,3,1,1,2,3,3,0,3,2,0,2,3,5,2,9,7,7,4,1,5,4,6,7,8,9,8,6,9,6,4,2,7,6,2,3,6,1,4,2,3,3,5,3,6,5,3,5,5,1,0,4,2,6,2,4,0,1,1,0,1,0,2,0,1,3,0,0,0,0,0,0,0,0,0,0,0,0,0,0,0,0,0,0,0,0,0,0,0,0,0,0,0,0,0,0,0,0,0,3,2,4,5,1,1,2,2,0,1,3,5,1,1,2,1,4,1,7,4,2,3,7,5,4,2,6,4,7,3,9,7,10,5,5,3,5,4,3,4,6,5,4,3,2,4,3,8,3,3,4,5,9,6,6,10,2,8,7,6,3,2,3,4,1,3,0,3,1,2,1,0,0,0,0,0,0,0,0,0,0,0,0,0,0,0,0,0,0,0,0,0,0,0,0,0,0,0,0,0,0,0,0
B,"BUCUREŞTI SECTORUL 2","BUCUREŞTI SECTORUL 2",179150,283,"ŞCOALA GIMNAZIALĂ ”PETRE GHELMEZ”",U,1744,16,777,10,1,1,789,23,31,96,176,61,29,40,95,171,67,3,5,4,2,3,1,5,2,2,2,1,2,5,5,3,5,4,4,9,7,10,8,7,13,9,15,14,17,18,29,12,14,8,6,9,11,2,10,7,6,11,2,4,0,1,3,6,5,2,3,3,4,6,10,5,2,7,4,4,0,0,0,0,0,2,2,1,0,0,0,0,0,0,0,0,0,1,0,0,0,0,0,0,0,0,0,0,0,0,0,0,0,0,0,0,0,0,0,0,0,0,0,0,7,3,3,6,5,2,3,5,5,1,8,3,2,5,3,6,2,6,10,10,5,7,8,13,16,12,8,17,14,22,16,14,11,8,7,8,5,6,9,9,5,4,1,6,5,3,1,2,4,9,7,8,5,6,6,4,6,2,1,1,0,0,2,1,2,0,1,0,0,0,0,0,0,0,0,0,0,0,0,0,0,0,0,0,0,0,0,0,0,0,0,0,0,0,0,0,0,0,0,0,0,0,0
B,"BUCUREŞTI SECTORUL 2","BUCUREŞTI SECTORUL 2",179150,284,"ŞCOALA GIMNAZIALĂ ”PETRE GHELMEZ”",U,1245,37,385,8,0,0,393,11,11,45,66,36,15,12,56,83,58,4,1,0,1,1,3,1,3,3,0,0,1,2,0,0,1,1,2,5,4,1,2,5,8,7,9,2,3,5,5,8,4,8,3,2,2,4,1,5,1,4,2,0,1,2,2,4,0,1,2,4,3,2,3,10,2,2,3,2,0,0,1,0,0,0,0,0,1,0,0,0,0,0,0,0,0,0,0,0,0,0,0,0,0,0,0,0,0,0,0,0,0,0,0,0,0,0,0,0,0,0,0,0,5,2,1,1,3,2,1,2,0,1,1,1,2,1,1,2,1,1,4,5,5,6,8,6,7,6,8,8,6,4,6,4,4,9,3,4,3,4,4,2,2,7,1,1,5,2,4,6,4,5,7,7,3,3,4,4,3,1,1,2,0,1,2,1,1,1,1,0,0,0,1,0,0,0,0,0,0,0,0,0,0,0,0,0,0,0,0,0,0,0,0,0,0,0,0,0,0,0,0,0,0,0,0
B,"BUCUREŞTI SECTORUL 2","BUCUREŞTI SECTORUL 2",179150,285,"ŞCOALA GIMNAZIALĂ ”PETRE GHELMEZ”",U,1547,8,508,5,0,0,513,21,16,44,79,86,15,19,40,91,102,4,3,8,1,1,2,2,1,1,2,2,3,3,0,1,3,0,0,4,3,6,5,8,5,0,9,4,3,2,8,10,7,5,6,5,3,3,5,2,1,3,3,1,1,4,4,3,2,0,4,8,2,7,12,11,10,8,3,8,4,4,1,1,0,0,0,0,0,0,1,0,0,0,0,0,0,0,0,0,0,0,0,0,0,0,0,0,0,0,0,0,0,0,0,0,0,0,0,0,0,0,0,0,5,3,2,0,1,4,0,0,2,1,2,2,3,2,4,0,3,0,2,4,6,0,5,5,2,5,11,5,7,11,7,5,11,8,4,2,0,1,3,3,14,0,0,2,2,3,3,4,6,10,20,8,16,10,5,6,8,2,2,2,1,1,0,0,0,0,0,0,1,0,0,0,0,0,0,0,0,0,0,0,0,0,0,0,0,0,0,0,0,0,0,0,0,0,0,0,0,0,0,0,0,0,0
B,"BUCUREŞTI SECTORUL 2","BUCUREŞTI SECTORUL 2",179150,286,"ŞCOALA GIMNAZIALĂ ”PETRE GHELMEZ”",U,1408,11,513,8,0,0,521,11,17,61,88,77,11,21,63,86,86,0,6,3,1,0,0,1,0,4,0,0,2,3,2,1,2,3,1,4,1,7,4,9,11,7,10,7,4,13,7,6,5,7,4,2,4,1,5,4,6,4,1,6,2,1,5,1,5,0,8,5,7,5,4,9,8,2,5,5,3,1,0,2,2,1,2,1,0,0,0,0,1,0,1,0,0,0,0,0,0,0,0,0,0,0,0,0,0,0,0,0,0,0,0,0,0,0,0,0,0,0,0,0,1,1,3,3,2,1,0,2,1,1,0,1,3,6,3,1,3,3,2,1,6,9,8,10,6,12,6,5,6,8,7,5,5,4,2,1,1,5,7,5,8,3,2,0,6,3,3,6,5,7,9,7,12,6,3,6,5,7,6,2,2,0,0,0,0,0,0,0,0,0,2,1,0,0,0,0,0,0,0,0,0,0,0,0,0,0,0,0,0,0,0,0,0,0,0,0,0,0,0,0,0,0,0
B,"BUCUREŞTI SECTORUL 2","BUCUREŞTI SECTORUL 2",179150,287,"ŞCOALA GIMNAZIALĂ NR. 4",U,1514,14,521,9,0,0,530,6,25,59,95,71,9,19,57,110,79,2,1,1,0,0,0,2,1,5,4,4,1,3,0,1,2,4,3,4,3,8,6,5,9,6,6,9,8,6,6,6,11,1,3,3,6,5,4,5,10,5,3,3,3,3,2,2,4,3,6,8,6,5,2,6,9,4,1,8,3,2,0,2,0,1,1,0,0,0,0,0,0,0,0,0,0,0,0,0,0,0,0,0,0,0,0,0,0,0,0,0,0,0,0,0,0,0,0,0,0,0,0,0,1,2,2,1,3,0,0,1,1,1,1,1,4,1,4,3,2,4,8,5,3,4,3,8,5,12,5,9,4,9,4,7,7,7,6,4,5,5,6,5,8,1,3,2,7,5,6,6,10,5,5,10,5,1,9,7,3,2,6,2,2,0,1,0,0,1,3,0,0,0,1,0,0,0,0,0,0,0,0,0,0,0,0,0,0,0,0,0,0,0,0,0,0,0,0,0,0,0,0,0,0,0,0
B,"BUCUREŞTI SECTORUL 2","BUCUREŞTI SECTORUL 2",179150,288,"ŞCOALA GIMNAZIALĂ NR. 4",U,1533,22,515,9,0,0,524,15,21,56,87,67,11,11,64,95,97,2,3,1,3,2,2,2,1,2,3,2,2,1,3,1,3,3,3,3,2,8,7,8,5,9,7,4,13,6,5,6,6,8,5,3,3,3,4,2,6,4,1,2,3,2,3,2,7,4,7,12,6,3,3,5,5,2,4,2,1,0,1,0,1,1,1,1,1,0,0,0,0,0,0,0,0,0,0,0,0,0,0,0,0,0,0,0,0,0,0,0,0,0,0,0,0,0,0,0,0,0,0,0,3,4,1,2,0,1,0,1,2,1,1,2,0,0,2,0,2,4,5,7,6,7,3,3,12,10,7,4,7,8,6,3,7,1,3,2,4,4,6,5,4,3,5,1,4,7,11,13,13,7,6,10,10,5,5,4,8,1,8,1,2,0,1,2,1,0,0,0,0,0,0,0,0,0,0,0,0,0,0,0,0,0,0,0,0,0,0,0,0,0,0,0,0,0,0,0,0,0,0,0,0,0,0
B,"BUCUREŞTI SECTORUL 2","BUCUREŞTI SECTORUL 2",179150,289,"ŞCOALA GIMNAZIALĂ NR. 4",U,1630,0,570,7,0,0,577,11,28,60,104,73,9,31,64,110,87,1,1,1,3,1,1,3,3,3,2,2,1,6,3,4,2,2,6,8,1,6,10,9,6,3,6,5,8,6,9,11,5,3,6,4,6,3,5,7,6,6,5,1,2,1,3,7,8,6,8,5,5,8,5,4,3,6,2,3,1,4,2,1,0,0,1,1,0,0,0,0,0,0,0,0,0,0,0,0,0,0,0,0,0,0,0,0,0,0,0,0,0,0,0,0,0,0,0,0,0,0,0,0,2,0,2,1,0,1,3,3,1,2,5,5,5,2,3,3,2,4,5,4,6,8,5,7,9,7,9,5,2,8,8,6,6,6,1,4,2,9,8,13,9,4,1,7,0,3,8,7,8,6,10,13,8,5,8,5,3,1,3,2,0,2,0,1,1,1,1,1,0,0,0,0,1,0,0,0,0,0,0,0,0,0,0,0,0,0,0,0,0,0,0,0,0,0,0,0,0,0,0,0,0,0,0
B,"BUCUREŞTI SECTORUL 2","BUCUREŞTI SECTORUL 2",179150,290,"ŞCOALA GIMNAZIALĂ NR. 4",U,1804,16,635,7,0,0,642,21,28,54,111,79,16,37,67,121,108,11,1,2,1,3,1,2,4,2,2,4,2,4,4,0,1,5,1,5,6,4,3,8,6,5,12,4,8,9,11,7,9,3,7,1,3,4,4,7,5,8,8,6,1,3,3,4,0,7,12,8,9,8,6,6,2,4,4,2,4,0,2,2,2,0,0,0,1,0,0,0,0,0,0,0,0,0,0,0,0,0,0,0,0,0,0,0,0,0,0,0,0,0,0,0,0,0,0,0,0,0,0,0,5,3,0,1,2,1,4,4,2,4,1,3,10,3,1,4,5,4,6,3,10,8,7,3,11,9,6,4,4,6,6,3,9,4,3,8,11,7,9,8,10,1,4,7,6,6,5,15,9,9,13,10,10,6,6,7,8,5,1,2,0,1,0,1,0,0,1,2,0,1,1,0,0,0,0,0,0,0,0,0,0,0,0,0,0,0,0,0,0,0,0,0,0,0,0,0,0,0,0,0,0,0,0
B,"BUCUREŞTI SECTORUL 2","BUCUREŞTI SECTORUL 2",179150,291,"ŞCOALA GIMNAZIALĂ NR. 4",U,1337,5,460,7,0,0,467,16,16,57,73,60,18,16,40,97,74,3,3,0,2,2,3,3,1,1,1,2,1,0,2,4,1,3,3,3,2,4,5,10,5,6,9,10,10,6,6,4,4,7,3,5,1,3,3,3,3,0,4,3,2,3,2,1,2,6,7,4,6,4,3,5,5,3,1,6,3,1,3,0,0,0,1,0,0,0,0,0,0,0,0,0,0,0,0,0,0,0,0,0,0,0,0,0,0,0,0,0,0,0,0,0,0,0,0,0,0,0,0,0,1,4,3,3,2,2,3,1,1,2,0,1,1,3,3,3,1,3,2,6,2,6,4,5,2,7,3,7,5,11,4,10,6,5,3,4,4,4,1,3,3,5,3,4,6,2,7,5,5,6,6,5,8,10,6,3,4,7,5,2,1,1,0,0,0,0,0,0,0,0,0,0,0,0,0,0,0,0,0,0,0,0,0,0,0,0,0,0,0,0,0,0,0,0,0,0,0,0,0,0,0,0,0
B,"BUCUREŞTI SECTORUL 2","BUCUREŞTI SECTORUL 2",179150,292,"ŞCOALA GIMNAZIALĂ NR. 25",U,1641,62,539,10,0,0,549,10,35,62,106,63,9,23,61,122,58,3,2,2,3,0,0,0,2,3,3,5,0,2,4,5,5,6,6,7,6,7,10,6,6,4,4,6,5,5,6,3,5,6,6,2,0,1,4,10,7,7,3,7,8,8,5,8,6,9,6,9,10,5,0,3,2,1,2,1,1,2,0,1,2,0,0,0,0,2,1,0,0,0,0,0,0,0,0,0,0,0,0,0,0,0,0,0,0,0,0,0,0,0,0,0,0,0,0,0,0,0,0,0,2,1,1,0,2,2,1,1,5,0,1,2,2,2,4,2,4,7,5,7,5,11,8,4,7,4,3,4,6,5,5,5,4,6,6,3,6,7,6,5,10,7,6,10,9,7,5,6,7,7,7,2,5,5,2,4,0,2,4,2,1,0,1,1,1,0,0,0,0,1,0,0,0,0,0,0,0,0,0,0,0,0,0,0,0,0,0,0,0,0,0,0,0,0,0,0,0,0,0,0,0,0,0
B,"BUCUREŞTI SECTORUL 2","BUCUREŞTI SECTORUL 2",179150,293,"ŞCOALA GIMNAZIALĂ NR. 25",U,1800,11,518,11,0,2,531,21,38,31,110,58,21,36,37,119,60,5,1,3,4,4,3,1,3,4,5,3,4,2,3,2,4,8,4,1,6,1,3,4,3,2,2,5,4,5,6,4,2,7,7,3,8,5,7,9,11,10,2,5,5,3,7,0,5,1,7,3,3,5,6,5,4,2,4,3,3,1,2,0,1,0,0,1,0,0,1,0,0,0,0,1,0,0,0,0,0,0,0,0,0,0,0,0,0,0,0,0,0,0,0,0,0,0,0,0,0,0,0,0,5,2,6,1,2,4,1,2,4,2,3,7,6,3,5,0,4,5,4,4,2,6,5,1,1,2,7,4,6,8,5,3,10,6,8,6,8,4,10,10,5,4,1,4,5,8,4,4,4,4,5,3,2,2,12,4,3,4,2,1,3,0,0,1,2,1,1,0,0,0,1,1,0,0,0,0,0,0,0,0,0,0,0,0,0,0,0,0,0,0,0,0,0,0,0,0,0,0,0,0,0,0,0
B,"BUCUREŞTI SECTORUL 2","BUCUREŞTI SECTORUL 2",179150,294,"ŞCOALA GIMNAZIALĂ NR. 25",U,1749,13,568,10,0,0,578,20,27,50,129,67,16,36,50,113,70,3,3,7,5,0,0,2,3,1,1,2,4,1,4,2,4,5,4,6,5,2,5,5,9,4,2,8,5,6,3,8,10,4,6,6,6,8,8,8,12,10,1,5,9,8,4,2,3,9,7,2,8,3,7,5,6,5,2,4,1,0,0,2,0,0,0,0,1,1,0,0,0,0,0,0,0,1,0,0,0,0,0,0,0,0,0,0,0,0,0,0,0,0,0,0,0,0,0,0,0,0,0,0,5,1,2,2,3,2,1,2,1,5,3,2,6,4,6,4,3,6,6,3,8,2,6,3,5,6,5,4,4,4,6,4,2,10,11,5,5,5,3,11,11,3,6,3,6,3,7,9,4,5,8,3,8,7,3,5,3,4,0,4,0,0,0,2,1,1,0,1,0,0,0,1,1,0,0,0,0,0,0,0,0,0,0,0,0,0,0,0,0,0,0,0,0,0,0,0,0,0,0,0,0,0,0
B,"BUCUREŞTI SECTORUL 2","BUCUREŞTI SECTORUL 2",179150,295,"ŞCOALA GIMNAZIALĂ NR. 25",U,2133,309,854,11,2,0,867,22,50,115,149,64,23,57,134,164,89,2,2,2,4,7,1,4,2,3,4,5,8,8,5,5,4,6,7,11,7,6,15,10,15,15,11,18,20,16,17,9,13,4,9,11,3,4,10,6,8,7,1,3,3,1,1,3,3,4,4,3,4,5,7,4,4,3,3,2,2,2,2,1,1,1,1,1,4,1,0,1,1,0,0,0,0,0,0,0,0,0,0,0,0,0,0,0,0,0,0,0,0,0,0,0,0,0,0,0,0,0,0,0,6,6,0,2,1,2,6,4,5,2,7,3,11,9,6,6,4,12,15,10,10,12,17,16,14,13,15,15,15,12,12,10,12,12,7,7,8,8,4,14,5,5,5,4,2,4,3,5,5,4,6,5,6,9,5,4,3,6,0,4,2,5,2,3,3,2,2,1,2,2,3,0,0,0,0,0,0,0,0,0,0,0,0,0,0,0,0,0,0,0,0,0,0,0,0,0,0,0,0,0,0,0,0
B,"BUCUREŞTI SECTORUL 2","BUCUREŞTI SECTORUL 2",179150,296,"ŞCOALA GIMNAZIALĂ ”FERDINAND I” (FOSTA ȘCOALĂ NR. 64)",U,1393,17,467,8,0,0,475,14,21,41,79,55,10,20,52,89,94,3,5,1,2,1,2,0,2,3,1,1,2,1,4,3,2,2,0,4,5,3,4,7,2,3,7,6,7,2,3,6,8,6,2,4,3,5,5,2,5,2,2,5,0,2,6,4,4,2,3,3,6,6,4,3,2,2,1,2,1,2,2,1,2,3,0,0,1,0,0,2,0,1,0,0,2,0,0,0,0,0,0,0,0,0,0,0,0,0,0,0,0,0,0,0,0,0,0,0,0,0,0,0,1,1,1,1,2,4,0,1,1,1,4,0,6,3,0,4,0,6,5,3,4,7,4,8,4,10,1,5,3,9,4,8,6,6,6,1,3,2,5,5,8,1,4,4,3,3,3,5,4,7,11,8,7,4,4,13,3,3,0,1,1,6,3,4,2,0,0,1,1,3,2,0,1,0,0,0,0,0,0,0,0,0,0,0,0,0,0,0,0,0,0,0,0,0,0,0,0,0,0,0,0,0,0
B,"BUCUREŞTI SECTORUL 2","BUCUREŞTI SECTORUL 2",179150,297,"ŞCOALA GIMNAZIALĂ ”FERDINAND I” (FOSTA ȘCOALĂ NR. 64)",U,1247,21,437,4,0,0,441,11,19,32,78,61,12,17,40,94,77,2,3,1,0,2,2,1,2,1,2,3,1,1,2,2,2,3,2,3,3,2,4,0,5,4,3,6,6,9,7,2,7,6,6,6,2,3,2,7,2,3,1,2,1,3,2,1,1,4,1,6,8,9,3,4,7,3,1,1,3,1,3,1,0,1,0,0,2,0,1,0,0,0,0,1,0,0,0,0,0,0,0,0,0,0,0,0,0,0,0,0,0,0,0,0,0,0,0,0,0,0,0,0,4,3,0,1,2,0,2,1,0,4,1,2,2,2,2,1,2,2,3,7,3,6,3,2,3,4,7,8,6,9,6,6,8,5,4,4,4,4,7,8,3,3,0,3,3,3,0,5,5,9,6,10,5,6,3,6,4,2,3,3,1,1,2,0,2,1,1,0,0,0,1,1,0,0,0,0,0,0,0,0,0,0,0,0,0,0,0,0,0,0,0,0,0,0,0,0,0,0,0,0,0,0,0
B,"BUCUREŞTI SECTORUL 2","BUCUREŞTI SECTORUL 2",179150,298,"ŞCOALA GIMNAZIALĂ ”FERDINAND I” (FOSTA ȘCOALĂ NR. 64)",U,1110,1,396,10,0,0,406,8,21,36,73,52,4,19,46,82,65,1,2,0,1,2,1,1,3,0,0,3,2,3,3,1,2,4,2,7,2,1,1,7,6,4,3,3,5,5,6,3,6,3,4,2,4,0,5,8,1,8,1,2,1,0,6,3,5,3,3,2,4,8,4,4,2,2,1,5,3,1,2,1,2,0,0,0,0,0,0,0,0,0,0,0,0,0,0,0,0,0,0,0,0,0,0,0,0,0,0,0,0,0,0,0,0,0,0,0,0,0,0,0,0,1,1,1,1,0,0,0,2,2,4,2,2,3,2,0,2,1,4,2,6,4,3,6,2,8,10,5,4,6,2,4,8,6,4,3,3,3,3,7,7,2,2,4,2,2,5,9,5,7,4,3,4,9,4,4,2,1,2,4,1,0,1,0,1,0,2,0,1,0,0,1,0,0,0,0,0,0,0,0,0,0,0,0,0,0,0,0,0,0,0,0,0,0,0,0,0,0,0,0,0,0,0
B,"BUCUREŞTI SECTORUL 2","BUCUREŞTI SECTORUL 2",179150,299,"ŞCOALA GIMNAZIALĂ ”FERDINAND I” (FOSTA ȘCOALĂ NR. 64)",U,1851,28,580,11,0,0,591,17,39,61,116,57,13,42,52,130,64,2,2,1,5,4,1,2,6,5,3,4,5,5,3,3,3,2,9,3,7,6,4,4,7,5,8,8,5,6,13,6,11,8,4,5,6,2,5,8,9,7,4,3,1,5,4,4,7,4,5,10,4,4,6,2,4,3,2,3,2,0,0,0,0,0,0,1,0,0,0,0,0,0,0,0,0,0,0,0,0,0,0,0,0,0,0,0,0,0,0,0,0,0,0,0,0,0,0,0,0,0,0,0,3,4,2,2,1,0,1,5,4,2,3,6,3,6,2,8,3,5,6,3,7,5,6,8,6,1,5,6,9,10,5,9,2,5,3,8,5,7,3,13,10,4,7,3,9,7,5,6,5,5,7,5,6,1,5,9,0,2,2,3,1,1,0,1,1,1,1,0,1,0,0,0,0,0,0,0,1,0,0,0,0,0,0,0,0,0,0,0,0,0,0,0,0,0,0,0,0,0,0,0,0,0,0
B,"BUCUREŞTI SECTORUL 2","BUCUREŞTI SECTORUL 2",179150,300,"ŞCOALA GIMNAZIALĂ ”FERDINAND I” (FOSTA ȘCOALĂ NR. 64)",U,1323,5,322,7,0,0,329,6,10,20,75,51,8,14,32,54,59,3,0,0,0,2,0,1,2,2,1,1,1,2,0,0,0,1,0,3,1,3,2,1,5,1,1,3,7,7,6,5,6,6,2,0,3,2,4,5,2,4,3,2,3,4,3,1,1,3,1,1,8,3,8,6,4,4,3,3,1,1,1,0,0,0,0,0,0,1,1,1,0,0,0,0,0,0,0,0,0,0,0,0,0,0,0,0,0,0,0,0,0,0,0,0,0,0,0,0,0,0,0,0,2,0,0,1,2,2,1,1,2,1,3,0,2,1,2,1,1,3,4,1,2,3,3,4,3,3,6,2,5,1,2,4,4,4,3,2,1,2,4,3,3,3,3,3,2,2,1,6,4,8,7,8,4,6,6,3,4,1,1,0,0,0,0,1,0,0,0,0,0,0,0,0,0,0,0,0,0,0,0,0,0,0,0,0,0,0,0,0,0,0,0,0,0,0,0,0,0,0,0,0,0,0,0
B,"BUCUREŞTI SECTORUL 2","BUCUREŞTI SECTORUL 2",179150,301,"LICEUL TEHNOLOGIC ELECTRONICA INDUSTRIALĂ",U,1436,26,513,13,0,0,526,9,22,70,60,89,6,26,60,74,110,3,0,1,1,3,0,1,3,1,0,5,1,1,3,1,6,1,7,3,2,5,10,7,10,7,9,10,6,4,3,5,4,2,3,3,3,1,1,5,9,5,1,1,0,1,2,1,4,8,2,5,14,11,7,5,4,9,6,5,1,1,3,1,0,1,2,0,0,0,0,0,0,0,0,0,0,0,0,0,0,0,0,0,0,0,0,0,0,0,0,0,0,0,0,0,0,0,0,0,0,0,0,0,0,1,1,0,2,1,1,2,1,4,0,3,4,2,3,5,2,4,4,5,3,8,8,8,4,8,8,5,2,9,9,3,0,4,2,4,1,3,2,6,5,2,1,2,5,2,7,2,9,13,13,17,9,9,9,4,9,3,4,2,1,0,1,1,0,2,0,0,1,1,0,0,0,0,0,0,0,0,0,0,0,0,0,0,0,0,0,0,0,0,0,0,0,0,0,0,0,0,0,0,0,0,0
B,"BUCUREŞTI SECTORUL 2","BUCUREŞTI SECTORUL 2",179150,302,"LICEUL TEHNOLOGIC ELECTRONICA INDUSTRIALĂ",U,1407,33,469,11,0,0,480,11,17,32,82,71,22,15,40,89,101,2,3,1,2,1,2,0,3,1,2,1,1,1,3,2,1,2,1,5,3,4,1,3,5,3,1,6,7,11,9,6,3,8,5,8,2,3,5,7,2,2,0,2,0,0,2,0,1,4,2,3,4,4,5,2,2,5,6,6,1,4,2,4,2,5,2,1,0,2,0,2,1,0,1,0,0,0,0,0,0,0,0,0,0,0,0,0,0,0,0,0,0,0,0,0,0,0,0,0,0,0,0,0,4,4,1,3,3,4,3,2,1,1,2,3,3,0,1,0,2,6,6,5,5,1,3,4,3,5,2,4,5,8,7,11,2,6,4,7,4,5,6,4,4,1,1,5,2,2,1,1,1,8,3,4,7,3,6,6,6,6,16,7,2,3,6,1,0,4,4,1,0,4,1,0,0,1,0,0,0,0,0,0,0,0,0,0,0,0,0,0,0,0,0,0,0,0,0,0,0,0,0,0,0,0,0
B,"BUCUREŞTI SECTORUL 2","BUCUREŞTI SECTORUL 2",179150,303,"LICEUL TEHNOLOGIC ELECTRONICA INDUSTRIALĂ",U,1165,61,415,10,0,0,425,14,17,39,72,52,10,17,39,83,82,2,2,4,0,2,3,1,1,6,1,2,1,1,1,3,0,1,5,2,7,4,2,4,4,5,3,3,3,3,4,4,11,5,4,5,4,3,1,4,6,3,5,2,1,1,3,0,2,0,1,3,2,3,4,1,1,2,4,5,5,3,2,2,0,4,2,1,0,2,0,0,3,0,0,0,0,0,0,0,0,0,0,0,0,0,0,0,0,0,0,0,0,0,0,0,0,0,0,0,0,0,0,0,0,2,2,3,3,0,0,0,1,1,2,1,1,4,2,4,1,4,4,4,3,2,4,5,4,4,5,6,3,3,8,7,10,6,3,3,4,1,6,6,4,0,2,3,2,1,5,2,2,4,6,3,3,5,2,8,4,5,6,5,6,2,2,1,1,6,3,1,2,0,0,1,1,0,1,0,0,0,0,0,0,0,0,0,0,0,0,0,0,0,0,0,0,0,0,0,0,0,0,0,0,0,0
B,"BUCUREŞTI SECTORUL 2","BUCUREŞTI SECTORUL 2",179150,304,"COLEGIUL NAŢIONAL ”IULIA HAŞDEU”",U,1300,8,521,10,0,0,531,6,17,57,76,91,8,15,58,81,122,0,0,1,1,2,2,0,0,1,2,1,1,2,2,5,3,0,3,6,8,4,7,6,5,3,3,12,5,9,15,2,2,2,6,4,2,4,3,0,7,6,0,1,2,3,2,1,0,3,3,4,5,6,9,10,9,6,6,3,5,4,4,6,2,1,2,1,0,1,0,0,0,1,0,0,0,0,0,0,0,0,0,0,0,0,0,0,0,0,0,0,0,0,0,0,0,0,0,0,0,0,0,0,1,2,1,2,1,1,0,1,0,1,1,1,1,3,1,5,1,5,8,2,7,3,5,2,8,11,7,5,3,8,5,4,6,10,6,5,2,5,2,5,5,3,1,2,0,1,3,5,5,10,9,7,12,15,8,9,7,6,4,2,5,4,2,2,2,3,2,2,0,0,1,0,0,0,0,0,0,0,0,0,0,0,0,0,0,0,0,0,0,0,0,0,0,0,0,0,0,0,0,0,0,0,0
B,"BUCUREŞTI SECTORUL 2","BUCUREŞTI SECTORUL 2",179150,305,"COLEGIUL NAŢIONAL ”IULIA HAŞDEU”",U,1234,19,395,12,0,0,407,10,16,36,61,48,5,25,46,82,78,1,1,1,0,3,1,3,4,1,1,0,4,0,2,0,3,1,7,1,2,5,5,5,2,4,1,4,4,4,5,7,2,4,3,5,2,2,6,3,3,3,2,1,1,2,0,2,3,4,4,6,4,6,3,4,2,1,2,2,4,1,0,1,0,0,0,0,0,0,1,0,0,0,0,0,0,0,0,0,0,0,0,0,0,0,0,0,0,0,0,0,0,0,0,0,0,0,0,0,0,0,0,0,1,2,0,1,0,0,1,2,2,1,2,7,1,5,2,1,2,1,8,4,5,9,3,2,6,2,6,3,8,7,7,5,5,6,3,3,3,3,2,3,3,3,2,3,3,5,5,8,6,4,7,10,6,4,1,7,4,4,1,2,2,3,2,0,0,0,2,0,1,0,2,1,0,1,0,0,0,0,0,0,0,0,0,0,0,0,0,0,0,0,0,0,0,0,0,0,0,0,0,0,0,0,0
B,"BUCUREŞTI SECTORUL 2","BUCUREŞTI SECTORUL 2",179150,306,"COLEGIUL NAŢIONAL ”IULIA HAŞDEU”",U,1463,25,534,10,0,0,544,9,23,58,79,70,10,35,68,102,90,0,0,4,2,1,1,1,0,3,0,2,1,4,2,3,4,4,5,6,6,9,7,8,5,3,4,5,7,5,4,6,9,5,6,7,2,2,1,4,2,5,5,1,2,1,3,2,6,7,4,6,4,8,3,7,2,3,6,3,3,0,3,1,1,1,0,0,0,1,1,0,0,0,0,0,0,0,0,0,0,0,0,0,0,0,0,0,0,0,0,0,0,0,0,0,0,0,0,0,0,0,0,0,0,4,0,1,1,1,3,2,2,3,3,0,4,3,6,6,6,4,9,13,5,13,5,6,3,6,4,4,8,6,4,6,8,6,5,0,3,7,3,6,7,4,2,4,7,5,7,7,9,4,10,10,4,4,9,2,5,7,2,5,1,2,1,1,1,0,1,0,0,1,2,1,1,0,0,0,0,0,0,0,0,0,0,0,0,0,0,0,0,0,0,0,0,0,0,0,0,0,0,0,0,0,0
B,"BUCUREŞTI SECTORUL 2","BUCUREŞTI SECTORUL 2",179150,307,"LICEUL TEHNOLOGIC ”I.C. BRĂTIANU” (FOST LICEUL TEHNOLOGIC MECANICĂ FINĂ)",U,1357,6,521,8,0,0,529,10,22,69,67,53,14,31,81,88,94,3,0,0,3,3,1,0,1,1,0,5,1,3,1,2,4,4,8,8,7,9,3,7,10,5,8,4,7,11,5,3,5,3,3,5,2,2,3,5,2,3,3,1,0,2,2,0,3,4,2,7,5,5,5,2,4,0,1,1,4,3,2,1,1,1,0,0,0,1,0,0,0,0,0,0,1,0,0,0,0,0,0,0,0,0,0,0,0,0,0,0,0,0,0,0,0,0,0,0,0,0,0,0,2,1,0,5,2,3,1,2,1,2,0,3,4,5,5,4,5,10,5,13,9,5,8,11,5,8,7,6,10,5,8,8,4,7,6,2,1,6,1,3,6,1,4,4,1,2,3,6,2,4,2,10,8,9,10,10,3,4,3,5,5,2,0,4,1,0,0,1,1,1,0,2,0,1,0,0,0,0,0,0,0,0,0,0,0,0,0,0,0,0,0,0,0,0,0,0,0,0,0,0,0,0,0
B,"BUCUREŞTI SECTORUL 2","BUCUREŞTI SECTORUL 2",179150,308,"LICEUL TEHNOLOGIC ”I.C. BRĂTIANU” (FOST LICEUL TEHNOLOGIC MECANICĂ FINĂ)",U,1082,53,391,6,0,0,397,13,15,29,66,53,13,27,27,79,75,4,1,0,3,2,2,1,1,1,1,4,0,0,0,1,3,4,2,4,4,5,4,1,1,2,4,2,4,3,7,9,3,2,1,1,3,5,3,0,8,7,2,1,1,3,3,0,3,1,1,1,3,5,5,5,5,5,4,2,2,0,0,1,1,0,1,1,0,2,0,1,2,0,1,0,0,0,1,0,0,0,0,0,0,0,0,0,0,0,0,0,0,0,0,0,0,0,0,0,0,0,0,0,2,2,2,3,1,2,1,2,4,3,0,3,3,2,4,4,2,3,1,2,4,6,3,0,0,3,5,7,4,5,2,3,7,3,5,3,6,8,6,4,5,0,2,4,2,3,0,5,1,4,6,7,10,4,6,5,2,4,4,4,1,0,4,4,1,0,1,0,0,1,1,0,0,0,0,0,0,0,0,0,0,0,0,0,0,0,0,0,0,0,0,0,0,0,0,0,0,0,0,0,0,0,0
B,"BUCUREŞTI SECTORUL 2","BUCUREŞTI SECTORUL 2",179150,309,"LICEUL TEHNOLOGIC ”I.C. BRĂTIANU” (FOST LICEUL TEHNOLOGIC MECANICĂ FINĂ)",U,994,67,332,5,1,0,338,6,11,41,50,34,8,18,57,71,42,0,1,1,2,0,1,1,0,2,0,0,4,0,2,0,0,3,6,2,3,7,4,3,4,2,5,5,6,4,2,6,2,4,4,2,1,3,1,3,3,2,1,0,0,1,3,2,4,1,6,1,3,1,1,1,4,2,1,3,0,1,0,1,1,0,1,0,0,1,0,1,0,0,0,0,0,0,0,0,0,0,0,0,0,0,0,0,0,0,0,0,0,0,0,0,0,0,0,0,0,0,0,0,2,1,2,2,0,0,1,4,3,1,3,1,2,2,1,1,0,5,2,8,4,5,8,5,3,9,8,5,6,3,0,5,2,8,0,6,4,4,4,4,3,1,2,4,3,5,2,2,4,4,0,2,3,3,3,3,2,2,4,0,1,3,1,1,0,3,0,0,0,0,1,0,0,0,0,0,0,0,0,0,0,0,0,0,0,0,0,0,0,0,0,0,0,0,0,0,0,0,0,0,0,0,0
B,"BUCUREŞTI SECTORUL 2","BUCUREŞTI SECTORUL 2",179150,310,"LICEUL TEHNOLOGIC ”I.C. BRĂTIANU” (FOST LICEUL TEHNOLOGIC MECANICĂ FINĂ)",U,1571,28,567,7,0,0,574,8,30,60,78,85,14,35,55,89,120,2,1,3,1,0,1,0,4,2,0,5,4,4,3,0,2,6,2,2,3,9,15,8,2,7,8,4,6,4,13,11,7,4,2,3,4,3,2,2,2,1,2,0,3,2,4,3,5,4,4,8,4,10,6,5,6,6,9,4,3,3,1,1,2,1,2,1,0,0,0,0,0,0,0,0,0,0,0,0,0,0,0,0,0,0,0,0,0,0,0,0,0,0,0,0,0,0,0,0,0,0,0,0,3,2,2,2,3,0,2,0,3,2,6,3,3,3,6,5,4,4,2,8,7,5,9,8,3,5,4,9,6,7,6,6,7,0,1,5,1,4,2,4,3,1,3,6,8,3,7,5,5,7,9,11,11,6,10,6,8,6,10,5,3,4,4,1,2,3,1,1,1,0,0,0,0,0,0,1,0,0,0,0,0,0,0,0,0,0,0,0,0,0,0,0,0,0,0,0,0,0,0,0,0,0,0
B,"BUCUREŞTI SECTORUL 2","BUCUREŞTI SECTORUL 2",179150,311,"CLUB SPORTIV ŞCOLAR NR. 2",U,1511,43,571,11,0,2,584,10,34,47,106,81,18,36,62,90,100,1,4,1,0,2,2,0,2,3,4,3,1,1,3,10,1,6,2,5,4,7,4,3,4,9,3,6,5,11,3,8,7,7,4,5,2,4,11,2,7,10,5,1,2,3,4,5,3,4,3,11,6,13,3,5,4,4,4,2,6,1,2,3,1,1,0,2,0,0,1,1,0,0,1,0,0,0,0,0,0,0,0,0,0,0,0,0,0,0,0,0,0,0,0,0,0,0,0,0,0,0,0,0,5,2,2,2,2,1,4,3,3,5,4,0,4,3,8,3,3,1,4,5,6,6,5,10,4,9,12,7,5,3,7,3,6,3,3,6,4,4,9,6,5,2,5,3,2,4,3,4,13,10,9,5,10,3,5,6,9,7,3,2,3,0,1,1,3,2,0,1,1,0,1,1,0,0,0,0,0,0,0,0,0,0,0,0,0,0,0,0,0,0,0,0,0,0,0,0,0,0,0,0,0,0,0
B,"BUCUREŞTI SECTORUL 2","BUCUREŞTI SECTORUL 2",179150,312,"CLUB SPORTIV ŞCOLAR NR. 2",U,1248,10,471,7,0,0,478,16,15,54,68,81,11,23,47,75,88,3,2,2,0,2,4,3,1,0,3,1,1,0,4,2,2,1,3,5,5,5,2,8,7,3,8,8,8,8,8,6,2,6,5,2,3,1,3,1,5,2,1,0,3,1,2,1,2,4,4,2,6,12,9,5,8,4,10,4,0,4,2,2,1,0,1,0,1,0,0,0,0,0,0,0,0,0,0,0,0,0,0,0,0,0,0,0,0,0,0,0,0,0,0,0,0,0,0,0,0,0,0,0,4,2,1,0,1,2,1,3,1,1,2,0,2,2,0,6,6,5,1,3,8,3,2,4,7,5,9,9,8,11,3,9,2,4,3,2,1,1,1,4,7,1,1,1,1,5,1,5,8,7,14,9,10,7,5,2,4,3,3,2,2,0,4,0,0,1,0,1,0,0,1,0,0,0,0,0,0,0,0,0,0,0,0,0,0,0,0,0,0,0,0,0,0,0,0,0,0,0,0,0,0,0,0
B,"BUCUREŞTI SECTORUL 2","BUCUREŞTI SECTORUL 2",179150,313,"GRĂDINIȚA CLOPOȚEL (FOSTA GRADINIŢA NR. 201)",U,1288,10,518,6,0,0,524,11,18,47,82,57,12,25,77,96,99,4,1,0,1,1,1,3,1,2,1,4,2,2,0,3,1,2,7,3,4,8,2,2,5,3,5,8,6,8,10,7,7,3,9,3,3,4,4,1,3,3,1,2,4,0,1,3,4,2,5,3,6,4,4,6,4,4,5,1,3,2,0,0,2,0,0,0,1,0,1,0,0,0,0,0,0,0,0,0,0,0,0,0,0,0,0,0,0,0,0,0,0,0,0,0,0,0,0,0,0,0,0,0,2,1,3,1,2,3,0,0,1,1,1,1,3,4,5,4,5,6,6,6,6,9,7,8,5,9,15,8,10,9,9,6,3,9,2,5,4,1,5,7,4,4,1,1,2,4,2,5,7,5,11,9,8,11,15,8,5,4,3,0,0,2,1,0,2,0,1,1,0,0,1,0,0,0,0,0,0,0,0,0,0,0,0,0,0,0,0,0,0,0,0,0,0,0,0,0,0,0,0,0,0,0,0
B,"BUCUREŞTI SECTORUL 2","BUCUREŞTI SECTORUL 2",179150,314,"GRĂDINIȚA CLOPOȚEL (FOSTA GRADINIŢA NR. 201)",U,1445,11,612,7,0,0,619,12,22,50,113,92,18,21,60,105,126,5,0,0,2,3,1,1,2,3,2,0,0,1,0,7,2,5,5,1,6,4,5,6,7,5,8,3,6,7,10,15,9,7,7,1,4,4,5,8,9,6,4,2,6,0,1,2,1,0,3,1,4,2,6,6,8,8,12,7,4,3,6,5,4,0,1,2,2,1,1,2,1,1,0,0,0,1,0,0,0,0,0,0,0,0,0,0,0,0,0,0,0,0,0,0,0,0,0,0,0,0,0,0,4,2,4,1,2,3,2,1,5,1,1,1,6,1,2,1,2,4,7,4,2,9,6,7,8,5,8,7,10,8,7,11,7,4,6,4,3,4,9,8,4,2,2,2,2,3,2,6,3,7,8,4,8,11,12,7,7,12,6,11,4,5,2,3,0,4,2,1,0,1,0,0,0,1,1,0,0,0,0,0,0,0,0,0,0,0,0,0,0,0,0,0,0,0,0,0,0,0,0,0,0,0,0
B,"BUCUREŞTI SECTORUL 2","BUCUREŞTI SECTORUL 2",179150,315,"GRĂDINIȚA CLOPOȚEL (FOSTA GRADINIŢA NR. 201)",U,1228,20,457,6,1,0,464,13,11,33,89,49,10,23,56,95,85,2,4,1,2,0,3,1,1,0,1,0,3,1,0,2,0,3,1,6,2,5,1,4,3,3,4,4,5,5,5,6,11,5,6,6,7,2,6,5,4,2,1,2,2,2,4,3,2,1,3,0,1,7,4,3,6,7,2,3,1,1,1,2,1,1,0,0,0,2,0,0,1,0,0,0,0,0,0,0,0,0,0,0,0,0,0,0,0,0,0,0,0,0,0,0,0,0,0,0,0,0,0,0,0,0,4,2,0,2,2,3,2,0,3,4,2,4,2,1,2,6,5,4,7,7,6,8,6,3,4,10,6,6,6,6,7,4,4,2,1,10,7,7,4,1,3,1,4,1,5,6,3,5,9,4,4,3,7,3,7,4,4,4,6,2,1,2,2,3,0,2,0,2,1,1,0,0,0,0,0,0,0,0,0,0,0,0,0,0,0,0,0,0,0,0,0,0,0,0,0,0,0,0,0,0,0
B,"BUCUREŞTI SECTORUL 2","BUCUREŞTI SECTORUL 2",179150,316,"GRĂDINIȚA CLOPOȚEL (FOSTA GRADINIŢA NR. 201)",U,1143,9,455,5,0,0,460,9,17,36,80,58,14,25,50,77,94,2,0,3,1,1,1,1,1,1,1,4,2,2,2,0,2,2,2,0,3,3,3,3,4,3,8,7,17,4,9,4,7,5,2,3,2,4,1,4,5,3,2,1,2,2,1,2,0,0,4,2,1,0,3,5,7,3,6,4,5,5,2,0,2,2,1,0,3,2,0,1,0,0,0,0,0,0,0,0,0,0,0,0,0,0,0,0,0,0,0,0,0,0,0,0,0,0,0,0,0,0,0,0,4,2,2,2,1,3,0,2,2,4,3,6,2,0,2,2,2,3,4,10,3,4,2,4,5,8,7,9,6,5,2,7,5,4,1,6,2,5,4,7,2,0,2,1,3,3,3,2,2,1,3,8,6,9,8,8,10,2,9,4,5,5,2,1,3,0,1,1,0,0,2,0,1,0,0,1,0,0,0,0,0,0,0,0,0,0,0,0,0,0,0,0,0,0,0,0,0,0,0,0,0,0,0
B,"BUCUREŞTI SECTORUL 2","BUCUREŞTI SECTORUL 2",179150,317,"COLEGIUL NAŢIONAL ”EMIL RACOVIŢĂ”",U,1332,38,506,7,0,0,513,19,16,60,79,67,10,23,57,98,84,3,3,2,1,4,3,3,1,1,2,2,2,2,1,2,2,1,4,3,7,6,9,4,6,12,5,4,5,5,3,4,7,6,7,4,2,6,4,7,4,2,2,3,1,2,1,4,6,1,6,5,5,6,8,2,3,3,5,4,0,2,2,2,1,1,0,0,1,1,1,0,0,0,1,1,0,0,0,0,0,0,0,0,0,0,0,0,0,0,0,0,0,0,0,0,0,0,0,0,0,0,0,0,6,0,0,1,2,0,1,2,0,0,3,5,0,4,2,4,3,3,6,6,9,9,9,2,2,7,4,6,6,9,12,9,7,2,3,3,2,5,3,8,4,3,3,5,4,3,1,5,1,3,7,10,11,9,5,6,5,2,2,2,1,4,3,1,2,0,1,2,1,1,0,0,0,0,0,0,0,0,0,0,0,0,0,0,0,0,0,0,0,0,0,0,0,0,0,0,0,0,0,0,0,0,0
B,"BUCUREŞTI SECTORUL 2","BUCUREŞTI SECTORUL 2",179150,318,"COLEGIUL NAŢIONAL ”EMIL RACOVIŢĂ”",U,1037,31,440,12,0,0,452,13,18,42,67,51,12,25,49,89,86,0,2,2,2,4,2,1,2,1,4,1,1,4,1,1,2,1,4,3,2,2,12,2,5,5,1,6,8,2,1,5,5,5,3,5,1,2,5,8,1,4,2,1,2,1,3,3,3,1,5,4,3,1,1,3,4,2,5,0,2,1,1,2,3,2,0,2,3,1,0,1,0,0,1,0,0,0,0,0,0,0,0,0,0,0,0,0,0,0,0,0,0,0,0,0,0,0,0,0,0,0,0,0,2,0,5,1,1,1,2,3,1,1,5,3,1,1,0,5,5,6,4,6,4,5,8,4,4,3,5,7,5,5,7,1,5,6,2,3,7,4,7,11,2,5,0,1,3,2,6,5,4,6,6,8,6,6,4,4,6,5,6,3,1,2,2,2,2,3,0,1,0,1,1,0,1,0,1,0,0,0,0,0,0,0,0,0,0,0,0,0,0,0,0,0,0,0,0,0,0,0,0,0,0,0,0
B,"BUCUREŞTI SECTORUL 2","BUCUREŞTI SECTORUL 2",179150,319,"COLEGIUL NAŢIONAL ”EMIL RACOVIŢĂ”",U,1690,14,583,8,0,11,602,19,18,46,116,70,19,30,54,132,98,0,2,4,4,1,5,3,1,2,3,1,4,1,1,1,2,2,2,0,7,3,7,2,9,4,7,5,6,3,1,7,10,11,5,5,6,6,9,9,8,4,2,4,5,4,6,5,2,5,2,4,2,4,3,11,6,5,4,8,2,2,1,2,1,3,1,0,1,0,0,0,1,0,0,0,0,0,0,0,0,0,0,0,0,0,0,0,0,0,0,0,0,0,0,0,0,0,0,0,0,0,0,0,1,3,1,5,3,4,2,5,3,2,5,3,3,3,0,4,2,1,5,6,5,4,9,6,9,4,5,9,8,8,9,6,7,13,6,6,4,6,10,10,10,0,5,3,5,3,4,3,7,2,12,8,7,7,6,4,6,6,3,8,3,3,3,1,1,2,1,1,2,0,1,0,1,0,0,0,0,0,0,0,0,0,0,0,0,0,0,0,0,0,0,0,0,0,0,0,0,0,0,0,0,0,0
B,"BUCUREŞTI SECTORUL 2","BUCUREŞTI SECTORUL 2",179150,320,"GRĂDINIŢA LUMINIȚA (FOSTA GRADINITA NR. 16)",U,1136,17,440,8,0,0,448,8,19,36,89,51,6,22,44,82,91,2,1,0,0,2,1,2,3,1,1,0,1,2,4,2,1,4,4,6,2,1,6,3,1,9,2,2,7,6,4,8,6,7,3,4,4,4,7,6,4,7,1,2,2,4,3,0,4,4,2,4,4,3,4,2,3,3,3,1,3,3,2,1,0,0,0,1,1,1,1,0,0,1,0,0,0,0,0,0,0,0,0,0,0,0,0,0,0,0,0,0,0,0,0,0,0,0,0,0,0,0,0,0,1,1,1,1,0,0,2,0,4,3,2,2,2,3,3,1,2,4,3,4,6,5,4,4,2,5,7,5,4,4,5,5,2,4,3,3,5,3,5,8,4,3,2,1,7,2,7,5,4,2,6,4,4,11,3,6,10,7,7,3,4,2,2,2,0,1,1,0,2,0,0,1,1,2,0,0,1,0,0,0,0,0,0,0,0,0,0,0,0,0,0,0,0,0,0,0,0,0,0,0,0,0,0
B,"BUCUREŞTI SECTORUL 2","BUCUREŞTI SECTORUL 2",179150,321,"GRĂDINIŢA LUMINIȚA (FOSTA GRADINITA NR. 16)",U,1113,22,451,10,0,0,461,8,12,40,90,72,15,14,39,96,75,0,5,1,2,0,0,0,2,1,1,0,1,0,2,2,1,2,3,1,4,7,2,3,4,5,3,8,6,11,8,6,7,6,4,1,4,4,5,9,5,3,3,1,3,1,3,0,1,3,3,3,3,3,3,4,6,5,3,2,4,5,5,4,1,1,2,3,4,2,0,2,0,0,0,0,0,0,0,0,0,0,0,0,0,0,0,0,0,0,0,0,0,0,0,0,0,0,0,0,0,0,0,0,4,2,3,1,2,3,0,0,0,2,0,3,1,0,1,3,4,1,3,3,5,2,5,6,4,4,6,5,12,6,8,12,4,6,6,5,3,3,2,10,6,1,2,2,1,1,1,0,2,1,5,6,6,12,5,5,5,5,3,7,3,1,1,2,2,1,2,0,0,0,0,0,0,0,0,0,1,0,0,0,0,0,0,0,0,0,0,0,0,0,0,0,0,0,0,0,0,0,0,0,0,0,0
B,"BUCUREŞTI SECTORUL 2","BUCUREŞTI SECTORUL 2",179150,322,"GRĂDINIŢA NR. 256",U,1448,23,639,7,0,0,646,21,23,55,124,73,24,20,56,144,106,7,2,2,0,6,3,1,4,1,3,2,2,1,2,3,1,4,5,6,3,5,5,3,2,6,5,15,12,5,2,7,12,4,7,7,5,5,4,8,12,4,2,3,7,5,9,4,4,1,5,5,3,4,8,1,7,3,3,3,5,3,4,0,2,3,2,2,1,2,0,1,0,0,0,0,0,0,0,0,1,0,0,0,0,0,0,0,0,0,0,0,0,0,0,0,0,0,0,0,0,0,0,0,5,3,5,3,3,2,3,2,2,0,3,0,1,2,3,3,4,5,5,6,5,7,8,7,7,3,3,3,4,10,4,10,11,13,9,9,3,7,5,10,8,5,8,8,6,7,4,7,2,6,4,4,2,8,4,8,4,5,6,7,8,3,3,0,8,1,5,5,1,3,0,1,1,0,0,0,0,0,0,0,0,0,0,0,0,0,0,0,0,0,0,0,0,0,0,0,0,0,0,0,0,0,0
B,"BUCUREŞTI SECTORUL 2","BUCUREŞTI SECTORUL 2",179150,323,"ŞCOALA GIMNAZIALĂ NR. 49",U,1141,33,562,11,1,2,576,17,19,41,110,71,17,19,51,132,99,5,3,0,2,3,3,1,0,2,5,1,4,1,1,2,2,1,3,1,1,4,7,6,1,4,4,10,2,5,6,4,7,7,5,8,7,13,4,7,8,12,2,1,3,3,6,0,2,3,3,5,5,6,2,3,3,2,5,4,4,3,2,3,3,1,4,2,1,0,1,1,1,2,0,0,0,0,0,0,0,0,0,0,0,0,0,0,0,0,0,0,0,0,0,0,0,0,0,0,0,0,0,0,5,3,0,2,2,2,3,1,2,2,1,6,0,1,2,2,2,2,6,7,5,5,8,3,4,4,7,6,4,5,6,6,11,5,12,11,5,4,14,10,7,3,2,7,2,10,2,8,5,4,5,5,7,7,5,3,5,5,6,4,4,5,3,4,1,1,0,5,5,0,0,1,0,0,1,0,0,0,0,0,0,0,0,0,0,0,0,0,0,0,0,0,0,0,0,0,0,0,0,0,0,0,0
B,"BUCUREŞTI SECTORUL 2","BUCUREŞTI SECTORUL 2",179150,324,"ŞCOALA GIMNAZIALĂ NR. 49",U,1126,4,463,16,0,0,479,11,16,26,107,50,17,16,38,121,77,0,1,2,3,3,2,0,0,3,1,2,0,2,0,2,4,2,3,3,0,5,2,2,1,1,4,5,3,2,4,8,11,5,6,7,4,2,6,3,13,9,4,4,1,3,4,8,0,3,4,4,2,3,2,2,5,3,1,7,3,2,1,2,2,0,0,1,0,1,0,1,0,1,0,0,0,0,0,0,0,0,0,0,0,0,0,0,0,0,0,0,0,0,0,0,0,0,0,0,0,0,0,0,7,2,3,2,1,1,1,1,0,1,2,2,2,3,2,1,2,4,7,3,3,1,3,4,2,3,8,8,6,7,8,5,6,6,7,5,10,8,9,6,10,5,5,0,4,4,2,1,3,4,1,6,9,2,2,6,10,5,7,4,4,3,1,1,2,0,1,1,1,1,0,1,0,0,0,0,0,0,1,0,0,0,0,0,0,0,0,0,0,0,0,0,0,0,0,0,0,0,0,0,0,0,0
B,"BUCUREŞTI SECTORUL 2","BUCUREŞTI SECTORUL 2",179150,325,"ŞCOALA GIMNAZIALĂ NR. 46",U,1356,5,494,11,0,0,505,8,28,66,75,66,9,27,55,93,78,0,2,2,1,1,1,1,1,3,1,1,1,3,1,4,9,4,5,8,3,4,9,4,14,4,5,10,4,9,7,3,4,5,4,1,3,0,1,1,6,7,4,5,2,2,3,4,4,5,10,5,7,4,8,2,0,6,3,2,1,1,1,2,2,0,1,0,0,1,1,0,0,0,0,0,0,0,0,0,0,0,0,0,0,0,0,0,0,0,0,0,0,0,0,0,0,0,0,0,0,0,0,0,3,2,0,0,2,2,0,2,1,3,3,1,1,1,7,3,5,3,7,4,2,6,9,7,4,6,7,6,4,2,2,5,4,5,3,3,5,5,3,5,8,5,3,5,7,11,2,13,8,8,4,8,5,9,7,2,3,2,2,1,0,1,2,1,1,0,0,0,0,1,0,0,0,0,0,0,0,0,0,0,0,0,0,0,0,0,0,0,0,0,0,0,0,0,0,0,0,0,0,0,0,0,0
B,"BUCUREŞTI SECTORUL 2","BUCUREŞTI SECTORUL 2",179150,326,"ŞCOALA GIMNAZIALĂ NR. 46",U,1385,18,500,5,0,0,505,17,17,43,99,58,4,22,54,101,90,1,1,2,2,3,4,4,0,1,2,2,1,3,1,3,1,3,4,1,4,3,6,7,0,6,7,5,8,5,6,10,4,8,6,2,3,4,7,7,5,6,3,4,3,3,2,3,3,3,0,3,5,7,5,4,5,3,5,3,2,1,3,0,3,0,0,0,0,1,0,0,0,2,0,0,0,0,0,0,0,0,0,0,0,0,0,0,0,0,0,0,0,0,0,0,0,0,0,0,0,0,0,0,1,1,1,1,0,0,0,2,0,1,1,5,2,3,4,3,1,4,5,5,7,7,5,5,5,4,7,4,8,7,3,8,14,8,4,6,2,3,5,7,5,2,3,0,6,3,3,3,4,5,10,6,12,6,10,5,6,5,7,3,1,3,0,0,1,1,0,1,0,0,1,0,0,0,0,0,0,0,0,0,0,0,0,0,0,0,0,0,0,0,0,0,0,0,0,0,0,0,0,0,0,0,0
B,"BUCUREŞTI SECTORUL 2","BUCUREŞTI SECTORUL 2",179150,327,"ŞCOALA GIMNAZIALĂ NR. 46",U,1503,1,585,5,0,0,590,23,22,44,98,80,21,21,54,109,118,6,0,6,6,1,1,3,2,0,3,1,3,1,1,0,4,7,2,4,2,4,3,3,7,7,6,6,13,7,5,10,7,5,4,4,6,9,0,6,5,6,3,2,1,0,1,4,1,0,2,5,3,5,7,8,7,8,10,7,5,2,3,1,2,2,1,0,1,0,0,0,0,0,0,0,0,0,0,0,0,0,0,0,0,0,0,0,0,0,0,0,0,0,0,0,0,0,0,0,0,0,0,0,5,4,1,2,2,2,5,0,1,3,2,3,0,4,4,3,1,1,3,4,7,9,5,9,6,5,5,5,7,8,9,10,5,3,10,6,5,6,3,3,7,4,5,2,3,3,5,5,5,6,5,16,16,10,13,9,5,4,8,6,1,2,1,1,0,2,1,0,0,2,0,0,0,0,0,0,0,0,0,0,0,0,0,0,0,0,0,0,0,0,0,0,0,0,0,0,0,0,0,0,0,0,0
B,"BUCUREŞTI SECTORUL 2","BUCUREŞTI SECTORUL 2",179150,328,"ŞCOALA GIMNAZIALĂ NR. 46",U,1759,7,721,8,0,2,731,13,29,82,90,106,16,34,87,102,172,3,1,2,3,0,2,2,1,4,2,1,2,7,2,3,1,6,2,5,9,7,7,5,12,12,10,13,9,11,6,14,6,5,3,7,4,2,4,7,3,4,1,0,3,1,0,0,3,2,2,3,10,15,16,14,7,8,8,5,1,3,0,1,1,1,2,2,1,1,0,0,0,0,0,0,0,0,0,0,0,0,0,0,0,0,0,0,0,0,0,0,0,0,0,0,0,0,0,0,0,0,0,0,4,2,5,1,3,1,0,3,0,4,2,2,8,2,7,4,2,3,2,8,14,10,6,13,9,5,17,9,11,7,7,5,7,10,2,4,2,6,5,7,3,1,3,1,2,2,8,12,8,7,23,22,21,16,12,9,7,7,5,6,4,1,5,2,2,1,1,0,0,0,0,0,0,1,0,0,0,0,0,0,0,0,0,0,0,0,0,0,0,0,0,0,0,0,0,0,0,0,0,0,0,0,0
B,"BUCUREŞTI SECTORUL 2","BUCUREŞTI SECTORUL 2",179150,329,"ŞCOALA GIMNAZIALĂ TUDOR ARGHEZI (FOSTA ȘCOALĂ NR. 19)",U,983,61,337,10,0,1,348,5,13,39,66,39,14,13,32,69,58,0,1,0,2,0,1,1,1,2,0,4,3,0,1,0,2,0,1,3,4,4,1,4,6,6,5,5,3,2,8,2,3,6,2,3,3,3,2,5,6,3,1,4,3,4,1,2,2,2,3,3,1,1,3,2,2,1,1,1,4,0,2,2,2,1,1,0,1,3,0,1,0,0,0,0,0,0,0,0,0,0,0,0,0,0,0,0,0,0,0,0,0,0,0,0,0,0,0,0,0,0,0,0,1,3,1,2,2,3,2,2,0,1,2,0,0,1,3,1,3,1,4,3,8,1,2,3,4,1,5,3,3,5,5,3,5,2,4,1,4,1,4,9,5,3,3,1,1,5,2,3,3,5,2,1,4,3,5,4,3,4,3,1,2,0,2,1,3,4,1,0,1,2,0,0,0,0,1,0,0,0,0,0,0,0,0,0,0,0,0,0,0,0,0,0,0,0,0,0,0,0,0,0,0,0,0
B,"BUCUREŞTI SECTORUL 2","BUCUREŞTI SECTORUL 2",179150,330,"ŞCOALA GIMNAZIALĂ TUDOR ARGHEZI (FOSTA ȘCOALĂ NR. 19)",U,868,24,306,8,1,0,315,8,12,23,63,34,10,14,20,73,58,3,0,3,1,0,0,1,0,1,1,0,3,3,2,1,0,1,1,1,4,4,1,2,3,3,1,3,1,1,3,5,0,5,4,7,2,2,1,2,6,7,2,4,1,1,3,6,3,3,3,1,1,6,0,3,2,1,1,1,3,1,1,1,0,1,0,0,2,0,0,0,0,0,0,0,0,0,0,0,0,0,0,0,0,0,0,0,0,0,0,0,0,0,0,0,0,0,0,0,0,0,0,0,2,0,5,1,0,1,1,1,0,1,2,2,2,2,0,2,2,0,3,0,2,1,4,3,1,1,5,2,4,3,4,2,4,3,5,4,2,2,6,9,6,4,3,2,2,4,2,1,4,8,4,5,3,3,2,1,3,2,2,7,0,3,0,1,3,2,0,0,2,0,0,0,0,1,1,0,0,0,0,0,0,0,0,0,0,0,0,0,0,0,0,0,0,0,0,0,0,0,0,0,0,0,0
B,"BUCUREŞTI SECTORUL 2","BUCUREŞTI SECTORUL 2",179150,331,"COLEGIUL NAŢIONAL ”SPIRU HARET”",U,1079,48,367,10,0,12,389,12,12,33,73,43,7,21,46,75,67,1,3,0,3,2,2,1,1,2,1,3,1,1,0,2,1,0,5,2,2,5,2,4,8,1,2,2,6,9,2,2,2,6,7,1,4,2,4,3,5,4,2,1,5,3,2,3,1,3,1,6,3,3,3,1,1,2,2,1,4,2,0,2,1,1,1,0,1,1,2,0,0,0,0,0,1,0,0,0,0,0,0,0,0,0,0,0,0,0,0,0,0,0,0,0,0,0,0,0,0,0,0,0,0,1,2,2,0,1,1,1,4,2,3,1,2,2,1,2,3,5,2,6,0,7,3,6,3,7,7,4,6,6,5,7,1,3,4,0,3,3,4,5,1,4,6,1,4,5,3,5,4,6,2,4,2,4,7,1,2,4,4,2,4,1,1,2,8,2,1,0,0,0,0,0,0,0,1,0,0,0,0,0,0,0,0,0,0,0,0,0,0,0,0,0,0,0,0,0,0,0,0,0,0,0,0
B,"BUCUREŞTI SECTORUL 2","BUCUREŞTI SECTORUL 2",179150,332,"COLEGIUL NAŢIONAL ”SPIRU HARET”",U,1098,21,435,18,0,0,453,11,25,36,86,60,9,22,45,80,79,3,1,0,5,1,1,0,7,1,3,1,1,2,2,4,4,0,3,4,6,4,4,1,1,4,4,5,4,7,5,4,5,3,9,7,5,5,5,5,1,7,5,2,4,2,0,1,4,2,2,1,6,6,4,3,1,6,3,3,1,3,1,2,1,1,1,2,2,2,2,0,0,1,0,0,0,0,0,0,0,0,0,0,0,0,0,0,0,0,0,0,0,0,0,0,0,0,0,0,0,0,0,0,1,3,2,0,2,1,0,2,2,4,4,3,1,3,0,3,0,0,5,4,7,0,3,7,5,6,8,3,2,4,3,0,9,6,4,5,3,5,4,7,8,4,5,4,1,1,2,3,1,5,7,3,6,2,4,2,3,6,3,4,6,5,4,3,1,1,1,1,3,1,1,0,0,2,1,0,0,0,0,0,0,0,0,0,0,0,0,0,0,0,0,0,0,0,0,0,0,0,0,0,0,0,0
B,"BUCUREŞTI SECTORUL 2","BUCUREŞTI SECTORUL 2",179150,333,"COLEGIUL NAŢIONAL ”CANTEMIR VODĂ”",U,876,20,329,15,0,23,367,12,21,28,72,42,11,17,28,81,55,3,4,1,0,2,1,1,4,0,1,4,3,1,3,2,1,2,2,2,2,4,3,4,2,2,6,1,4,5,4,4,2,5,3,4,3,3,1,5,3,6,3,3,3,5,2,4,3,1,6,2,2,2,4,2,4,1,1,2,1,2,2,0,1,1,2,0,2,0,1,0,0,0,0,0,0,0,0,0,0,0,0,0,0,0,0,0,0,0,0,0,0,0,0,0,0,0,0,0,0,0,0,0,1,1,2,2,1,0,4,1,2,1,2,1,0,2,3,2,3,3,3,3,2,2,0,4,4,4,3,6,4,5,6,3,7,4,4,8,3,4,5,4,6,4,0,0,3,1,4,1,2,4,7,2,4,4,2,2,4,3,0,4,1,3,1,1,3,0,1,2,1,1,1,0,0,0,1,0,0,0,0,0,0,0,0,0,0,0,0,0,0,0,0,0,0,0,0,0,0,0,0,0,0,0,0
B,"BUCUREŞTI SECTORUL 2","BUCUREŞTI SECTORUL 2",179150,334,"COLEGIUL NAŢIONAL ”CANTEMIR VODĂ”",U,1143,39,454,11,1,0,466,15,19,43,83,48,11,28,48,103,68,4,0,1,3,5,2,0,2,1,1,1,1,4,3,2,0,4,5,0,4,5,2,5,6,4,8,4,4,5,5,3,4,3,4,4,7,3,7,11,5,4,3,1,4,1,2,3,4,4,7,6,2,3,1,2,4,1,3,2,0,2,1,4,1,0,0,1,0,0,0,0,0,0,0,0,0,0,0,0,0,0,0,0,0,0,0,0,0,0,0,0,0,0,0,0,0,0,0,0,0,0,0,0,0,1,3,2,1,1,3,2,3,1,2,0,5,3,4,3,5,2,3,4,4,8,6,2,9,4,6,5,7,8,9,4,4,3,5,6,6,4,7,9,5,4,4,1,5,2,5,2,2,6,6,5,3,4,5,4,3,2,3,5,1,4,2,2,1,3,1,0,2,1,1,0,0,0,0,0,0,0,0,0,0,0,0,0,0,0,0,0,0,0,0,0,0,0,0,0,0,0,0,0,0,0,0
B,"BUCUREŞTI SECTORUL 2","BUCUREŞTI SECTORUL 2",179150,335,"COLEGIUL NAŢIONAL ”CANTEMIR VODĂ”",U,1088,18,374,11,0,0,385,10,8,32,82,40,10,19,40,79,65,3,1,0,1,1,2,2,0,1,1,1,1,1,0,3,0,0,4,4,1,4,4,6,3,0,3,3,7,8,4,3,5,4,4,5,3,3,1,7,4,3,4,2,2,3,4,6,2,3,1,6,2,2,3,3,5,1,2,0,1,1,0,0,1,1,2,0,0,2,0,0,1,0,0,0,1,0,0,0,0,0,0,0,0,0,0,0,0,0,0,0,0,0,0,0,0,0,0,0,0,0,0,0,1,2,0,2,0,3,2,3,1,1,1,3,3,1,3,1,2,4,4,3,5,3,5,1,5,4,6,4,1,4,4,8,0,5,5,3,6,4,4,4,7,2,2,4,6,4,2,5,6,3,2,3,2,9,3,0,4,1,1,5,1,2,2,3,2,4,2,1,3,0,0,0,0,0,0,0,0,0,0,1,0,0,0,0,0,0,0,0,0,0,0,0,0,0,0,0,0,0,0,0,0,0,0
B,"BUCUREŞTI SECTORUL 2","BUCUREŞTI SECTORUL 2",179150,336,"COLEGIUL NAŢIONAL ”CANTEMIR VODĂ”",U,1408,38,504,9,0,0,513,17,27,33,91,56,20,21,40,120,88,3,2,4,1,3,2,2,2,1,3,6,3,4,3,2,3,0,0,5,2,4,1,3,4,4,5,5,5,6,6,6,4,8,9,2,3,8,4,5,6,4,1,3,3,3,3,2,4,3,4,4,1,1,2,2,6,6,4,4,0,2,0,2,2,1,4,0,1,0,0,0,0,1,1,0,1,0,0,0,0,0,0,0,0,0,0,0,0,0,0,0,0,0,0,0,0,0,0,0,0,0,0,0,5,1,4,1,0,4,5,0,0,4,1,6,2,2,3,0,3,3,2,7,4,5,5,2,4,6,2,6,8,7,8,11,7,3,6,5,4,7,5,9,9,2,1,4,12,2,4,3,4,7,11,6,6,8,6,6,0,7,1,4,0,1,2,2,7,0,1,2,0,1,2,1,0,0,0,0,0,0,0,0,0,0,0,0,0,0,0,0,0,0,0,0,0,0,0,0,0,0,0,0,0,0,0
B,"BUCUREŞTI SECTORUL 2","BUCUREŞTI SECTORUL 2",179150,337,"ŞCOALA GIMNAZIALĂ NR. 24",U,1701,91,643,9,0,32,684,14,30,52,121,81,15,28,82,151,110,5,2,1,2,1,2,1,2,5,2,1,3,3,2,3,2,7,5,4,5,1,8,7,3,5,5,9,10,8,4,6,4,5,9,7,9,4,4,11,6,9,3,3,5,7,4,3,5,6,4,3,6,3,8,5,4,4,5,4,5,3,3,4,1,1,1,1,0,1,3,1,0,0,0,0,0,0,0,0,0,0,0,0,0,0,0,0,0,0,0,0,0,0,0,0,0,0,0,0,0,0,0,0,5,4,1,3,0,2,0,2,5,3,2,3,3,1,4,3,2,3,7,9,6,10,9,10,7,14,7,7,14,7,8,8,8,9,9,7,11,7,6,9,14,3,5,4,6,2,7,7,6,9,5,6,6,6,3,6,7,8,6,4,7,5,4,1,5,1,2,2,2,1,0,1,0,0,0,0,0,0,0,0,0,0,0,0,0,0,0,0,0,0,0,0,0,0,0,0,0,0,0,0,0,0,0
B,"BUCUREŞTI SECTORUL 2","BUCUREŞTI SECTORUL 2",179150,338,"ŞCOALA GIMNAZIALĂ NR. 24",U,1371,24,502,8,0,1,511,19,23,42,108,62,10,19,52,87,89,5,2,4,2,2,3,1,2,1,2,4,2,2,4,2,3,1,3,5,2,3,4,4,2,7,4,8,5,7,10,7,9,6,7,2,4,5,5,5,10,7,3,2,4,1,6,3,0,0,3,5,5,6,6,2,4,5,5,0,4,3,2,0,3,3,2,0,1,1,1,0,0,1,0,0,0,0,0,0,0,0,0,0,0,0,0,0,0,0,0,0,0,0,0,0,0,0,0,0,0,0,0,0,0,1,1,2,5,1,0,0,0,1,0,5,1,2,5,1,4,2,9,5,6,6,3,4,5,5,7,8,5,7,4,5,3,2,6,1,4,6,7,4,4,1,6,2,2,6,4,3,5,6,6,8,2,6,2,7,7,8,3,6,0,7,2,2,0,4,0,1,2,1,0,1,0,0,0,0,0,0,0,0,0,0,0,0,0,0,0,0,0,0,0,0,0,0,0,0,0,0,0,0,0,0,0
B,"BUCUREŞTI SECTORUL 2","BUCUREŞTI SECTORUL 2",179150,339,"ŞCOALA GIMNAZIALĂ NR. 24",U,1293,17,436,8,0,0,444,16,22,46,74,52,9,15,45,101,64,8,1,0,0,3,3,1,3,3,0,2,2,2,1,4,3,2,0,4,3,3,5,5,6,2,10,8,7,8,4,3,2,5,3,7,0,2,9,2,6,4,3,4,0,3,0,2,7,5,4,1,4,5,1,3,4,5,1,0,3,3,1,1,1,1,0,1,1,0,0,0,0,0,0,0,0,0,0,0,0,0,0,0,0,0,0,0,0,0,0,0,0,0,0,0,0,0,0,0,0,0,0,0,2,1,2,0,1,3,0,1,2,2,1,1,2,1,1,2,2,2,1,6,5,3,5,3,7,10,3,11,6,8,2,8,8,3,3,5,5,3,7,5,7,3,4,5,1,3,4,5,6,5,9,3,3,4,4,5,6,3,3,3,2,1,0,1,0,1,0,0,0,0,0,0,0,0,0,0,0,0,0,0,0,0,0,0,0,0,0,0,0,0,0,0,0,0,0,0,0,0,0,0,0,0,0
B,"BUCUREŞTI SECTORUL 2","BUCUREŞTI SECTORUL 2",179150,340,"ŞCOALA GIMNAZIALĂ NR. 24",U,1439,69,505,11,0,18,534,10,19,62,85,76,6,25,61,107,83,2,2,0,3,0,0,3,3,1,3,0,2,1,1,5,0,3,3,6,8,3,10,10,3,4,7,8,4,8,6,7,5,4,4,2,5,3,4,4,4,6,3,4,2,3,3,4,6,4,5,9,5,4,5,6,3,9,4,3,4,2,0,1,0,0,2,1,1,0,0,0,1,0,0,0,0,1,0,0,0,0,0,0,0,0,0,0,0,0,0,0,0,0,0,0,0,0,0,0,0,0,0,0,1,1,0,0,0,3,1,1,5,1,2,1,2,3,4,3,3,5,9,7,8,5,5,8,4,2,8,11,5,3,8,10,8,7,3,0,3,3,7,7,13,1,4,7,3,2,2,2,4,6,8,7,10,8,5,4,5,5,4,2,2,2,0,5,0,1,0,1,0,2,0,0,0,0,0,0,0,0,0,0,0,0,0,0,0,0,0,0,0,0,0,0,0,0,0,0,0,0,0,0,0,0,0
B,"BUCUREŞTI SECTORUL 2","BUCUREŞTI SECTORUL 2",179150,341,"ȘCOALA GIMNAZIALĂ ”MAICA DOMNULUI” (FOSTA ŞCOALA NR. 26)",U,1088,9,331,10,1,0,342,5,15,34,60,38,6,22,32,62,68,0,0,2,0,1,1,1,2,1,0,1,1,1,3,1,2,3,1,4,1,4,2,5,8,4,1,4,3,4,2,3,4,4,6,4,3,2,4,1,7,5,0,1,4,1,1,1,3,1,5,2,5,1,0,2,5,2,1,3,0,2,1,1,1,1,0,0,0,2,0,0,0,0,0,0,0,0,0,0,0,0,0,0,0,0,0,0,0,0,0,0,0,0,0,0,0,0,0,0,0,0,0,0,1,2,1,0,0,1,1,0,1,2,1,2,2,2,4,3,5,2,5,4,5,6,0,5,2,3,0,3,2,6,4,2,2,3,1,4,5,4,4,0,6,3,5,1,2,0,5,4,4,3,5,6,3,6,4,8,3,2,5,3,2,2,0,0,1,0,4,0,2,1,0,0,0,0,0,0,0,0,0,0,0,0,0,0,0,0,0,0,0,0,0,0,0,0,0,0,0,0,0,0,0,0,0
B,"BUCUREŞTI SECTORUL 2","BUCUREŞTI SECTORUL 2",179150,342,"ȘCOALA GIMNAZIALĂ ”MAICA DOMNULUI” (FOSTA ŞCOALA NR. 26)",U,1222,24,484,14,0,0,498,16,16,58,66,82,11,18,55,80,96,3,5,2,1,0,3,2,0,0,3,5,0,3,0,3,0,2,3,6,3,5,4,5,9,7,9,7,7,7,2,3,6,4,4,3,3,4,4,6,5,1,2,0,2,2,0,1,6,4,2,6,8,4,10,4,3,3,6,3,5,3,4,0,1,4,2,0,2,0,1,0,1,0,0,0,0,0,0,0,0,0,0,0,0,0,0,0,0,0,0,0,0,0,0,0,0,0,0,0,0,0,0,0,1,2,3,0,2,1,2,3,1,2,3,2,2,1,1,1,2,6,6,8,3,5,4,4,3,7,9,9,4,5,7,7,3,3,6,2,4,1,3,8,5,1,3,0,3,3,3,3,8,12,5,9,10,11,2,8,2,4,5,1,3,2,3,5,0,1,0,1,1,0,0,0,0,0,0,0,0,0,0,0,0,0,0,0,0,0,0,0,0,0,0,0,0,0,0,0,0,0,0,0,0,0,0
B,"BUCUREŞTI SECTORUL 2","BUCUREŞTI SECTORUL 2",179150,343,"ŞCOALA PROFESIONALĂ SPECIALĂ NR. 3",U,1541,31,535,9,4,0,548,11,24,62,122,45,15,35,61,116,57,2,1,0,0,2,2,4,3,2,2,3,1,5,3,2,2,1,5,7,6,4,6,9,3,8,8,6,11,11,8,2,4,6,8,5,8,4,10,7,8,9,3,4,4,3,4,3,3,2,2,7,5,3,5,2,4,2,1,3,1,0,0,2,1,0,1,0,0,0,1,0,0,0,0,0,0,0,0,0,0,0,0,0,0,0,0,0,0,0,0,0,0,0,0,0,0,0,0,0,0,0,0,0,3,2,0,3,3,2,2,4,2,2,1,3,7,2,2,6,6,1,11,4,8,4,15,7,2,5,4,10,8,3,5,4,6,4,9,8,3,5,6,11,12,2,3,3,2,5,7,3,7,3,2,8,4,4,2,3,4,5,3,0,1,0,1,2,1,2,1,0,1,0,0,0,0,0,0,0,0,0,0,0,0,0,0,0,0,0,0,0,0,0,0,0,0,0,0,0,0,0,0,0,0,0,0
B,"BUCUREŞTI SECTORUL 2","BUCUREŞTI SECTORUL 2",179150,344,"ŞCOALA PROFESIONALĂ SPECIALĂ NR. 3",U,1189,35,406,13,0,0,419,3,15,47,65,58,9,23,52,82,65,1,0,0,1,0,1,0,1,4,2,1,3,1,2,1,0,0,2,3,5,4,2,5,6,7,9,4,4,5,4,4,3,5,5,4,1,4,1,3,5,6,5,1,1,3,0,1,5,6,6,3,6,4,3,4,2,3,2,4,3,2,0,0,1,1,0,1,0,0,0,1,1,0,0,0,0,0,0,0,0,0,0,0,0,0,0,0,0,0,0,0,0,0,0,0,0,0,0,0,0,0,0,0,0,1,1,2,2,0,3,1,1,4,2,1,2,2,1,7,2,4,2,4,5,6,5,5,9,9,3,4,4,8,4,7,6,1,3,3,3,7,5,8,6,3,1,1,1,3,4,5,6,7,6,3,5,7,1,4,3,5,2,3,3,0,0,1,2,0,0,0,1,0,1,0,0,0,0,0,0,0,0,0,0,0,0,0,0,0,0,0,0,0,0,0,0,0,0,0,0,0,0,0,0,0,0
B,"BUCUREŞTI SECTORUL 2","BUCUREŞTI SECTORUL 2",179150,345,"ŞCOALA GIMNAZIALĂ NR. 307",U,1221,11,512,7,0,0,519,14,12,62,72,73,12,19,59,89,107,1,4,1,6,2,0,0,1,0,0,2,4,2,1,1,0,1,5,5,5,4,6,7,8,8,5,9,5,6,4,4,3,5,2,4,4,6,4,5,5,6,1,1,2,1,2,2,1,5,11,4,11,6,4,6,3,3,4,1,1,5,2,2,1,0,1,1,0,1,0,0,0,0,0,0,0,0,0,0,0,0,0,0,0,0,0,0,0,0,0,0,0,0,0,0,0,0,0,0,0,0,0,0,1,5,0,0,2,1,3,3,2,0,1,2,3,2,1,2,3,2,4,5,11,7,3,5,7,8,7,6,7,4,3,4,6,2,5,7,2,5,8,5,5,1,4,1,5,5,4,3,13,17,9,13,5,2,6,4,6,4,4,9,2,1,1,2,3,1,1,0,0,0,1,0,0,0,0,0,0,0,0,0,0,0,0,0,0,0,0,0,0,0,0,0,0,0,0,0,0,0,0,0,0,0,0
B,"BUCUREŞTI SECTORUL 2","BUCUREŞTI SECTORUL 2",179150,346,"ŞCOALA GIMNAZIALĂ NR. 307",U,987,71,277,5,0,0,282,14,18,20,50,18,6,21,30,63,42,4,1,0,4,0,2,3,1,2,1,2,2,3,3,2,2,0,2,1,2,4,3,2,2,1,0,3,4,1,6,2,2,3,3,3,1,2,3,3,5,2,1,0,1,2,2,4,0,2,1,1,1,1,3,0,1,2,2,0,0,0,3,0,1,0,0,0,0,0,0,0,0,0,0,0,0,0,0,0,0,0,0,0,0,0,0,0,0,0,0,0,0,0,0,0,0,0,0,0,0,0,0,0,0,0,1,1,0,2,2,2,0,3,0,1,3,4,2,4,2,5,0,2,3,6,2,3,4,3,2,3,1,6,5,3,3,7,4,1,5,4,5,2,3,2,1,2,3,0,3,5,2,2,2,3,4,3,2,2,5,0,2,1,1,1,0,1,0,1,0,0,0,1,0,1,0,0,1,1,1,0,0,0,0,0,0,0,0,0,0,0,0,0,0,0,0,0,0,0,0,0,0,0,0,0,0
B,"BUCUREŞTI SECTORUL 2","BUCUREŞTI SECTORUL 2",179150,347,"ŞCOALA GIMNAZIALĂ NR. 307",U,1350,17,538,7,0,0,545,9,19,49,68,101,15,25,51,92,116,2,1,4,0,1,1,0,2,0,3,3,2,0,1,1,1,6,7,5,3,5,6,5,5,7,2,4,7,6,4,5,7,7,3,2,1,5,3,3,3,4,1,3,1,1,1,1,5,8,10,4,5,6,12,10,5,8,4,3,2,1,3,2,1,1,2,1,2,2,1,1,1,0,1,0,0,0,0,0,0,0,0,0,0,0,0,0,0,0,0,0,0,0,0,0,0,0,0,0,0,0,0,0,4,3,2,2,0,3,1,1,0,4,1,1,5,2,3,3,5,4,8,3,3,7,8,6,2,7,3,6,4,12,5,9,4,8,4,2,3,2,8,5,4,2,2,4,3,4,1,7,6,12,7,9,9,10,11,8,6,7,2,2,3,3,1,3,0,2,0,2,2,2,0,1,0,0,0,1,0,0,0,0,0,0,0,0,0,0,0,0,0,0,0,0,0,0,0,0,0,0,0,0,0,0,0
B,"BUCUREŞTI SECTORUL 2","BUCUREŞTI SECTORUL 2",179150,348,"ŞCOALA GIMNAZIALĂ NR. 71",U,1161,33,366,10,0,0,376,6,19,41,68,51,10,15,36,79,51,0,3,2,1,0,0,0,2,1,4,4,0,1,1,1,4,1,6,4,5,4,2,3,3,7,5,2,6,8,5,2,5,2,6,3,4,1,1,3,7,3,1,0,4,3,4,0,4,5,5,3,6,6,4,1,2,1,4,2,2,0,1,0,1,1,0,0,2,1,0,0,0,0,0,0,0,0,0,0,0,0,0,0,0,0,0,0,0,0,0,0,0,0,0,0,0,0,0,0,0,0,0,0,1,1,0,2,2,2,2,1,1,3,1,1,1,2,1,1,3,4,7,5,2,4,1,2,4,4,3,3,4,5,3,2,2,6,4,5,10,4,7,7,3,2,4,0,2,1,5,3,2,1,4,2,4,3,2,4,3,4,6,1,1,3,2,0,2,1,0,0,2,1,0,0,0,0,0,0,0,0,0,0,0,0,0,0,0,0,0,0,0,0,0,0,0,0,0,0,0,0,0,0,0,0,0
B,"BUCUREŞTI SECTORUL 2","BUCUREŞTI SECTORUL 2",179150,349,"ŞCOALA GIMNAZIALĂ NR. 71",U,1114,42,360,7,5,0,372,11,13,36,72,38,14,19,22,80,67,1,3,1,4,0,1,1,2,3,0,1,3,1,2,0,0,1,2,2,7,0,5,5,2,1,4,8,1,2,3,5,6,3,5,3,2,3,5,5,7,7,2,2,4,2,2,3,1,2,5,1,2,2,4,2,2,3,2,1,0,3,0,1,2,1,0,0,0,0,2,0,0,1,0,0,0,0,0,1,0,0,0,0,0,0,0,0,0,0,0,0,0,0,0,0,0,0,0,0,0,0,0,0,4,0,1,2,2,3,2,2,1,1,0,1,4,3,1,2,4,2,2,2,2,4,2,2,3,1,2,4,5,6,3,4,5,4,3,2,5,4,9,3,4,2,4,3,4,4,2,5,5,6,2,4,3,2,6,1,1,5,5,3,1,1,1,2,3,3,1,0,1,4,0,0,0,0,0,1,1,0,0,0,0,0,0,0,0,0,0,0,0,0,0,0,0,0,0,0,0,0,0,0,0,0,0
B,"BUCUREŞTI SECTORUL 2","BUCUREŞTI SECTORUL 2",179150,350,"COLEGIUL ECONOMIC ”A.D. XENOPOL”",U,1102,18,408,12,0,0,420,6,17,34,83,47,10,18,45,97,63,1,0,0,1,2,1,1,1,2,2,1,1,2,2,0,3,3,2,1,5,4,3,6,3,2,4,4,0,5,3,8,6,5,9,4,5,2,3,5,8,8,0,2,3,4,2,1,2,2,4,3,2,0,4,2,4,2,7,4,2,2,1,0,1,0,1,0,0,0,2,1,1,0,0,0,0,0,0,0,0,0,0,0,0,0,0,0,0,0,0,0,0,0,0,0,0,0,0,0,0,0,0,0,1,0,3,1,1,3,1,1,1,0,2,2,1,2,2,3,4,1,5,6,5,5,8,4,3,5,3,2,9,4,5,5,4,3,7,3,2,4,8,9,8,3,4,4,2,9,2,5,3,4,2,9,8,1,3,5,3,2,4,5,2,0,1,0,2,0,1,0,1,1,0,1,0,0,0,0,0,0,0,0,0,0,0,0,0,0,0,0,0,0,0,0,0,0,0,0,0,0,0,0,0,0,0
B,"BUCUREŞTI SECTORUL 2","BUCUREŞTI SECTORUL 2",179150,351,"COLEGIUL ECONOMIC ”A.D. XENOPOL”",U,853,14,277,14,0,0,291,11,9,24,54,34,9,15,27,65,43,4,1,0,4,1,1,0,0,2,1,1,0,1,1,2,0,1,2,3,4,1,5,2,2,3,0,2,3,3,2,1,3,0,3,3,2,4,8,6,7,3,2,0,1,1,2,0,3,0,7,1,3,3,3,1,2,1,0,2,1,1,0,2,1,1,0,0,0,1,0,0,1,0,0,0,0,0,0,0,0,0,0,0,0,0,0,0,0,0,0,0,0,0,0,0,0,0,0,0,0,0,0,0,0,3,1,1,2,1,1,2,0,0,1,2,2,3,1,3,1,1,2,2,2,4,4,3,4,2,3,3,0,9,2,5,3,7,1,7,4,1,3,4,5,0,1,3,2,2,3,1,4,2,0,4,3,2,3,4,1,3,1,2,2,4,0,3,2,0,0,1,0,0,0,1,0,0,0,0,0,0,0,0,0,0,0,0,0,0,0,0,0,0,0,0,0,0,0,0,0,0,0,0,0,0,0
B,"BUCUREŞTI SECTORUL 2","BUCUREŞTI SECTORUL 2",179150,352,"COLEGIUL ECONOMIC ”A.D. XENOPOL”",U,1292,16,488,4,0,1,493,14,22,52,98,54,12,29,49,98,65,2,2,1,3,1,1,4,4,1,0,0,4,3,0,3,3,4,3,5,4,5,3,8,7,6,6,5,3,4,6,7,7,5,6,3,2,5,6,5,6,13,0,5,4,4,3,4,5,3,8,4,3,4,5,1,1,4,4,2,4,1,2,0,0,2,0,0,1,0,0,0,0,0,0,0,0,0,0,0,0,0,0,0,0,0,0,0,0,0,0,0,0,0,0,0,0,0,0,0,0,0,0,0,2,3,1,2,3,1,0,2,2,5,3,1,1,7,3,2,3,5,5,8,7,3,4,7,5,3,2,7,3,8,4,6,9,6,8,6,4,4,7,2,5,5,3,3,3,3,2,3,10,3,7,4,5,5,3,0,4,4,2,1,2,1,1,3,1,0,1,3,0,1,1,0,0,0,0,0,0,0,0,0,0,0,0,0,0,0,0,0,0,0,0,0,0,0,0,0,0,0,0,0,0,0,0
B,"BUCUREŞTI SECTORUL 2","BUCUREŞTI SECTORUL 2",179150,353,"COLEGIUL ECONOMIC ”A.D. XENOPOL”",U,1386,17,489,10,0,0,499,11,24,42,112,50,13,29,40,109,69,2,0,1,4,1,0,3,2,1,5,4,4,2,0,3,2,1,8,4,3,0,4,4,3,8,4,4,5,3,6,2,5,4,11,6,5,3,8,8,11,14,2,6,4,3,3,3,5,3,2,3,3,3,7,4,2,2,2,3,3,3,1,1,0,0,1,0,0,1,0,0,1,0,0,0,0,0,0,0,0,0,0,0,0,0,0,0,0,0,0,0,0,0,0,0,0,0,0,0,0,0,0,0,1,3,2,1,2,1,3,5,4,2,3,5,0,2,4,2,2,4,3,2,6,2,7,5,3,5,3,3,6,5,5,2,8,3,3,9,5,9,6,9,9,1,5,6,6,3,6,7,5,5,3,5,6,1,3,2,6,5,5,3,2,3,0,1,1,1,0,0,2,0,2,1,0,0,0,0,0,0,0,0,0,0,0,0,0,0,0,0,0,0,0,0,0,0,0,0,0,0,0,0,0,0,0
B,"BUCUREŞTI SECTORUL 2","BUCUREŞTI SECTORUL 2",179150,354,"COLEGIUL NAȚIONAL BILINGV ”GEORGE COȘBUC”",U,1280,20,498,7,0,0,505,14,18,39,85,77,13,21,47,97,94,3,4,1,0,3,2,1,1,5,2,3,0,0,2,0,3,2,3,5,4,3,5,4,4,3,4,4,11,8,3,7,5,4,5,3,4,3,2,1,8,6,6,2,2,4,0,1,6,4,4,4,1,6,4,5,3,6,7,2,2,3,2,1,5,1,2,1,1,2,1,2,2,0,0,0,0,0,0,0,0,0,0,0,0,0,0,0,0,0,0,0,0,0,0,0,0,0,0,0,0,0,0,0,2,4,2,1,1,0,3,2,1,3,1,2,2,4,2,2,2,4,4,3,5,7,3,4,2,7,8,5,4,4,7,9,2,5,5,2,5,6,7,10,5,2,2,1,6,4,6,2,6,7,8,10,5,8,4,6,2,3,3,2,2,4,3,4,6,1,3,1,1,2,0,1,0,0,0,0,0,0,0,0,0,0,0,0,0,0,0,0,0,0,0,0,0,0,0,0,0,0,0,0,0,0,0
B,"BUCUREŞTI SECTORUL 2","BUCUREŞTI SECTORUL 2",179150,355,"COLEGIUL NAȚIONAL BILINGV ”GEORGE COȘBUC”",U,1543,32,534,13,0,0,547,18,21,48,105,59,11,27,56,100,102,3,3,3,4,3,0,2,1,3,4,1,2,4,1,0,1,4,2,4,6,5,6,10,3,5,1,6,4,6,7,6,5,6,7,4,3,8,4,9,6,5,7,3,3,1,9,2,5,1,3,3,5,6,5,3,5,3,5,3,2,1,1,0,1,1,2,1,0,0,1,0,0,2,0,0,0,0,0,0,0,0,0,0,0,0,0,0,0,0,0,0,0,0,0,0,0,0,0,0,0,0,0,0,2,2,2,1,2,0,2,0,0,2,6,2,2,1,2,5,7,7,6,5,5,6,10,10,2,2,3,6,7,2,7,4,7,5,6,9,5,4,4,9,6,1,3,3,6,2,4,2,11,10,6,6,5,7,6,7,6,4,1,3,2,6,4,3,3,3,3,2,0,0,0,1,0,1,0,0,0,0,0,0,0,0,0,0,0,0,0,0,0,0,0,0,0,0,0,0,0,0,0,0,0,0,0
B,"BUCUREŞTI SECTORUL 2","BUCUREŞTI SECTORUL 2",179150,356,"ŞCOALA GIMNAZIALĂ ”MAICA DOMNULUI” (FOSTA ȘCOALĂ NR. 50)",U,1343,42,574,14,0,1,589,5,21,62,84,84,18,26,67,96,126,1,1,0,0,2,0,1,3,1,1,3,2,2,1,1,4,3,3,3,2,7,5,12,4,6,7,13,4,11,4,5,5,4,8,2,6,2,4,5,5,8,2,2,2,1,3,1,1,4,4,5,7,7,4,5,12,4,6,2,5,2,2,6,1,2,1,0,0,0,2,1,0,1,0,0,0,0,0,0,0,0,0,0,0,0,0,0,0,0,0,0,0,0,0,0,0,0,0,0,0,0,0,0,3,4,3,3,0,2,3,1,2,3,3,2,2,1,1,6,5,4,5,8,3,11,7,9,7,5,8,4,5,5,10,7,6,1,2,7,2,3,9,6,7,3,2,6,2,5,4,4,1,5,10,12,11,6,13,10,10,7,4,3,8,5,1,3,1,3,4,0,2,0,1,1,0,0,1,0,0,0,0,0,0,0,0,0,0,0,0,0,0,0,0,0,0,0,0,0,0,0,0,0,0,0,0
B,"BUCUREŞTI SECTORUL 2","BUCUREŞTI SECTORUL 2",179150,357,"ŞCOALA GIMNAZIALĂ ”MAICA DOMNULUI” (FOSTA ȘCOALĂ NR. 50)",U,1377,8,541,10,0,0,551,12,25,60,91,63,14,24,58,99,105,3,1,4,2,1,0,1,0,1,1,3,3,3,2,5,5,2,4,2,7,5,2,6,9,5,9,11,7,7,8,4,7,5,7,3,5,3,4,9,4,4,1,3,2,1,0,7,3,5,3,2,5,4,6,3,3,2,4,3,0,3,0,1,2,2,1,5,1,1,1,1,0,1,0,0,1,0,0,0,0,0,0,0,0,0,0,0,0,0,0,0,0,0,0,0,0,0,0,0,0,0,0,0,4,1,3,1,1,3,1,3,1,2,0,3,5,1,2,2,5,8,1,6,5,7,3,6,8,6,8,7,6,10,8,5,3,11,1,10,3,5,6,3,6,3,3,3,2,1,3,5,5,9,10,5,7,3,7,5,12,5,2,5,2,4,1,4,3,4,3,1,2,1,0,0,0,0,0,0,0,0,0,0,0,0,0,0,0,0,0,0,0,0,0,0,0,0,0,0,0,0,0,0,0,0,0
B,"BUCUREŞTI SECTORUL 2","BUCUREŞTI SECTORUL 2",179150,358,"ŞCOALA GIMNAZIALĂ ”MAICA DOMNULUI” (FOSTA ȘCOALĂ NR. 50)",U,1639,32,552,8,1,0,561,13,22,48,106,71,12,17,60,106,106,3,1,4,1,1,1,2,3,3,3,2,1,0,2,1,3,4,2,1,11,2,6,7,5,3,3,8,3,8,6,8,11,15,2,0,7,6,4,4,11,4,2,0,1,3,5,6,2,2,4,6,7,6,8,9,5,2,3,3,2,3,4,2,0,0,1,0,0,0,1,1,0,0,0,0,0,0,0,0,0,0,0,0,0,0,0,0,0,0,0,0,0,0,0,0,0,0,0,0,0,0,0,0,1,1,3,2,0,4,1,1,1,0,4,4,2,0,0,3,2,3,5,6,7,3,6,9,11,3,7,7,6,6,13,9,7,0,4,2,6,8,3,7,4,3,4,3,3,4,7,7,5,5,12,10,10,9,7,11,6,1,4,2,2,2,1,1,1,2,2,2,0,2,0,0,0,0,2,0,0,0,0,0,0,0,0,0,0,0,0,0,0,0,0,0,0,0,0,0,0,0,0,0,0,0,0
B,"BUCUREŞTI SECTORUL 2","BUCUREŞTI SECTORUL 2",179150,359,"COLEGIUL NAŢIONAL ”MIHAI VITEAZUL”",U,1547,27,593,12,0,13,618,15,29,62,101,81,26,35,68,109,92,0,5,3,0,4,0,3,2,2,2,2,3,1,6,3,2,6,1,7,8,11,6,5,8,4,5,7,8,4,5,6,6,6,7,3,7,1,3,6,7,8,4,6,2,2,6,4,6,7,6,7,8,12,3,4,3,2,4,3,2,1,2,3,1,0,1,0,2,1,1,0,0,1,0,1,0,0,0,0,0,0,0,0,0,0,0,0,0,0,0,0,0,0,0,0,0,0,0,0,0,0,0,0,6,5,5,4,3,1,2,6,3,6,3,3,1,2,7,1,3,4,6,10,9,7,10,5,4,4,9,6,2,5,7,7,5,7,4,6,2,10,9,6,10,1,3,5,2,4,8,8,4,8,6,12,9,4,5,4,8,3,5,2,2,3,0,2,0,1,2,1,0,0,1,2,0,0,0,0,0,0,0,0,0,0,0,0,0,0,0,0,0,0,0,0,0,0,0,0,0,0,0,0,0,0,0
B,"BUCUREŞTI SECTORUL 2","BUCUREŞTI SECTORUL 2",179150,360,"COLEGIUL NAŢIONAL ”MIHAI VITEAZUL”",U,1388,32,502,8,0,11,521,12,30,45,104,63,15,33,45,111,63,2,0,2,5,1,1,1,6,2,3,1,4,0,3,3,5,3,6,6,4,8,2,4,4,4,3,4,7,3,6,8,8,3,8,3,4,7,6,4,9,8,2,4,2,3,4,5,7,9,2,0,5,3,4,3,5,6,0,5,2,0,1,0,1,7,1,2,0,0,0,0,0,0,0,0,0,0,0,0,0,0,0,0,0,0,0,0,0,0,0,0,0,0,0,0,0,0,0,0,0,0,0,0,1,2,3,1,2,0,6,0,4,2,6,3,2,4,6,3,3,5,5,9,5,2,6,6,0,1,6,6,6,8,5,5,4,5,5,6,5,2,6,13,8,2,5,5,7,2,6,4,2,4,3,3,4,11,3,4,1,2,5,3,3,1,1,1,1,4,1,0,0,1,0,1,0,0,0,0,0,0,0,0,0,0,0,0,0,0,0,0,0,0,0,0,0,0,0,0,0,0,0,0,0,0,0
B,"BUCUREŞTI SECTORUL 2","BUCUREŞTI SECTORUL 2",179150,361,"ŞCOALA GIMNAZIALĂ NR. 56",U,1359,13,570,12,0,0,582,10,27,59,108,70,19,32,59,112,86,2,4,1,1,1,1,0,3,4,4,1,4,4,1,1,4,1,3,6,4,12,10,3,5,5,7,4,9,6,7,7,5,8,4,6,2,3,8,7,10,6,1,1,5,5,5,3,5,4,5,7,7,7,9,3,5,2,2,1,2,1,2,0,1,1,0,0,2,0,0,2,0,0,0,2,0,0,0,0,0,0,0,0,0,0,0,0,0,0,0,0,0,0,0,0,0,0,0,0,0,0,0,0,3,4,3,1,2,4,2,2,3,3,3,3,4,1,6,1,6,4,2,3,11,9,6,5,11,5,3,11,10,8,9,5,3,3,2,6,3,8,7,8,8,0,3,2,6,6,4,4,8,6,3,11,7,5,4,6,1,5,4,2,0,3,3,2,2,2,1,0,0,4,0,1,0,1,0,0,1,0,0,0,0,0,0,0,0,0,0,0,0,0,0,0,0,0,0,0,0,0,0,0,0,0,0
B,"BUCUREŞTI SECTORUL 2","BUCUREŞTI SECTORUL 2",179150,362,"ŞCOALA GIMNAZIALĂ NR. 56",U,1108,6,372,10,0,0,382,9,19,39,66,35,5,23,47,75,64,1,3,1,0,0,2,2,1,4,0,1,1,3,1,1,4,3,2,5,5,2,4,5,3,3,7,3,3,3,9,3,3,2,5,3,2,3,2,3,7,4,6,1,3,1,2,1,4,2,4,3,2,1,4,2,2,1,4,1,2,0,0,1,0,0,1,0,0,0,0,0,1,0,0,0,0,0,0,0,0,0,0,0,0,0,0,0,0,0,0,0,0,0,0,0,0,0,0,0,0,0,0,0,1,0,1,2,1,0,0,2,0,5,1,2,3,4,1,4,1,3,6,4,9,5,2,6,3,5,4,5,5,1,5,8,4,7,4,0,1,4,5,6,10,0,4,3,0,0,3,6,4,3,4,2,7,6,3,5,3,4,2,5,1,1,0,1,0,1,2,1,1,0,2,0,0,0,0,0,0,0,0,0,0,0,0,0,0,0,0,0,0,0,0,0,0,0,0,0,0,0,0,0,0,0,0
B,"BUCUREŞTI SECTORUL 2","BUCUREŞTI SECTORUL 2",179150,363,"ŞCOALA GIMNAZIALĂ NR. 85",U,927,15,325,10,0,0,335,12,17,31,53,38,12,8,48,59,57,1,1,4,0,1,0,5,1,2,1,3,1,4,0,2,2,1,1,2,5,2,4,4,2,5,2,4,2,6,6,2,5,2,4,1,1,5,1,0,2,4,3,1,1,3,2,2,5,5,2,2,3,3,2,3,1,2,0,1,2,1,0,1,1,1,1,0,1,0,0,0,0,1,0,0,0,0,0,0,0,0,0,0,0,0,0,0,0,0,0,0,0,0,0,0,0,0,0,0,0,0,0,0,3,2,0,3,0,2,2,0,0,2,0,1,0,0,2,1,2,3,6,7,4,3,9,3,3,3,7,3,2,1,2,3,3,5,1,0,4,2,5,8,7,2,3,4,2,2,0,1,3,3,7,6,6,4,3,0,4,4,4,0,0,4,1,2,1,1,0,1,2,0,0,0,0,0,0,0,0,0,0,0,0,0,0,0,0,0,0,0,0,0,0,0,0,0,0,0,0,0,0,0,0,0,0
B,"BUCUREŞTI SECTORUL 2","BUCUREŞTI SECTORUL 2",179150,364,"ŞCOALA GIMNAZIALĂ NR. 85",U,1187,12,390,7,0,2,399,19,27,30,77,42,12,20,38,85,49,3,4,2,3,3,3,1,2,3,0,3,4,2,4,6,2,1,3,3,1,4,4,6,3,3,2,1,2,6,6,2,6,6,6,4,2,5,3,1,4,6,5,0,4,5,2,2,1,4,2,3,6,3,1,0,3,1,1,4,3,2,0,1,0,2,0,1,0,0,0,1,0,1,0,1,1,0,0,0,0,0,0,0,0,0,0,0,0,0,0,0,0,0,0,0,0,0,0,0,0,0,0,0,1,5,1,1,0,2,2,4,2,2,0,1,1,3,4,1,2,4,4,6,2,3,3,4,3,2,7,5,2,3,3,4,8,5,2,7,5,5,6,11,5,2,3,2,2,2,3,2,5,3,1,3,7,2,2,2,4,2,3,3,1,2,0,3,1,1,0,0,0,0,1,1,0,0,0,0,0,0,0,0,0,0,0,0,0,0,0,0,0,0,0,0,0,0,0,0,0,0,0,0,0,0,0
B,"BUCUREŞTI SECTORUL 2","BUCUREŞTI SECTORUL 2",179150,365,"ŞCOALA GIMNAZIALĂ NR. 85",U,1191,9,450,11,0,0,461,16,25,47,77,44,13,22,45,99,73,2,2,4,2,1,2,3,4,1,1,5,1,4,3,2,2,2,2,7,4,8,3,6,4,4,5,4,6,3,5,8,5,7,0,0,1,5,5,7,5,3,4,3,4,3,3,0,0,6,2,0,3,6,2,2,3,2,1,4,2,1,4,0,0,0,0,1,2,0,1,0,0,2,0,0,0,0,0,0,0,0,0,0,0,0,0,0,0,0,0,0,0,0,0,0,0,0,0,0,0,0,0,0,4,1,1,2,1,0,4,1,2,1,2,4,1,5,2,3,1,5,3,6,4,2,5,3,2,10,5,8,3,5,8,8,5,6,1,6,6,5,4,7,7,2,5,5,2,4,2,8,5,5,1,6,4,6,0,3,5,1,6,4,3,3,0,2,2,3,0,0,2,1,1,1,1,0,0,0,0,0,0,0,0,0,0,0,0,0,0,0,0,0,0,0,0,0,0,0,0,0,0,0,0,0,0
B,"BUCUREŞTI SECTORUL 2","BUCUREŞTI SECTORUL 2",179150,366,"ŞCOALA GIMNAZIALĂ NR. 85",U,1031,14,434,8,0,0,442,9,14,48,65,65,11,19,44,83,84,2,3,1,0,0,1,2,2,0,0,2,3,0,0,2,4,1,7,2,4,5,6,2,7,1,4,10,4,1,6,3,3,3,4,6,3,0,1,6,4,4,3,3,1,5,1,4,3,7,4,5,5,8,2,4,3,2,7,3,3,1,3,0,3,1,1,0,0,0,0,0,0,0,0,0,0,0,0,0,0,0,0,0,0,0,0,0,0,0,0,0,0,0,0,0,0,0,0,0,0,0,0,0,1,6,1,1,0,2,0,3,2,0,2,3,1,3,3,0,2,5,2,3,3,8,2,8,3,3,7,6,2,4,7,4,8,2,2,3,2,1,5,8,5,1,6,5,5,3,4,8,11,7,5,8,5,8,5,2,5,5,1,3,1,1,1,3,2,1,1,0,0,0,0,0,0,0,0,1,0,0,0,0,0,0,0,0,0,0,0,0,0,0,0,0,0,0,0,0,0,0,0,0,0,0,0
B,"BUCUREŞTI SECTORUL 2","BUCUREŞTI SECTORUL 2",179150,367,"ȘCOALA GIMNAZIALĂ ”IANCULUI”",U,1282,12,450,7,0,0,457,17,31,55,89,37,15,26,43,100,44,4,4,2,2,2,2,1,1,2,1,1,4,5,7,2,2,6,6,5,7,2,4,9,6,8,5,3,2,5,2,5,8,3,4,2,5,5,9,7,9,6,3,1,4,2,4,3,2,1,1,2,5,1,3,1,7,2,0,3,2,2,1,1,0,1,0,0,0,1,0,0,0,0,0,0,0,0,0,1,0,0,0,0,0,0,0,0,0,0,0,0,0,0,0,0,0,0,0,0,0,0,0,0,4,4,1,1,2,3,0,0,1,2,1,2,1,6,3,3,7,3,4,7,7,2,6,5,2,5,2,4,5,5,6,7,7,8,3,3,4,4,9,11,5,1,3,3,5,1,6,6,2,2,4,3,4,1,5,2,2,6,4,1,0,1,1,0,0,0,0,0,0,0,0,0,0,0,0,0,0,0,0,0,0,0,0,0,0,0,0,0,0,0,0,0,0,0,0,0,0,0,0,0,0,0,0
B,"BUCUREŞTI SECTORUL 2","BUCUREŞTI SECTORUL 2",179150,368,"ȘCOALA GIMNAZIALĂ ”IANCULUI”",U,1817,34,616,7,0,1,624,14,31,76,131,50,17,19,93,128,65,3,2,1,3,1,2,2,2,2,2,2,2,4,3,2,4,8,9,5,6,5,5,4,7,11,8,16,11,12,9,6,8,9,10,5,6,5,4,8,6,11,4,3,3,4,0,7,4,1,4,4,2,3,4,2,4,2,6,2,6,1,1,0,1,1,2,0,0,0,0,0,0,0,0,0,0,0,0,0,0,0,0,0,0,0,0,0,0,0,0,0,0,0,0,0,0,0,0,0,0,0,0,0,4,2,2,3,1,2,3,3,2,1,2,1,0,1,3,1,5,8,15,13,5,7,10,9,7,8,11,11,8,9,12,4,4,9,5,5,8,12,8,10,7,0,2,5,3,5,1,1,3,1,2,6,8,3,6,3,3,3,3,3,2,5,3,2,1,1,2,3,0,0,1,0,0,0,0,0,0,0,0,0,0,0,0,0,0,0,0,0,0,0,0,0,0,0,0,0,0,0,0,0,0,0,0
B,"BUCUREŞTI SECTORUL 3","BUCUREŞTI SECTORUL 3",179169,369,"ȘCOALA GIMNAZIALĂ „BARBU DELAVRANCEA”",U,1412,76,202,7,1,0,210,1,12,17,48,28,4,10,13,38,39,0,1,0,0,0,0,0,1,3,1,1,0,1,3,1,0,1,1,1,1,3,1,3,2,4,1,0,4,0,7,0,3,4,1,1,1,5,1,3,5,5,1,1,1,1,1,3,2,2,2,2,2,1,5,2,1,1,3,1,0,0,1,0,1,1,0,1,0,0,0,0,0,0,0,0,0,0,0,0,0,0,0,0,0,0,0,0,0,0,0,0,0,0,0,0,0,0,0,0,0,0,0,0,0,0,0,3,0,0,1,3,1,1,1,1,2,1,0,0,0,0,1,3,2,2,1,0,1,0,3,2,0,3,1,1,2,2,1,2,2,2,3,4,1,3,2,1,2,2,2,1,2,2,5,4,2,2,2,3,1,5,0,3,0,0,1,1,0,1,0,0,2,1,0,0,0,1,0,0,0,0,0,0,0,0,0,0,0,0,0,0,0,0,0,0,0,0,0,0,0,0,0,0,0,0,0
B,"BUCUREŞTI SECTORUL 3","BUCUREŞTI SECTORUL 3",179169,370,"ȘCOALA GIMNAZIALĂ „BARBU DELAVRANCEA”",U,647,54,103,8,1,30,142,1,7,16,17,15,5,6,9,30,36,0,0,0,0,0,0,1,1,1,1,1,1,0,0,0,1,1,1,1,0,3,2,3,2,1,3,0,2,1,1,0,0,0,0,1,0,0,2,3,1,1,2,1,1,1,0,0,1,1,0,2,1,0,1,0,1,2,0,1,1,1,0,0,0,1,0,0,2,0,0,0,0,0,0,0,0,0,0,0,0,0,0,0,0,0,0,0,0,0,0,0,0,0,0,0,0,0,0,0,0,0,0,0,0,0,0,0,3,1,1,1,1,0,1,0,1,1,0,1,0,0,1,1,3,0,0,0,2,1,1,2,1,2,1,0,1,3,0,3,2,2,3,2,2,1,1,3,0,0,1,3,3,4,1,3,2,2,5,0,2,0,2,3,0,0,2,1,0,0,0,0,1,1,0,0,0,1,0,0,0,0,0,0,0,0,0,0,0,0,0,0,0,0,0,0,0,0,0,0,0,0,0,0,0,0,0
B,"BUCUREŞTI SECTORUL 3","BUCUREŞTI SECTORUL 3",179169,371,"ȘCOALA GIMNAZIALĂ „BARBU DELAVRANCEA”",U,706,116,168,9,0,41,218,4,9,20,30,36,7,15,10,35,52,1,0,2,0,0,0,1,0,1,1,1,0,0,1,3,1,1,0,4,2,2,4,2,4,0,1,1,0,0,2,2,1,0,1,0,1,2,0,1,7,3,2,1,2,1,2,2,6,2,2,2,3,2,0,4,5,4,0,2,0,0,1,2,0,0,0,0,0,0,1,0,0,0,0,0,0,0,0,0,0,0,0,0,0,0,0,0,0,0,0,0,0,0,0,0,0,0,0,0,0,0,0,0,1,1,1,1,1,0,2,3,2,2,1,1,1,0,1,2,2,0,1,1,1,2,2,0,0,2,1,1,2,1,2,2,1,3,0,0,3,1,2,5,2,0,2,1,1,1,5,3,1,1,4,3,6,4,2,3,4,1,4,4,1,0,1,1,3,1,1,0,1,2,0,0,0,0,0,1,0,0,0,0,0,0,0,0,0,0,0,0,0,0,0,0,0,0,0,0,0,0,0,0,0,0,0
B,"BUCUREŞTI SECTORUL 3","BUCUREŞTI SECTORUL 3",179169,372,"ȘCOALA GIMNAZIALĂ „BARBU DELAVRANCEA”",U,1135,32,213,11,0,0,224,8,9,11,45,24,4,10,25,41,47,1,2,1,1,2,1,0,2,1,2,1,0,0,2,0,1,0,0,3,1,1,1,2,0,0,3,0,3,1,3,3,1,8,2,0,2,1,1,4,4,2,3,0,1,1,1,4,0,0,1,5,3,1,1,2,3,0,2,0,0,1,1,0,1,0,0,0,0,1,0,0,0,0,0,1,1,0,0,0,0,0,0,0,0,0,0,0,0,0,0,0,0,0,0,0,0,0,0,0,0,0,0,0,3,1,0,0,0,0,0,1,1,2,1,0,0,0,1,3,1,1,1,3,7,2,2,1,2,2,4,1,5,2,1,3,4,1,1,0,3,1,2,2,3,1,2,4,3,1,1,3,7,2,6,1,4,4,0,3,4,2,1,1,0,0,2,1,0,1,1,2,1,1,0,0,0,0,0,0,0,0,0,0,0,0,0,0,0,0,0,0,0,0,0,0,0,0,0,0,0,0,0,0,0,0,0
B,"BUCUREŞTI SECTORUL 3","BUCUREŞTI SECTORUL 3",179169,373,"ȘCOALA GIMNAZIALĂ „BARBU DELAVRANCEA”",U,904,38,230,12,0,0,242,6,7,20,46,35,12,11,23,47,35,1,1,0,1,1,1,1,0,1,1,1,2,1,1,0,0,0,1,1,2,1,4,2,1,2,3,3,4,1,3,4,2,4,3,3,1,2,1,2,3,0,1,4,2,2,0,4,2,2,3,4,2,3,2,0,3,0,3,4,1,0,0,2,0,2,0,1,0,0,0,0,0,0,0,0,1,0,0,0,0,0,0,0,0,0,0,0,0,0,0,0,0,0,0,0,0,0,0,0,0,0,0,0,3,0,4,1,0,1,3,0,2,2,0,0,2,0,1,2,2,4,1,2,0,1,2,4,5,3,1,2,2,4,1,2,3,4,1,3,4,3,2,3,3,4,1,2,2,1,0,3,2,1,3,1,3,2,2,1,2,2,2,0,4,3,0,1,1,1,0,0,0,1,0,0,0,0,0,0,0,0,0,0,0,0,0,0,0,0,0,0,0,0,0,0,0,0,0,0,0,0,0,0,0,0,0
B,"BUCUREŞTI SECTORUL 3","BUCUREŞTI SECTORUL 3",179169,374,"ȘCOALA GIMNAZIALĂ „BARBU DELAVRANCEA”",U,1319,29,400,7,0,1,408,12,30,38,76,39,9,22,47,78,57,0,2,2,3,2,1,2,3,1,4,6,1,1,2,5,4,3,3,2,4,6,5,4,4,0,7,3,5,2,3,6,6,2,4,6,0,4,2,5,10,10,1,3,2,2,1,2,2,0,2,2,0,4,7,3,1,5,3,2,2,2,0,1,0,1,0,0,0,0,0,1,0,0,1,0,0,0,0,0,0,0,0,0,0,0,0,0,0,0,0,0,0,0,0,0,0,0,0,0,0,0,0,0,2,2,2,2,0,0,1,2,2,3,4,2,2,2,1,3,1,6,3,5,2,3,6,5,4,4,9,2,5,2,4,6,4,3,3,2,3,3,8,9,3,2,4,7,3,4,1,3,4,3,2,7,6,1,3,4,3,7,1,2,2,3,1,0,1,0,1,1,1,1,0,0,0,0,0,0,0,0,0,0,0,0,0,0,0,0,0,0,0,0,0,0,0,0,0,0,0,0,0,0,0,0,0
B,"BUCUREŞTI SECTORUL 3","BUCUREŞTI SECTORUL 3",179169,375,"ŞCOALA GIMNAZIALĂ ”BARBU DELAVRANCEA”",U,1642,122,565,10,3,1,579,16,27,61,62,82,12,33,58,105,123,3,4,2,2,2,2,1,5,1,1,2,1,3,0,5,4,5,4,8,8,7,4,9,4,5,8,4,5,5,2,4,5,3,3,1,3,2,3,3,1,4,3,4,3,2,3,3,4,8,8,5,1,6,4,6,7,5,4,5,3,1,2,2,1,0,1,0,3,0,2,0,3,0,1,0,0,0,0,0,0,0,0,0,0,0,0,0,0,0,0,0,0,0,0,0,0,0,0,0,0,0,0,0,3,1,0,1,0,1,6,0,3,3,4,4,5,1,4,1,8,2,7,9,9,9,5,3,8,5,1,9,5,8,3,6,4,5,6,4,4,6,5,3,13,2,4,3,5,4,6,8,6,7,12,8,9,11,7,4,8,9,6,4,5,3,3,2,2,1,0,1,2,1,1,1,0,0,2,0,0,0,0,0,0,0,0,0,0,0,0,0,0,0,0,0,0,0,0,0,0,0,0,0,0,0,0
B,"BUCUREŞTI SECTORUL 3","BUCUREŞTI SECTORUL 3",179169,376,"ŞCOALA GIMNAZIALĂ ”BARBU DELAVRANCEA”",U,3025,3,14,11,0,0,25,1,1,4,4,2,3,1,0,7,2,0,1,0,0,0,0,0,1,0,0,0,0,0,0,0,0,0,1,0,1,0,1,0,0,1,0,0,1,0,0,0,0,0,0,0,1,0,0,0,0,0,1,0,0,1,0,0,0,1,0,0,0,0,0,0,0,0,0,0,1,0,0,0,0,0,0,0,0,0,0,0,0,0,0,0,0,0,0,0,0,0,0,0,0,0,0,0,0,0,0,0,0,0,0,0,0,0,0,0,0,0,0,0,0,2,0,0,1,0,0,0,0,0,0,1,0,0,0,0,0,0,0,0,0,0,0,0,0,0,0,0,1,0,0,1,0,0,0,0,0,0,1,3,0,0,0,1,0,0,0,0,0,0,0,0,0,0,0,1,0,0,0,0,0,0,0,0,0,0,0,0,1,0,0,0,0,0,0,0,0,0,0,0,0,0,0,0,0,0,0,0,0,0,0,0,0,0,0,0,0,0,0,0,0,0,0
B,"BUCUREŞTI SECTORUL 3","BUCUREŞTI SECTORUL 3",179169,377,"ȘCOALA GIMNAZIALĂ ”BARBU DELAVRANCEA”",U,2853,0,10,8,0,0,18,1,3,0,3,1,2,2,1,4,1,0,0,0,0,1,0,0,1,1,0,0,0,0,0,1,0,0,0,0,0,0,0,0,0,0,0,0,0,0,0,0,0,0,0,0,0,0,0,0,0,0,0,1,1,0,1,0,0,0,0,0,0,0,0,0,0,0,0,1,0,0,0,0,0,0,0,0,0,0,0,0,0,0,0,0,0,0,0,0,0,0,0,0,0,0,0,0,0,0,0,0,0,0,0,0,0,0,0,0,0,0,0,0,0,1,1,0,0,0,0,0,0,0,0,0,0,0,1,1,0,0,0,0,0,1,0,0,0,0,0,0,0,0,0,0,1,0,0,0,0,0,2,0,0,1,0,0,0,0,0,0,0,0,0,0,0,0,0,0,0,0,0,0,0,0,0,0,0,0,0,1,0,0,0,0,0,0,0,0,0,0,0,0,0,0,0,0,0,0,0,0,0,0,0,0,0,0,0,0,0,0,0,0,0,0,0
B,"BUCUREŞTI SECTORUL 3","BUCUREŞTI SECTORUL 3",179169,378,"ŞCOALA GIMNAZIALĂ ”BARBU DELAVRANCEA”",U,2984,0,7,8,0,0,15,1,1,2,3,0,1,2,0,2,3,1,0,0,0,0,0,0,0,1,0,0,0,0,0,0,0,0,0,1,0,0,1,0,0,0,0,0,0,1,0,0,1,0,0,0,0,0,0,0,0,0,0,0,0,1,0,0,0,0,0,0,0,0,0,0,0,0,0,0,0,0,0,0,0,0,0,0,0,0,0,0,0,0,0,0,0,0,0,0,0,0,0,0,0,0,0,0,0,0,0,0,0,0,0,0,0,0,0,0,0,0,0,0,0,0,1,0,0,0,0,0,0,0,0,0,0,0,1,0,1,0,0,0,0,0,0,0,0,0,0,0,1,0,0,0,0,0,0,0,0,0,0,1,0,0,0,0,0,0,0,0,1,1,1,0,0,0,0,0,0,0,0,0,0,0,0,0,0,0,0,0,0,0,0,0,0,0,0,0,0,0,0,0,0,0,0,0,0,0,0,0,0,0,0,0,0,0,0,0,0,0,0,0,0,0,0
B,"BUCUREŞTI SECTORUL 3","BUCUREŞTI SECTORUL 3",179169,379,"ŞCOALA GIMNAZIALĂ ”BARBU DELAVRANCEA”",U,3071,0,35,8,0,15,58,3,5,4,12,5,2,4,6,8,9,1,0,0,0,0,1,1,0,1,0,0,2,0,0,1,1,0,0,1,0,0,0,0,2,1,0,0,2,2,0,0,0,0,3,1,0,1,0,0,1,1,1,0,0,0,0,0,0,1,0,1,0,0,0,0,1,0,1,0,1,0,0,0,0,0,0,0,0,0,0,0,0,0,0,0,0,0,0,0,0,0,0,0,0,0,0,0,0,0,0,0,0,0,0,0,0,0,0,0,0,0,0,0,1,0,1,0,0,0,0,1,0,1,0,0,1,0,0,1,0,0,0,0,0,1,1,2,0,1,1,0,1,0,0,1,0,0,0,1,0,1,0,0,0,2,0,1,0,0,1,0,1,0,1,0,2,0,1,1,0,0,1,0,1,0,0,0,0,0,1,0,0,0,0,0,0,0,0,0,0,0,0,0,0,0,0,0,0,0,0,0,0,0,0,0,0,0,0,0,0,0,0,0,0,0,0
B,"BUCUREŞTI SECTORUL 3","BUCUREŞTI SECTORUL 3",179169,380,"COLEGIUL NAŢIONAL ”MATEI BASARAB”;",U,2398,0,3,10,0,0,13,1,2,1,1,0,2,1,1,3,1,0,0,0,0,0,0,1,0,0,1,0,0,0,0,1,0,0,0,0,0,1,0,0,0,0,0,0,1,0,0,0,0,0,0,0,0,0,0,0,0,0,0,0,0,0,0,0,0,0,0,0,0,0,0,0,0,0,0,0,0,0,0,0,0,0,0,0,0,0,0,0,0,0,0,0,0,0,0,0,0,0,0,0,0,0,0,0,0,0,0,0,0,0,0,0,0,0,0,0,0,0,0,0,0,1,0,1,0,0,0,0,0,0,0,0,0,0,0,0,1,0,1,0,0,0,0,0,0,0,0,0,0,0,0,2,0,0,0,0,0,0,1,0,0,0,0,0,0,0,0,0,0,0,1,0,0,0,0,0,0,0,0,0,0,0,0,0,0,0,0,0,0,0,0,0,0,0,0,0,0,0,0,0,0,0,0,0,0,0,0,0,0,0,0,0,0,0,0,0,0,0,0,0,0,0,0
B,"BUCUREŞTI SECTORUL 3","BUCUREŞTI SECTORUL 3",179169,381,"COLEGIUL NAŢIONAL ”MATEI BASARAB”;",U,1756,29,487,7,1,2,497,12,22,31,108,62,14,23,39,103,83,2,0,1,1,0,6,2,4,3,2,2,1,3,3,0,0,4,1,3,0,6,2,4,5,5,1,4,5,7,7,6,4,5,6,4,6,5,1,8,8,8,6,3,1,6,8,4,8,2,1,2,8,8,3,7,4,2,3,0,3,1,0,0,1,0,1,2,0,0,0,1,1,1,0,1,0,1,0,0,1,0,0,0,0,0,0,0,0,0,0,0,0,0,0,0,0,0,0,0,0,0,0,0,2,0,5,1,0,3,3,2,3,2,1,6,2,1,2,1,3,2,3,7,4,4,3,5,3,6,2,6,5,3,7,4,6,6,5,7,5,8,7,3,8,6,6,2,4,2,3,5,6,6,7,7,5,6,4,5,2,2,2,2,1,9,1,0,2,1,2,3,2,0,0,1,2,0,0,0,0,0,0,0,0,0,0,0,0,0,0,0,0,0,0,0,0,0,0,0,0,0,0,0,0,0,0
B,"BUCUREŞTI SECTORUL 3","BUCUREŞTI SECTORUL 3",179169,382,"COLEGIUL NAŢIONAL ”MATEI BASARAB”;",U,1893,88,535,13,0,24,572,15,29,53,118,62,12,30,57,131,65,2,6,1,0,4,0,2,2,3,3,2,1,1,6,2,4,5,5,4,2,4,5,5,4,5,8,11,4,3,7,4,7,5,9,11,0,8,5,8,6,8,4,5,6,5,8,5,2,2,6,2,6,8,5,5,2,1,2,3,0,3,2,1,2,0,0,2,1,0,1,1,2,0,1,2,0,0,0,0,0,0,0,0,0,0,0,0,0,0,0,0,0,0,0,0,0,0,0,0,0,0,0,0,2,2,3,1,2,0,2,2,5,2,9,1,3,2,2,3,1,4,2,8,5,6,4,9,6,5,8,9,5,4,3,6,5,10,7,3,6,6,9,14,10,3,8,1,8,8,6,6,2,7,4,2,6,4,4,2,4,1,1,5,1,1,2,0,1,1,2,0,3,1,1,0,1,2,0,0,1,0,0,0,0,0,0,0,0,0,0,0,0,0,0,0,0,0,0,0,0,0,0,0,0,0,0
B,"BUCUREŞTI SECTORUL 3","BUCUREŞTI SECTORUL 3",179169,383,"COLEGIUL NAŢIONAL ”MATEI BASARAB”;",U,1793,42,571,9,1,1,582,24,21,51,120,62,23,30,61,112,78,4,5,3,1,3,5,3,2,1,0,1,1,2,3,2,6,3,7,6,3,5,4,7,4,7,3,5,4,3,8,7,10,4,6,2,7,5,2,9,7,13,0,4,5,10,7,7,3,5,7,3,1,4,5,6,5,2,3,4,1,1,3,3,3,0,0,0,1,1,0,0,0,0,0,1,0,0,0,0,0,0,0,0,0,0,0,0,0,0,0,0,0,0,0,0,0,0,0,0,0,0,0,0,6,2,6,1,3,2,3,4,2,2,4,2,4,3,3,3,3,6,9,6,7,6,4,3,4,5,11,3,6,4,2,4,3,11,2,8,8,6,7,8,8,5,4,8,2,6,7,6,4,7,2,12,5,7,2,7,2,1,3,2,5,3,3,3,1,0,1,1,1,0,0,0,0,0,0,0,0,0,0,0,0,0,0,0,0,0,0,0,0,0,0,0,0,0,0,0,0,0,0,0,0,0,0
B,"BUCUREŞTI SECTORUL 3","BUCUREŞTI SECTORUL 3",179169,384,"COLEGIUL NAȚIONAL ”MATEI BASARAB”",U,2479,0,0,8,0,0,8,0,0,0,2,1,1,0,1,2,1,0,0,0,0,0,0,0,0,0,0,0,0,0,0,0,0,0,0,0,0,0,0,0,0,0,0,0,0,0,1,0,0,0,0,0,0,0,0,0,1,0,0,0,0,0,0,0,0,0,0,0,0,0,0,0,0,1,0,0,0,0,0,0,0,0,0,0,0,0,0,0,0,0,0,0,0,0,0,0,0,0,0,0,0,0,0,0,0,0,0,0,0,0,0,0,0,0,0,0,0,0,0,0,0,0,1,0,0,0,0,0,0,0,0,0,0,0,0,0,0,0,0,0,0,0,0,1,0,0,0,0,0,0,0,0,0,1,0,0,0,0,0,0,0,0,0,1,0,0,0,1,0,0,0,0,0,0,0,0,0,0,0,0,0,0,0,0,0,0,0,0,0,0,0,0,0,0,0,0,0,0,0,0,0,0,0,0,0,0,0,0,0,0,0,0,0,0,0,0,0,0,0,0,0,0,0
B,"BUCUREŞTI SECTORUL 3","BUCUREŞTI SECTORUL 3",179169,385,"COLEGIUL NAȚIONAL ”MATEI BASARAB”",U,2975,1,4,9,0,0,13,0,0,4,1,0,1,2,1,4,0,0,0,0,0,0,0,0,0,0,0,0,0,0,0,0,0,0,0,0,1,1,0,0,1,0,0,1,0,0,0,1,0,0,0,0,0,0,0,0,0,0,0,0,0,0,0,0,0,0,0,0,0,0,0,0,0,0,0,0,0,0,0,0,0,0,0,0,0,0,0,0,0,0,0,0,0,0,0,0,0,0,0,0,0,0,0,0,0,0,0,0,0,0,0,0,0,0,0,0,0,0,0,0,0,1,0,0,0,0,0,0,0,0,1,1,0,0,0,0,0,0,0,0,0,0,0,0,0,1,0,0,1,0,0,1,1,0,0,0,0,1,0,0,0,0,0,0,0,0,0,0,0,0,0,0,0,0,0,0,0,0,0,0,0,0,0,0,0,0,0,0,0,0,0,0,0,0,0,0,0,0,0,0,0,0,0,0,0,0,0,0,0,0,0,0,0,0,0,0,0,0,0,0,0,0,0
B,"BUCUREŞTI SECTORUL 3","BUCUREŞTI SECTORUL 3",179169,386,"COLEGIUL NAȚIONAL ”MATEI BASARAB”",U,2509,0,1,7,0,0,8,2,0,0,1,0,1,0,0,3,1,0,0,0,0,1,1,0,0,0,0,0,0,0,0,0,0,0,0,0,0,0,0,0,0,0,0,0,0,0,0,0,0,0,1,0,0,0,0,0,0,0,0,0,0,0,0,0,0,0,0,0,0,0,0,0,0,0,0,0,0,0,0,0,0,0,0,0,0,0,0,0,0,0,0,0,0,0,0,0,0,0,0,0,0,0,0,0,0,0,0,0,0,0,0,0,0,0,0,0,0,0,0,0,0,0,0,0,0,1,0,0,0,0,0,0,0,0,0,0,0,0,0,0,0,0,0,0,0,0,0,0,0,1,0,1,0,1,0,0,0,0,0,0,0,0,0,0,0,0,0,1,0,0,0,0,0,0,0,0,0,0,0,0,0,0,0,0,0,0,0,0,0,0,0,0,0,0,0,0,0,0,0,0,0,0,0,0,0,0,0,0,0,0,0,0,0,0,0,0,0,0,0,0,0,0,0
B,"BUCUREŞTI SECTORUL 3","BUCUREŞTI SECTORUL 3",179169,387,"CENTRUL ȘCOLAR DE EDUCAȚIE INCLUZIVĂ NR.5;",U,1308,68,481,10,0,0,491,9,19,34,103,58,8,36,44,103,77,1,2,1,1,2,2,0,1,1,3,0,0,2,2,2,3,5,4,3,4,5,3,3,2,1,6,3,6,9,4,4,5,8,3,7,4,4,1,5,8,13,3,5,5,1,4,4,3,4,5,7,5,5,2,2,3,2,2,1,2,1,4,3,2,1,1,0,1,1,1,0,0,0,0,0,0,0,0,0,0,0,0,0,0,0,0,0,0,0,0,0,0,0,0,0,0,0,0,0,0,0,0,0,0,1,2,0,2,1,2,1,2,2,1,1,2,7,8,7,5,2,4,7,2,3,6,2,3,8,7,5,3,3,1,7,8,3,5,4,7,8,9,7,11,4,3,5,3,2,5,1,8,2,6,8,5,8,4,5,4,2,6,3,3,1,2,2,1,0,3,2,0,0,1,0,0,0,0,0,0,0,0,0,0,0,0,0,0,0,0,0,0,0,0,0,0,0,0,0,0,0,0,0,0,0,0
B,"BUCUREŞTI SECTORUL 3","BUCUREŞTI SECTORUL 3",179169,388,"CENTRUL ȘCOLAR DE EDUCAȚIE INCLUZIVĂ NR.5;",U,1381,57,452,10,0,0,462,18,22,35,95,45,7,20,50,118,52,4,0,2,4,1,4,3,0,4,3,2,0,1,2,3,4,3,3,1,2,4,5,4,4,2,4,6,6,6,5,4,5,7,3,6,4,3,7,5,6,4,2,0,8,2,6,6,4,3,4,4,2,4,2,4,3,0,2,1,1,1,1,1,1,3,0,1,0,1,0,0,1,0,0,0,1,0,0,0,0,0,0,0,0,0,0,0,0,0,0,0,0,0,0,0,0,0,0,0,0,0,0,0,2,0,1,1,0,0,3,2,5,1,3,1,2,1,1,3,1,6,3,4,7,4,4,7,3,7,5,7,5,6,5,6,12,7,1,7,7,10,5,6,5,3,7,3,2,7,7,6,5,3,1,4,7,0,5,2,2,3,2,2,2,1,0,0,2,2,0,1,0,0,0,0,1,1,0,0,0,0,0,0,0,0,0,0,0,0,0,0,0,0,0,0,0,0,0,0,0,0,0,0,0,0,0
B,"BUCUREŞTI SECTORUL 3","BUCUREŞTI SECTORUL 3",179169,389,"CENTRUL ȘCOLAR DE EDUCAȚIE INCLUZIVĂ NR.5;",U,1031,3,383,5,0,0,388,9,25,27,85,42,11,21,15,106,47,2,1,1,1,1,1,2,2,3,2,3,4,4,2,0,2,3,1,2,5,4,3,3,1,2,3,3,2,4,3,4,3,7,3,3,9,1,6,6,7,8,5,2,2,4,4,2,4,4,4,3,2,1,3,2,4,3,2,2,1,3,1,0,0,0,0,0,2,0,0,0,0,1,0,0,0,0,0,0,0,0,0,0,0,0,0,0,0,0,0,0,0,0,0,0,0,0,0,0,0,0,0,0,2,1,4,0,2,1,1,5,2,2,2,1,3,0,2,2,2,1,1,0,4,2,0,2,0,2,3,2,4,3,4,4,3,7,11,8,3,10,6,11,9,6,4,2,3,5,1,3,4,1,4,1,3,3,5,5,2,2,1,2,2,0,4,0,1,0,2,0,1,1,0,0,0,0,0,0,0,0,0,0,0,0,0,0,0,0,0,0,0,0,0,0,0,0,0,0,0,0,0,0,0,0,0
B,"BUCUREŞTI SECTORUL 3","BUCUREŞTI SECTORUL 3",179169,390,"CENTRUL ȘCOLAR DE EDUCAȚIE INCLUZIVĂ NR.5;",U,1305,39,455,9,0,0,464,12,16,47,86,44,10,34,53,103,59,2,2,2,3,0,2,1,2,2,1,0,1,0,3,4,1,2,3,3,5,4,6,6,5,6,6,3,8,1,7,5,4,3,4,1,0,6,5,3,4,7,3,2,2,5,6,10,7,4,4,1,2,5,3,3,0,1,3,2,2,2,0,2,1,0,0,0,0,0,0,0,0,0,0,0,1,0,1,0,0,0,0,0,0,0,0,0,0,0,0,0,0,0,0,0,0,0,0,0,0,0,0,0,0,3,1,2,3,0,1,1,3,2,6,2,2,5,4,6,3,6,2,7,7,6,4,1,5,7,8,4,4,4,8,4,7,5,4,1,3,5,8,9,11,4,2,3,10,5,2,10,6,5,2,6,4,6,1,3,2,1,2,2,0,1,0,1,0,1,0,2,2,0,1,1,0,0,0,0,0,0,0,0,0,0,0,0,0,0,0,0,0,0,0,0,0,0,0,0,0,0,0,0,0,0,0
B,"BUCUREŞTI SECTORUL 3","BUCUREŞTI SECTORUL 3",179169,391,"CENTRUL ȘCOLAR DE EDUCAȚIE INCLUZIVĂ NR.5;",U,1129,28,411,7,0,0,418,10,22,38,107,31,16,17,33,109,35,3,3,1,0,2,0,1,1,1,2,1,3,2,1,5,3,3,3,6,3,4,5,6,3,2,3,3,7,3,5,6,2,3,4,5,4,5,7,6,10,9,6,5,2,8,4,6,4,1,1,1,1,5,0,4,1,0,1,2,1,1,3,1,0,1,0,3,0,0,0,0,0,0,0,0,0,0,0,0,0,0,0,0,0,0,0,0,0,0,0,0,0,0,0,0,0,0,0,0,0,0,0,0,1,4,1,0,2,1,7,1,0,3,0,3,0,1,2,3,4,4,5,7,1,3,3,3,3,2,2,3,6,6,6,4,5,5,10,1,3,10,6,12,9,3,7,3,3,6,1,3,0,4,2,4,3,1,2,3,1,3,2,2,1,1,1,0,0,0,0,1,0,0,0,1,0,0,0,0,0,0,0,0,0,0,0,0,0,0,0,0,0,0,0,0,0,0,0,0,0,0,0,0,0,0,0
B,"BUCUREŞTI SECTORUL 3","BUCUREŞTI SECTORUL 3",179169,392,"CENTRUL ȘCOLAR DE EDUCAȚIE INCLUZIVĂ NR.5;",U,1573,20,495,14,0,0,509,9,33,67,85,46,14,31,67,96,61,1,0,4,0,1,1,2,4,3,2,6,3,4,3,3,2,3,4,8,5,8,7,8,6,6,9,6,6,6,7,7,2,5,7,2,3,3,5,6,5,6,5,0,2,4,1,3,4,7,4,4,2,1,5,4,4,2,0,1,0,2,0,1,2,1,1,0,1,0,0,0,0,0,0,0,0,0,0,0,0,0,0,0,0,0,0,0,0,0,0,0,0,0,0,0,0,0,0,0,0,0,0,0,3,2,3,3,2,0,1,1,2,2,2,5,4,2,4,3,6,10,7,5,9,10,2,3,7,8,6,6,5,4,5,7,7,1,6,3,2,7,6,9,6,3,2,6,2,6,3,6,3,2,7,4,7,5,4,1,4,0,2,0,2,4,2,3,1,0,0,0,3,1,0,0,0,0,0,0,0,0,0,0,0,0,0,0,0,0,0,0,0,0,0,0,0,0,0,0,0,0,0,0,0,0,0
B,"BUCUREŞTI SECTORUL 3","BUCUREŞTI SECTORUL 3",179169,393,"CENTRUL ȘCOLAR DE EDUCAȚIE INCLUZIVĂ NR.5;",U,1102,37,330,11,0,0,341,8,18,36,60,41,10,22,26,74,46,2,1,1,1,3,0,0,4,3,1,2,0,1,2,3,1,1,3,2,7,3,5,2,6,3,3,2,6,4,5,10,3,1,0,2,1,2,2,2,6,3,2,2,4,1,2,2,1,4,4,5,2,4,3,2,1,1,0,1,2,4,1,1,1,1,0,0,0,1,0,0,1,1,0,0,0,0,0,0,0,0,0,0,0,0,0,0,0,0,0,0,0,0,0,0,0,0,0,0,0,0,0,0,1,5,1,0,2,1,0,4,1,1,2,3,0,3,3,4,1,3,0,3,1,5,2,2,5,2,3,5,3,5,2,3,2,3,5,1,4,7,5,6,5,2,3,4,3,4,2,3,5,1,2,4,6,4,2,2,1,3,3,3,4,1,1,0,0,0,0,0,1,0,0,0,0,0,0,0,0,0,0,0,0,0,0,0,0,0,0,0,0,0,0,0,0,0,0,0,0,0,0,0,0,0,0
B,"BUCUREŞTI SECTORUL 3","BUCUREŞTI SECTORUL 3",179169,394,"ŞCOALA GIMNAZIALĂ ”CEZAR BOLLIAC”;",U,1446,35,559,11,0,0,570,15,35,56,105,74,7,36,49,126,67,2,3,2,2,3,3,0,1,3,0,3,3,3,2,8,5,7,3,6,7,6,7,4,8,2,7,6,3,7,11,3,4,5,4,2,3,6,5,3,9,3,3,5,11,4,8,6,6,7,7,4,4,8,3,5,6,2,3,2,3,3,2,1,1,2,0,0,1,1,1,0,1,1,0,0,0,0,0,0,0,0,0,0,0,0,0,0,0,0,0,0,0,0,0,0,0,0,0,0,0,0,0,0,4,1,2,0,0,0,0,3,3,4,0,2,5,2,3,7,7,4,3,3,4,5,10,4,5,4,7,8,6,2,7,7,3,0,4,4,2,6,10,9,14,5,3,13,9,5,9,6,5,5,2,2,8,5,2,2,5,3,4,5,2,3,1,1,3,0,2,0,0,0,0,1,0,0,0,0,0,0,0,0,0,0,0,0,0,0,0,0,0,0,0,0,0,0,0,0,0,0,0,0,0,0,0
B,"BUCUREŞTI SECTORUL 3","BUCUREŞTI SECTORUL 3",179169,395,"ŞCOALA GIMNAZIALĂ ”CEZAR BOLLIAC”;",U,1468,40,592,11,0,0,603,15,33,58,109,60,12,34,73,130,79,3,3,1,4,3,1,0,2,1,0,4,6,3,6,4,2,5,4,5,7,3,7,3,7,7,10,5,9,5,7,6,7,3,6,5,2,3,2,3,8,6,4,4,6,5,7,11,9,8,2,4,2,6,4,3,4,2,2,1,2,2,2,3,1,0,0,0,0,0,1,0,0,1,1,0,0,0,0,0,0,0,0,0,0,0,0,0,0,0,0,0,0,0,0,0,0,0,0,0,0,0,0,0,2,1,2,1,2,1,3,2,0,5,4,4,1,5,5,4,4,9,5,10,8,10,7,6,5,5,8,9,6,6,9,4,6,6,5,8,4,4,7,12,8,3,5,4,10,9,5,11,4,10,7,7,6,4,2,7,3,4,3,1,2,3,2,0,1,0,1,0,1,0,0,0,0,0,0,0,0,0,0,0,0,0,0,0,0,0,0,0,0,0,0,0,0,0,0,0,0,0,0,0,0,0,0
B,"BUCUREŞTI SECTORUL 3","BUCUREŞTI SECTORUL 3",179169,396,"ŞCOALA GIMNAZIALĂ ”CEZAR BOLLIAC”;",U,1371,54,581,8,1,0,590,18,27,52,102,78,16,32,56,131,78,3,1,4,2,3,2,3,3,1,4,2,3,2,6,2,2,2,2,5,4,5,7,11,2,3,7,6,7,8,8,9,5,3,5,1,4,5,4,6,5,6,1,4,5,7,5,4,11,6,1,16,5,4,6,2,0,4,2,4,2,6,1,1,0,0,0,0,2,1,0,1,0,2,0,0,0,1,0,0,0,0,0,0,0,0,0,0,0,0,0,0,0,0,0,0,0,0,0,0,0,0,0,0,3,4,1,1,3,2,2,1,2,0,3,3,5,8,1,2,7,3,6,4,8,4,8,3,6,3,11,8,7,6,6,7,7,7,6,5,4,4,5,7,10,10,5,10,5,7,5,4,6,7,4,5,10,5,4,8,3,3,4,5,1,0,3,1,1,0,0,0,1,1,0,1,1,0,0,0,0,0,0,0,0,0,0,0,0,0,0,0,0,0,0,0,0,0,0,0,0,0,0,0,0,0,0
B,"BUCUREŞTI SECTORUL 3","BUCUREŞTI SECTORUL 3",179169,397,"ŞCOALA GIMNAZIALĂ ”CEZAR BOLLIAC”;",U,1433,25,596,9,0,1,606,17,21,63,113,71,14,25,60,124,98,5,1,2,2,3,1,3,2,0,3,0,1,1,4,2,2,6,3,8,4,9,6,6,8,4,8,7,10,8,6,8,6,6,8,6,6,5,4,5,6,9,2,3,7,1,1,6,3,5,4,6,2,6,5,2,3,2,5,2,6,5,2,3,1,2,0,0,1,0,3,1,0,0,0,0,1,1,0,0,0,0,0,0,0,0,0,0,0,0,0,0,0,0,0,0,0,0,0,0,0,0,0,0,1,3,2,6,0,1,1,3,2,0,2,3,3,2,3,4,3,4,4,5,9,3,7,6,6,4,12,9,3,8,14,10,10,6,4,5,6,2,6,10,5,4,8,3,2,2,7,7,6,7,6,6,5,2,8,2,6,8,5,2,7,2,3,3,3,3,3,2,1,0,1,0,0,0,0,0,0,0,0,0,0,0,0,0,0,0,0,0,0,0,0,0,0,0,0,0,0,0,0,0,0,0,0
B,"BUCUREŞTI SECTORUL 3","BUCUREŞTI SECTORUL 3",179169,398,"ŞCOALA GIMNAZIALĂ ”CEZAR BOLLIAC”;",U,1157,31,492,10,0,0,502,10,23,47,92,54,7,22,54,95,98,3,0,1,1,1,2,2,2,3,2,2,3,2,3,3,2,1,3,8,3,6,5,6,3,2,4,7,3,6,8,5,5,6,7,8,6,4,3,4,3,8,1,4,0,2,2,7,2,1,1,1,2,1,1,3,2,4,6,5,2,4,3,3,2,2,1,3,1,0,4,0,0,0,0,0,0,0,0,0,0,0,0,0,0,0,0,0,0,0,0,0,0,0,0,0,0,0,0,0,0,0,0,0,2,1,2,0,0,2,0,1,2,1,2,2,4,3,2,4,1,3,5,8,9,3,7,5,5,2,7,7,2,10,4,7,3,5,9,2,2,4,3,9,5,3,3,4,5,6,2,1,2,1,5,2,4,4,12,7,6,7,10,7,10,5,4,1,1,1,3,2,1,0,1,1,0,0,0,0,0,0,0,0,0,0,0,0,0,0,0,0,0,0,0,0,0,0,0,0,0,0,0,0,0,0,0
B,"BUCUREŞTI SECTORUL 3","BUCUREŞTI SECTORUL 3",179169,399,"ŞCOALA GIMNAZIALĂ ”CEZAR BOLLIAC”;",U,1597,49,639,10,0,1,650,24,25,71,129,58,20,33,77,137,76,6,3,3,1,3,5,3,3,4,0,2,2,3,1,1,3,6,5,8,6,8,5,7,8,7,11,6,15,10,8,8,8,11,6,5,4,3,7,4,10,6,2,4,5,4,4,5,3,5,6,5,8,3,4,3,3,1,1,2,2,2,2,2,0,1,2,0,1,0,0,1,0,0,0,0,0,0,0,1,0,0,0,0,0,0,0,0,0,0,0,0,0,0,0,0,0,0,0,0,0,0,0,0,4,3,3,3,1,4,2,1,5,2,0,1,2,5,3,7,7,6,8,12,9,7,7,7,8,6,7,10,8,3,11,11,4,4,3,7,10,5,11,11,5,6,4,5,7,4,8,6,6,6,2,4,9,7,6,7,3,4,4,2,3,3,0,3,1,0,0,0,0,0,0,0,0,0,0,0,0,0,0,0,0,0,0,0,0,0,0,0,0,0,0,0,0,0,0,0,0,0,0,0,0,0,0
B,"BUCUREŞTI SECTORUL 3","BUCUREŞTI SECTORUL 3",179169,400,"ŞCOALA GIMNAZIALĂ ”CEZAR BOLLIAC”;",U,1362,18,531,7,0,0,538,18,14,53,102,60,13,24,45,113,96,6,1,3,0,4,2,2,2,1,1,2,0,1,2,1,2,2,2,2,5,3,8,8,8,6,6,5,7,4,4,10,6,5,8,1,7,5,3,5,10,6,4,3,3,3,6,2,2,5,4,4,4,7,4,5,2,2,5,3,4,3,2,0,1,1,1,0,0,0,0,1,0,0,0,0,0,0,0,0,0,0,0,0,0,0,0,0,0,0,0,0,0,0,0,0,0,0,0,0,0,0,0,0,3,1,1,4,1,3,0,1,3,1,2,1,4,3,3,4,2,4,3,7,7,8,5,1,6,3,1,6,7,5,7,0,10,12,3,6,8,5,3,11,12,2,3,3,5,1,4,7,9,6,5,6,12,6,5,6,4,7,5,0,1,3,2,3,0,1,4,0,1,0,1,1,0,0,1,0,0,0,0,0,0,0,0,0,0,0,0,0,0,0,0,0,0,0,0,0,0,0,0,0,0,0,0
B,"BUCUREŞTI SECTORUL 3","BUCUREŞTI SECTORUL 3",179169,401,"ŞCOALA GIMNAZIALĂ ”CEZAR BOLLIAC”;",U,1415,10,604,8,0,0,612,14,23,73,113,76,21,36,60,115,81,1,2,2,1,3,2,3,1,1,1,1,0,3,1,3,7,5,5,11,11,6,6,7,7,9,7,4,7,4,5,3,8,12,5,8,4,4,4,4,7,6,3,4,6,6,11,2,8,10,7,7,6,5,5,3,5,4,3,5,2,0,1,1,1,0,0,0,0,0,0,0,2,0,0,0,1,0,0,0,0,0,0,0,0,0,0,0,0,0,0,0,0,0,0,0,0,0,0,0,0,0,0,0,6,4,4,3,1,1,2,2,3,3,7,2,4,2,8,3,2,5,5,6,12,4,8,8,4,2,6,8,5,6,4,6,5,5,8,4,4,1,5,10,9,3,3,9,6,7,7,5,9,7,8,7,8,8,1,3,3,2,4,5,0,2,0,0,0,3,1,1,1,0,1,1,0,0,1,0,0,0,0,0,0,0,0,0,0,0,0,0,0,0,0,0,0,0,0,0,0,0,0,0,0,0,0
B,"BUCUREŞTI SECTORUL 3","BUCUREŞTI SECTORUL 3",179169,402,"ŞCOALA GIMNAZIALĂ NR.80;",U,1207,12,445,11,0,1,457,15,16,41,76,55,6,18,61,90,79,3,3,0,6,0,3,0,1,5,0,1,1,0,4,2,1,1,1,1,3,2,3,6,8,5,8,4,4,8,4,4,3,4,4,2,5,4,1,4,7,7,0,0,3,3,5,4,1,4,5,5,5,5,8,6,2,5,3,0,0,1,2,2,0,0,0,0,0,0,0,0,1,0,0,0,0,0,0,0,0,0,0,0,0,0,0,0,0,0,0,0,0,0,0,0,0,0,0,0,0,0,0,0,1,1,0,1,0,2,1,0,2,0,5,0,2,3,2,3,1,3,10,7,8,1,9,5,6,4,8,2,6,3,6,4,2,4,5,5,6,3,5,6,6,4,4,5,5,5,4,6,6,5,12,7,10,5,6,4,2,4,4,2,0,3,0,1,0,0,0,0,0,0,1,1,0,0,0,0,0,0,0,0,0,0,0,0,0,0,0,0,0,0,0,0,0,0,0,0,0,0,0,0,0,0,0
B,"BUCUREŞTI SECTORUL 3","BUCUREŞTI SECTORUL 3",179169,403,"ŞCOALA GIMNAZIALĂ NR.80;",U,1068,10,306,10,0,0,316,5,19,23,47,44,3,28,35,41,71,1,0,2,0,1,0,1,1,2,0,1,3,4,3,0,3,2,3,0,2,3,2,4,1,1,2,5,4,5,2,0,3,3,1,2,1,4,3,4,4,4,0,1,0,3,1,2,2,1,0,5,2,3,3,5,2,2,1,5,4,0,3,0,1,1,0,2,1,0,0,0,1,0,0,0,0,0,0,0,0,0,0,0,0,0,0,0,0,0,0,0,0,0,0,0,0,0,0,0,0,0,0,0,0,0,1,1,0,0,1,2,3,1,2,3,2,2,3,5,5,3,2,2,4,7,5,2,2,2,6,4,7,2,1,1,2,2,3,2,1,1,3,1,6,0,0,2,0,1,2,6,1,7,3,5,7,4,7,5,3,2,1,1,5,1,1,2,4,0,0,2,0,2,2,0,0,0,0,0,0,0,0,0,0,0,0,0,0,0,0,0,0,0,0,0,0,0,0,0,0,0,0,0,0,0,0
B,"BUCUREŞTI SECTORUL 3","BUCUREŞTI SECTORUL 3",179169,404,"ŞCOALA GIMNAZIALĂ NR.80;",U,1904,93,721,5,0,0,726,16,25,107,123,78,21,44,100,126,86,5,3,1,0,0,3,4,2,1,2,2,4,1,1,3,5,4,7,14,19,7,10,10,12,9,14,5,13,12,10,7,6,11,8,2,7,7,4,9,8,5,1,3,1,4,2,3,3,4,9,6,7,8,3,12,6,5,1,2,3,2,2,4,0,0,0,0,0,0,0,1,0,0,0,0,0,0,0,0,0,0,0,0,0,0,0,0,0,0,0,0,0,0,0,0,0,0,0,0,0,0,0,0,2,6,2,5,3,2,1,1,3,3,6,5,6,7,3,6,4,15,12,7,13,11,10,9,10,8,5,12,5,4,14,7,9,7,4,3,1,8,4,9,8,7,1,3,7,6,7,8,2,12,6,10,7,8,9,3,5,5,4,2,0,2,1,0,1,0,1,0,0,0,0,0,0,0,0,0,0,0,0,0,0,0,0,0,0,0,0,0,0,0,0,0,0,0,0,0,0,0,0,0,0,0,0
B,"BUCUREŞTI SECTORUL 3","BUCUREŞTI SECTORUL 3",179169,405,"ŞCOALA GIMNAZIALĂ NR.80;",U,1399,9,548,6,0,1,555,15,21,42,80,86,14,31,48,90,128,2,2,1,3,3,0,4,4,1,1,3,2,0,4,1,2,3,5,4,7,1,2,5,8,2,6,2,8,9,12,2,4,9,4,5,1,2,2,2,4,5,5,0,1,2,1,2,1,3,7,1,4,8,4,8,8,5,5,8,4,3,6,3,1,2,1,0,3,1,0,0,0,0,0,0,0,0,0,0,0,0,0,0,0,0,0,0,0,0,0,0,0,0,0,0,0,0,0,0,0,0,0,0,1,5,2,2,0,3,1,3,2,3,6,2,3,0,3,5,4,2,5,6,6,4,5,6,5,3,6,6,9,8,6,5,6,4,4,3,3,5,4,5,6,2,3,2,2,4,3,3,4,7,4,11,10,9,4,14,14,11,10,2,1,9,3,6,2,1,1,1,0,0,0,1,0,0,0,0,0,0,0,0,0,0,0,0,0,0,0,0,0,0,0,0,0,0,0,0,0,0,0,0,0,0,0
B,"BUCUREŞTI SECTORUL 3","BUCUREŞTI SECTORUL 3",179169,406,"ŞCOALA GIMNAZIALĂ NR.80;",U,979,9,383,7,0,1,391,8,15,37,70,39,10,23,42,78,69,2,1,1,0,2,2,0,1,3,1,2,2,1,1,0,4,0,6,3,2,2,7,8,1,3,1,4,3,10,6,4,3,3,4,5,1,6,7,3,7,2,1,0,1,2,1,1,1,2,4,3,4,1,6,2,4,1,1,2,2,1,0,0,0,1,2,0,0,1,0,1,0,0,0,0,0,0,0,0,0,0,0,0,0,0,0,0,0,0,0,0,0,0,0,0,0,0,0,0,0,0,0,0,2,2,3,0,1,2,0,2,3,2,2,0,3,2,3,3,3,3,3,9,3,4,5,3,3,5,4,5,6,6,5,8,4,1,10,2,2,3,9,3,3,4,2,0,0,3,2,3,1,4,2,6,5,7,2,4,4,5,5,2,2,3,1,2,1,2,1,2,2,0,1,0,0,0,1,0,0,0,0,0,0,0,1,0,0,0,0,0,0,0,0,0,0,0,0,0,0,0,0,0,0,0,0
B,"BUCUREŞTI SECTORUL 3","BUCUREŞTI SECTORUL 3",179169,407,"ŞCOALA GIMNAZIALĂ NR.80;",U,959,8,349,8,1,0,358,11,14,39,70,42,10,18,33,71,50,2,1,2,0,0,1,5,0,1,0,1,6,2,0,1,1,2,6,3,5,4,3,1,6,3,1,7,3,5,5,5,5,5,3,5,3,2,8,1,2,5,2,4,2,1,1,3,3,1,3,1,2,3,1,3,4,2,1,1,1,9,2,1,0,0,0,1,1,0,2,0,0,0,0,0,0,0,0,0,0,0,0,0,0,0,0,0,0,0,0,0,0,0,0,0,0,0,0,0,0,0,0,0,2,1,0,2,2,0,3,1,2,1,1,3,2,4,2,0,2,3,4,3,2,3,5,3,5,1,4,4,4,4,6,3,0,4,5,1,2,4,7,5,8,1,4,3,2,1,3,3,3,1,4,2,0,1,4,8,3,3,6,1,2,1,2,1,1,0,1,0,1,0,1,1,0,0,0,0,0,0,0,0,0,0,0,0,0,0,0,0,0,0,0,0,0,0,0,0,0,0,0,0,0,0,0
B,"BUCUREŞTI SECTORUL 3","BUCUREŞTI SECTORUL 3",179169,408,"ŞCOALA GIMNAZIALĂ NR.80;",U,1147,4,493,10,1,0,504,11,34,74,87,45,6,42,85,80,40,0,3,3,1,2,2,0,0,1,4,3,3,0,5,10,5,3,5,2,9,10,11,13,5,5,9,5,7,8,9,7,6,6,6,4,4,2,3,3,4,6,3,3,1,2,2,1,5,1,6,2,4,7,3,2,4,2,2,1,1,0,0,0,1,1,0,1,0,0,1,1,0,0,0,0,0,0,0,0,0,0,0,0,0,0,0,0,0,0,0,0,0,0,0,0,0,0,0,0,0,0,0,0,1,0,3,1,1,0,0,3,2,1,1,4,2,6,6,10,7,6,7,17,8,7,12,10,4,6,8,4,10,3,9,4,7,1,4,2,3,6,4,7,4,2,2,1,3,2,2,4,2,5,2,3,2,6,3,3,2,0,3,2,2,1,0,0,0,0,0,0,0,0,0,0,0,0,0,0,0,0,0,0,0,0,0,0,0,0,0,0,0,0,0,0,0,0,0,0,0,0,0,0,0,0,0
B,"BUCUREŞTI SECTORUL 3","BUCUREŞTI SECTORUL 3",179169,409,"ŞCOALA GIMNAZIALĂ NR.80;",U,990,4,348,8,0,0,356,8,19,33,58,40,13,22,42,66,55,1,1,0,1,1,1,3,1,2,3,2,2,0,2,3,1,3,3,5,1,0,5,4,4,7,0,4,3,3,1,4,2,2,1,2,2,2,7,3,1,9,4,2,6,2,1,1,2,1,4,4,2,3,5,4,2,1,1,0,2,2,2,1,1,2,1,0,0,0,0,0,0,0,0,0,0,0,0,0,0,0,0,0,0,0,0,0,0,0,0,0,0,0,0,0,0,0,0,0,0,0,0,0,2,0,2,2,3,2,2,2,3,3,2,2,3,1,0,5,1,4,4,5,6,2,13,5,1,2,0,4,4,6,3,5,3,2,6,6,1,3,1,4,5,2,2,3,2,2,2,3,7,9,3,4,6,2,3,0,3,3,6,1,1,0,0,1,0,2,0,0,0,0,0,1,0,0,0,0,0,0,0,0,0,0,0,0,0,0,0,0,0,0,0,0,0,0,0,0,0,0,0,0,0,0,0
B,"BUCUREŞTI SECTORUL 3","BUCUREŞTI SECTORUL 3",179169,410,"ŞCOALA GIMNAZIALĂ NR.81;",U,1760,19,712,15,0,0,727,32,45,64,157,48,31,47,64,185,54,8,2,4,3,4,4,7,5,3,5,3,3,4,6,9,6,1,4,7,4,6,7,7,10,4,8,7,6,9,12,7,10,11,6,8,6,3,6,17,11,11,6,8,4,5,4,7,4,2,8,1,4,4,4,2,3,1,1,4,2,1,1,3,2,0,1,0,0,0,0,0,0,0,0,0,0,0,0,0,0,0,0,0,0,0,0,0,0,0,0,0,0,0,0,0,0,0,0,0,0,0,0,0,6,7,4,3,3,5,3,2,3,7,6,7,4,4,6,4,4,1,9,6,13,2,7,6,5,5,10,8,9,12,9,13,13,8,6,6,10,11,9,16,15,13,5,9,4,5,4,3,6,7,6,2,3,2,4,0,4,3,2,3,2,3,1,0,0,0,0,1,0,1,1,0,0,0,0,0,0,0,0,0,0,0,0,0,0,0,0,0,0,0,0,0,0,0,0,0,0,0,0,0,0,0,0
B,"BUCUREŞTI SECTORUL 3","BUCUREŞTI SECTORUL 3",179169,411,"ŞCOALA GIMNAZIALĂ NR.81;",U,1468,7,486,6,0,0,492,16,21,67,89,49,11,24,63,103,49,7,4,1,1,1,0,2,1,1,0,3,1,1,5,0,3,6,4,9,11,3,7,3,13,4,7,6,6,6,3,8,3,6,1,5,2,3,4,5,6,6,5,3,7,4,2,4,5,5,1,10,4,1,7,3,0,2,5,2,1,1,1,0,0,0,0,1,0,0,0,0,0,0,0,0,0,0,0,0,0,0,0,0,0,0,0,0,0,0,0,0,0,0,0,0,0,0,0,0,0,0,0,0,1,1,0,2,2,2,3,0,0,0,3,5,2,0,5,5,4,4,9,10,4,8,2,7,6,6,7,8,4,4,4,3,5,6,3,3,2,3,11,9,8,6,6,3,6,4,5,2,3,7,6,5,4,3,4,1,2,4,1,5,0,2,0,0,0,0,0,0,0,0,0,0,0,0,0,0,0,0,0,0,0,0,0,0,0,0,0,0,0,0,0,0,0,0,0,0,0,0,0,0,0,0,0
B,"BUCUREŞTI SECTORUL 3","BUCUREŞTI SECTORUL 3",179169,412,"ŞCOALA GIMNAZIALĂ NR.81;",U,1329,7,569,6,0,0,575,19,25,66,103,60,11,32,74,135,50,7,0,2,4,2,4,0,4,3,2,2,0,0,2,1,5,6,5,7,6,5,9,10,8,5,9,2,1,4,6,6,6,6,8,6,5,2,3,5,6,10,4,4,5,6,6,4,13,8,11,4,6,2,5,3,2,2,1,0,1,0,1,0,0,1,0,0,0,0,0,0,0,0,0,0,0,0,0,0,0,0,0,0,0,0,0,0,0,0,0,0,0,0,0,0,0,0,0,0,0,0,0,0,2,2,1,5,0,1,0,3,2,1,4,1,2,3,5,6,5,5,12,13,7,7,7,9,4,4,6,7,5,6,6,8,6,9,2,10,5,9,9,5,12,4,6,10,6,4,6,4,6,6,4,2,2,4,3,2,1,3,4,4,0,1,0,2,0,1,0,0,0,1,0,0,0,0,0,0,0,0,0,0,0,0,0,0,0,0,0,0,0,0,0,0,0,0,0,0,0,0,0,0,0,0,0
B,"BUCUREŞTI SECTORUL 3","BUCUREŞTI SECTORUL 3",179169,413,"ŞCOALA GIMNAZIALĂ NR.81;",U,980,31,401,8,0,0,409,14,19,28,80,42,11,34,34,100,47,2,1,1,3,2,3,2,2,0,2,1,0,1,4,3,4,2,2,5,2,4,3,3,1,4,3,1,5,3,3,0,3,5,4,2,5,1,3,2,9,14,7,3,2,1,6,2,8,3,4,4,2,6,1,0,2,2,0,1,4,1,1,0,1,1,0,0,0,0,0,0,1,0,0,0,0,0,0,0,0,0,0,0,0,0,0,0,0,0,0,0,0,0,0,0,0,0,0,0,0,0,0,0,2,1,0,2,0,2,4,3,0,1,1,3,2,7,5,5,7,2,5,3,1,3,5,2,1,3,9,3,3,9,5,0,7,3,4,3,3,3,8,12,13,2,10,2,2,2,6,5,7,5,4,3,4,1,2,2,3,3,3,1,1,0,0,1,0,0,0,0,0,0,0,1,1,0,0,0,0,0,0,0,0,0,0,0,0,0,0,0,0,0,0,0,0,0,0,0,0,0,0,0,0,0,0
B,"BUCUREŞTI SECTORUL 3","BUCUREŞTI SECTORUL 3",179169,414,"ŞCOALA GIMNAZIALĂ NR.81;",U,1753,44,771,12,0,0,783,33,50,61,203,32,21,60,70,214,39,1,3,6,4,6,5,8,3,8,3,5,6,8,5,4,5,3,5,8,4,9,3,6,5,3,7,11,12,8,4,8,9,19,15,6,11,5,11,23,15,23,12,10,5,4,2,1,6,4,0,3,3,6,1,2,2,0,0,0,1,1,1,0,0,0,0,1,1,0,0,0,0,0,0,0,0,0,0,0,0,0,0,0,0,0,0,0,0,0,0,0,0,0,0,0,0,0,0,0,0,0,0,0,8,4,2,1,2,4,0,2,7,9,9,4,7,5,6,2,9,7,8,3,4,7,6,8,7,8,12,9,7,10,7,15,16,12,15,7,16,16,19,23,18,3,3,5,5,3,5,6,2,5,5,3,3,3,4,2,1,0,1,0,2,2,0,0,0,0,0,0,0,0,0,0,0,0,0,0,0,0,0,0,0,0,0,0,0,0,0,0,0,0,0,0,0,0,0,0,0,0,0,0,0,0,0
B,"BUCUREŞTI SECTORUL 3","BUCUREŞTI SECTORUL 3",179169,415,"ŞCOALA GIMNAZIALĂ NR.81;",U,1408,21,514,7,0,0,521,14,40,67,97,37,15,45,68,108,30,1,0,5,2,3,2,1,4,6,4,3,3,4,4,6,3,3,7,8,5,13,4,7,6,3,3,11,5,2,5,3,3,0,8,3,6,3,5,6,16,6,11,3,4,2,4,2,8,3,2,0,2,2,3,1,2,5,3,2,1,0,1,1,0,0,0,0,0,0,1,0,0,0,0,0,0,0,0,0,0,0,0,0,0,0,0,0,0,0,0,0,0,0,0,0,0,0,0,0,0,0,0,0,3,1,3,0,2,2,4,4,3,4,2,6,6,3,3,7,7,7,6,10,12,4,5,5,2,7,10,2,3,4,10,4,3,7,4,3,7,5,9,12,15,4,3,5,3,3,2,1,4,3,4,3,5,1,1,3,0,2,1,0,0,0,1,0,0,1,0,0,0,0,0,0,0,0,0,0,0,0,0,0,0,0,0,0,0,0,0,0,0,0,0,0,0,0,0,0,0,0,0,0,0,0,0
B,"BUCUREŞTI SECTORUL 3","BUCUREŞTI SECTORUL 3",179169,416,"ŞCOALA GIMNAZIALĂ NR.81;",U,1398,6,530,11,0,0,541,16,34,57,133,41,14,22,52,133,39,3,1,0,5,1,5,1,1,1,5,4,7,1,3,3,1,8,4,4,9,9,5,5,6,3,5,7,4,10,8,6,6,9,7,3,2,3,7,5,11,16,4,9,8,3,5,7,9,3,3,4,3,4,3,2,2,0,1,0,3,0,1,0,0,1,0,0,0,0,0,0,1,0,1,0,0,0,0,0,0,0,0,0,0,0,0,0,0,0,0,0,0,0,0,0,0,0,0,0,0,0,0,0,2,1,3,1,3,2,2,1,2,3,2,1,2,3,2,2,4,3,3,5,7,8,5,4,9,4,4,8,5,12,5,2,1,4,8,4,4,5,9,18,13,7,8,7,6,1,6,3,2,2,4,3,5,4,4,3,1,2,2,1,1,0,2,0,0,0,0,0,0,0,0,0,0,0,0,0,0,0,0,0,0,0,0,0,0,0,0,0,0,0,0,0,0,0,0,0,0,0,0,0,0,0,0
B,"BUCUREŞTI SECTORUL 3","BUCUREŞTI SECTORUL 3",179169,417,"ŞCOALA GIMNAZIALĂ NR.81;",U,1288,7,496,10,0,0,506,10,19,56,100,44,13,21,61,120,62,0,2,2,1,1,2,2,2,1,0,3,3,3,4,1,0,2,1,9,6,6,8,4,4,5,7,6,7,5,7,3,6,4,6,2,5,7,4,5,9,8,2,4,3,7,3,3,2,4,4,5,3,4,1,3,3,3,0,3,0,2,0,0,0,0,2,1,0,1,2,0,1,0,0,0,0,0,0,0,0,0,0,0,0,0,0,0,0,0,0,0,0,0,0,0,0,0,0,0,0,0,0,0,0,4,1,3,2,0,3,1,1,2,1,1,1,3,6,2,3,6,6,5,7,10,12,4,1,6,4,8,5,5,8,5,7,3,5,4,7,7,7,9,10,7,3,9,5,1,5,5,2,6,3,4,4,5,0,5,5,5,2,3,2,2,0,3,0,1,2,1,0,0,2,0,0,0,0,0,0,0,0,0,0,0,0,0,0,0,0,0,0,0,0,0,0,0,0,0,0,0,0,0,0,0,0
B,"BUCUREŞTI SECTORUL 3","BUCUREŞTI SECTORUL 3",179169,418,"ŞCOALA GIMNAZIALĂ NR.81;",U,1119,25,508,11,0,1,520,9,21,56,94,51,14,30,64,132,49,0,2,2,2,2,1,0,1,4,0,0,2,2,1,3,3,5,2,12,3,6,2,10,5,5,5,6,4,4,2,4,2,8,10,3,5,4,4,2,2,3,4,10,5,4,7,7,3,9,8,6,3,1,5,5,3,1,2,1,0,2,0,0,1,0,1,0,0,0,0,0,0,0,0,0,0,0,0,0,0,0,0,0,0,0,0,0,0,0,0,0,0,0,0,0,0,0,0,0,0,0,0,0,3,2,1,4,3,1,0,5,3,2,1,2,1,1,6,4,5,10,5,5,10,9,3,10,4,4,4,4,2,5,8,11,6,9,5,1,2,2,6,10,11,4,7,7,9,11,12,8,7,6,5,5,2,4,1,2,1,2,0,1,1,0,1,0,1,1,0,1,0,0,0,0,0,0,0,0,0,0,0,0,0,0,0,0,0,0,0,0,0,0,0,0,0,0,0,0,0,0,0,0,0,0,0
B,"BUCUREŞTI SECTORUL 3","BUCUREŞTI SECTORUL 3",179169,419,"COLEGIUL TEHNIC ”MIHAI BRAVU”;",U,1467,21,338,9,0,0,347,12,24,45,61,27,10,22,43,66,37,7,0,0,1,2,1,1,1,2,3,1,3,6,3,2,0,3,2,6,6,9,4,4,1,9,4,0,4,5,3,2,5,5,2,3,4,2,5,2,4,4,1,1,1,1,3,4,3,3,1,1,4,2,2,1,0,4,3,1,1,0,0,0,0,1,0,0,0,0,0,0,0,0,0,0,0,0,0,0,0,0,0,0,0,0,0,0,0,0,0,0,0,0,0,0,0,0,0,0,0,0,0,0,0,1,2,3,0,4,0,0,0,1,1,3,6,2,2,3,4,2,3,12,5,4,5,1,4,1,6,3,1,6,7,5,4,4,0,5,4,4,6,2,7,1,2,1,1,2,1,4,2,2,3,2,5,2,2,6,0,1,3,1,0,0,2,0,0,0,0,1,1,0,0,0,0,0,0,0,0,0,0,0,0,0,0,0,0,0,0,0,0,0,0,0,0,0,0,0,0,0,0,0,0,0,0
B,"BUCUREŞTI SECTORUL 3","BUCUREŞTI SECTORUL 3",179169,420,"COLEGIUL TEHNIC ”MIHAI BRAVU”;",U,1541,117,509,10,0,0,519,13,30,69,96,47,10,33,48,124,49,3,2,2,0,3,1,2,1,1,5,1,2,2,2,6,5,5,6,8,9,14,7,8,6,3,4,4,6,6,5,6,7,6,5,3,3,2,6,4,6,9,2,3,4,2,10,1,10,4,0,4,5,7,2,1,2,1,3,4,0,0,1,0,1,1,0,0,1,0,0,0,0,0,0,0,0,0,0,0,0,0,0,0,0,0,0,0,0,0,0,0,0,0,0,0,0,0,0,0,0,0,0,0,4,2,1,0,1,2,0,2,3,5,4,1,1,1,8,5,3,3,7,10,7,4,3,5,5,3,1,7,9,4,3,7,3,6,3,2,3,4,5,13,11,4,4,8,6,9,13,7,3,8,4,6,4,2,2,2,1,4,3,0,1,0,1,1,0,0,0,0,0,0,0,0,0,0,0,0,0,0,0,0,0,0,0,0,0,0,0,0,0,0,0,0,0,0,0,0,0,0,0,0,0,0,0
B,"BUCUREŞTI SECTORUL 3","BUCUREŞTI SECTORUL 3",179169,421,"COLEGIUL TEHNIC ”MIHAI BRAVU”;",U,1363,147,506,11,0,2,519,15,17,48,94,54,17,30,55,122,67,5,1,3,2,1,2,1,2,0,0,1,1,3,2,3,1,4,3,6,4,9,3,2,5,5,6,5,2,8,8,5,1,5,6,3,5,3,2,5,5,8,5,5,5,2,8,3,6,5,7,4,3,2,3,3,3,2,2,2,2,1,2,1,0,0,0,1,1,1,0,2,0,0,1,0,0,0,0,0,0,0,0,0,0,0,0,0,0,0,0,0,0,0,0,0,0,0,0,0,0,0,0,0,5,2,2,3,0,2,3,0,1,3,2,3,1,4,4,3,9,6,9,5,11,5,6,3,3,3,4,8,9,9,10,5,7,3,4,5,4,3,4,11,8,7,5,4,4,4,8,5,3,5,11,5,3,5,5,4,5,1,2,1,5,0,1,0,1,2,0,0,1,1,0,0,1,0,0,0,0,0,0,0,0,0,0,0,0,0,0,0,0,0,0,0,0,0,0,0,0,0,0,0,0,0,0
B,"BUCUREŞTI SECTORUL 3","BUCUREŞTI SECTORUL 3",179169,422,"COLEGIUL TEHNIC ”MIHAI BRAVU”;",U,1494,4,527,10,0,0,537,17,22,61,86,62,19,46,52,120,52,4,2,2,3,2,4,0,1,1,2,3,2,4,1,2,2,4,6,3,5,6,3,7,10,5,10,6,7,5,0,6,6,5,7,4,2,6,3,6,3,12,3,2,2,3,1,3,4,3,4,7,10,5,1,6,4,5,5,1,0,0,0,1,1,0,0,1,1,2,0,0,1,0,0,0,0,0,0,0,0,0,0,0,0,0,0,0,0,0,0,0,0,0,0,0,0,0,0,0,0,0,0,0,4,2,3,3,3,2,2,2,1,4,3,3,5,6,6,9,7,4,1,5,12,6,3,8,4,6,3,7,8,10,6,8,4,10,7,4,4,4,4,9,9,3,3,0,3,12,5,7,3,5,4,5,4,4,3,5,2,3,3,1,1,0,0,1,0,0,1,0,0,0,0,0,0,0,0,0,0,0,0,0,0,0,0,0,0,0,0,0,0,0,0,0,0,0,0,0,0,0,0,0,0,0,0
B,"BUCUREŞTI SECTORUL 3","BUCUREŞTI SECTORUL 3",179169,423,"COLEGIUL TEHNIC ”MIHAI BRAVU”;",U,954,6,267,9,0,0,276,8,7,27,48,33,10,10,35,50,48,1,1,2,2,1,0,1,1,0,2,0,0,0,1,0,1,2,3,3,3,4,2,3,1,3,5,0,6,3,8,3,2,4,1,1,3,3,2,1,4,1,1,0,1,2,1,1,3,2,4,1,3,2,4,5,4,0,1,2,0,1,0,0,0,0,1,0,0,0,0,0,0,0,0,0,0,0,0,0,0,0,0,0,0,0,0,0,0,0,0,0,0,0,0,0,0,0,0,0,0,0,0,0,3,1,0,0,1,2,3,0,0,1,1,0,0,2,3,2,1,1,2,4,1,1,4,3,8,7,4,5,5,5,2,2,0,4,0,0,2,1,2,4,5,2,1,3,4,2,1,6,3,6,9,3,6,4,2,4,0,2,0,0,0,1,1,0,0,0,0,0,1,0,0,0,0,0,0,0,0,0,0,0,0,0,0,0,0,0,0,0,0,0,0,0,0,0,0,0,0,0,0,0,0,0,0
B,"BUCUREŞTI SECTORUL 3","BUCUREŞTI SECTORUL 3",179169,424,"COLEGIUL TEHNIC ”MIHAI BRAVU”;",U,1463,8,512,7,0,0,519,13,24,63,99,49,18,27,66,113,47,3,2,2,4,1,0,1,2,3,1,0,3,3,2,2,4,4,4,5,8,7,8,4,6,9,6,6,6,6,7,4,9,9,5,3,5,6,6,7,6,4,1,1,2,2,6,4,7,2,7,3,7,6,6,0,3,3,2,1,0,1,1,0,0,0,0,0,0,0,0,0,0,0,0,0,0,0,0,0,0,0,0,0,0,0,0,0,0,0,0,0,0,0,0,0,0,0,0,0,0,0,0,0,2,3,2,1,6,2,2,1,4,2,2,4,0,2,4,3,5,10,5,6,11,5,6,6,6,4,7,5,7,9,8,9,4,13,2,7,4,6,3,3,6,2,3,5,7,2,8,6,3,4,5,6,4,5,5,1,2,1,0,1,0,0,1,1,0,0,1,1,0,0,0,0,0,0,0,0,0,0,0,0,0,0,0,0,0,0,0,0,0,0,0,0,0,0,0,0,0,0,0,0,0,0,0
B,"BUCUREŞTI SECTORUL 3","BUCUREŞTI SECTORUL 3",179169,425,"COLEGIUL TEHNIC ”MIHAI BRAVU”;",U,1225,8,422,10,0,0,432,16,20,64,66,41,11,20,51,89,54,4,3,3,3,1,1,1,6,0,0,1,1,0,3,3,3,3,7,7,7,5,5,10,6,6,3,8,3,3,5,5,2,3,4,5,1,6,1,0,5,6,1,2,2,4,5,3,3,2,2,5,6,3,6,2,0,2,4,0,2,0,0,2,1,0,0,0,0,1,0,0,0,0,0,0,0,0,0,0,0,0,0,0,0,0,0,0,0,0,0,0,0,0,0,0,0,0,0,0,0,0,0,0,1,3,1,2,1,2,1,1,3,0,1,2,4,1,1,3,4,7,6,3,9,7,2,4,8,2,3,8,5,2,3,3,3,7,4,4,2,3,8,12,5,1,3,7,2,3,4,4,6,7,7,6,5,1,5,4,2,2,1,1,0,0,1,0,0,0,0,1,1,0,0,0,0,0,0,0,0,0,0,0,0,0,0,0,0,0,0,0,0,0,0,0,0,0,0,0,0,0,0,0,0,0,0
B,"BUCUREŞTI SECTORUL 3","BUCUREŞTI SECTORUL 3",179169,426,"COLEGIUL TEHNIC ”MIHAI BRAVU”;",U,1049,7,391,12,0,0,403,11,16,43,71,56,8,11,39,87,61,1,0,2,1,4,2,1,1,3,0,3,1,3,1,1,3,0,3,8,4,8,5,3,4,3,1,4,11,5,4,0,6,3,8,2,0,3,1,5,4,3,2,1,3,2,5,3,4,2,3,8,6,7,5,7,2,2,1,2,2,1,0,0,2,1,0,0,0,0,0,0,0,0,1,0,0,0,0,0,0,0,0,0,0,0,0,0,0,0,0,0,0,0,0,0,0,0,0,0,0,0,0,0,2,0,1,3,1,0,1,2,0,0,1,0,2,3,1,2,0,3,7,1,7,3,4,5,3,4,2,3,3,4,4,10,3,6,3,7,5,3,6,6,2,2,0,5,6,3,6,4,5,7,2,5,5,4,4,4,3,2,3,1,2,1,1,2,1,4,0,0,1,0,0,0,0,0,0,0,0,0,0,0,0,0,0,0,0,0,0,0,0,0,0,0,0,0,0,0,0,0,0,0,0,0,0
B,"BUCUREŞTI SECTORUL 3","BUCUREŞTI SECTORUL 3",179169,427,"COLEGIUL TEHNIC ”MIHAI BRAVU”;",U,1105,23,408,9,0,0,417,10,17,36,71,64,7,22,45,69,76,1,1,3,2,2,0,1,2,2,0,3,2,2,2,0,2,2,7,6,4,4,5,1,1,4,3,1,9,4,7,4,2,5,2,1,5,3,1,2,6,6,3,1,3,0,3,4,3,8,11,5,11,6,8,3,0,3,4,0,1,0,0,0,0,0,0,0,0,0,1,0,0,0,0,0,0,0,0,0,0,0,0,0,0,0,0,0,0,0,0,0,0,0,0,0,0,0,0,0,0,0,0,0,3,0,1,0,0,0,3,1,1,2,5,4,1,3,1,1,3,7,3,4,2,9,3,3,6,4,4,4,2,6,8,1,3,2,5,3,0,4,1,8,3,1,1,6,6,2,3,6,8,12,10,6,6,9,1,4,3,2,2,3,1,1,0,1,0,1,0,0,0,0,0,0,0,0,0,0,0,0,0,0,0,0,0,0,0,0,0,0,0,0,0,0,0,0,0,0,0,0,0,0,0,0,0
B,"BUCUREŞTI SECTORUL 3","BUCUREŞTI SECTORUL 3",179169,428,"COLEGIUL TEHNIC ”MIHAI BRAVU”;",U,1180,2,404,9,0,0,413,11,25,41,75,52,13,24,49,63,60,3,0,0,4,0,2,2,1,7,2,4,3,1,1,1,4,1,2,2,3,3,5,5,5,5,5,6,4,8,7,7,10,5,2,3,3,2,6,1,6,2,2,3,1,1,0,2,3,2,1,1,9,7,0,4,6,7,2,3,1,0,0,3,1,0,0,0,1,1,0,0,0,0,0,0,0,0,0,0,0,0,0,0,0,0,0,0,0,0,0,0,0,0,0,0,0,0,0,0,0,0,0,0,3,2,2,2,0,2,2,0,2,1,2,1,5,4,4,5,0,7,3,3,7,4,7,4,2,6,6,6,3,6,7,8,3,3,2,6,2,0,2,1,6,2,1,2,0,0,3,1,3,2,7,12,1,5,7,7,6,2,1,2,1,1,0,1,0,1,0,0,0,0,0,0,0,0,0,0,0,0,0,0,0,0,0,0,0,0,0,0,0,0,0,0,0,0,0,0,0,0,0,0,0,0,0
B,"BUCUREŞTI SECTORUL 3","BUCUREŞTI SECTORUL 3",179169,429,"COLEGIUL TEHNIC ”MIHAI BRAVU”;",U,1317,12,479,8,1,1,489,7,38,68,61,56,13,49,61,78,58,1,0,2,1,1,2,0,2,3,3,1,0,3,6,6,8,6,8,7,4,8,11,4,10,7,4,5,4,8,2,4,7,4,8,2,2,3,1,2,2,4,3,2,1,1,0,1,4,4,7,5,4,4,5,6,2,3,3,2,1,1,1,1,0,1,2,0,0,0,0,0,0,0,0,0,0,0,0,0,0,0,0,0,0,0,0,0,0,0,0,0,0,0,0,0,0,0,0,0,0,0,0,0,3,0,0,2,4,1,3,3,1,3,3,3,4,8,6,10,8,7,8,2,10,6,4,9,3,10,2,6,5,7,4,4,4,2,4,3,4,1,3,4,2,3,4,3,3,10,2,8,8,4,7,5,6,6,2,4,4,0,2,0,1,0,0,0,0,1,0,0,0,0,0,0,0,0,0,0,0,0,0,0,0,0,0,0,0,0,0,0,0,0,0,0,0,0,0,0,0,0,0,0,0,0,0
B,"BUCUREŞTI SECTORUL 3","BUCUREŞTI SECTORUL 3",179169,430,"COLEGIUL TEHNIC ”MIHAI BRAVU”;",U,1297,7,379,10,0,0,389,10,25,39,54,50,6,22,64,56,63,1,3,1,1,1,1,2,0,1,5,2,1,2,3,6,3,2,5,3,3,3,4,4,7,2,7,1,1,4,2,5,6,2,7,2,1,3,6,1,4,2,1,3,2,0,2,0,0,0,4,5,4,4,5,1,2,7,2,3,5,2,0,1,2,0,1,1,1,0,0,0,0,0,0,0,0,0,0,0,0,0,0,0,0,0,0,0,0,0,0,0,0,0,0,0,0,0,0,0,0,0,0,0,1,0,0,1,0,0,4,1,1,2,2,3,4,5,2,0,2,8,6,14,4,6,5,11,3,4,3,4,0,1,3,3,1,5,1,1,7,2,4,5,6,0,3,2,3,2,3,6,5,3,3,8,4,6,6,3,3,7,2,0,2,0,2,1,1,0,0,1,0,0,0,0,0,0,0,0,0,0,0,0,0,0,0,0,0,0,0,0,0,0,0,0,0,0,0,0,0,0,0,0,0,0,0
B,"BUCUREŞTI SECTORUL 3","BUCUREŞTI SECTORUL 3",179169,431,"COLEGIUL TEHNIC ”MIHAI BRAVU”;",U,1032,13,306,8,0,1,315,6,13,28,56,42,8,18,39,66,39,1,1,0,0,1,3,0,1,0,1,1,1,1,1,1,4,2,3,5,1,3,4,1,6,2,1,2,1,4,6,3,1,2,2,2,4,5,1,3,0,6,3,1,3,3,2,4,5,4,2,6,1,1,1,4,1,2,1,4,0,1,2,1,0,3,0,0,0,0,0,1,0,2,0,0,0,0,0,0,0,0,0,0,0,0,0,0,0,0,0,0,0,0,0,0,0,0,0,0,0,0,0,0,0,3,0,0,0,3,2,0,2,2,0,1,3,2,3,3,2,5,6,3,4,5,4,2,3,5,2,4,2,4,4,3,4,4,2,2,0,8,4,2,5,2,1,2,3,6,4,1,2,1,6,3,5,2,1,1,0,3,1,3,4,0,4,2,0,0,0,0,0,0,0,0,0,0,0,0,0,0,0,0,0,0,0,0,0,0,0,0,0,0,0,0,0,0,0,0,0,0,0,0,0,0,0
B,"BUCUREŞTI SECTORUL 3","BUCUREŞTI SECTORUL 3",179169,432,"ŞCOALA GIMNAZIALĂ NR.95;",U,1438,36,524,11,2,0,537,23,36,56,107,54,9,29,66,116,41,4,3,3,0,6,2,5,5,1,4,2,8,2,3,3,5,3,1,7,2,8,9,3,13,6,3,4,7,8,6,3,4,5,3,6,4,8,6,8,6,7,3,2,7,4,5,5,9,10,5,3,4,3,3,3,4,1,0,3,0,5,1,0,0,0,0,0,0,0,0,0,0,0,0,0,0,0,0,0,0,0,0,0,0,0,0,0,0,0,0,0,0,0,0,0,0,0,0,0,0,0,0,0,2,2,1,3,1,0,0,4,3,2,3,4,0,2,4,4,3,4,9,9,7,6,9,8,5,5,4,2,8,6,7,6,6,6,4,9,6,6,9,2,9,4,5,5,2,7,7,8,3,2,2,2,5,4,2,1,2,2,3,0,1,0,0,0,1,1,1,1,0,0,0,0,0,0,0,0,0,0,0,0,0,0,0,0,0,0,0,0,0,0,0,0,0,0,0,0,0,0,0,0,0,0,0
B,"BUCUREŞTI SECTORUL 3","BUCUREŞTI SECTORUL 3",179169,433,"ŞCOALA GIMNAZIALĂ NR.95;",U,1862,58,701,21,3,0,725,18,63,117,103,50,16,85,113,117,43,0,2,3,2,4,2,5,3,2,7,5,5,11,7,6,10,7,17,18,12,9,14,11,13,3,10,10,11,3,6,7,6,7,9,5,4,4,4,6,12,5,1,3,4,2,1,3,4,6,2,6,5,3,2,2,3,1,2,3,1,1,2,4,1,1,0,0,0,1,0,0,0,0,0,0,0,0,0,0,0,0,0,0,0,0,0,0,0,0,0,0,0,0,0,0,0,0,0,0,0,0,0,0,4,2,2,3,0,1,4,4,8,6,7,13,4,8,13,11,11,11,11,8,12,14,16,8,11,13,9,9,10,8,8,7,6,9,4,5,4,4,7,10,6,3,4,4,1,3,5,3,9,2,2,7,2,5,1,2,1,1,0,1,2,1,0,1,0,0,1,1,0,0,0,0,1,0,0,0,0,0,0,0,0,0,0,0,0,0,0,0,0,0,0,0,0,0,0,0,0,0,0,0,0,0,0
B,"BUCUREŞTI SECTORUL 3","BUCUREŞTI SECTORUL 3",179169,434,"ŞCOALA GIMNAZIALĂ NR.95;",U,1467,20,432,12,0,1,445,14,41,61,59,33,10,60,63,77,27,1,4,0,4,1,1,3,1,3,3,3,4,6,3,4,10,4,14,8,6,4,8,10,4,2,3,2,0,8,3,6,2,4,6,0,1,3,0,3,1,5,3,2,1,3,5,3,6,4,2,5,3,3,0,1,2,0,0,3,0,1,0,1,0,0,1,0,0,1,0,0,0,0,0,0,0,0,0,0,0,0,0,0,0,0,0,0,0,0,0,0,0,0,0,0,0,0,0,0,0,0,0,0,0,1,2,2,2,2,1,1,4,2,5,7,2,15,4,12,8,10,5,12,9,4,6,7,2,3,5,3,8,4,4,4,4,4,3,3,3,4,3,2,4,2,3,6,4,4,5,1,5,5,5,1,2,2,1,0,1,2,0,0,1,0,1,0,0,0,0,0,0,0,0,0,0,0,0,0,0,0,0,0,0,0,0,0,0,0,0,0,0,0,0,0,0,0,0,0,0,0,0,0,0,0,0
B,"BUCUREŞTI SECTORUL 3","BUCUREŞTI SECTORUL 3",179169,435,"ŞCOALA GIMNAZIALĂ NR.95;",U,1410,52,603,9,0,0,612,9,47,76,114,41,17,50,79,139,40,1,1,0,0,2,3,2,2,5,3,2,5,6,5,5,4,10,5,9,8,6,11,10,4,8,10,5,5,9,8,8,12,8,7,4,3,5,5,7,8,5,3,1,4,3,3,6,5,5,3,6,5,5,5,1,0,1,1,1,1,0,0,0,0,0,0,0,0,0,1,1,0,0,0,0,0,0,0,0,0,0,0,0,0,0,0,0,0,0,0,0,0,0,0,0,0,0,0,0,0,0,0,0,2,3,2,2,2,4,2,3,1,3,1,8,12,4,6,8,4,10,11,10,4,12,7,5,4,6,10,10,13,8,10,6,10,10,5,2,2,5,6,13,11,3,4,4,9,3,5,2,6,5,4,8,3,5,1,1,1,0,1,0,1,0,0,0,0,0,2,0,0,0,0,0,0,0,0,0,0,0,0,0,0,0,0,0,0,0,0,0,0,0,0,0,0,0,0,0,0,0,0,0,0,0,0
B,"BUCUREŞTI SECTORUL 3","BUCUREŞTI SECTORUL 3",179169,436,"ŞCOALA GIMNAZIALĂ NR.95;",U,1371,30,485,13,0,0,498,14,33,50,97,36,18,27,65,113,45,2,2,4,3,1,1,1,2,3,3,0,7,6,3,4,2,3,5,6,4,2,1,11,6,7,5,3,5,5,4,2,7,9,5,1,1,3,3,9,9,8,2,4,9,7,3,1,3,4,4,1,2,5,3,3,3,2,0,1,1,0,2,1,0,0,1,0,0,0,0,0,0,0,0,0,0,0,0,0,0,0,0,0,0,0,0,0,0,0,0,0,0,0,0,0,0,0,0,0,0,0,0,0,5,2,1,3,1,5,1,0,0,2,3,4,6,4,2,4,2,12,3,11,11,4,4,6,5,4,5,6,7,6,5,3,11,6,6,7,8,5,4,9,7,5,2,5,7,2,2,5,7,3,8,3,0,5,4,2,1,0,0,3,0,1,1,0,0,0,0,0,0,1,1,0,0,0,0,0,0,0,0,0,0,0,0,0,0,0,0,0,0,0,0,0,0,0,0,0,0,0,0,0,0,0,0
B,"BUCUREŞTI SECTORUL 3","BUCUREŞTI SECTORUL 3",179169,437,"ŞCOALA GIMNAZIALĂ NR.95;",U,1341,12,320,7,0,0,327,11,15,37,60,29,11,13,41,86,24,1,1,3,1,3,1,1,0,0,0,3,1,2,2,4,3,0,3,5,4,5,5,1,1,3,5,5,2,1,3,1,1,1,2,1,3,6,4,5,1,4,3,2,4,7,6,3,2,4,3,4,3,3,3,0,0,0,2,0,0,3,0,1,0,0,0,0,0,0,1,0,0,0,0,0,0,0,0,0,0,0,0,0,0,0,0,0,0,0,0,0,0,0,0,0,0,0,0,0,0,0,0,0,1,1,3,2,1,2,1,1,0,0,4,0,2,2,2,1,1,2,5,4,5,7,3,2,5,5,3,4,0,1,5,3,4,3,2,6,2,9,5,4,6,3,7,6,9,3,4,3,3,2,3,1,2,2,1,0,0,1,2,1,0,0,1,1,0,0,0,0,0,0,0,0,1,0,0,0,0,0,0,0,0,0,0,0,0,0,0,0,0,0,0,0,0,0,0,0,0,0,0,0,0,0,0
B,"BUCUREŞTI SECTORUL 3","BUCUREŞTI SECTORUL 3",179169,438,"ŞCOALA GIMNAZIALĂ NR.95;",U,1690,29,715,6,0,0,721,22,52,90,139,54,16,60,81,152,55,9,4,1,2,3,3,0,5,4,2,4,5,7,5,3,9,8,9,13,13,5,14,11,8,6,2,9,6,10,9,5,7,7,9,4,6,5,6,7,10,7,4,3,7,8,9,10,5,7,7,6,2,5,2,2,4,1,3,1,0,2,2,0,3,1,0,0,0,0,0,1,0,0,0,0,0,0,0,0,0,0,0,0,0,0,0,0,0,0,0,0,0,0,0,0,0,0,0,0,0,0,0,0,1,2,3,5,3,2,0,6,3,4,9,3,7,7,3,11,7,8,7,11,6,12,12,7,3,7,8,4,5,9,3,14,6,3,3,10,7,7,7,18,11,9,9,9,4,6,8,8,8,4,5,8,5,6,0,2,0,4,2,3,0,0,0,0,0,0,0,0,0,0,0,0,0,0,0,0,0,0,0,0,0,0,0,0,0,0,0,0,0,0,0,0,0,0,0,0,0,0,0,0,0,0,0
B,"BUCUREŞTI SECTORUL 3","BUCUREŞTI SECTORUL 3",179169,439,"ŞCOALA GIMNAZIALĂ NR.95;",U,1278,3,481,9,0,0,490,13,23,69,92,53,15,23,64,104,34,3,2,3,1,1,1,2,1,1,1,1,5,0,4,4,4,2,5,8,7,12,10,9,2,4,5,7,7,5,2,6,7,6,6,3,3,2,1,3,8,4,1,2,4,7,7,8,6,6,8,5,4,6,4,2,1,1,3,3,2,0,1,0,0,1,0,0,0,0,0,0,0,0,0,0,0,0,0,0,0,0,0,0,0,0,0,0,0,0,0,0,0,0,0,0,0,0,0,0,0,0,0,0,6,1,1,2,4,0,1,1,2,1,0,1,5,1,4,4,4,4,5,7,9,6,11,2,11,4,5,7,6,8,2,2,3,4,5,5,2,6,5,6,11,7,4,7,4,4,6,3,3,0,6,3,5,3,5,1,1,3,0,0,0,0,0,0,0,1,0,0,0,0,0,0,0,0,0,0,0,0,0,0,0,0,0,0,0,0,0,0,0,0,0,0,0,0,0,0,0,0,0,0,0,0,0
B,"BUCUREŞTI SECTORUL 3","BUCUREŞTI SECTORUL 3",179169,440,"ŞCOALA GIMNAZIALĂ NR.95;",U,1337,13,502,11,0,1,514,13,30,69,67,56,6,47,75,90,61,2,0,1,1,2,4,3,2,0,4,3,3,4,4,2,3,5,4,10,8,6,6,10,12,6,2,5,6,4,4,9,3,4,2,2,5,1,1,4,2,3,2,3,3,5,2,2,2,7,9,2,5,2,6,6,4,4,1,2,1,0,1,0,2,0,1,0,1,0,0,0,0,0,0,0,0,0,0,0,0,0,0,0,0,0,0,0,0,0,0,0,0,0,0,0,0,0,0,0,0,0,0,0,2,1,2,0,0,1,0,2,5,1,2,2,4,5,10,8,8,11,13,10,9,9,7,7,4,3,2,4,4,5,3,4,1,4,2,2,6,4,5,8,7,2,9,4,4,5,7,7,2,5,7,5,8,3,4,4,4,4,2,0,0,0,2,1,1,1,0,0,0,1,0,0,0,0,0,0,0,0,0,0,0,0,0,0,0,0,0,0,0,0,0,0,0,0,0,0,0,0,0,0,0,0,0
B,"BUCUREŞTI SECTORUL 3","BUCUREŞTI SECTORUL 3",179169,441,"ŞCOALA GIMNAZIALĂ NR.95;",U,1464,26,519,7,0,0,526,15,26,73,103,40,12,27,64,114,52,3,4,1,1,2,2,2,1,4,1,0,2,4,4,4,2,4,7,8,10,12,8,7,5,6,7,3,10,6,10,3,6,2,7,4,3,3,8,3,9,9,4,2,1,1,3,9,4,5,3,2,3,3,5,4,2,1,1,0,1,1,0,3,0,0,0,0,1,0,1,0,0,0,0,0,0,0,0,0,0,0,0,0,0,0,0,0,0,0,0,0,0,0,0,0,0,0,0,0,0,0,0,0,1,2,1,0,4,2,2,0,1,2,2,1,3,2,4,6,6,6,7,2,12,9,4,4,7,7,6,4,9,5,4,1,6,6,8,4,6,7,5,7,15,1,6,1,5,8,6,3,7,6,6,8,4,3,4,1,1,1,0,1,1,2,0,1,0,0,0,1,1,0,1,0,0,0,0,0,0,0,0,0,0,0,0,0,0,0,0,0,0,0,0,0,0,0,0,0,0,0,0,0,0,0,0
B,"BUCUREŞTI SECTORUL 3","BUCUREŞTI SECTORUL 3",179169,442,"ŞCOALA GIMNAZIALĂ NR.84",U,1438,11,532,8,0,0,540,14,21,62,92,57,15,23,67,131,58,1,2,1,2,1,4,3,3,1,3,2,1,1,0,2,3,5,5,6,5,8,6,8,10,7,3,4,5,4,4,5,6,4,2,6,3,3,3,4,2,6,3,2,9,4,7,10,6,5,9,3,12,4,2,4,6,2,1,1,0,1,0,0,0,0,0,1,0,0,0,0,0,0,0,0,0,0,0,0,0,0,0,0,0,0,0,0,0,0,0,0,0,0,0,0,0,0,0,0,0,0,0,0,3,3,1,0,2,1,5,3,2,3,1,0,2,0,6,4,2,10,4,8,7,5,8,10,5,6,4,3,6,3,7,6,6,4,5,6,1,5,10,8,8,6,7,14,14,7,5,7,8,2,5,3,9,5,5,3,5,0,1,1,1,1,0,0,1,0,0,0,0,0,1,0,0,0,0,0,0,0,0,0,0,0,0,0,0,0,0,0,0,0,0,0,0,0,0,0,0,0,0,0,0,0,0
B,"BUCUREŞTI SECTORUL 3","BUCUREŞTI SECTORUL 3",179169,443,"ŞCOALA GIMNAZIALĂ NR.84",U,1244,2,268,9,0,0,277,10,23,24,64,12,11,21,27,63,22,0,1,0,2,2,2,3,0,1,3,4,1,1,4,3,5,1,5,1,1,2,3,3,0,6,2,1,1,0,3,3,3,5,0,2,2,3,6,5,6,8,4,2,5,2,1,3,1,1,2,1,1,2,0,1,0,0,0,0,1,0,0,0,2,0,0,0,0,0,0,0,0,0,0,0,0,0,0,0,0,0,0,0,0,0,0,0,0,0,0,0,0,0,0,0,0,0,0,0,0,0,0,0,2,0,1,1,2,3,2,2,1,3,2,1,0,0,3,2,7,1,3,2,8,4,1,3,1,2,2,1,5,0,1,3,2,3,4,9,1,4,5,7,9,1,0,2,4,1,1,2,3,3,0,4,0,5,1,0,2,1,0,0,0,1,0,0,0,0,0,0,0,0,0,0,0,0,0,0,0,0,0,0,0,0,0,0,0,0,0,0,0,0,0,0,0,0,0,0,0,0,0,0,0,0,0
B,"BUCUREŞTI SECTORUL 3","BUCUREŞTI SECTORUL 3",179169,444,"ŞCOALA GIMNAZIALĂ NR.84",U,1168,8,396,8,1,0,405,8,19,44,77,54,10,21,38,80,54,0,2,1,2,1,2,0,2,1,2,1,2,3,3,3,1,1,3,4,4,7,5,3,2,2,6,8,6,5,7,6,7,3,5,2,1,3,4,1,7,5,4,3,2,3,3,0,2,6,2,7,4,3,4,3,4,1,2,5,0,0,3,0,0,2,4,0,0,2,0,0,0,0,0,0,0,0,0,0,0,0,0,0,0,0,0,0,0,0,0,0,0,0,0,0,0,0,0,0,0,0,0,0,3,1,0,0,2,3,1,4,3,4,1,1,1,2,1,1,3,2,6,3,3,5,1,2,3,9,4,5,8,3,2,5,6,4,3,3,3,1,3,9,11,3,5,3,1,2,0,4,9,6,3,8,5,0,0,1,1,4,1,3,0,2,2,2,1,1,0,0,0,1,0,0,0,0,0,0,0,0,0,0,0,0,0,0,0,0,0,0,0,0,0,0,0,0,0,0,0,0,0,0,0,0,0
B,"BUCUREŞTI SECTORUL 3","BUCUREŞTI SECTORUL 3",179169,445,"ŞCOALA GIMNAZIALĂ NR.84",U,1274,5,434,12,0,0,446,12,19,50,73,48,8,23,58,86,69,2,1,2,0,2,1,4,1,1,0,3,1,2,3,6,1,1,3,5,0,6,4,2,5,8,9,8,8,5,4,4,6,2,6,4,4,0,2,1,4,3,2,3,3,3,4,5,1,5,3,4,7,5,7,5,2,2,2,1,1,0,1,0,1,1,0,0,0,0,0,0,0,0,0,0,0,0,0,0,0,0,0,0,0,0,0,0,0,0,0,0,0,0,0,0,0,0,0,0,0,0,0,0,3,3,2,0,0,0,0,2,0,0,1,3,3,3,4,3,4,5,2,4,5,6,3,8,10,9,6,6,7,5,5,4,3,6,4,5,3,4,3,3,3,3,2,2,4,6,8,6,6,12,10,7,4,6,7,0,4,3,0,2,1,0,1,0,0,0,0,0,0,0,0,0,0,0,0,0,0,0,0,0,0,0,0,0,0,0,0,0,0,0,0,0,0,0,0,0,0,0,0,0,0,0,0
B,"BUCUREŞTI SECTORUL 3","BUCUREŞTI SECTORUL 3",179169,446,"ŞCOALA GIMNAZIALĂ NR.84",U,1260,3,458,7,0,0,465,15,15,43,75,67,15,21,46,81,87,3,2,0,4,4,1,1,3,2,4,0,1,0,3,0,0,2,2,1,3,4,1,7,7,7,4,7,9,2,3,4,6,3,7,3,3,2,1,7,1,5,1,5,2,3,3,5,2,6,3,8,7,12,8,3,4,4,1,2,1,1,0,0,1,1,0,1,1,1,0,0,0,0,0,0,0,0,0,0,0,0,0,0,0,0,0,0,0,0,0,0,0,0,0,0,0,0,0,0,0,0,0,0,2,1,0,3,0,4,5,1,2,2,2,2,1,4,2,2,3,3,4,6,3,7,6,5,2,4,6,1,10,5,8,4,10,2,1,3,4,6,6,4,4,1,3,4,2,1,2,4,5,10,20,7,9,8,5,4,1,1,1,3,1,3,1,1,1,0,0,1,0,1,0,0,0,0,0,0,0,0,0,0,0,0,0,0,0,0,0,0,0,0,0,0,0,0,0,0,0,0,0,0,0,0,0
B,"BUCUREŞTI SECTORUL 3","BUCUREŞTI SECTORUL 3",179169,447,"ŞCOALA GIMNAZIALĂ NR.84;",U,1090,4,337,7,0,0,344,7,13,38,74,31,10,22,34,75,40,0,1,1,1,0,1,3,0,0,0,2,1,1,0,2,3,4,3,5,4,6,3,6,3,1,5,2,3,3,3,3,4,3,3,2,1,2,3,3,0,8,4,4,9,7,3,6,1,6,4,3,1,1,1,1,3,4,0,0,1,0,0,2,1,1,0,0,1,0,0,0,0,0,0,0,0,0,0,0,0,0,0,0,0,0,0,0,0,0,0,0,0,0,0,0,0,0,0,0,0,0,0,0,2,1,2,3,0,1,1,2,2,4,0,3,1,4,1,4,1,3,4,6,4,4,4,1,2,2,4,2,4,2,6,0,1,3,0,3,1,3,6,11,10,4,5,3,3,5,3,7,3,4,1,5,2,4,3,2,1,3,3,0,2,0,0,0,0,0,0,0,0,0,0,0,0,0,0,0,0,0,0,0,0,0,0,0,0,0,0,0,0,0,0,0,0,0,0,0,0,0,0,0,0,0,0
B,"BUCUREŞTI SECTORUL 3","BUCUREŞTI SECTORUL 3",179169,448,"ŞCOALA GIMNAZIALĂ NR.86;",U,1266,6,459,11,0,1,471,14,23,35,87,50,9,28,49,107,69,4,4,1,2,1,1,1,2,2,2,2,3,2,2,2,5,1,4,2,2,5,4,1,6,4,4,3,4,5,9,8,4,4,8,7,2,2,4,6,3,4,5,1,3,4,1,3,2,4,4,2,0,4,6,6,4,5,1,2,2,3,1,1,0,0,0,1,1,0,0,1,0,0,0,0,0,0,0,0,0,0,0,0,0,0,0,0,0,0,0,0,0,0,0,0,0,0,0,0,0,0,0,0,2,1,1,2,0,1,2,5,3,3,3,1,1,4,2,2,4,5,4,11,4,6,5,3,1,3,7,8,8,8,6,6,3,7,3,7,4,5,6,11,6,1,2,3,7,3,3,5,1,6,3,5,9,2,3,4,10,1,6,1,3,1,0,0,1,1,3,1,0,1,0,0,2,0,0,0,0,0,0,0,0,0,0,0,0,0,0,0,0,0,0,0,0,0,0,0,0,0,0,0,0,0,0
B,"BUCUREŞTI SECTORUL 3","BUCUREŞTI SECTORUL 3",179169,449,"ŞCOALA GIMNAZIALĂ NR.86;",U,1765,28,684,10,0,0,694,20,39,86,133,53,15,38,103,134,73,4,4,0,2,2,4,4,1,1,4,6,1,3,9,3,7,4,7,11,9,8,6,5,11,7,13,9,7,4,11,13,9,11,12,8,5,3,6,11,6,10,2,4,3,2,1,5,4,3,4,3,5,5,6,0,1,0,2,3,2,1,2,0,0,0,3,0,3,2,0,2,1,1,0,0,0,0,0,0,0,0,0,0,0,0,0,0,0,0,0,0,0,0,0,0,0,0,0,0,0,0,0,0,4,3,3,0,1,1,3,4,2,0,4,5,2,6,2,9,4,8,6,14,7,12,15,16,8,8,9,5,9,12,13,5,9,9,5,9,9,5,6,9,11,3,5,3,2,2,3,9,7,5,7,3,2,7,3,0,1,1,4,2,2,1,2,3,1,2,0,2,4,0,0,0,1,2,1,0,1,0,0,0,0,0,0,0,0,0,0,0,0,0,0,0,0,0,0,0,0,0,0,0,0,0,0
B,"BUCUREŞTI SECTORUL 3","BUCUREŞTI SECTORUL 3",179169,450,"ŞCOALA GIMNAZIALĂ NR.86;",U,1525,35,527,9,0,0,536,15,22,52,97,54,20,29,57,123,67,1,2,5,1,2,0,4,2,0,1,2,2,6,1,3,3,2,6,5,4,4,1,8,6,7,6,5,5,3,3,4,6,8,12,5,6,5,4,3,9,8,0,4,1,1,6,4,3,1,7,2,9,1,4,3,1,1,4,1,2,1,3,1,1,1,0,0,2,1,2,0,1,1,1,0,0,0,0,0,0,0,0,0,0,0,0,0,0,0,0,0,0,0,0,0,0,0,0,0,0,0,0,0,2,3,4,2,2,4,3,2,4,3,4,4,4,4,2,1,1,5,6,4,3,7,8,10,6,5,3,6,6,5,5,5,8,9,9,3,6,3,7,9,10,8,4,5,5,9,1,4,2,5,8,3,4,2,5,1,7,5,5,1,0,2,3,1,2,0,0,0,3,3,1,0,0,0,0,0,0,0,0,0,0,0,0,0,0,0,0,0,0,0,0,0,0,0,0,0,0,0,0,0,0,0,0
B,"BUCUREŞTI SECTORUL 3","BUCUREŞTI SECTORUL 3",179169,451,"ŞCOALA GIMNAZIALĂ NR.86;",U,1522,4,571,12,0,0,583,13,32,51,115,58,25,22,49,122,96,3,1,3,0,2,1,3,4,4,2,1,2,6,2,4,2,5,3,6,6,3,6,4,5,2,7,9,4,4,7,7,6,10,10,6,2,5,7,6,7,9,2,3,3,2,8,7,5,9,1,3,0,5,6,5,4,3,1,2,0,0,1,0,1,2,2,1,1,1,2,0,0,1,1,0,0,0,0,1,0,0,0,0,0,0,0,0,0,0,0,0,0,0,0,0,0,0,0,0,0,0,0,0,4,4,6,2,3,4,2,0,1,3,4,2,3,1,1,2,5,3,5,9,5,2,4,6,5,3,7,8,7,5,6,11,8,9,6,2,5,7,7,12,6,2,3,4,7,4,3,6,6,8,8,5,7,6,2,7,6,3,5,4,3,5,0,1,0,1,4,0,1,0,1,3,0,0,1,2,1,0,0,0,0,0,0,0,0,0,0,0,0,0,0,0,0,0,0,0,0,0,0,0,0,0,0
B,"BUCUREŞTI SECTORUL 3","BUCUREŞTI SECTORUL 3",179169,452,"ŞCOALA GIMNAZIALĂ NR.86;",U,1482,3,461,12,0,0,473,13,28,50,102,37,12,34,45,95,57,2,4,2,1,1,2,1,4,1,6,0,4,3,2,4,3,1,6,5,4,12,4,2,5,3,4,5,8,5,6,4,5,7,8,5,5,7,4,3,7,5,6,8,1,2,2,4,2,3,0,2,3,0,2,5,2,7,3,3,1,0,0,1,0,1,0,1,1,0,0,0,0,0,0,0,0,0,0,0,0,0,0,0,0,0,0,0,0,0,0,0,0,0,0,0,0,0,0,0,0,0,0,0,2,2,1,1,1,1,4,1,1,4,6,1,3,2,3,3,10,5,4,4,3,7,6,5,2,3,6,3,6,7,4,5,3,6,3,4,6,3,8,7,12,2,3,1,3,5,4,3,4,4,7,3,6,0,5,5,3,1,2,3,0,3,1,1,1,1,0,1,0,1,1,1,0,0,0,0,0,0,0,0,0,0,0,0,0,0,0,0,0,0,0,0,0,0,0,0,0,0,0,0,0,0,0
B,"BUCUREŞTI SECTORUL 3","BUCUREŞTI SECTORUL 3",179169,453,"ŞCOALA GIMNAZIALĂ NR.86;",U,1209,9,398,11,2,0,411,13,15,42,86,36,11,22,37,98,51,2,5,2,2,0,0,2,2,1,3,3,0,1,1,2,1,1,4,4,5,2,9,4,7,1,3,3,6,2,2,3,9,3,4,3,3,2,6,4,12,6,1,0,4,3,5,8,1,4,3,4,2,4,3,2,1,3,1,2,1,1,0,0,0,1,0,0,0,2,0,0,1,0,0,0,0,0,0,0,0,0,0,0,0,0,0,0,0,0,0,0,0,0,0,0,0,0,0,0,0,0,0,0,3,1,1,2,0,3,1,2,1,0,3,1,4,2,5,2,2,4,9,1,3,2,6,2,7,3,0,6,5,5,4,5,5,7,2,5,2,4,11,9,3,7,5,1,4,5,3,4,4,2,2,6,4,4,2,2,3,1,3,1,3,1,1,3,1,1,0,1,2,0,0,0,0,0,0,0,0,0,0,0,0,0,0,0,0,0,0,0,0,0,0,0,0,0,0,0,0,0,0,0,0,0,0
B,"BUCUREŞTI SECTORUL 3","BUCUREŞTI SECTORUL 3",179169,454,"ŞCOALA GIMNAZIALĂ NR.86;",U,1561,28,561,7,0,1,569,16,23,54,100,59,20,27,59,128,83,2,4,3,0,3,3,1,2,4,3,1,1,1,3,2,3,3,5,6,7,6,5,4,2,11,5,3,5,5,6,5,15,4,6,11,5,7,6,7,7,1,4,1,0,3,0,2,3,0,0,2,2,2,3,5,3,3,5,4,3,4,1,2,4,1,3,2,1,1,1,2,2,0,0,0,0,0,0,0,0,0,0,0,0,0,0,0,0,0,0,0,0,0,0,0,0,0,0,0,0,0,0,0,4,5,4,1,2,2,2,2,3,3,2,2,1,6,2,1,5,6,3,5,7,6,6,6,6,4,10,6,7,4,10,9,11,12,9,2,8,8,14,7,5,2,2,1,5,3,3,5,1,2,7,5,3,8,5,6,3,5,3,3,3,3,2,6,2,3,2,1,2,1,2,0,0,0,0,0,0,0,0,0,0,0,0,0,0,0,0,0,0,0,0,0,0,0,0,0,0,0,0,0,0,0,0
B,"BUCUREŞTI SECTORUL 3","BUCUREŞTI SECTORUL 3",179169,455,"ŞCOALA GIMNAZIALĂ ”LEONARDO DA VINCI”;",U,1597,117,573,13,0,9,595,22,25,81,118,48,13,25,68,129,66,6,2,2,3,3,4,2,4,2,3,3,3,3,2,1,2,2,5,3,11,7,8,11,9,10,10,7,8,6,10,7,7,5,2,5,8,7,5,7,9,16,3,2,1,5,1,4,2,7,3,1,5,4,5,5,1,1,3,2,3,0,0,1,0,1,0,0,1,1,1,0,1,0,0,0,0,0,0,0,0,0,0,0,0,0,0,0,0,0,0,0,0,0,0,0,0,0,0,0,0,0,0,0,3,3,2,1,1,2,1,2,1,3,2,4,5,4,0,2,2,8,6,4,11,7,10,9,5,3,5,12,10,13,11,3,5,6,4,3,4,6,5,12,9,2,6,5,4,3,6,1,4,1,7,2,5,4,4,7,5,7,4,2,1,3,3,3,0,0,2,1,0,0,0,0,0,0,0,0,0,0,0,0,0,0,0,0,0,0,0,0,0,0,0,0,0,0,0,0,0,0,0,0,0,0,0
B,"BUCUREŞTI SECTORUL 3","BUCUREŞTI SECTORUL 3",179169,456,"ŞCOALA GIMNAZIALĂ ”LEONARDO DA VINCI”;",U,1291,5,450,9,0,0,459,14,18,44,90,42,10,26,48,93,74,2,2,1,2,1,4,2,3,1,1,1,2,2,1,3,2,2,4,7,3,1,8,5,2,4,4,6,2,3,9,5,12,4,3,6,6,6,3,4,8,5,3,1,4,3,2,1,0,4,2,2,6,3,1,3,4,4,1,2,4,1,1,2,1,0,0,1,0,0,0,0,0,0,0,0,0,0,0,0,0,0,0,0,0,0,0,0,0,0,0,0,0,0,0,0,0,0,0,0,0,0,0,0,2,3,3,0,1,0,1,1,6,1,2,1,4,1,1,4,5,6,7,4,4,6,4,5,5,4,3,3,7,6,6,5,3,2,2,8,7,6,4,9,7,1,2,1,8,2,4,2,2,6,6,7,5,8,1,5,5,0,9,2,1,2,2,2,2,1,2,1,1,0,0,0,1,0,1,0,0,0,0,0,0,0,0,0,0,0,0,0,0,0,0,0,0,0,0,0,0,0,0,0,0,0,0
B,"BUCUREŞTI SECTORUL 3","BUCUREŞTI SECTORUL 3",179169,457,"ŞCOALA GIMNAZIALĂ ”LEONARDO DA VINCI”;",U,1389,13,439,12,0,0,451,10,25,41,86,44,16,22,49,102,56,4,1,0,1,2,1,1,1,1,5,1,0,1,2,5,3,6,6,2,1,3,6,5,4,2,5,7,2,5,7,4,7,6,9,5,2,3,4,4,6,7,3,2,5,1,3,1,3,0,1,2,4,4,5,2,3,3,5,2,1,2,1,1,4,0,0,0,0,0,0,0,0,0,1,0,0,0,0,0,0,0,0,0,0,0,0,0,0,0,0,0,0,0,0,0,0,0,0,0,0,0,0,0,0,2,3,3,5,0,3,3,1,4,0,3,4,1,2,1,3,4,3,5,3,5,6,9,4,6,4,8,7,4,8,6,4,10,5,6,5,5,3,6,10,4,3,2,1,3,2,1,1,5,4,4,3,0,2,6,7,5,5,2,0,3,0,1,1,1,0,2,0,0,1,1,0,1,0,0,0,0,0,0,0,0,0,0,0,0,0,0,0,0,0,0,0,0,0,0,0,0,0,0,0,0,0
B,"BUCUREŞTI SECTORUL 3","BUCUREŞTI SECTORUL 3",179169,458,"ŞCOALA GIMNAZIALĂ ”LEONARDO DA VINCI”;",U,1171,5,431,9,0,0,440,6,18,45,73,48,7,18,55,78,92,1,0,3,0,1,0,1,3,1,1,0,4,1,1,3,2,2,1,3,7,4,3,1,5,6,7,8,2,9,5,6,6,5,1,4,4,3,4,5,9,1,2,1,1,1,3,1,2,2,1,2,1,4,2,4,5,2,2,3,3,2,1,0,2,1,0,2,2,1,1,1,0,1,1,0,0,0,0,0,0,0,0,0,0,0,0,0,0,0,0,0,0,0,0,0,0,0,0,0,0,0,0,0,0,0,0,1,3,3,0,2,2,1,1,1,2,2,1,2,4,0,1,3,6,6,9,6,6,9,9,6,4,6,7,2,8,5,4,3,3,2,6,8,3,4,2,1,1,1,2,3,5,9,5,13,13,13,2,4,2,3,1,3,3,2,0,4,1,2,1,0,3,0,0,0,0,0,0,0,0,0,0,0,0,0,0,0,0,0,0,0,0,0,0,0,0,0,0,0,0,0,0,0,0,0,0
B,"BUCUREŞTI SECTORUL 3","BUCUREŞTI SECTORUL 3",179169,459,"ŞCOALA GIMNAZIALĂ ”LEONARDO DA VINCI”;",U,1105,4,488,9,0,0,497,13,9,43,93,66,17,12,50,108,86,4,2,0,2,0,2,3,0,0,1,2,0,1,2,2,0,1,1,4,2,3,7,6,6,1,5,8,10,8,10,7,4,3,9,3,3,7,6,5,6,3,2,2,0,3,1,1,4,5,7,4,3,4,3,3,9,8,2,3,4,2,0,0,0,0,2,2,0,0,0,0,0,0,1,0,0,0,0,0,0,0,0,0,0,0,0,0,0,0,0,0,0,0,0,0,0,0,0,0,0,0,0,0,7,1,4,4,0,0,1,1,1,3,0,0,2,0,1,2,2,2,5,4,4,5,5,8,9,4,4,12,8,8,9,9,3,7,5,7,6,1,6,2,3,2,4,2,7,2,5,3,6,11,8,5,8,6,5,6,3,5,4,4,3,2,1,0,0,0,1,2,2,0,0,0,0,0,0,1,0,0,0,0,0,0,0,0,0,0,0,0,0,0,0,0,0,0,0,0,0,0,0,0,0,0,0
B,"BUCUREŞTI SECTORUL 3","BUCUREŞTI SECTORUL 3",179169,460,"ŞCOALA GIMNAZIALĂ ”LEONARDO DA VINCI”;",U,1033,15,409,9,0,0,418,12,16,24,79,48,9,25,41,88,76,1,2,4,4,0,0,1,3,0,0,2,2,1,5,1,1,1,6,1,3,2,3,2,2,4,1,0,3,13,3,3,7,5,5,3,3,5,4,3,4,7,1,3,1,1,4,1,5,0,5,2,3,5,6,3,4,1,1,1,2,1,2,2,0,0,0,2,2,0,0,0,1,0,0,0,0,0,0,0,0,0,0,0,0,0,0,0,0,0,0,0,0,0,0,0,0,0,0,0,0,0,0,0,0,6,0,0,1,1,1,2,4,3,1,4,1,3,3,2,2,3,5,4,7,3,3,4,4,3,5,10,8,1,11,3,7,3,4,2,4,3,4,9,5,2,0,3,4,4,1,5,4,1,7,9,10,5,4,4,1,2,5,1,0,1,2,3,3,4,0,1,1,1,1,0,0,0,0,0,1,0,0,0,0,0,0,0,0,0,0,0,0,0,0,0,0,0,0,0,0,0,0,0,0,0,0
B,"BUCUREŞTI SECTORUL 3","BUCUREŞTI SECTORUL 3",179169,461,"ŞCOALA GIMNAZIALĂ ”LEONARDO DA VINCI”;",U,998,3,425,5,0,0,430,14,10,33,73,73,16,6,42,70,93,3,2,2,0,3,3,1,1,2,2,0,0,1,0,3,0,1,2,0,1,3,6,3,3,2,5,8,5,4,12,10,3,4,4,5,2,3,4,3,4,2,1,0,2,1,1,3,2,0,1,1,4,7,6,13,10,9,5,4,3,1,3,0,2,0,0,0,2,0,0,0,0,0,0,0,0,0,0,0,0,0,0,0,0,0,0,0,0,0,0,0,0,0,0,0,0,0,0,0,0,0,0,0,4,0,3,1,4,2,2,2,1,0,0,0,1,0,0,1,1,2,1,3,4,3,7,1,8,4,9,9,3,6,6,5,2,5,1,2,4,4,3,4,4,1,2,2,4,2,1,3,4,4,8,10,5,12,15,12,5,3,2,3,0,1,3,1,1,0,0,0,0,0,0,0,1,0,0,0,0,0,0,0,0,0,0,0,0,0,0,0,0,0,0,0,0,0,0,0,0,0,0,0,0,0,0
B,"BUCUREŞTI SECTORUL 3","BUCUREŞTI SECTORUL 3",179169,462,"ŞCOALA GIMNAZIALĂ ”LEONARDO DA VINCI”;",U,903,5,340,12,0,36,388,6,15,27,55,59,11,16,47,58,94,1,0,0,0,3,2,0,0,1,1,0,1,3,2,3,2,2,2,2,1,2,2,4,2,5,2,5,4,6,6,3,2,5,2,2,3,2,0,3,6,4,0,2,2,1,2,0,1,1,1,4,3,4,6,8,7,7,6,4,1,2,0,1,0,1,1,0,0,0,0,0,0,1,0,0,0,0,0,0,0,0,0,0,0,0,0,0,0,0,0,0,0,0,0,0,0,0,0,0,0,0,0,0,2,3,2,0,1,1,2,2,0,2,1,1,3,3,0,1,3,2,6,2,5,1,4,7,6,5,9,8,7,1,4,3,1,4,2,4,1,2,3,3,5,1,1,0,0,3,5,4,7,7,7,10,7,8,7,6,4,7,6,8,3,1,0,1,1,0,0,0,0,0,0,0,0,0,0,0,0,0,0,0,0,0,0,0,0,0,0,0,0,0,0,0,0,0,0,0,0,0,0,0,0,0,0
B,"BUCUREŞTI SECTORUL 3","BUCUREŞTI SECTORUL 3",179169,463,"ŞCOALA GIMNAZIALĂ ”LEONARDO DA VINCI”;",U,1114,28,406,9,0,0,415,13,18,46,74,44,9,16,40,100,55,2,3,1,1,3,2,1,0,1,2,0,0,2,3,5,4,1,2,2,6,6,5,6,5,4,6,4,5,2,3,1,8,4,3,3,1,4,2,4,6,7,4,4,2,0,5,6,3,2,3,1,5,1,4,7,4,3,4,0,0,1,0,1,0,1,0,1,1,0,1,1,0,0,0,0,0,0,0,0,0,0,0,0,0,0,0,0,0,0,0,0,0,0,0,0,0,0,0,0,0,0,0,0,0,2,1,2,1,2,1,3,1,0,0,1,1,0,3,3,4,0,7,9,5,2,7,2,3,3,2,6,7,3,4,10,1,5,4,5,2,6,8,6,8,2,4,7,4,3,5,6,5,2,4,6,2,7,1,2,2,4,3,2,1,0,0,1,0,1,0,1,2,3,0,0,0,0,0,0,0,0,0,0,0,0,0,0,0,0,0,0,0,0,0,0,0,0,0,0,0,0,0,0,0,0,0
B,"BUCUREŞTI SECTORUL 3","BUCUREŞTI SECTORUL 3",179169,464,"LICEUL TEORETIC ”BENJAMIN FRANKLIN”;",U,1200,15,463,11,0,0,474,8,23,57,88,35,16,21,68,101,57,3,0,1,0,0,1,3,1,4,2,0,2,2,5,2,1,4,5,4,7,5,10,3,3,5,9,6,7,6,8,9,3,3,2,3,6,4,4,5,4,9,0,0,2,2,5,6,1,3,3,1,3,8,2,1,2,2,2,0,0,0,1,2,0,0,1,0,0,0,2,0,0,0,1,0,0,0,0,0,0,0,0,0,0,0,0,0,0,0,0,0,0,0,0,0,0,0,0,0,0,0,0,0,3,5,2,2,1,2,1,2,2,0,1,1,3,4,4,2,2,2,7,9,3,11,14,5,9,3,5,7,12,6,6,4,5,3,4,4,3,5,8,7,9,2,1,5,3,4,3,5,3,6,4,4,3,3,3,4,3,1,2,2,2,0,3,1,0,1,1,0,3,2,1,0,0,0,0,0,0,0,0,0,0,0,0,0,0,0,0,0,0,0,0,0,0,0,0,0,0,0,0,0,0,0,0
B,"BUCUREŞTI SECTORUL 3","BUCUREŞTI SECTORUL 3",179169,465,"LICEUL TEORETIC ”BENJAMIN FRANKLIN”;",U,1251,6,464,7,0,0,471,12,17,46,121,32,17,22,53,106,45,2,1,1,1,3,0,4,0,1,3,1,2,2,4,1,1,2,3,6,2,4,2,4,6,6,2,11,9,8,5,11,5,7,12,7,3,4,5,6,4,9,3,2,5,8,5,3,1,1,1,3,4,6,3,3,2,1,0,1,2,0,0,3,0,0,0,1,0,0,0,0,0,0,0,0,0,0,0,0,0,0,0,0,0,0,0,0,0,0,0,0,0,0,0,0,0,0,0,0,0,0,0,0,6,2,3,1,3,1,1,3,1,3,2,2,4,0,1,3,3,4,4,4,3,6,6,8,7,10,1,10,13,8,12,2,9,4,2,3,5,5,2,7,11,5,3,2,1,0,2,4,3,3,5,3,5,3,1,2,4,4,1,1,1,1,0,3,0,1,0,0,0,0,0,0,0,0,0,0,0,0,0,0,0,0,0,0,0,0,0,0,0,0,0,0,0,0,0,0,0,0,0,0,0,0,0
B,"BUCUREŞTI SECTORUL 3","BUCUREŞTI SECTORUL 3",179169,466,"LICEUL TEORETIC ”BENJAMIN FRANKLIN”;",U,921,10,313,7,0,0,320,5,9,25,63,35,6,15,27,65,70,2,0,0,0,0,2,1,1,0,0,3,1,1,1,1,0,1,0,3,2,2,4,3,5,1,2,3,2,7,7,4,6,2,2,2,1,2,2,1,5,5,2,4,0,2,4,3,2,2,3,1,1,9,0,6,1,1,0,0,2,2,2,0,0,0,1,2,0,0,0,0,0,0,0,0,0,0,0,0,0,0,0,0,0,0,0,0,0,0,0,0,0,0,0,0,0,0,0,0,0,0,0,0,2,0,2,2,0,0,0,1,1,4,0,1,3,1,0,0,4,1,4,2,1,4,5,2,4,1,3,4,1,7,5,2,4,1,6,2,3,6,3,2,2,3,1,2,2,1,8,5,5,0,7,5,4,9,2,7,5,6,3,2,1,2,2,2,0,1,0,0,2,0,0,0,0,0,0,0,0,0,0,0,0,0,0,0,0,0,0,0,0,0,0,0,0,0,0,0,0,0,0,0,0,0,0
B,"BUCUREŞTI SECTORUL 3","BUCUREŞTI SECTORUL 3",179169,467,"LICEUL TEORETIC ”BENJAMIN FRANKLIN”;",U,1020,5,413,8,0,1,422,19,16,35,77,45,6,21,42,97,64,3,1,2,4,2,2,5,1,2,2,3,0,1,1,4,0,2,1,1,3,0,5,4,4,3,4,10,2,10,4,2,9,0,7,2,3,5,5,5,4,5,2,4,1,2,2,3,2,3,2,2,6,4,4,4,4,1,3,2,2,0,2,0,0,0,3,0,0,0,0,1,0,0,0,0,0,0,0,0,0,0,0,0,0,0,0,0,0,0,0,0,0,0,0,0,0,0,0,0,0,0,0,0,2,0,0,2,0,0,2,1,1,2,1,3,5,0,2,3,3,0,1,4,3,3,7,5,8,4,7,7,5,6,5,9,4,2,3,2,5,4,7,12,12,4,1,3,3,1,2,2,4,8,2,3,7,0,8,4,1,0,4,3,1,2,1,4,1,2,3,2,0,2,0,0,0,0,0,0,0,0,0,0,0,0,0,0,0,0,0,0,0,0,0,0,0,0,0,0,0,0,0,0,0,0,0
B,"BUCUREŞTI SECTORUL 3","BUCUREŞTI SECTORUL 3",179169,468,"ȘCOALA GIMNAZIALĂ „ALEXANDRU IOAN CUZA”",U,1134,2,400,6,0,0,406,6,16,46,66,48,13,12,53,66,80,1,1,0,1,1,1,1,1,0,2,1,2,3,0,2,1,4,5,4,2,5,5,3,6,4,8,4,7,8,1,11,6,3,4,2,5,3,5,1,4,2,3,0,0,1,0,0,1,0,4,4,9,4,3,4,5,2,7,1,1,0,1,1,0,0,0,0,0,1,0,0,0,0,0,0,0,0,0,0,0,0,0,0,0,0,0,0,0,0,0,0,0,0,0,0,0,0,0,0,0,0,0,0,4,0,1,3,3,1,1,1,0,0,1,2,1,2,1,3,1,4,5,3,5,6,8,7,5,4,6,3,2,5,5,6,6,4,1,6,5,2,5,1,1,2,2,4,2,1,3,3,10,7,9,11,9,9,1,3,3,6,1,1,0,3,2,0,1,1,0,0,0,0,0,0,0,0,0,0,0,0,0,0,0,0,0,0,0,0,0,0,0,0,0,0,0,0,0,0,0,0,0,0,0,0,0
B,"BUCUREŞTI SECTORUL 3","BUCUREŞTI SECTORUL 3",179169,469,"ȘCOALA GIMNAZIALĂ „ALEXANDRU IOAN CUZA”",U,1221,6,462,7,0,0,469,4,11,41,60,97,15,14,55,70,102,1,1,0,0,1,1,0,0,0,1,0,0,3,1,2,2,2,1,3,8,3,3,6,3,5,5,4,6,7,3,9,9,2,4,3,2,4,2,3,1,0,0,0,1,1,1,2,2,2,9,6,15,16,12,9,6,4,2,4,1,1,0,3,1,2,2,0,0,0,0,0,0,0,0,0,0,0,0,0,0,0,0,0,0,0,0,0,0,0,0,0,0,0,0,0,0,0,0,0,0,0,0,0,6,3,2,3,0,0,1,1,1,0,2,0,1,2,0,2,5,3,1,5,2,6,7,10,3,11,7,8,8,6,5,3,6,5,2,2,3,1,4,3,2,1,3,2,3,0,3,9,11,8,17,13,13,9,1,7,4,2,1,2,2,0,0,2,0,1,0,0,0,0,0,0,0,0,0,0,0,0,0,0,0,0,0,0,0,0,0,0,0,0,0,0,0,0,0,0,0,0,0,0,0,0,0
B,"BUCUREŞTI SECTORUL 3","BUCUREŞTI SECTORUL 3",179169,470,"ȘCOALA GIMNAZIALĂ „ALEXANDRU IOAN CUZA”",U,1236,13,405,7,0,0,412,11,10,43,58,65,6,13,54,63,89,3,2,1,2,1,0,2,1,1,1,0,0,0,2,2,1,2,1,5,6,3,6,3,3,2,11,3,5,8,5,3,3,7,2,1,1,6,1,3,2,5,1,0,2,1,1,1,4,1,2,5,9,12,5,6,5,4,3,3,2,1,1,0,0,0,2,0,0,0,0,0,0,0,0,0,0,0,0,0,0,0,0,0,0,0,0,0,0,0,0,0,0,0,0,0,0,0,0,0,0,0,0,0,0,1,1,1,1,2,0,1,1,1,0,3,1,1,1,2,2,2,8,8,1,2,7,4,5,5,12,6,3,6,5,3,4,2,2,3,1,4,3,4,4,3,1,2,1,4,2,3,4,11,10,11,12,9,5,5,4,0,5,3,0,1,1,2,0,1,1,1,0,0,0,0,0,0,0,0,0,0,0,0,0,0,0,0,0,0,0,0,0,0,0,0,0,0,0,0,0,0,0,0,0,0,0
B,"BUCUREŞTI SECTORUL 3","BUCUREŞTI SECTORUL 3",179169,471,"ȘCOALA GIMNAZIALĂ „ALEXANDRU IOAN CUZA”",U,1218,3,477,10,0,0,487,11,15,56,95,43,8,24,68,99,68,1,1,2,0,0,3,4,0,0,2,1,1,2,4,0,2,3,2,5,6,12,3,10,4,4,5,5,9,7,6,2,7,6,7,2,3,5,2,5,6,8,1,2,5,5,1,6,6,2,3,3,4,5,2,3,1,2,3,1,0,0,0,1,1,0,1,0,2,0,1,0,1,0,1,0,0,0,0,0,0,0,0,0,0,0,0,0,0,0,0,0,0,0,0,0,0,0,0,0,0,0,0,0,2,1,1,1,0,2,1,2,2,1,2,3,5,3,3,2,1,4,5,9,2,11,7,9,9,5,7,6,5,6,10,3,9,4,4,2,1,6,4,7,8,7,3,3,5,3,3,7,4,4,2,1,7,7,5,3,0,2,3,5,1,4,0,1,1,3,1,2,4,0,0,1,0,0,0,0,0,0,0,0,0,0,0,0,0,0,0,0,0,0,0,0,0,0,0,0,0,0,0,0,0,0,0
B,"BUCUREŞTI SECTORUL 3","BUCUREŞTI SECTORUL 3",179169,472,"ȘCOALA GIMNAZIALĂ „ALEXANDRU IOAN CUZA”",U,1812,2,631,10,0,1,642,17,31,62,125,57,29,42,66,152,61,4,6,1,3,1,2,0,4,4,0,2,5,4,0,2,4,6,5,6,9,3,2,7,9,4,7,10,9,15,6,7,8,8,5,4,6,3,6,7,9,11,3,2,1,6,3,6,7,7,5,6,6,3,1,5,4,2,3,1,1,1,0,0,0,0,0,1,2,0,1,0,0,0,0,1,0,0,0,0,0,0,0,0,0,0,0,0,0,0,0,0,0,0,0,0,0,0,0,0,0,0,0,0,9,3,2,3,6,4,2,2,4,4,8,3,3,4,1,6,7,6,7,6,9,6,6,6,7,7,6,7,7,6,7,11,9,9,6,4,6,11,7,15,6,3,7,4,6,6,15,8,8,4,5,4,4,2,6,7,1,0,3,1,0,0,0,1,1,1,2,1,0,1,0,1,0,0,0,0,0,0,0,0,0,0,0,0,0,0,0,0,0,0,0,0,0,0,0,0,0,0,0,0,0,0,0
B,"BUCUREŞTI SECTORUL 3","BUCUREŞTI SECTORUL 3",179169,473,"COLEGIUL TEHNIC ”ANGHEL SALIGNY”;",U,680,5,188,6,0,0,194,0,1,18,29,34,1,7,14,36,54,0,0,0,0,0,0,0,0,0,0,0,1,0,0,0,0,0,0,2,3,3,0,3,1,3,0,3,1,2,5,3,2,4,3,1,3,0,1,1,2,0,0,1,0,0,0,0,0,0,0,3,3,7,4,2,3,2,2,0,1,1,2,2,0,0,0,0,0,0,0,1,0,1,0,0,0,0,0,0,0,0,0,0,0,0,0,0,0,0,0,0,0,0,0,0,0,0,0,0,0,0,0,0,0,0,0,0,0,1,0,0,1,0,0,1,0,0,2,0,3,1,0,2,1,3,1,2,2,1,1,2,9,2,3,3,1,2,2,4,0,1,2,2,0,1,0,2,0,0,0,3,4,5,9,5,4,8,3,4,0,1,1,0,0,0,1,0,0,0,1,0,2,1,1,0,0,0,1,0,0,0,0,0,0,0,0,0,0,0,0,0,0,0,0,0,0,0,0,0,0,0,0,0,0,0,0
B,"BUCUREŞTI SECTORUL 3","BUCUREŞTI SECTORUL 3",179169,474,"COLEGIUL TEHNIC ”ANGHEL SALIGNY”;",U,724,3,266,9,0,0,275,8,12,29,42,29,6,15,29,57,48,0,0,2,2,1,2,1,0,1,1,1,0,2,3,1,1,2,2,3,1,2,7,4,4,2,3,1,3,1,1,2,0,1,0,1,3,0,6,7,6,1,1,2,1,1,4,1,2,3,3,2,2,6,0,1,2,1,0,0,2,0,0,0,1,1,0,0,0,0,1,1,0,0,0,0,0,1,0,0,0,0,0,0,0,0,0,0,0,0,0,0,0,0,0,0,0,0,0,0,0,0,0,0,1,1,0,1,0,0,3,0,2,2,0,1,1,3,3,2,1,2,4,3,7,1,3,3,2,3,1,3,2,2,2,2,2,2,4,2,2,3,3,8,5,7,1,1,1,3,2,2,1,3,2,5,7,3,2,3,3,2,1,1,1,1,0,2,1,1,1,4,0,1,0,0,0,0,1,0,0,0,0,0,0,0,0,0,0,0,0,0,0,0,0,0,0,0,0,0,0,0,0,0,0,0,0
B,"BUCUREŞTI SECTORUL 3","BUCUREŞTI SECTORUL 3",179169,475,"LICEUL TEORETIC „DANTE ALIGHIERI”",U,1237,1,367,6,0,2,375,14,23,31,68,36,12,23,39,74,55,3,3,0,1,4,1,2,1,0,0,0,2,1,4,3,7,5,1,2,2,1,2,6,6,3,5,3,2,4,6,4,4,6,4,3,3,1,3,1,12,3,4,0,2,3,2,1,0,3,5,1,2,3,1,1,2,0,0,4,3,1,3,1,0,0,1,0,4,0,0,0,0,0,0,0,1,0,0,0,0,0,0,0,0,0,0,0,0,0,0,0,0,0,0,0,0,0,0,0,0,0,0,0,2,2,1,4,1,1,1,0,1,3,1,3,4,4,2,2,3,7,6,4,4,2,4,3,4,2,3,4,7,5,6,6,2,4,2,3,1,4,3,6,6,4,2,2,3,4,0,1,2,3,3,2,4,3,0,3,5,3,3,1,3,0,2,2,0,3,2,3,3,1,1,1,0,0,0,0,1,0,0,0,0,0,0,0,0,0,0,0,0,0,0,0,0,0,0,0,0,0,0,0,0,0,0
B,"BUCUREŞTI SECTORUL 3","BUCUREŞTI SECTORUL 3",179169,476,"LICEUL TEORETIC „DANTE ALIGHIERI”",U,1267,5,461,9,1,0,471,14,25,50,97,36,13,26,55,104,51,5,2,3,1,0,0,3,2,3,3,4,4,2,1,2,1,3,4,5,3,2,10,5,5,3,6,7,7,4,5,9,2,6,6,5,4,1,4,8,6,5,3,5,4,6,5,2,4,2,4,0,3,2,3,4,3,0,1,3,1,0,0,1,0,1,1,1,0,0,2,0,0,0,0,0,0,0,0,0,0,0,0,0,0,0,0,0,0,0,0,0,0,0,0,0,0,0,0,0,0,0,0,0,1,0,2,2,2,3,3,1,1,3,3,3,1,5,4,2,3,3,3,4,7,8,9,4,9,1,7,5,10,5,8,4,5,8,4,1,5,5,7,7,12,5,4,4,3,1,1,3,5,5,2,4,6,2,2,0,6,0,3,0,0,0,2,0,2,2,0,2,0,2,1,1,1,0,0,0,0,0,0,0,0,0,0,0,0,0,0,0,0,0,0,0,0,0,0,0,0,0,0,0,0,0,0
B,"BUCUREŞTI SECTORUL 3","BUCUREŞTI SECTORUL 3",179169,477,"LICEUL TEORETIC „DANTE ALIGHIERI”",U,1185,15,345,7,0,0,352,10,28,33,68,26,7,21,45,67,47,2,3,0,1,0,2,2,2,3,2,1,2,5,3,2,4,4,4,3,2,2,3,6,3,5,2,3,3,10,5,7,4,3,4,2,5,3,1,3,5,6,1,2,2,1,0,1,3,1,2,2,1,2,1,2,0,3,2,2,2,0,1,1,0,0,0,0,1,0,0,0,0,0,0,0,0,0,0,0,0,0,0,0,0,0,0,0,0,0,0,0,0,0,0,0,0,0,0,0,0,0,0,0,1,0,1,1,0,0,4,0,0,1,3,2,2,2,2,4,5,5,5,6,6,3,6,4,5,3,2,3,9,8,4,7,7,3,1,2,2,3,3,4,5,0,1,3,0,1,1,2,2,4,4,2,1,4,5,5,2,1,3,1,2,2,0,0,1,1,2,1,0,1,0,1,0,0,0,0,0,0,0,0,0,0,0,0,0,0,0,0,0,0,0,0,0,0,0,0,0,0,0,0,0,0,0
B,"BUCUREŞTI SECTORUL 3","BUCUREŞTI SECTORUL 3",179169,478,"LICEUL TEORETIC „DANTE ALIGHIERI”",U,1383,5,482,9,0,0,491,15,24,48,102,41,20,36,45,116,44,3,3,2,0,2,3,2,0,4,4,1,4,2,3,2,4,0,6,5,4,5,9,1,4,5,4,5,7,4,9,6,7,6,7,4,2,3,7,6,10,5,1,7,4,1,2,4,8,4,3,2,4,0,2,4,1,2,1,2,3,2,0,1,0,1,0,0,1,0,0,0,0,0,0,0,0,0,0,0,0,0,0,0,0,0,0,0,0,0,0,0,0,0,0,0,0,0,0,0,0,0,0,0,6,3,4,1,3,2,1,4,5,2,1,3,3,4,6,6,2,3,3,3,2,5,6,9,8,4,2,3,7,9,8,3,13,3,5,5,5,9,7,8,6,5,3,4,7,2,4,1,3,5,5,3,4,1,5,1,1,2,1,1,1,0,1,1,1,0,2,1,1,2,0,1,0,0,0,0,0,0,0,0,0,0,0,0,0,0,0,0,0,0,0,0,0,0,0,0,0,0,0,0,0,0,0
B,"BUCUREŞTI SECTORUL 3","BUCUREŞTI SECTORUL 3",179169,479,"LICEUL TEORETIC „DANTE ALIGHIERI”",U,1393,6,500,7,0,0,507,22,21,46,94,46,19,23,56,101,79,6,3,2,2,6,1,2,3,4,0,1,2,3,2,2,1,3,4,4,2,2,9,7,3,4,5,6,6,10,8,7,7,5,7,4,6,3,5,3,3,5,2,3,2,4,3,1,3,1,2,2,4,4,3,3,2,1,9,2,2,0,2,2,0,0,1,0,1,1,1,0,0,0,0,0,0,0,0,0,0,0,0,0,0,0,0,0,0,0,0,0,0,0,0,0,0,0,0,0,0,0,0,0,6,0,1,1,4,4,3,1,0,2,6,1,4,1,2,2,4,2,9,3,4,8,7,6,4,6,7,9,5,6,5,7,7,7,5,3,7,5,5,8,6,0,3,6,3,3,1,1,1,6,6,5,8,3,4,6,5,11,7,5,2,0,2,1,2,3,0,0,1,0,0,0,0,0,0,0,0,0,0,0,0,0,0,0,0,0,0,0,0,0,0,0,0,0,0,0,0,0,0,0,0,0,0
B,"BUCUREŞTI SECTORUL 3","BUCUREŞTI SECTORUL 3",179169,480,"LICEUL TEORETIC „DANTE ALIGHIERI”",U,1176,5,427,8,0,0,435,18,20,50,73,39,21,19,44,89,62,4,2,4,2,2,2,2,1,2,1,1,2,3,2,2,3,3,7,4,1,3,4,4,4,9,7,7,5,2,6,4,5,4,8,1,5,2,3,5,9,5,2,1,1,2,2,1,1,3,2,2,7,4,4,3,2,2,1,1,0,0,2,0,2,1,0,1,0,0,0,0,0,0,0,1,0,0,0,0,0,0,0,0,0,0,0,0,0,0,0,0,0,0,0,0,0,0,0,0,0,0,0,0,1,6,4,3,2,1,4,1,1,2,2,1,3,2,1,2,4,2,1,4,3,9,3,3,8,4,7,5,3,8,5,6,2,4,3,7,3,5,6,4,9,0,4,3,2,2,8,1,3,7,6,4,4,3,6,4,6,1,1,0,2,3,2,3,0,1,1,0,1,2,0,0,0,0,0,1,0,0,0,0,0,0,0,0,0,0,0,0,0,0,0,0,0,0,0,0,0,0,0,0,0,0,0
B,"BUCUREŞTI SECTORUL 3","BUCUREŞTI SECTORUL 3",179169,481,"ŞCOALA GIMNAZIALĂ ”MIHAI BOTEZ”;",U,1448,5,529,9,0,0,538,9,44,81,79,43,15,48,79,81,59,2,1,1,0,0,3,2,2,0,3,8,1,6,3,4,9,8,12,7,11,7,13,5,9,4,10,3,5,6,5,8,7,6,4,1,3,1,3,4,8,4,3,2,0,1,3,5,4,4,5,1,5,6,1,4,6,2,0,2,0,0,0,0,0,0,1,0,0,1,0,0,1,0,0,0,0,0,0,0,0,0,0,0,0,0,0,0,0,0,0,0,0,0,0,0,0,0,0,0,0,0,0,0,5,2,4,2,1,0,1,2,1,1,5,4,7,4,5,8,11,8,7,9,10,5,13,10,5,6,6,3,7,5,7,7,7,1,1,4,1,3,3,7,8,2,1,3,4,3,4,4,12,6,7,3,3,6,4,1,0,3,3,2,0,1,2,1,0,0,0,1,0,0,0,0,0,0,0,0,0,0,0,0,0,0,0,0,0,0,0,0,0,0,0,0,0,0,0,0,0,0,0,0,0,0,0
B,"BUCUREŞTI SECTORUL 3","BUCUREŞTI SECTORUL 3",179169,482,"ŞCOALA GIMNAZIALĂ ”MIHAI BOTEZ”;",U,1245,2,449,4,0,0,453,10,29,50,74,45,13,30,61,79,62,1,1,2,2,1,1,2,3,2,6,0,4,3,4,1,4,2,5,5,3,11,2,4,6,3,7,4,7,4,6,3,6,6,3,1,2,5,1,3,13,2,4,0,0,0,5,3,5,1,5,1,6,9,5,5,2,0,0,0,1,1,2,0,0,1,0,0,0,0,0,1,0,0,0,0,0,0,0,0,0,0,0,0,0,0,0,0,0,0,0,0,0,0,0,0,0,0,0,0,0,0,0,0,3,2,1,0,1,2,4,1,2,3,0,2,5,3,6,4,4,10,5,5,7,2,6,9,5,5,7,8,4,8,2,5,5,7,1,1,2,2,4,7,5,1,2,3,4,2,6,6,5,5,11,3,5,5,3,7,6,1,1,1,0,0,0,1,0,1,0,0,0,1,0,0,0,0,0,0,0,0,0,0,0,0,0,0,0,0,0,0,0,0,0,0,0,0,0,0,0,0,0,0,0,0,0
B,"BUCUREŞTI SECTORUL 3","BUCUREŞTI SECTORUL 3",179169,483,"ŞCOALA GIMNAZIALĂ ”MIHAI BOTEZ”;",U,1712,5,610,11,0,0,621,24,48,92,90,55,13,68,80,80,71,7,4,3,3,2,0,5,2,2,2,2,2,9,10,10,6,3,13,6,7,13,5,9,6,8,13,12,7,8,6,7,8,5,9,4,3,7,4,3,2,3,3,2,3,2,3,1,6,4,4,5,3,3,7,9,5,1,0,1,1,2,1,1,0,0,1,0,0,1,0,0,0,0,0,0,0,0,0,0,0,0,0,0,0,0,0,0,0,0,0,0,0,0,0,0,0,0,0,0,0,0,0,0,5,1,2,1,3,1,0,5,4,4,5,9,8,6,4,13,10,9,12,7,5,7,9,4,8,9,10,3,7,4,7,8,7,7,3,3,3,0,1,9,4,1,2,1,4,3,3,6,7,10,6,4,10,7,4,2,2,2,3,1,3,1,0,2,0,1,0,0,0,0,0,0,0,0,0,0,0,0,0,0,0,0,0,0,0,0,0,0,0,0,0,0,0,0,0,0,0,0,0,0,0,0,0
B,"BUCUREŞTI SECTORUL 3","BUCUREŞTI SECTORUL 3",179169,484,"ŞCOALA GIMNAZIALĂ ”MIHAI BOTEZ”;",U,1671,113,573,11,0,0,584,17,55,74,104,48,17,60,79,88,42,1,0,5,1,2,3,5,2,3,2,7,5,5,12,5,6,8,7,10,10,10,10,6,7,1,4,9,11,9,11,2,8,7,5,3,3,5,3,4,9,7,5,3,3,4,1,1,4,3,3,6,4,3,1,3,4,1,4,4,0,2,3,2,1,0,0,0,0,0,0,0,0,0,0,0,0,0,0,0,0,0,0,0,0,0,0,0,0,0,0,0,0,0,0,0,0,0,0,0,0,0,0,0,2,1,3,4,2,1,4,3,4,5,6,10,4,11,8,3,6,7,11,13,11,10,7,6,4,6,4,9,5,6,6,6,8,4,8,4,2,2,5,6,4,1,2,3,3,3,1,1,5,2,5,4,2,4,2,3,5,3,2,1,1,1,0,0,0,0,0,0,0,0,1,0,0,0,0,0,0,0,0,0,0,0,0,0,0,0,0,0,0,0,0,0,0,0,0,0,0,0,0,0,0,0,0
B,"BUCUREŞTI SECTORUL 3","BUCUREŞTI SECTORUL 3",179169,485,"ŞCOALA GIMNAZIALĂ ”MIHAI BOTEZ”;",U,1278,0,445,8,0,0,453,11,16,52,68,59,11,26,62,80,68,1,3,2,1,1,2,1,1,0,2,0,3,1,0,2,2,5,4,4,4,3,8,3,11,4,5,6,4,5,7,3,4,4,6,7,1,2,3,4,4,3,3,3,1,0,3,1,4,8,6,9,3,4,4,2,4,0,6,3,0,1,0,1,1,1,1,0,0,0,0,1,0,0,0,0,0,0,0,0,0,0,0,0,0,0,0,0,0,0,0,0,0,0,0,0,0,0,0,0,0,0,0,0,4,2,2,1,1,1,0,2,1,3,3,4,2,3,1,4,3,8,3,5,8,5,6,9,10,6,2,6,1,4,1,4,7,5,3,4,3,4,6,5,7,3,2,4,5,3,3,11,6,7,5,5,6,3,3,7,2,3,3,1,2,1,0,0,0,1,1,1,0,0,0,0,0,0,0,0,0,0,0,0,0,0,0,0,0,0,0,0,0,0,0,0,0,0,0,0,0,0,0,0,0,0,0
B,"BUCUREŞTI SECTORUL 3","BUCUREŞTI SECTORUL 3",179169,486,"ŞCOALA GIMNAZIALĂ ”MIHAI BOTEZ”;",U,1273,6,468,9,0,0,477,14,23,69,78,50,7,21,64,81,70,2,3,1,3,0,1,4,2,1,1,4,1,3,3,1,4,3,5,2,7,6,3,7,5,14,13,7,6,6,6,7,11,5,1,6,0,1,3,5,3,8,1,1,2,1,3,2,1,2,3,9,8,3,6,2,2,1,6,2,1,3,0,0,0,0,0,0,0,0,0,0,1,0,0,0,0,0,0,0,0,0,0,0,0,0,0,0,0,0,0,0,0,0,0,0,0,0,0,0,0,0,0,0,1,0,1,3,1,1,0,3,2,1,2,0,3,1,2,2,5,7,5,10,3,9,8,5,5,6,6,4,8,2,7,2,8,3,4,2,2,3,3,4,5,6,5,2,1,3,7,10,8,11,3,2,4,4,6,5,2,5,1,2,2,0,1,1,0,0,1,0,1,1,0,0,0,0,0,0,0,0,0,0,0,0,0,0,0,0,0,0,0,0,0,0,0,0,0,0,0,0,0,0,0,0,0
B,"BUCUREŞTI SECTORUL 3","BUCUREŞTI SECTORUL 3",179169,487,"ŞCOALA GIMNAZIALĂ ”MIHAI BOTEZ”;",U,1226,1,404,9,0,0,413,16,18,44,71,39,8,26,45,79,67,1,3,1,2,4,3,2,3,1,3,3,0,0,1,1,1,5,1,3,4,5,4,4,4,8,4,7,4,6,3,6,4,3,6,6,6,3,2,4,3,5,1,0,4,2,2,1,0,3,1,1,7,5,7,2,1,1,2,1,1,1,4,1,0,0,0,0,0,0,0,0,0,1,0,0,0,0,0,0,0,0,0,0,0,0,0,0,0,0,0,0,0,0,0,0,0,0,0,0,0,0,0,0,0,0,2,2,2,0,2,2,4,2,2,3,3,2,4,3,1,3,1,4,4,9,3,3,6,6,6,6,5,7,7,7,4,10,3,1,3,3,1,2,6,3,2,2,2,4,1,3,3,11,6,7,5,2,3,5,2,5,4,2,2,2,1,0,2,0,0,1,1,0,0,0,0,0,0,0,0,0,0,0,0,0,0,0,0,0,0,0,0,0,0,0,0,0,0,0,0,0,0,0,0,0,0
B,"BUCUREŞTI SECTORUL 3","BUCUREŞTI SECTORUL 3",179169,488,"ŞCOALA GIMNAZIALĂ ”MIHAI BOTEZ”;",U,1218,2,388,6,0,0,394,8,21,31,69,53,11,24,48,74,55,0,2,1,2,2,1,0,2,3,0,1,3,1,3,1,3,4,0,4,3,4,5,2,3,5,3,2,3,6,6,6,3,8,6,4,2,3,2,4,5,4,1,1,1,0,2,2,3,7,5,8,2,5,5,2,1,4,3,1,2,0,2,1,1,0,0,0,0,0,0,0,1,0,0,0,0,0,0,0,0,0,0,0,0,0,0,0,0,0,0,0,0,0,0,0,0,0,0,0,0,0,0,0,2,2,3,1,0,1,2,0,2,2,1,3,5,0,4,4,3,7,5,4,3,2,5,8,3,6,5,4,7,8,5,6,4,5,1,2,0,4,4,1,2,0,2,3,3,2,11,5,5,8,7,5,11,3,3,3,0,1,2,1,0,0,1,0,0,0,0,0,0,0,0,0,0,0,0,0,0,0,0,0,0,0,0,0,0,0,0,0,0,0,0,0,0,0,0,0,0,0,0,0,0,0,0
B,"BUCUREŞTI SECTORUL 3","BUCUREŞTI SECTORUL 3",179169,489,"ŞCOALA GIMNAZIALĂ ”MIHAI BOTEZ”;",U,1382,5,449,8,0,0,457,10,22,54,80,48,13,23,41,95,71,4,0,0,2,1,1,2,2,2,3,3,1,1,2,3,1,4,4,4,10,4,6,6,3,6,3,8,3,9,5,8,10,4,6,4,0,3,2,4,2,5,2,2,3,3,2,3,2,4,6,3,4,4,3,5,2,3,1,2,1,4,1,0,2,0,1,0,0,0,0,0,0,0,0,0,0,0,0,0,0,0,0,0,0,0,0,0,0,0,0,0,0,0,0,0,0,0,0,0,0,0,0,0,3,3,1,3,1,2,0,1,2,2,0,1,3,2,4,3,5,4,2,5,10,7,3,2,4,0,4,10,6,6,7,6,8,3,3,1,4,2,2,5,8,0,4,7,5,4,4,4,4,9,3,5,9,4,3,8,3,1,2,3,2,0,6,1,1,0,0,0,0,1,0,1,1,0,0,0,0,0,0,0,0,0,0,0,0,0,0,0,0,0,0,0,0,0,0,0,0,0,0,0,0,0,0
B,"BUCUREŞTI SECTORUL 3","BUCUREŞTI SECTORUL 3",179169,490,"ŞCOALA GIMNAZIALĂ ”MIHAI BOTEZ”;",U,1344,7,443,5,0,0,448,12,18,47,60,69,9,26,57,75,75,1,3,2,0,5,0,1,0,1,3,0,2,1,0,3,3,5,5,1,8,6,6,2,6,4,4,5,7,4,5,7,2,4,2,1,0,3,0,2,10,5,2,0,1,0,4,1,0,4,4,5,8,11,6,7,4,5,7,2,2,0,0,1,0,1,0,1,1,0,0,0,0,0,0,0,0,0,0,0,0,0,0,0,0,0,0,0,0,0,0,0,0,0,0,0,0,0,0,0,0,0,0,0,3,1,1,0,2,1,1,2,5,3,0,2,5,3,2,2,2,5,2,5,5,10,4,6,9,4,7,4,5,7,3,4,4,1,3,3,2,6,5,5,1,2,1,3,7,2,7,5,6,7,8,8,8,8,7,6,4,2,1,2,1,0,1,0,0,0,0,1,0,0,0,0,0,0,0,0,0,0,0,0,0,0,0,0,0,0,0,0,0,0,0,0,0,0,0,0,0,0,0,0,0,0,0
B,"BUCUREŞTI SECTORUL 3","BUCUREŞTI SECTORUL 3",179169,491,"ŞCOALA GIMNAZIALĂ ”MIHAI BOTEZ”;",U,1483,4,455,8,0,0,463,16,37,57,78,41,17,33,55,80,49,4,3,4,1,1,1,2,6,1,1,3,2,6,6,4,4,4,2,3,8,2,8,6,8,5,5,10,8,9,5,8,5,5,1,4,1,6,3,2,1,6,2,2,2,4,1,3,1,5,7,0,8,7,0,1,1,1,3,3,2,0,1,0,0,0,0,0,0,0,0,0,0,0,0,0,1,0,0,0,0,0,0,0,0,0,0,0,0,0,0,0,0,0,0,0,0,0,0,0,0,0,0,0,2,2,4,2,1,4,2,1,2,2,4,5,3,8,3,0,5,2,6,4,4,10,7,3,8,6,5,7,5,8,5,3,5,4,2,2,6,1,5,2,4,4,3,5,3,3,3,7,3,3,6,7,5,5,3,0,1,2,2,0,2,1,0,0,0,0,0,0,1,1,0,0,0,0,0,0,0,0,0,0,0,0,0,0,0,0,0,0,0,0,0,0,0,0,0,0,0,0,0,0,0,0,0
B,"BUCUREŞTI SECTORUL 3","BUCUREŞTI SECTORUL 3",179169,492,"LICEUL TEORETIC ”DANTE ALIGHIERI”;",U,1358,3,550,9,0,0,559,20,26,53,96,62,20,23,58,111,90,5,0,1,4,3,4,3,2,2,3,4,5,1,2,2,4,1,2,4,4,8,5,9,9,3,5,4,5,7,12,8,9,4,8,7,0,5,0,2,5,8,3,5,1,2,4,1,2,1,3,5,2,4,3,4,5,3,7,4,5,3,2,1,1,2,0,2,0,1,2,0,0,0,0,0,0,0,0,0,0,0,0,0,0,0,0,0,0,0,0,0,0,0,0,0,0,0,0,0,0,0,0,0,3,4,4,0,3,3,3,1,1,2,1,2,4,3,3,4,2,6,3,4,8,6,6,8,10,3,4,8,8,9,11,7,5,3,4,8,1,1,5,10,11,6,4,4,3,1,2,6,3,4,6,8,2,8,6,9,6,8,3,5,5,1,3,2,2,0,2,0,1,0,0,0,0,0,0,0,0,0,0,0,0,0,0,0,0,0,0,0,0,0,0,0,0,0,0,0,0,0,0,0,0,0,0
B,"BUCUREŞTI SECTORUL 3","BUCUREŞTI SECTORUL 3",179169,493,"LICEUL TEORETIC ”DANTE ALIGHIERI”;",U,1256,4,474,10,0,0,484,10,19,49,81,69,10,16,54,87,89,1,2,0,1,2,2,2,1,1,2,2,2,5,1,2,0,3,3,3,6,3,3,4,6,3,12,6,8,2,7,7,10,4,2,1,4,3,5,3,9,7,5,0,1,1,2,0,2,4,3,3,2,7,5,7,4,3,1,6,6,4,2,3,1,2,0,0,1,1,1,0,0,0,0,0,0,0,1,0,0,0,0,0,0,0,0,0,0,0,0,0,0,0,0,0,0,0,0,0,0,0,0,0,1,0,3,3,0,0,3,1,2,2,1,0,3,1,2,0,4,5,4,7,2,6,7,7,5,3,8,4,5,3,13,4,7,4,5,5,8,3,3,2,3,2,2,0,3,7,4,5,6,2,7,10,11,8,5,6,6,6,5,4,2,0,2,0,1,1,1,1,0,0,0,0,0,0,0,0,0,0,0,0,0,0,0,0,0,0,0,0,0,0,0,0,0,0,0,0,0,0,0,0,0,0,0
B,"BUCUREŞTI SECTORUL 3","BUCUREŞTI SECTORUL 3",179169,494,"LICEUL TEORETIC ”DANTE ALIGHIERI”;",U,1025,1,403,5,0,0,408,16,19,35,86,35,12,16,41,96,52,5,1,2,3,2,3,0,2,1,0,4,1,1,1,1,5,3,4,3,2,2,2,2,3,7,6,4,3,4,3,10,2,3,4,1,4,2,4,7,11,10,2,4,4,2,4,2,6,2,0,2,3,1,2,3,1,2,3,2,2,1,1,0,0,1,0,1,0,0,0,0,0,0,1,0,1,0,0,0,0,0,0,0,0,0,0,0,0,0,0,0,0,0,0,0,0,0,0,0,0,0,0,0,5,1,0,0,3,2,1,2,1,2,1,1,1,3,0,2,3,3,6,2,4,3,4,5,3,6,5,4,5,1,7,4,11,4,8,4,1,7,1,6,8,3,4,4,6,3,5,4,2,3,3,3,3,4,3,1,4,5,3,3,3,0,1,2,1,0,1,0,0,2,0,0,1,0,0,0,0,0,0,0,0,0,0,0,0,0,0,0,0,0,0,0,0,0,0,0,0,0,0,0,0,0,0
B,"BUCUREŞTI SECTORUL 3","BUCUREŞTI SECTORUL 3",179169,495,"LICEUL TEORETIC ”DANTE ALIGHIERI”;",U,1013,6,406,12,0,1,419,12,18,44,83,41,4,25,49,96,47,4,2,2,2,1,0,1,3,0,8,0,2,2,1,0,0,2,3,3,5,1,4,5,4,6,6,7,5,4,8,5,10,1,4,1,2,6,6,6,7,4,5,1,1,3,2,2,1,2,2,3,5,3,3,1,1,2,0,2,3,1,1,0,0,0,2,0,1,6,0,1,0,0,1,0,0,0,0,0,0,0,0,0,0,0,0,0,0,0,0,0,0,0,0,0,0,0,0,0,0,0,0,0,0,2,0,0,1,0,1,2,3,2,2,1,2,3,5,1,4,4,2,6,7,5,4,7,2,7,5,5,7,4,9,4,3,2,5,7,5,3,8,8,12,2,3,4,3,1,1,2,2,5,3,4,3,1,4,0,1,1,1,3,3,0,4,2,1,1,0,2,1,0,0,0,1,0,2,0,0,0,0,0,0,0,0,0,0,0,0,0,0,0,0,0,0,0,0,0,0,0,0,0,0,0,0
B,"BUCUREŞTI SECTORUL 3","BUCUREŞTI SECTORUL 3",179169,496,"LICEUL TEORETIC ”DANTE ALIGHIERI”;",U,1131,5,434,5,0,0,439,13,14,43,97,38,8,13,50,114,49,4,1,0,1,3,3,1,0,1,1,2,3,2,2,1,1,1,3,4,0,3,2,10,4,6,4,7,6,2,4,9,7,3,8,6,1,2,2,8,11,8,5,2,6,2,1,4,0,1,5,3,0,3,4,2,3,2,2,4,0,0,0,0,1,0,1,1,1,1,0,1,2,0,1,0,0,0,0,0,0,0,0,0,0,0,0,0,0,0,0,0,0,0,0,0,0,0,0,0,0,0,0,0,0,1,0,2,0,1,4,0,2,2,1,1,1,2,3,0,1,5,3,4,4,5,1,6,9,3,10,4,10,5,6,5,9,4,4,2,5,7,6,7,14,7,7,6,4,1,1,1,4,3,4,5,4,5,2,1,1,1,3,1,2,0,2,0,2,3,2,0,1,1,0,0,1,0,0,0,0,0,0,0,0,0,0,0,0,0,0,0,0,0,0,0,0,0,0,0,0,0,0,0,0,0,0
B,"BUCUREŞTI SECTORUL 3","BUCUREŞTI SECTORUL 3",179169,497,"ŞCOALA GIMNAZIALĂ NR.195;",U,1145,5,496,7,0,0,503,17,25,39,106,46,14,18,45,117,76,5,1,1,1,3,4,2,0,4,0,1,4,5,3,4,1,3,2,2,1,6,2,8,4,4,4,6,7,6,5,7,3,8,4,1,2,3,7,9,13,12,4,1,5,5,0,4,4,3,4,2,2,4,2,0,1,3,0,2,0,0,2,1,4,0,3,2,2,1,1,1,1,1,0,0,0,0,0,0,0,0,0,0,0,0,0,0,0,0,0,0,0,0,0,0,0,0,0,0,0,0,0,0,3,2,2,3,1,2,1,2,2,1,4,1,2,1,1,3,1,1,2,4,4,7,11,6,3,3,4,8,6,9,9,5,3,3,1,6,6,8,9,13,10,6,3,1,5,3,3,2,4,5,4,2,2,2,5,1,2,3,2,3,4,2,5,0,4,2,1,6,4,1,2,4,1,0,3,0,0,0,0,0,0,0,0,0,0,0,0,0,0,0,0,0,0,0,0,0,0,0,0,0,0,0,0
B,"BUCUREŞTI SECTORUL 3","BUCUREŞTI SECTORUL 3",179169,498,"ŞCOALA GIMNAZIALĂ NR.195;",U,1101,3,487,7,0,0,494,15,19,47,84,59,9,23,54,87,97,2,1,2,3,2,3,2,4,2,5,0,0,2,2,2,2,0,4,1,3,3,5,7,7,6,2,9,4,9,9,6,5,3,3,9,6,0,0,3,5,11,2,3,0,3,2,1,2,1,2,7,3,4,3,6,6,5,2,4,3,2,1,0,0,3,0,2,1,1,0,0,0,0,0,1,0,0,0,0,0,0,0,0,0,0,0,0,0,0,0,0,0,0,0,0,0,0,0,0,0,0,0,0,4,2,2,0,0,1,0,3,2,2,3,3,1,2,2,3,2,4,3,6,4,6,7,7,4,7,6,12,8,4,4,3,10,7,4,3,8,3,3,6,4,2,0,1,2,2,1,4,5,5,5,8,9,9,6,5,3,9,3,0,5,4,0,2,2,1,3,1,3,2,1,0,1,1,0,0,0,0,0,0,0,0,0,0,0,0,0,0,0,0,0,0,0,0,0,0,0,0,0,0,0,0,0
B,"BUCUREŞTI SECTORUL 3","BUCUREŞTI SECTORUL 3",179169,499,"ŞCOALA GIMNAZIALĂ NR.195;",U,1046,4,447,8,0,3,458,14,18,42,85,44,19,24,52,101,59,4,0,7,0,1,2,0,1,1,1,1,2,4,1,3,2,2,3,6,5,2,5,2,6,6,2,5,3,7,7,7,5,3,4,3,6,3,4,4,5,8,3,0,1,4,5,3,4,3,2,2,5,3,5,1,1,2,2,1,0,1,1,1,2,1,2,1,0,0,1,1,0,1,0,1,0,0,0,0,0,0,0,0,0,0,0,0,0,0,0,0,0,0,0,0,0,0,0,0,0,0,0,0,4,3,2,6,1,0,3,0,2,3,0,2,0,3,2,7,5,4,5,7,3,8,2,6,5,6,6,8,8,9,5,3,9,2,2,3,8,6,8,3,7,2,6,4,2,4,2,5,3,3,4,6,3,3,6,4,2,0,0,2,1,3,1,3,1,1,1,0,1,1,1,2,1,0,0,1,0,0,0,0,0,0,0,0,0,0,0,0,0,0,0,0,0,0,0,0,0,0,0,0,0,0,0
B,"BUCUREŞTI SECTORUL 3","BUCUREŞTI SECTORUL 3",179169,500,"ŞCOALA GIMNAZIALĂ NR.195;",U,906,7,347,6,0,0,353,13,10,33,76,36,12,15,34,74,50,1,2,2,0,2,4,2,0,1,1,2,1,1,1,0,2,1,3,1,1,4,6,2,4,2,4,6,1,6,5,7,3,5,8,4,1,2,7,3,4,7,4,2,2,1,3,1,1,2,1,2,3,0,2,4,0,4,1,3,0,1,0,1,1,0,0,2,1,0,1,2,0,1,0,2,0,0,0,0,0,1,0,0,0,0,0,0,0,0,0,0,0,0,0,0,0,0,0,0,0,0,0,0,1,2,1,3,0,2,3,1,1,0,0,2,2,1,4,2,2,2,1,3,3,6,2,5,6,3,3,5,2,1,2,6,6,2,6,1,8,4,3,8,9,3,3,0,1,3,1,2,1,5,3,0,2,4,3,3,1,3,4,0,3,2,1,1,1,1,1,1,4,2,1,1,0,0,0,0,0,0,0,0,0,0,0,0,0,0,0,0,0,0,0,0,0,0,0,0,0,0,0,0,0,0,0
B,"BUCUREŞTI SECTORUL 3","BUCUREŞTI SECTORUL 3",179169,501,"ŞCOALA GIMNAZIALĂ NR.195;",U,964,22,342,6,0,0,348,14,15,28,68,39,17,9,37,79,42,3,2,2,1,1,2,3,1,3,0,1,3,1,2,1,1,2,4,2,2,3,1,2,2,2,5,5,2,5,6,6,3,2,4,1,5,0,9,5,2,8,0,4,1,2,1,2,0,3,7,1,6,0,0,1,1,1,2,1,3,0,2,1,0,0,0,2,1,1,2,2,0,1,0,0,1,0,0,0,0,0,0,0,0,0,0,0,0,0,0,0,0,0,0,0,0,0,0,0,0,0,0,0,2,1,1,3,6,1,3,2,1,0,2,0,1,1,0,1,1,1,2,3,1,4,7,9,2,3,5,2,4,4,7,5,3,5,2,3,4,7,4,8,7,4,2,3,3,1,1,5,2,3,3,3,2,1,0,2,2,3,2,1,3,0,2,1,0,2,0,0,1,1,3,0,0,0,0,0,0,0,0,0,0,0,0,0,0,0,0,0,0,0,0,0,0,0,0,0,0,0,0,0,0,0,0
B,"BUCUREŞTI SECTORUL 3","BUCUREŞTI SECTORUL 3",179169,502,"LICEUL TEHNOLOGIC ”ELIE RADU”;",U,1364,34,394,6,0,7,407,11,16,57,61,49,9,23,45,66,70,2,3,2,1,2,1,0,1,1,0,2,2,2,1,5,0,2,6,2,4,9,5,7,8,5,4,7,6,7,3,5,6,2,5,0,3,1,2,5,4,2,3,0,1,3,2,1,2,1,4,11,4,4,6,5,2,3,2,1,2,0,0,0,0,0,1,0,0,0,0,0,1,0,0,0,0,0,0,0,0,0,0,0,0,0,0,0,0,0,0,0,0,0,0,0,0,0,0,0,0,0,0,0,0,3,2,0,1,2,1,1,2,3,2,2,4,1,1,4,3,3,3,7,6,5,2,3,3,7,6,8,3,1,7,5,5,5,0,4,3,2,5,5,5,0,1,2,0,2,3,8,10,8,7,9,4,6,3,3,2,2,0,3,0,1,2,0,1,1,0,0,0,0,0,0,0,0,0,0,0,0,0,0,0,0,0,0,0,0,0,0,0,0,0,0,0,0,0,0,0,0,0,0,0,0,0
B,"BUCUREŞTI SECTORUL 3","BUCUREŞTI SECTORUL 3",179169,503,"LICEUL TEHNOLOGIC ”ELIE RADU”;",U,1332,0,363,6,0,0,369,10,22,36,62,42,13,16,40,72,56,1,2,3,0,0,3,1,1,1,1,5,2,2,2,2,2,4,5,4,2,4,3,0,4,7,4,3,4,3,8,4,6,4,6,1,0,6,3,1,2,4,0,0,3,0,2,5,4,4,2,3,3,4,3,3,4,2,2,3,1,0,1,0,1,1,1,0,0,0,0,0,0,0,0,0,0,0,0,0,0,0,0,0,0,0,0,0,0,0,0,0,0,0,0,0,0,0,0,0,0,0,0,0,2,2,1,2,0,5,1,1,1,2,2,1,2,0,3,1,3,0,3,5,7,3,6,2,3,6,5,3,3,5,10,6,1,3,6,1,3,3,2,5,4,1,3,0,3,5,5,5,6,4,3,8,2,4,5,2,5,1,3,5,0,1,1,1,0,0,0,0,0,0,0,0,0,0,0,0,0,0,0,0,0,0,0,0,0,0,0,0,0,0,0,0,0,0,0,0,0,0,0,0,0,0,0
B,"BUCUREŞTI SECTORUL 3","BUCUREŞTI SECTORUL 3",179169,504,"LICEUL TEHNOLOGIC ”ELIE RADU”;",U,934,1,274,5,0,0,279,9,20,30,44,36,8,16,35,39,42,2,0,2,2,1,1,1,1,1,4,1,1,2,1,2,1,6,2,3,2,5,2,5,2,4,2,3,7,4,8,4,2,5,1,4,1,0,0,1,1,1,1,1,1,1,1,0,1,0,5,3,5,6,2,2,2,3,1,1,0,0,0,1,1,0,0,1,1,0,0,1,0,0,0,0,0,0,0,0,0,0,0,0,0,0,0,0,0,0,0,0,0,0,0,0,0,0,0,0,0,0,0,0,3,0,0,2,1,1,1,1,0,2,2,2,2,2,3,0,2,3,4,3,3,4,3,5,1,2,7,4,4,4,2,3,4,1,2,2,0,1,2,1,2,1,1,0,1,1,3,3,2,3,3,8,4,1,4,4,3,1,4,1,1,0,0,0,0,0,0,0,0,0,0,0,0,0,0,0,0,0,0,0,0,0,0,0,0,0,0,0,0,0,0,0,0,0,0,0,0,0,0,0,0,0,0
B,"BUCUREŞTI SECTORUL 3","BUCUREŞTI SECTORUL 3",179169,505,"LICEUL TEHNOLOGIC ”ELIE RADU”;",U,1500,2,382,6,0,0,388,12,22,42,72,33,7,19,42,84,55,2,2,0,3,0,3,2,1,2,3,1,0,3,5,3,3,1,2,1,3,10,8,7,5,3,2,1,4,3,6,5,5,3,5,2,1,4,2,7,4,5,3,1,1,4,4,3,3,0,5,1,3,2,1,5,2,2,0,2,0,0,1,2,1,1,0,1,1,0,0,0,0,0,0,0,0,0,0,0,0,0,0,0,0,0,0,0,0,0,0,0,0,0,0,0,0,0,0,0,0,0,0,0,2,3,1,1,0,0,0,1,3,0,1,7,1,0,5,1,0,3,5,1,8,6,2,3,5,4,5,6,6,9,3,3,4,3,1,7,3,3,4,8,3,6,4,3,3,4,1,1,4,3,3,6,4,4,2,2,4,4,4,3,2,0,2,3,0,2,1,1,0,0,0,0,0,0,0,0,0,0,0,0,0,0,0,0,0,0,0,0,0,0,0,0,0,0,0,0,0,0,0,0,0,0,0
B,"BUCUREŞTI SECTORUL 3","BUCUREŞTI SECTORUL 3",179169,506,"LICEUL TEHNOLOGIC ”ELIE RADU”;",U,1412,2,335,5,0,0,340,13,10,31,70,32,8,13,44,61,58,2,3,0,0,4,2,2,0,0,0,2,2,0,4,0,0,2,0,3,3,2,6,1,5,4,3,4,1,6,3,5,7,4,5,1,4,3,8,5,3,4,0,1,4,1,2,3,4,2,1,1,2,4,1,3,1,1,0,2,1,2,3,0,0,0,0,1,1,1,0,1,0,0,0,0,0,0,0,0,0,0,0,0,0,0,0,0,0,0,0,0,0,0,0,0,0,0,0,0,0,0,0,0,3,0,1,0,1,3,0,2,0,1,0,3,1,3,0,3,0,2,6,4,9,3,2,4,3,6,5,2,3,6,6,4,2,2,1,3,3,4,2,7,8,1,1,0,2,2,2,2,3,3,6,1,1,7,4,3,4,8,4,3,4,1,0,2,1,0,0,0,0,1,0,0,0,0,0,0,0,0,0,0,0,0,0,0,0,0,0,0,0,0,0,0,0,0,0,0,0,0,0,0,0,0,0
B,"BUCUREŞTI SECTORUL 3","BUCUREŞTI SECTORUL 3",179169,507,"LICEUL TEORETIC ”DECEBAL”;",U,1040,7,336,8,0,0,344,10,13,39,61,44,7,16,39,59,56,2,2,0,1,0,4,1,1,3,1,2,1,0,3,1,1,0,4,4,3,4,0,2,7,4,3,8,2,5,4,7,3,4,5,2,1,6,2,4,3,3,3,2,1,1,2,1,1,4,5,1,5,6,3,6,3,2,4,1,1,0,1,0,0,0,0,0,0,0,1,0,0,0,0,0,0,0,0,0,0,0,0,0,0,0,0,0,0,0,0,0,0,0,0,0,0,0,0,0,0,0,0,0,3,0,0,1,2,0,1,0,1,2,2,0,2,1,2,2,4,1,4,6,2,7,5,7,3,2,2,5,4,5,1,4,2,5,3,3,4,3,1,7,2,1,1,2,1,3,2,5,7,4,5,6,4,7,2,5,2,1,1,1,2,0,1,1,2,0,0,0,0,0,0,0,0,0,0,0,0,0,0,0,0,0,0,0,0,0,0,0,0,0,0,0,0,0,0,0,0,0,0,0,0,0,0
B,"BUCUREŞTI SECTORUL 3","BUCUREŞTI SECTORUL 3",179169,508,"LICEUL TEORETIC ”DECEBAL”;",U,1297,11,361,5,0,0,366,8,11,47,70,31,15,22,29,78,55,2,0,1,3,1,0,1,3,1,0,1,0,2,0,1,2,1,3,9,6,7,5,6,4,4,1,2,4,6,2,8,5,2,4,1,0,3,2,4,10,4,0,2,4,1,1,7,2,6,1,1,3,4,4,2,1,2,2,3,0,0,0,0,0,0,0,0,0,0,0,0,0,0,0,0,0,0,0,0,0,0,0,0,0,0,0,0,0,0,0,0,0,0,0,0,0,0,0,0,0,0,0,0,3,3,3,1,1,2,2,0,1,2,2,2,3,1,2,4,5,2,4,5,2,5,4,1,2,1,3,4,5,4,2,6,4,5,4,4,1,3,10,10,6,0,2,0,5,2,1,8,4,5,8,5,6,3,6,3,1,3,2,0,0,0,0,0,0,0,0,0,0,0,0,0,1,0,0,0,0,0,0,0,0,0,0,0,0,0,0,0,0,0,0,0,0,0,0,0,0,0,0,0,0,0,0
B,"BUCUREŞTI SECTORUL 3","BUCUREŞTI SECTORUL 3",179169,509,"LICEUL TEORETIC ”DECEBAL”;",U,1319,6,312,5,0,0,317,6,23,32,76,32,5,13,21,68,41,3,0,1,0,1,1,0,0,4,1,1,2,4,0,4,1,6,3,7,3,1,3,4,3,1,5,2,7,2,3,8,7,3,5,3,4,5,3,4,2,3,4,0,4,4,2,3,4,1,1,1,6,7,0,3,1,1,2,1,1,1,0,1,1,0,0,0,0,0,0,0,0,0,0,0,0,0,0,0,0,0,0,0,0,0,0,0,0,0,0,0,0,0,0,0,0,0,0,0,0,0,0,0,0,0,2,1,1,0,1,0,1,3,0,1,2,1,3,2,0,2,6,3,2,1,0,0,0,2,5,1,2,4,3,4,2,7,3,5,4,7,7,3,4,1,0,3,2,5,1,2,2,4,5,4,3,3,6,1,4,1,2,1,1,0,0,0,0,0,1,1,0,0,0,0,0,0,0,0,0,0,0,0,0,0,0,0,0,0,0,0,0,0,0,0,0,0,0,0,0,0,0,0,0,0,0
B,"BUCUREŞTI SECTORUL 3","BUCUREŞTI SECTORUL 3",179169,510,"LICEUL TEORETIC ”DECEBAL”;",U,1250,5,273,6,0,0,279,6,20,32,63,23,6,21,29,57,22,0,0,0,3,2,0,1,1,1,2,0,0,2,6,2,3,3,3,3,6,5,5,3,0,4,2,1,4,5,2,2,3,0,2,1,5,1,1,5,5,6,4,3,2,3,6,3,0,6,4,6,1,1,0,1,2,1,1,0,0,0,0,0,0,0,0,0,0,0,0,0,0,0,0,0,0,0,0,0,0,0,0,0,0,0,0,0,0,0,0,0,0,0,0,0,0,0,0,0,0,0,0,0,1,0,2,0,1,1,1,2,1,2,4,2,2,2,2,4,0,4,8,3,0,1,5,4,1,3,0,4,4,1,0,2,1,1,0,5,5,4,7,4,10,1,1,1,4,1,1,1,2,2,0,1,4,3,3,2,2,0,1,0,0,0,0,1,0,0,0,0,0,0,0,0,0,0,0,0,0,0,0,0,0,0,0,0,0,0,0,0,0,0,0,0,0,0,0,0,0,0,0,0,0,0,0
B,"BUCUREŞTI SECTORUL 3","BUCUREŞTI SECTORUL 3",179169,511,"ŞCOALA GIMNAZIALĂ NR.54;",U,984,3,306,15,0,0,321,6,15,35,39,45,8,18,36,62,57,0,0,0,2,0,2,2,0,2,1,2,0,0,0,0,3,7,3,2,3,5,8,4,2,2,5,1,2,3,2,2,1,3,1,3,2,1,4,1,3,4,1,4,0,0,2,0,4,4,2,1,5,3,3,3,3,3,1,3,2,1,4,0,0,1,1,0,0,0,1,0,0,0,0,0,0,0,0,0,0,0,0,0,0,0,0,0,0,0,0,0,0,0,0,0,0,0,0,0,0,0,0,0,4,1,1,1,0,0,1,2,0,2,3,2,1,1,2,3,2,6,4,0,6,7,4,5,1,0,3,2,2,2,2,2,3,2,1,1,3,11,2,7,5,3,0,1,3,3,7,2,2,3,6,5,8,7,3,5,2,2,2,1,1,0,4,0,1,1,1,0,0,1,0,0,0,0,0,0,0,0,0,0,0,0,0,0,0,0,0,0,0,0,0,0,0,0,0,0,0,0,0,0,0,0,0
B,"BUCUREŞTI SECTORUL 3","BUCUREŞTI SECTORUL 3",179169,512,"ŞCOALA GIMNAZIALĂ NR.54;",U,1299,4,468,6,0,0,474,11,26,52,81,64,14,17,57,94,58,2,1,0,3,2,1,2,2,4,4,1,3,2,3,3,3,1,3,7,4,6,5,8,6,3,6,4,3,4,4,5,4,6,3,4,6,5,8,2,5,11,0,1,4,4,0,2,1,8,5,5,5,6,4,8,4,3,2,2,1,2,0,1,0,0,2,0,2,0,0,1,1,0,0,0,1,0,0,0,0,0,0,0,0,0,0,0,0,0,0,0,0,0,0,0,0,0,0,0,0,0,0,0,3,5,2,0,2,2,0,0,1,1,1,1,2,2,3,1,5,5,6,5,6,7,5,3,5,6,9,8,2,3,6,2,7,2,5,5,4,3,2,7,6,6,2,5,4,6,9,5,4,4,6,5,5,5,4,4,2,3,4,1,1,1,1,0,1,0,0,1,0,0,1,0,0,0,0,0,0,0,0,0,0,0,0,0,0,0,0,0,0,0,0,0,0,0,0,0,0,0,0,0,0,0,0
B,"BUCUREŞTI SECTORUL 3","BUCUREŞTI SECTORUL 3",179169,513,"ŞCOALA GIMNAZIALĂ NR.54;",U,1368,2,440,12,0,0,452,9,22,61,70,52,16,26,64,72,60,2,2,0,3,0,2,0,2,5,2,2,1,0,1,0,6,3,2,3,7,7,3,14,4,4,9,8,6,5,7,8,7,4,1,4,2,2,3,7,6,1,1,1,1,3,0,1,5,3,4,4,7,3,4,1,0,5,6,3,0,2,0,0,1,0,1,0,1,0,0,0,0,0,0,1,0,0,1,0,0,0,0,0,0,0,0,0,0,0,0,0,0,0,0,0,0,0,0,0,0,0,0,0,4,1,4,0,1,3,3,1,0,2,0,6,4,2,3,7,1,5,8,5,7,8,5,4,3,11,8,6,3,5,4,3,6,5,2,4,4,2,7,2,5,0,2,1,2,4,5,5,4,6,7,6,4,1,3,5,4,3,1,3,1,0,2,0,1,1,1,1,1,0,0,0,0,0,0,0,0,0,0,0,0,0,0,0,0,0,0,0,0,0,0,0,0,0,0,0,0,0,0,0,0,0,0
B,"BUCUREŞTI SECTORUL 3","BUCUREŞTI SECTORUL 3",179169,514,"ŞCOALA GIMNAZIALĂ NR.54;",U,1257,12,463,11,0,0,474,17,19,53,67,63,12,24,57,72,90,2,2,1,2,5,1,4,4,0,0,2,2,0,2,1,3,5,5,5,2,4,5,3,8,6,9,6,3,5,8,6,5,1,3,5,4,3,5,5,3,2,1,2,2,3,0,1,4,3,3,6,3,5,9,2,3,2,4,6,2,1,2,1,1,4,0,0,0,1,1,0,0,0,0,0,0,0,0,0,0,0,0,0,0,0,0,0,0,0,0,0,0,0,0,0,0,0,0,0,0,0,0,0,2,4,1,1,0,1,3,1,4,3,0,2,3,3,2,2,4,4,4,6,6,7,11,9,1,3,6,11,4,6,2,6,9,3,3,1,1,3,7,0,3,2,3,0,0,5,3,7,7,12,11,5,5,8,7,6,2,5,4,2,2,2,3,0,2,0,0,0,0,0,0,0,0,0,0,0,0,0,0,0,0,0,0,0,0,0,0,0,0,0,0,0,0,0,0,0,0,0,0,0,0,0,0
B,"BUCUREŞTI SECTORUL 3","BUCUREŞTI SECTORUL 3",179169,515,"ŞCOALA GIMNAZIALĂ NR.54;",U,1221,3,430,9,0,0,439,7,17,55,68,42,11,21,63,88,67,1,1,1,0,1,3,0,1,3,2,1,2,1,1,1,1,4,6,6,5,5,6,6,3,3,9,6,6,5,6,6,2,5,5,3,2,3,1,6,4,3,1,3,3,2,2,0,3,1,3,7,3,6,3,5,3,2,2,2,0,0,0,0,1,1,0,0,0,0,0,0,0,0,0,0,0,0,0,0,0,0,0,0,0,0,0,0,0,0,0,0,0,0,0,0,0,0,0,0,0,0,0,0,2,1,2,2,1,2,1,1,2,0,2,2,0,3,5,4,2,5,7,11,3,5,6,4,8,5,9,5,8,1,2,5,3,4,4,4,2,5,5,6,7,3,3,4,3,7,7,7,8,5,5,7,8,6,4,4,1,2,1,2,1,0,3,0,1,0,1,0,0,1,0,0,0,0,0,0,0,0,0,0,0,0,0,0,0,0,0,0,0,0,0,0,0,0,0,0,0,0,0,0,0,0,0
B,"BUCUREŞTI SECTORUL 3","BUCUREŞTI SECTORUL 3",179169,516,"ŞCOALA GIMNAZIALĂ NR.54;",U,1015,8,324,9,0,0,333,6,16,31,68,29,10,23,30,70,50,0,2,0,2,1,0,1,1,1,0,2,0,3,0,3,3,3,3,1,6,3,4,2,2,2,6,2,2,4,4,6,4,4,3,2,1,2,0,4,11,5,1,4,2,3,4,2,1,2,3,0,2,4,4,0,1,0,3,3,0,1,1,1,0,0,0,0,1,0,0,1,1,0,0,0,0,0,0,0,0,0,0,0,0,0,0,0,0,0,0,0,0,0,0,0,0,0,0,0,0,0,0,0,2,1,2,0,0,1,4,4,3,3,1,2,1,2,2,4,1,3,1,7,5,1,1,3,3,3,3,6,2,5,1,4,2,4,3,1,4,4,5,6,7,2,1,2,3,2,6,4,8,7,2,5,7,4,3,1,2,1,4,1,0,1,0,0,0,0,0,0,0,0,0,0,0,0,0,0,0,0,0,0,0,0,0,0,0,0,0,0,0,0,0,0,0,0,0,0,0,0,0,0,0,0,0
B,"BUCUREŞTI SECTORUL 3","BUCUREŞTI SECTORUL 3",179169,517,"ŞCOALA GIMNAZIALĂ NR.54;",U,1215,1,363,6,0,0,369,10,19,41,55,43,7,27,45,61,61,1,3,0,2,1,2,1,1,1,4,0,0,2,1,1,3,6,4,2,5,6,4,5,3,3,7,2,3,7,4,5,8,3,4,4,3,0,2,1,2,3,1,0,0,3,0,2,2,3,0,3,6,6,7,5,2,4,2,1,1,0,0,0,0,0,0,0,1,0,0,0,0,0,0,0,0,0,0,0,0,0,0,0,0,0,0,0,0,0,0,0,0,0,0,0,0,0,0,0,0,0,0,0,1,3,0,1,0,1,1,2,1,3,1,2,5,1,4,2,6,4,4,5,5,5,4,8,3,4,3,5,0,7,3,5,2,4,4,3,2,3,4,6,3,2,2,2,1,2,1,4,8,6,12,3,4,2,7,3,5,1,1,0,3,0,1,1,0,0,0,0,0,0,0,0,0,0,0,0,0,0,0,0,0,0,0,0,0,0,0,0,0,0,0,0,0,0,0,0,0,0,0,0,0,0,0
B,"BUCUREŞTI SECTORUL 3","BUCUREŞTI SECTORUL 3",179169,518,"ŞCOALA GIMNAZIALĂ NR.54;",U,1068,11,352,11,1,0,364,15,20,44,58,42,5,22,47,54,57,4,3,3,1,0,2,2,1,2,1,0,3,3,2,2,3,3,1,7,6,5,3,7,5,7,2,1,5,7,2,5,4,4,1,5,3,3,2,5,3,3,1,2,0,0,2,1,2,0,4,3,8,6,4,2,1,3,2,4,0,0,0,1,1,1,0,0,0,0,0,0,0,0,0,0,0,0,0,0,0,0,0,0,0,0,0,0,0,0,0,0,0,0,0,0,0,0,0,0,0,0,0,0,0,1,1,1,0,1,1,0,1,2,0,1,2,3,6,1,6,4,5,7,6,3,2,5,5,8,2,3,7,3,0,5,1,6,4,2,3,2,4,4,2,1,1,0,1,2,3,5,3,7,5,8,6,5,3,4,3,3,0,3,1,1,0,0,0,0,0,0,0,0,0,0,0,0,0,0,0,0,0,0,0,0,0,0,0,0,0,0,0,0,0,0,0,0,0,0,0,0,0,0,0,0,0
B,"BUCUREŞTI SECTORUL 3","BUCUREŞTI SECTORUL 3",179169,519,"ŞCOALA GIMNAZIALĂ NR.54;",U,1155,64,358,6,0,0,364,8,17,33,63,44,16,23,34,66,60,1,1,2,0,1,2,1,1,1,1,1,5,1,2,2,0,3,2,3,2,4,5,4,4,3,2,4,6,3,4,4,2,6,3,3,6,4,4,3,3,1,3,2,2,2,0,2,2,2,4,4,3,4,3,8,4,1,2,2,2,0,2,0,0,0,0,0,0,1,0,0,0,0,0,0,0,0,0,0,0,0,0,0,0,0,0,0,0,0,0,0,0,0,0,0,0,0,0,0,0,0,0,0,2,2,3,3,3,1,2,2,3,1,0,2,3,3,2,3,4,4,2,2,5,1,6,5,3,4,2,5,1,1,5,4,6,4,5,1,1,6,11,4,2,0,1,0,2,4,3,5,6,6,7,5,3,4,2,4,2,4,8,1,0,0,0,0,1,0,0,0,2,0,0,0,0,0,0,0,0,0,0,0,0,0,0,0,0,0,0,0,0,0,0,0,0,0,0,0,0,0,0,0,0,0,0
B,"BUCUREŞTI SECTORUL 3","BUCUREŞTI SECTORUL 3",179169,520,"ŞCOALA GIMNAZIALĂ NR.54;",U,1358,4,425,4,0,0,429,15,26,48,72,42,12,26,48,74,66,7,1,3,2,0,0,2,2,1,3,3,2,3,3,2,4,3,7,1,7,3,1,6,2,4,6,11,4,2,6,5,5,3,8,3,6,1,5,4,1,4,4,1,5,2,0,3,2,3,6,7,4,3,2,4,2,3,1,0,0,2,2,0,0,1,0,0,0,0,0,0,0,0,0,0,0,0,0,0,0,0,0,0,0,0,0,0,0,0,0,0,0,0,0,0,0,0,0,0,0,0,0,0,3,2,2,1,2,0,2,5,2,2,2,4,1,2,3,1,4,2,2,4,5,7,6,2,8,6,6,6,1,5,4,4,8,9,2,4,2,4,2,4,6,1,1,1,2,4,4,7,9,11,8,8,5,4,3,3,2,2,2,0,0,1,1,0,0,0,0,0,0,0,0,0,0,0,0,0,0,0,0,0,0,0,0,0,0,0,0,0,0,0,0,0,0,0,0,0,0,0,0,0,0,0,0
B,"BUCUREŞTI SECTORUL 3","BUCUREŞTI SECTORUL 3",179169,521,"ŞCOALA GIMNAZIALĂ ”NICOLAE LABIŞ”;",U,1405,2,535,15,0,0,550,14,24,55,100,54,18,27,69,112,77,2,2,4,1,0,4,1,2,5,2,1,2,1,2,2,5,2,1,5,4,9,5,3,6,5,8,9,6,4,15,5,8,9,11,3,3,1,5,3,9,3,4,2,1,1,1,6,7,2,5,2,5,4,0,1,6,4,6,1,2,3,1,1,0,1,1,0,1,0,0,0,0,0,0,0,0,0,1,0,0,0,0,0,0,0,0,0,0,0,0,0,0,0,0,0,0,0,0,0,0,0,0,0,1,4,2,2,3,2,4,2,2,2,3,4,4,1,2,3,4,3,7,8,3,8,8,11,11,4,6,11,3,9,7,6,6,5,3,2,8,4,6,7,8,8,2,3,4,6,4,6,2,5,6,3,6,12,5,5,2,3,6,6,3,1,0,1,1,2,0,0,0,1,1,0,0,0,0,0,0,0,0,0,0,0,0,0,0,0,0,0,0,0,0,0,0,0,0,0,0,0,0,0,0,0,0
B,"BUCUREŞTI SECTORUL 3","BUCUREŞTI SECTORUL 3",179169,522,"ŞCOALA GIMNAZIALĂ ”NICOLAE LABIŞ”;",U,1290,4,466,14,0,0,480,21,37,61,75,32,8,49,66,85,46,3,3,2,3,4,3,3,3,3,0,4,7,3,4,5,2,6,4,5,4,10,9,5,7,6,3,8,6,2,8,8,1,4,5,4,1,1,1,4,13,4,2,2,2,1,5,1,1,1,1,3,2,4,2,1,1,1,3,0,0,2,0,1,1,3,2,0,1,1,1,0,0,0,0,0,0,0,0,0,0,0,0,0,0,0,0,0,0,0,0,0,0,0,0,0,0,0,0,0,0,0,0,0,1,2,1,0,1,0,3,1,4,2,3,3,6,9,6,9,6,5,6,12,8,5,5,6,3,13,3,7,7,4,7,6,4,3,2,3,2,6,6,7,5,3,2,3,3,1,4,2,1,5,2,4,4,1,4,5,4,2,1,3,2,1,2,0,0,2,0,0,0,0,0,0,0,0,0,1,0,0,0,0,0,0,0,0,0,0,0,0,0,0,0,0,0,0,0,0,0,0,0,0,0,0,0
B,"BUCUREŞTI SECTORUL 3","BUCUREŞTI SECTORUL 3",179169,523,"ŞCOALA GIMNAZIALĂ ”NICOLAE LABIŞ”;",U,1798,10,552,5,0,0,557,9,32,85,84,54,9,56,77,95,56,2,0,2,1,0,2,2,2,2,2,2,2,4,5,2,6,5,6,9,7,7,7,9,5,13,12,10,6,7,8,5,2,6,5,2,3,1,4,1,5,2,4,2,5,6,6,4,8,6,8,3,5,2,5,2,4,2,1,3,2,0,1,1,0,0,0,0,1,0,0,0,0,0,0,0,0,0,0,0,0,0,0,0,0,0,0,0,0,0,0,0,0,0,0,0,0,0,0,0,0,0,0,0,3,3,0,0,1,1,1,1,2,4,6,5,8,9,10,5,6,9,7,10,8,8,11,4,7,6,7,7,3,5,5,2,4,6,2,4,4,4,3,6,8,3,4,10,4,5,6,4,2,10,4,9,8,5,1,1,3,1,4,0,1,0,0,1,0,0,1,0,0,1,0,0,0,0,0,0,0,0,0,0,0,0,0,0,0,0,0,0,0,0,0,0,0,0,0,0,0,0,0,0,0,0,0
B,"BUCUREŞTI SECTORUL 3","BUCUREŞTI SECTORUL 3",179169,524,"ŞCOALA GIMNAZIALĂ ”NICOLAE LABIŞ”;",U,1343,3,444,9,0,0,453,10,25,38,94,44,16,17,42,87,80,1,1,1,3,2,1,1,1,1,2,2,2,0,4,4,5,4,1,2,1,6,4,6,6,2,6,4,4,5,7,9,8,8,11,4,7,2,8,2,8,2,1,2,3,1,1,1,3,2,2,1,1,1,8,2,4,3,4,3,0,1,4,1,3,0,0,0,0,1,0,0,0,0,0,0,0,0,0,0,0,0,0,0,0,0,0,0,0,0,0,0,0,0,0,0,0,0,0,0,0,0,0,0,5,2,4,2,2,0,1,2,2,2,0,1,0,1,1,5,3,2,9,3,3,7,2,4,10,1,1,9,6,9,10,3,9,3,5,7,4,3,3,5,2,3,0,0,4,1,1,3,6,5,4,3,9,9,5,6,4,6,7,7,0,0,2,1,1,0,0,0,0,1,0,0,0,0,1,0,0,0,0,0,0,0,0,0,0,0,0,0,0,0,0,0,0,0,0,0,0,0,0,0,0,0,0
B,"BUCUREŞTI SECTORUL 3","BUCUREŞTI SECTORUL 3",179169,525,"ŞCOALA GIMNAZIALĂ ”NICOLAE LABIŞ”;",U,1505,6,510,9,0,0,519,15,24,64,107,46,20,25,73,89,56,1,5,0,2,3,3,1,0,1,2,0,2,6,2,3,4,4,4,6,11,5,8,5,9,3,4,9,2,10,9,14,9,12,7,7,2,9,4,4,7,1,0,3,2,3,0,2,1,4,3,7,5,2,4,2,6,0,2,2,1,1,1,0,2,1,1,0,0,1,0,0,0,0,0,0,0,0,0,0,0,0,0,0,0,0,0,0,0,0,0,0,0,0,0,0,0,0,0,0,0,0,0,0,3,4,2,5,3,2,1,1,1,1,3,2,4,1,3,2,7,6,5,8,11,6,3,9,6,11,8,4,5,9,4,6,9,6,9,3,4,3,4,4,2,3,3,5,3,1,2,5,7,4,2,4,8,2,1,5,6,2,2,2,2,0,1,1,0,1,0,0,0,0,0,0,1,0,0,0,0,0,0,0,0,0,0,0,0,0,0,0,0,0,0,0,0,0,0,0,0,0,0,0,0,0,0
B,"BUCUREŞTI SECTORUL 3","BUCUREŞTI SECTORUL 3",179169,526,"ŞCOALA GIMNAZIALĂ ”NICOLAE LABIŞ”;",U,1629,2,521,5,0,0,526,12,36,44,114,44,15,35,50,114,62,2,2,3,1,1,2,1,3,4,3,5,5,1,5,0,7,3,1,5,8,3,3,3,5,4,5,7,6,4,9,7,6,7,8,9,4,3,7,7,5,15,2,4,1,6,4,0,0,2,2,1,3,7,0,5,2,1,6,3,2,2,1,0,2,1,1,0,2,1,0,0,0,0,0,0,0,0,0,0,0,0,0,0,0,0,0,0,0,0,0,0,0,0,0,0,0,0,0,0,0,0,0,0,3,2,4,1,2,1,2,3,4,5,1,2,3,5,5,4,3,4,4,8,1,2,8,8,1,7,7,9,6,9,8,8,7,6,5,4,6,6,11,4,10,6,3,2,1,2,1,1,3,2,5,4,5,8,2,4,2,3,5,3,3,6,0,1,1,1,0,1,0,1,0,0,0,0,0,0,1,0,0,0,0,0,0,0,0,0,0,0,0,0,0,0,0,0,0,0,0,0,0,0,0,0,0
B,"BUCUREŞTI SECTORUL 3","BUCUREŞTI SECTORUL 3",179169,527,"ŞCOALA GIMNAZIALĂ ”NICOLAE LABIŞ”;",U,1152,15,533,7,0,0,540,22,20,65,104,38,20,38,59,107,67,5,4,2,6,3,2,0,2,2,1,2,1,0,2,3,3,4,2,10,5,3,10,7,8,7,3,10,4,5,9,3,4,7,8,3,5,3,4,3,12,12,4,5,3,4,5,1,2,4,2,1,3,2,1,3,0,2,2,1,1,2,2,1,1,0,1,0,2,0,5,0,0,0,0,0,0,0,0,0,0,0,0,0,0,0,0,0,0,0,0,0,0,0,0,0,0,0,0,0,0,0,0,0,4,4,3,0,3,3,3,2,5,3,5,2,6,3,2,4,6,7,2,10,9,4,4,11,4,3,5,8,7,9,5,5,3,8,3,3,6,5,5,10,12,6,4,0,1,1,6,2,2,6,5,4,1,3,2,3,3,4,3,3,6,6,2,3,2,1,1,0,1,3,1,0,0,0,0,0,0,0,0,0,0,0,0,0,0,0,0,0,0,0,0,0,0,0,0,0,0,0,0,0,0,0,0
B,"BUCUREŞTI SECTORUL 3","BUCUREŞTI SECTORUL 3",179169,528,"ŞCOALA GIMNAZIALĂ ”NICOLAE LABIŞ”;",U,1160,12,459,10,1,0,470,11,24,50,103,41,12,30,41,105,53,3,4,0,1,1,1,1,1,6,1,4,2,2,1,4,0,3,4,1,6,7,3,5,8,5,6,5,6,4,6,4,8,5,2,3,8,2,5,7,13,12,5,1,3,0,1,8,1,2,4,0,4,6,1,0,1,0,1,1,1,4,1,0,0,0,3,0,2,0,1,2,4,0,0,1,0,1,0,0,0,0,0,0,0,0,0,0,0,0,0,0,0,0,0,0,0,0,0,0,0,0,0,0,0,4,2,2,2,1,1,3,1,4,4,1,6,1,3,2,5,1,3,2,8,5,7,5,0,6,4,6,10,5,5,4,5,5,3,3,6,9,9,5,8,3,2,3,6,4,4,2,0,1,4,5,2,1,3,3,1,2,2,1,1,2,0,2,6,6,2,2,2,3,0,0,0,0,0,0,0,0,0,0,0,0,0,0,0,0,0,0,0,0,0,0,0,0,0,0,0,0,0,0,0,0,0
B,"BUCUREŞTI SECTORUL 3","BUCUREŞTI SECTORUL 3",179169,529,"ȘCOALA GIMNAZIALĂ NR. 92",U,1529,6,488,6,0,0,494,15,19,48,99,45,10,29,49,100,80,6,3,0,1,1,2,2,3,0,2,2,2,1,1,3,3,2,1,6,4,0,10,2,4,7,8,6,9,7,4,7,8,7,5,4,4,4,4,4,8,6,4,4,3,2,2,3,2,1,5,3,2,3,4,3,2,0,3,5,2,4,1,1,0,1,1,0,1,1,0,0,0,0,0,0,0,0,0,0,0,0,0,0,0,0,0,0,0,0,0,0,0,0,0,0,0,0,0,0,0,0,0,0,3,2,1,1,0,1,2,1,2,1,3,5,2,4,4,3,4,2,7,7,7,5,4,5,3,6,3,3,8,10,7,10,3,4,6,5,4,10,2,6,7,2,0,1,3,3,6,0,0,4,5,5,5,10,9,7,7,9,5,5,5,1,0,1,0,0,0,1,0,0,0,0,1,0,0,0,0,0,0,0,0,0,0,0,0,0,0,0,0,0,0,0,0,0,0,0,0,0,0,0,0,0,0
B,"BUCUREŞTI SECTORUL 3","BUCUREŞTI SECTORUL 3",179169,530,"ȘCOALA GIMNAZIALĂ NR. 92",U,1367,4,434,7,0,1,442,14,26,44,83,43,15,22,47,75,73,2,1,1,3,2,2,3,3,3,1,3,2,2,2,1,5,4,4,8,2,4,3,6,6,3,3,5,4,8,5,3,4,8,5,4,3,7,2,7,8,4,2,3,0,3,1,2,1,1,3,4,0,2,1,0,1,2,5,1,4,4,2,2,0,2,1,2,0,4,0,0,0,0,0,1,0,0,0,0,0,0,0,0,0,0,0,0,0,0,0,0,0,0,0,0,0,0,0,0,0,0,0,0,6,0,0,0,2,5,2,0,2,1,1,1,0,5,2,4,6,5,1,7,4,1,7,8,3,6,5,3,3,3,7,5,3,5,4,3,4,3,9,5,6,2,3,1,2,2,2,4,1,1,1,1,6,5,6,5,3,11,8,7,4,2,3,1,1,2,1,0,0,0,0,0,0,0,0,0,0,0,0,0,0,0,0,0,0,0,0,0,0,0,0,0,0,0,0,0,0,0,0,0,0,0,0
B,"BUCUREŞTI SECTORUL 3","BUCUREŞTI SECTORUL 3",179169,531,"ȘCOALA GIMNAZIALĂ NR. 92",U,1730,2,604,5,0,0,609,19,34,69,110,53,28,39,64,123,70,4,2,2,2,1,3,5,6,1,3,2,1,7,4,3,3,4,6,4,6,7,13,7,2,5,6,13,6,6,9,12,13,4,7,1,6,3,0,4,11,10,1,1,6,4,0,6,4,2,3,0,10,4,1,7,5,1,5,5,0,1,1,1,1,0,1,0,0,1,0,0,0,0,0,0,0,0,0,0,0,0,0,0,0,0,0,0,0,0,0,0,0,0,0,0,0,0,0,0,0,0,0,0,8,5,2,5,1,2,5,2,2,3,1,9,3,2,4,7,6,6,8,11,3,11,7,4,5,7,2,7,7,9,7,8,7,3,7,7,11,6,9,6,7,5,3,3,5,4,2,7,3,3,1,10,6,4,4,4,7,7,2,4,0,2,1,0,2,1,0,0,2,0,0,0,0,0,0,0,0,0,0,0,0,0,0,0,0,0,0,0,0,0,0,0,0,0,0,0,0,0,0,0,0,0,0
B,"BUCUREŞTI SECTORUL 3","BUCUREŞTI SECTORUL 3",179169,532,"ȘCOALA GIMNAZIALĂ NR. 92",U,1265,2,397,9,0,0,406,8,14,39,88,38,15,21,38,76,69,1,2,2,1,0,1,1,1,1,4,0,2,2,2,0,0,2,1,1,4,4,4,5,4,2,4,10,3,4,8,2,7,12,2,5,9,5,3,3,6,5,6,2,1,2,1,2,0,2,2,2,1,2,1,2,4,1,2,7,3,1,2,0,1,1,0,1,1,1,0,0,0,1,0,0,0,0,0,0,0,0,0,0,0,0,0,0,0,0,0,0,0,0,0,0,0,0,0,0,0,0,0,0,2,2,3,0,4,2,2,1,5,2,0,5,3,0,0,3,2,3,1,1,4,1,4,7,7,6,4,8,7,2,7,6,5,1,1,5,3,7,3,8,6,0,1,0,3,1,2,3,0,3,3,4,4,8,6,12,2,4,3,4,1,4,2,2,1,1,0,1,1,0,0,0,0,0,0,0,0,0,0,0,0,0,0,0,0,0,0,0,0,0,0,0,0,0,0,0,0,0,0,0,0,0,0
B,"BUCUREŞTI SECTORUL 3","BUCUREŞTI SECTORUL 3",179169,533,"ȘCOALA GIMNAZIALĂ NR. 92",U,1816,18,627,8,0,0,635,28,47,84,95,55,18,53,77,104,74,8,2,4,2,4,1,7,2,2,1,5,5,2,7,4,8,11,6,9,14,7,9,4,12,6,13,4,10,7,8,11,12,8,6,2,3,4,4,4,3,5,2,0,0,2,3,1,7,3,2,4,4,2,8,6,6,2,1,2,3,2,0,3,0,0,0,0,0,0,0,0,0,0,0,0,0,0,0,0,0,0,0,0,0,0,0,0,0,0,0,0,0,0,0,0,0,0,0,0,0,0,0,0,4,0,3,1,4,1,5,2,3,0,7,6,5,6,8,8,8,8,6,7,13,7,3,7,8,10,8,6,6,7,8,7,7,13,3,2,1,7,3,11,5,3,1,5,3,1,5,3,7,5,6,7,9,8,4,4,7,2,4,1,1,0,2,1,1,0,0,0,2,0,0,0,0,0,0,0,0,0,0,0,0,0,0,0,0,0,0,0,0,0,0,0,0,0,0,0,0,0,0,0,0,0,0
B,"BUCUREŞTI SECTORUL 3","BUCUREŞTI SECTORUL 3",179169,534,"ȘCOALA GIMNAZIALĂ NR. 92",U,1683,2,557,7,0,2,566,15,25,78,107,48,15,41,76,110,51,2,3,2,2,2,1,3,1,0,1,1,1,7,4,0,5,5,8,5,10,12,6,8,13,5,2,9,8,6,13,9,5,4,10,6,7,4,2,8,5,4,3,3,4,3,0,3,2,3,6,4,2,3,4,3,5,3,5,1,0,2,0,1,1,1,0,1,1,0,0,0,0,0,0,0,0,0,0,0,0,0,0,0,0,0,0,0,0,0,0,0,0,0,0,0,0,0,0,0,0,0,0,0,2,2,5,5,0,0,1,3,5,4,6,1,3,6,6,5,2,4,4,10,7,6,8,8,4,11,14,7,10,1,7,10,7,8,7,6,1,4,4,8,8,3,2,6,4,6,1,3,7,1,9,4,8,4,1,2,1,2,3,3,0,0,0,1,1,0,0,1,0,0,0,0,0,0,0,0,0,0,0,0,0,0,0,0,0,0,0,0,0,0,0,0,0,0,0,0,0,0,0,0,0,0,0
B,"BUCUREŞTI SECTORUL 3","BUCUREŞTI SECTORUL 3",179169,535,"ȘCOALA GIMNAZIALĂ NR. 92",U,1383,5,462,6,0,0,468,21,13,38,91,53,15,18,46,89,84,6,3,1,3,3,2,3,1,2,0,2,1,2,0,1,2,2,2,5,4,2,3,4,3,6,4,5,5,3,9,12,11,4,7,3,3,6,1,8,3,5,2,0,2,1,3,3,2,0,5,0,2,5,5,4,4,2,4,8,7,1,2,0,2,0,0,0,0,0,0,0,0,0,0,0,0,0,0,0,0,0,0,0,0,0,0,0,0,0,0,0,0,0,0,0,0,0,0,0,0,0,0,0,3,2,2,4,1,1,2,3,3,0,0,3,2,0,3,3,1,7,9,3,2,5,1,4,3,7,5,4,9,8,10,5,8,3,1,1,5,5,7,5,6,1,1,2,3,4,1,3,4,1,9,7,12,10,5,7,5,8,3,2,4,3,0,0,1,0,0,0,0,0,0,0,0,0,0,0,0,0,0,0,0,0,0,0,0,0,0,0,0,0,0,0,0,0,0,0,0,0,0,0,0,0,0
B,"BUCUREŞTI SECTORUL 3","BUCUREŞTI SECTORUL 3",179169,536,"ȘCOALA GIMNAZIALĂ NR. 92",U,1668,8,608,4,0,0,612,17,46,62,101,66,15,36,77,112,80,1,4,2,4,2,1,3,0,5,2,3,5,6,4,6,8,7,6,9,9,5,8,7,7,2,5,4,7,9,9,9,6,10,7,7,3,2,6,3,9,4,1,3,3,1,0,2,4,3,3,2,3,1,0,3,8,10,2,3,8,7,6,1,1,0,1,0,0,0,0,0,0,0,0,0,0,0,0,0,0,0,0,0,0,0,0,0,0,0,0,0,0,0,0,0,0,0,0,0,0,0,0,0,2,1,2,2,4,1,3,1,0,2,2,5,3,0,5,9,9,4,10,11,8,9,8,7,6,6,8,7,5,14,11,9,9,5,4,1,0,2,8,6,8,5,6,3,4,2,3,4,1,3,5,6,13,9,7,8,4,7,3,7,1,0,1,0,0,0,1,0,0,0,0,0,0,0,0,0,0,0,0,0,0,0,0,0,0,0,0,0,0,0,0,0,0,0,0,0,0,0,0,0,0,0,0
B,"BUCUREŞTI SECTORUL 3","BUCUREŞTI SECTORUL 3",179169,537,"ȘCOALA GIMNAZIALĂ NR. 92",U,1368,4,469,6,0,0,475,15,14,43,91,54,25,22,47,98,66,1,3,3,3,2,1,2,1,0,4,0,2,0,3,1,1,2,1,3,4,2,7,4,7,3,6,6,5,8,10,8,3,3,5,5,4,9,6,7,4,5,1,3,2,1,0,2,3,1,4,4,2,4,3,7,1,3,4,8,1,1,4,0,2,0,2,0,0,0,0,0,0,0,0,0,0,0,0,0,0,0,0,0,0,0,0,0,0,0,0,0,0,0,0,0,0,0,0,0,0,0,0,0,5,5,2,2,2,4,5,3,1,6,1,3,1,2,0,3,2,3,6,5,2,6,2,3,4,6,10,4,4,3,13,9,13,3,6,3,7,5,5,8,1,3,3,0,2,2,4,9,4,1,2,4,4,9,6,6,2,3,5,3,0,3,1,2,1,0,0,0,0,1,0,0,0,0,0,0,0,0,0,0,0,0,0,0,0,0,0,0,0,0,0,0,0,0,0,0,0,0,0,0,0,0,0
B,"BUCUREŞTI SECTORUL 3","BUCUREŞTI SECTORUL 3",179169,538,"ŞCOALA GIMNAZIALĂ NR.20;",U,1302,4,435,7,0,0,442,14,20,36,107,31,10,16,41,100,67,2,2,2,1,3,2,2,4,1,4,5,1,0,1,2,1,1,2,3,3,2,6,3,4,4,2,7,5,7,6,7,7,9,8,3,7,8,5,7,11,3,3,3,4,2,1,1,0,3,2,2,2,2,2,3,0,2,2,5,0,1,0,1,1,1,2,0,0,0,0,0,0,0,0,0,0,0,0,0,0,0,0,0,0,0,0,0,0,0,0,0,0,0,0,0,0,0,0,0,0,0,0,0,6,0,0,1,0,1,2,2,2,2,2,1,1,0,3,0,3,5,1,1,1,2,5,8,4,6,8,6,2,6,11,7,7,10,6,5,2,3,5,10,9,0,3,1,3,3,1,3,2,4,2,3,9,8,2,5,1,4,5,6,2,3,1,2,1,1,1,0,2,0,0,0,0,0,0,0,0,0,0,0,0,0,0,0,0,0,0,0,0,0,0,0,0,0,0,0,0,0,0,0,0,0,0
B,"BUCUREŞTI SECTORUL 3","BUCUREŞTI SECTORUL 3",179169,539,"ŞCOALA GIMNAZIALĂ NR.20;",U,1810,5,598,10,0,3,611,20,36,79,109,48,27,45,96,93,58,5,3,5,3,1,2,1,0,3,5,4,4,5,4,2,0,9,6,6,11,14,8,11,7,6,7,3,12,8,8,5,7,10,11,3,4,4,2,5,8,6,2,3,3,3,2,3,0,1,5,0,3,2,3,4,4,4,4,5,2,2,3,1,2,2,0,1,0,0,0,0,0,0,0,0,0,0,0,0,0,0,0,0,0,0,0,0,0,0,0,0,0,0,0,0,0,0,0,0,0,0,0,0,3,3,4,3,6,5,3,2,0,5,5,4,2,2,6,12,7,9,13,12,17,8,8,6,11,6,6,4,4,4,8,11,10,7,3,4,5,2,6,7,2,2,2,4,2,3,3,0,3,4,1,4,2,7,5,8,3,6,5,0,4,1,0,1,0,1,0,0,0,1,1,0,1,0,0,0,0,0,0,0,0,0,0,0,0,0,0,0,0,0,0,0,0,0,0,0,0,0,0,0,0,0,0
B,"BUCUREŞTI SECTORUL 3","BUCUREŞTI SECTORUL 3",179169,540,"ŞCOALA GIMNAZIALĂ NR.20;",U,1473,3,580,8,0,0,588,21,33,79,118,43,11,38,90,103,52,3,2,2,4,4,2,4,3,3,3,2,3,1,3,3,7,5,5,4,9,9,7,8,14,7,9,7,14,14,12,11,4,7,6,5,4,2,4,2,9,7,1,3,2,5,2,4,2,2,0,2,2,2,2,5,6,2,1,6,2,2,1,1,1,2,1,0,1,0,0,0,0,0,0,0,0,0,0,0,0,0,0,0,0,0,0,0,0,0,0,0,0,0,0,0,0,0,0,0,0,0,0,0,1,0,3,4,0,2,1,5,1,5,2,5,2,9,3,4,2,7,6,10,9,14,11,10,8,10,5,9,13,10,6,7,3,6,6,0,4,1,8,12,6,5,2,1,1,2,1,3,6,1,4,7,4,3,5,1,3,4,3,1,2,2,1,0,0,1,0,0,0,0,0,0,0,0,1,0,0,0,0,0,0,0,0,0,0,0,0,0,0,0,0,0,0,0,0,0,0,0,0,0,0,0,0
B,"BUCUREŞTI SECTORUL 3","BUCUREŞTI SECTORUL 3",179169,541,"ŞCOALA GIMNAZIALĂ NR.20;",U,1714,7,560,9,0,0,569,17,19,53,115,67,15,27,50,106,100,4,0,5,4,2,1,1,3,1,0,1,2,1,4,3,1,3,3,6,4,4,7,4,7,3,5,10,5,9,8,13,12,5,5,6,4,5,2,9,12,3,1,1,9,1,2,3,5,0,1,3,2,3,5,3,8,0,7,3,8,3,1,5,3,1,1,2,0,2,0,0,1,0,0,0,0,0,0,0,0,0,0,0,0,0,0,0,0,0,0,0,0,0,0,0,0,0,0,0,0,0,0,0,4,2,4,2,1,1,1,3,2,5,0,3,2,1,5,3,3,3,4,4,2,1,7,5,7,12,5,8,11,9,8,9,6,9,5,1,4,3,10,8,7,3,1,1,0,1,2,2,0,6,5,8,9,8,7,11,5,11,9,6,7,1,0,0,0,2,0,0,3,0,0,0,0,0,0,0,0,0,0,0,0,0,0,0,0,0,0,0,0,0,0,0,0,0,0,0,0,0,0,0,0,0,0
B,"BUCUREŞTI SECTORUL 3","BUCUREŞTI SECTORUL 3",179169,542,"ŞCOALA GIMNAZIALĂ NR.20;",U,1730,2,618,7,0,0,625,22,33,62,111,57,24,45,56,125,90,6,6,6,2,0,1,1,1,5,1,2,3,7,1,2,7,4,5,7,4,5,11,6,5,4,8,7,9,9,9,10,7,12,5,3,9,2,3,3,18,4,3,2,1,0,1,1,2,1,3,1,8,4,6,4,3,4,3,2,4,4,1,1,1,1,1,0,1,0,1,0,1,0,0,0,0,0,0,0,0,0,0,0,0,0,0,0,0,0,0,0,0,0,0,0,0,0,0,0,0,0,0,0,3,3,4,2,6,3,3,4,3,5,4,7,3,5,2,6,6,3,7,3,6,10,6,6,6,6,3,9,11,10,9,11,4,9,6,5,9,6,4,10,7,2,2,3,1,2,5,4,3,8,8,9,7,8,11,7,3,6,6,0,4,2,0,1,0,1,0,1,0,0,0,1,0,0,0,0,0,0,0,0,0,0,0,0,0,0,0,0,0,0,0,0,0,0,0,0,0,0,0,0,0,0,0
B,"BUCUREŞTI SECTORUL 3","BUCUREŞTI SECTORUL 3",179169,543,"ŞCOALA GIMNAZIALĂ NR.20;",U,1341,12,481,7,0,0,488,13,19,43,99,59,15,25,44,94,77,2,3,1,1,3,2,1,2,2,0,3,4,2,0,3,2,1,2,8,6,3,4,7,3,2,4,4,3,5,7,4,7,9,9,7,7,6,4,5,9,6,2,1,0,4,3,1,0,0,1,2,2,3,5,0,3,5,6,5,2,6,4,1,3,5,1,0,3,0,0,0,2,0,0,0,0,0,0,0,0,0,0,0,0,0,0,0,0,0,0,0,0,0,0,0,0,0,0,0,0,0,0,0,4,0,2,2,2,3,2,4,1,2,2,2,3,0,2,4,5,5,7,5,7,3,4,5,2,4,2,5,8,11,5,5,4,4,2,9,8,7,6,4,4,1,3,1,1,1,5,4,5,1,2,1,6,10,6,7,4,6,7,7,2,3,1,0,2,1,0,1,0,0,0,0,0,0,0,1,0,0,0,0,0,0,0,0,0,0,0,0,0,0,0,0,0,0,0,0,0,0,0,0,0,0,0
B,"BUCUREŞTI SECTORUL 3","BUCUREŞTI SECTORUL 3",179169,544,"COLEGIUL TEHNIC ”COSTIN D. NENIŢESCU”;",U,1869,5,688,11,0,0,699,20,64,116,116,29,19,78,115,112,30,3,5,3,4,1,3,1,7,6,3,4,7,3,6,8,10,10,10,12,16,14,18,15,12,5,7,7,13,6,14,7,12,5,9,10,6,2,8,3,8,5,1,2,1,4,0,0,0,2,7,1,2,2,0,2,3,1,2,0,3,0,1,1,1,0,1,0,0,0,0,0,0,0,0,0,0,0,0,0,0,0,0,0,0,0,0,0,0,0,0,0,0,0,0,0,0,0,0,0,0,0,0,0,2,2,3,2,3,5,2,5,4,4,8,4,3,8,14,16,12,15,16,14,17,12,8,14,3,7,9,4,11,6,8,6,14,6,10,11,8,8,3,6,2,1,1,2,2,0,3,4,2,1,2,2,3,1,3,1,1,2,0,4,0,0,0,2,1,0,0,0,0,1,0,0,0,0,0,0,0,0,0,0,0,0,0,0,0,0,0,0,0,0,0,0,0,0,0,0,0,0,0,0,0,0,0
B,"BUCUREŞTI SECTORUL 3","BUCUREŞTI SECTORUL 3",179169,545,"COLEGIUL TEHNIC ”COSTIN D. NENIŢESCU”;",U,1784,11,531,4,0,0,535,16,17,45,115,47,12,23,43,111,106,4,2,1,1,3,3,2,0,0,2,2,2,1,2,2,3,3,1,4,7,4,8,6,2,5,3,5,2,6,8,16,13,6,5,4,5,8,6,6,9,6,4,2,2,0,4,3,1,0,3,2,4,4,2,4,6,4,3,4,0,5,2,0,0,1,1,0,0,0,1,0,0,0,0,0,0,0,0,0,0,0,0,0,0,0,0,0,0,0,0,0,0,0,0,0,0,0,0,0,0,0,0,0,3,3,1,2,1,1,1,3,2,1,2,4,0,2,4,3,2,0,7,5,6,4,3,1,9,1,7,9,11,6,5,7,2,4,3,8,3,10,8,8,7,4,2,4,6,2,2,3,3,6,9,16,9,12,4,9,10,9,2,5,3,2,2,1,0,0,0,0,0,0,0,1,0,0,0,0,0,0,0,0,0,0,0,0,0,0,0,0,0,0,0,0,0,0,0,0,0,0,0,0,0,0,0
B,"BUCUREŞTI SECTORUL 3","BUCUREŞTI SECTORUL 3",179169,546,"COLEGIUL TEHNIC ”COSTIN D. NENIŢESCU”;",U,1632,12,507,6,0,0,513,17,16,40,100,61,20,25,56,94,84,2,4,3,2,2,0,4,2,1,2,2,2,1,2,0,0,4,3,2,5,4,4,5,6,1,3,7,9,5,8,6,6,10,5,5,7,3,4,8,7,7,2,3,0,0,2,3,1,0,4,4,1,3,6,2,4,5,10,4,2,1,3,4,3,0,2,0,0,1,1,0,0,0,0,0,0,0,0,0,0,0,0,0,0,0,0,0,0,0,0,0,0,0,0,0,0,0,0,0,0,0,0,0,5,3,6,3,1,1,1,4,3,2,5,1,3,0,3,3,1,4,5,5,4,7,6,6,5,9,5,9,7,7,6,9,4,7,6,6,4,3,4,8,2,3,1,0,2,2,4,1,5,6,5,2,5,7,5,8,9,8,7,2,4,3,1,1,0,2,1,2,0,0,0,0,0,0,0,0,0,0,0,0,0,0,0,0,0,0,0,0,0,0,0,0,0,0,0,0,0,0,0,0,0,0,0
B,"BUCUREŞTI SECTORUL 3","BUCUREŞTI SECTORUL 3",179169,547,"COLEGIUL TEHNIC ”COSTIN D. NENIŢESCU”;",U,1808,3,621,7,1,0,629,24,41,56,140,59,16,51,48,119,75,2,2,5,2,1,5,7,1,3,8,2,5,3,4,4,6,5,4,6,8,9,7,2,4,5,7,4,3,12,10,4,8,11,14,4,5,3,9,9,10,14,6,6,5,0,3,4,2,0,6,2,2,1,3,3,5,3,4,6,3,1,2,3,4,1,2,0,3,1,1,0,0,0,0,0,0,0,1,0,0,0,0,0,0,0,0,0,0,0,0,0,0,0,0,0,0,0,0,0,0,0,0,0,2,1,4,4,4,0,1,0,1,8,4,7,3,6,9,3,10,5,2,3,8,10,4,5,0,8,3,9,6,3,6,9,6,12,5,3,10,2,11,14,6,0,5,1,1,6,4,3,1,5,2,3,5,1,1,2,6,6,5,6,2,3,3,4,1,8,3,2,2,1,0,0,0,0,0,0,0,0,0,0,0,0,0,0,0,0,0,0,0,0,0,0,0,0,0,0,0,0,0,0,0,0,0
B,"BUCUREŞTI SECTORUL 3","BUCUREŞTI SECTORUL 3",179169,548,"COLEGIUL TEHNIC ”COSTIN D. NENIŢESCU”;",U,1656,11,581,17,0,0,598,25,41,63,112,50,18,50,69,103,67,5,7,3,1,3,3,3,2,3,3,4,5,2,7,4,3,8,6,5,8,7,12,5,7,4,6,3,6,5,11,9,16,8,9,5,4,6,5,4,7,6,1,1,1,3,2,3,1,3,3,1,1,1,0,4,0,9,7,5,6,2,2,0,1,0,1,0,3,0,0,0,0,0,0,0,0,0,0,0,0,0,0,0,0,0,0,0,0,0,0,0,0,0,0,0,0,0,0,0,0,0,0,0,6,2,3,3,4,0,0,2,6,4,5,3,8,5,5,7,5,9,7,6,7,7,6,8,8,3,8,8,10,13,3,6,6,7,11,6,0,6,8,4,5,3,4,0,1,2,0,1,3,1,2,3,7,1,8,6,6,7,5,6,1,4,0,1,1,2,1,1,0,0,0,0,0,0,0,0,0,0,0,0,0,0,0,0,0,0,0,0,0,0,0,0,0,0,0,0,0,0,0,0,0,0,0
B,"BUCUREŞTI SECTORUL 3","BUCUREŞTI SECTORUL 3",179169,552,"ŞCOALA GIMNAZIALĂ NR.112;",U,1098,5,369,4,0,0,373,8,12,32,83,28,5,18,38,93,56,1,2,1,2,0,1,1,1,0,1,2,0,2,3,2,1,0,2,2,6,8,4,3,2,1,1,3,4,5,3,6,7,3,7,8,3,5,1,8,4,5,3,4,1,2,2,2,3,2,3,0,2,3,0,1,3,1,1,0,0,2,0,1,1,0,0,1,2,1,0,1,0,0,0,0,0,0,0,0,0,0,0,0,0,0,0,0,0,0,0,0,0,0,0,0,0,0,0,0,0,0,0,0,1,1,2,0,1,0,0,1,1,3,3,2,1,2,2,1,2,2,4,6,7,8,2,2,2,1,4,4,3,4,5,8,10,4,4,2,5,1,7,4,11,3,3,4,4,4,3,1,3,7,3,5,1,4,6,4,3,4,2,4,3,2,0,1,1,0,0,1,0,0,0,0,1,0,0,0,0,0,0,0,0,0,0,0,0,0,0,0,0,0,0,0,0,0,0,0,0,0,0,0,0,0,0
B,"BUCUREŞTI SECTORUL 3","BUCUREŞTI SECTORUL 3",179169,553,"ŞCOALA GIMNAZIALĂ NR.112;",U,1075,7,362,6,0,0,368,12,13,36,82,33,5,20,39,66,62,1,2,1,3,1,1,3,1,1,2,1,2,1,0,4,1,0,2,0,2,7,5,2,5,2,5,6,5,4,7,9,2,4,2,4,5,4,3,5,5,8,3,2,2,3,4,1,2,1,1,4,5,3,3,3,2,3,1,1,0,1,0,1,0,2,0,0,0,0,0,0,0,0,0,0,0,0,0,0,0,0,0,0,0,0,0,0,0,0,0,0,0,0,0,0,0,0,0,0,0,0,0,0,0,1,0,0,2,0,2,0,3,3,1,3,1,1,4,2,2,1,4,1,7,5,4,4,6,5,2,0,4,5,4,3,2,4,5,4,2,3,3,7,6,5,3,2,1,1,2,1,5,3,6,6,8,6,5,3,3,0,6,4,2,1,1,0,0,0,0,0,0,2,0,0,0,0,0,0,0,0,0,0,0,0,0,0,0,0,0,0,0,0,0,0,0,0,0,0,0,0,0,0,0,0,0
B,"BUCUREŞTI SECTORUL 3","BUCUREŞTI SECTORUL 3",179169,554,"ŞCOALA GIMNAZIALĂ NR.112;",U,1173,5,321,8,0,0,329,5,13,30,71,35,11,8,26,63,67,1,1,1,1,0,0,1,2,3,2,1,1,1,1,1,0,1,1,0,4,5,2,6,4,1,2,5,6,6,5,4,5,6,4,0,3,9,2,4,4,2,1,3,2,1,3,1,0,0,1,1,1,6,2,4,3,2,3,3,3,0,2,0,1,1,0,0,1,1,0,0,0,0,0,0,0,0,0,0,0,0,0,0,0,0,0,0,0,0,0,0,0,0,0,0,0,0,0,0,0,0,0,0,2,5,1,0,1,1,1,0,1,2,1,0,0,1,1,1,1,1,3,1,5,6,2,1,2,2,3,6,3,2,3,2,7,7,4,2,2,1,1,4,5,1,1,2,3,3,4,4,3,4,3,5,4,5,5,6,6,5,3,2,2,1,2,1,1,1,2,1,0,1,0,0,0,0,0,0,0,0,0,0,0,0,0,0,0,0,0,0,0,0,0,0,0,0,0,0,0,0,0,0,0,0,0
B,"BUCUREŞTI SECTORUL 3","BUCUREŞTI SECTORUL 3",179169,555,"ŞCOALA GIMNAZIALĂ NR.112;",U,1394,1,534,5,0,0,539,15,16,56,107,53,17,28,58,94,95,4,2,2,0,1,4,2,2,0,1,0,2,1,2,0,4,4,2,6,6,4,2,6,10,4,11,5,7,10,8,9,6,3,5,8,4,6,9,5,9,5,3,1,1,1,3,4,6,3,3,1,1,2,3,2,3,4,1,4,3,3,2,0,1,1,0,4,1,2,1,0,2,0,0,0,0,0,0,0,0,0,0,0,0,0,0,0,0,0,0,0,0,0,0,0,0,0,0,0,0,0,0,0,4,1,1,6,1,3,1,1,2,3,1,3,6,3,2,3,4,1,6,4,5,6,5,9,7,8,7,9,3,5,5,7,6,4,5,3,5,2,11,6,5,0,1,2,3,7,5,4,5,9,2,4,10,5,8,8,3,6,7,2,2,1,3,3,2,4,2,1,0,1,1,0,1,1,0,0,0,0,0,0,0,0,0,0,0,0,0,0,0,0,0,0,0,0,0,0,0,0,0,0,0,0,0
B,"BUCUREŞTI SECTORUL 3","BUCUREŞTI SECTORUL 3",179169,556,"ŞCOALA GIMNAZIALĂ NR.112;",U,1129,3,445,5,0,0,450,9,9,53,68,69,13,20,46,72,91,1,2,0,1,2,2,1,0,1,2,2,1,1,1,0,1,0,5,4,2,6,6,3,7,4,10,6,5,11,8,3,5,5,4,0,0,1,2,3,3,4,2,1,3,2,4,2,3,1,3,3,13,9,9,6,4,4,3,3,1,1,0,2,1,0,1,0,0,0,1,0,1,0,0,0,0,0,0,0,0,0,0,0,0,0,0,0,0,0,0,0,0,0,0,0,0,0,0,0,0,0,0,0,3,2,2,2,1,1,2,0,2,2,2,3,3,1,5,0,2,5,4,8,6,3,3,5,2,4,6,5,3,7,6,4,6,3,0,1,2,2,4,7,4,4,1,3,1,5,4,4,7,11,14,13,6,10,5,7,2,4,2,1,1,1,0,1,1,0,0,0,0,1,0,0,0,0,0,0,0,0,0,0,0,0,0,0,0,0,0,0,0,0,0,0,0,0,0,0,0,0,0,0,0,0,0
B,"BUCUREŞTI SECTORUL 3","BUCUREŞTI SECTORUL 3",179169,557,"ŞCOALA GIMNAZIALĂ NR.112;",U,1109,0,422,4,0,0,426,11,18,37,78,62,16,15,38,77,74,1,2,1,0,2,2,3,1,3,1,0,1,1,5,2,4,0,0,4,3,3,7,5,3,3,5,4,4,5,7,4,7,5,2,7,4,0,6,7,2,2,2,2,2,2,6,2,0,1,2,9,6,6,5,5,4,3,4,3,3,3,1,0,1,0,3,0,3,0,0,0,0,0,0,0,0,0,0,0,0,0,0,0,0,0,0,0,0,0,0,0,0,0,0,0,0,0,0,0,0,0,0,0,4,1,0,3,2,5,1,3,1,0,1,2,1,2,1,2,2,3,1,3,4,3,9,4,2,4,5,7,0,7,3,6,5,9,3,3,4,3,3,8,4,3,3,0,3,1,2,3,3,7,5,9,9,7,7,4,3,3,6,3,2,0,2,0,1,0,0,0,0,0,0,0,0,0,0,0,0,0,0,0,0,0,0,0,0,0,0,0,0,0,0,0,0,0,0,0,0,0,0,0,0,0,0
B,"BUCUREŞTI SECTORUL 3","BUCUREŞTI SECTORUL 3",179169,558,"ŞCOALA GIMNAZIALĂ NR.112;",U,1052,0,309,3,0,0,312,4,12,30,58,38,12,13,20,67,58,1,1,0,0,1,1,0,0,2,1,2,3,0,0,2,2,0,1,1,2,4,1,7,8,2,3,1,3,6,5,4,5,4,2,0,3,3,3,5,2,5,1,2,1,1,2,1,3,1,5,2,5,3,1,4,1,5,3,0,0,1,2,0,0,0,0,0,1,1,0,0,0,0,0,0,0,0,0,0,0,0,0,0,0,0,0,0,0,0,0,0,0,0,0,0,0,0,0,0,0,0,0,0,1,3,3,2,2,1,0,1,1,3,1,2,1,0,2,1,1,0,3,1,1,2,3,0,2,5,3,6,1,7,4,5,4,5,1,6,2,4,4,1,6,2,1,3,3,1,1,2,4,4,6,5,5,3,6,2,4,8,2,1,1,1,1,0,1,0,2,0,0,0,0,0,0,0,0,0,0,0,0,0,0,0,0,0,0,0,0,0,0,0,0,0,0,0,0,0,0,0,0,0,0,0,0
B,"BUCUREŞTI SECTORUL 3","BUCUREŞTI SECTORUL 3",179169,559,"ŞCOALA GIMNAZIALĂ NR.112;",U,1026,5,296,7,0,0,303,10,14,18,64,34,6,13,25,69,50,2,1,0,0,1,1,5,2,0,1,1,0,3,2,2,3,0,4,1,2,3,0,0,1,2,4,1,6,2,1,3,5,8,3,6,1,6,2,4,4,2,2,3,1,2,0,3,2,2,1,2,2,4,3,2,0,3,3,2,0,1,1,2,0,1,0,1,1,1,0,0,0,0,0,0,0,0,0,0,0,0,0,0,0,0,0,0,0,0,0,0,0,0,0,0,0,0,0,0,0,0,0,0,1,2,0,0,1,1,1,0,0,1,3,1,3,0,1,0,4,5,1,2,2,1,1,7,2,0,4,8,2,0,2,7,5,6,2,5,5,5,6,6,4,0,1,2,0,0,3,3,1,5,5,2,5,3,1,3,2,4,6,2,1,1,2,1,0,2,0,0,0,0,1,0,0,0,0,0,0,0,0,0,0,0,0,0,0,0,0,0,0,0,0,0,0,0,0,0,0,0,0,0,0,0,0
B,"BUCUREŞTI SECTORUL 3","BUCUREŞTI SECTORUL 3",179169,560,"ŞCOALA GIMNAZIALĂ NR.112;",U,1367,10,512,6,0,0,518,13,26,44,93,51,10,40,51,98,92,4,4,0,2,0,1,2,3,4,1,2,4,1,4,0,5,2,3,7,1,3,4,7,3,2,6,8,9,4,5,6,5,8,4,3,5,4,4,11,5,6,3,0,3,4,2,2,2,1,2,3,4,4,4,9,2,0,2,4,3,4,1,1,0,2,0,0,1,1,0,1,0,0,0,0,0,0,0,0,0,0,0,0,0,0,0,0,0,0,0,0,0,0,0,0,0,0,0,0,0,0,0,0,3,1,0,0,2,3,1,6,4,3,2,5,5,4,0,4,7,4,4,4,4,9,9,2,4,7,4,6,5,7,8,7,8,7,4,10,3,2,4,4,10,3,1,5,1,1,2,4,5,4,0,7,10,8,11,7,6,7,3,4,1,3,3,1,1,1,2,1,1,1,0,0,0,0,0,0,0,0,0,0,0,0,0,0,0,0,0,0,0,0,0,0,0,0,0,0,0,0,0,0,0,0,1
B,"BUCUREŞTI SECTORUL 3","BUCUREŞTI SECTORUL 3",179169,561,"ŞCOALA GIMNAZIALĂ NR.112;",U,1065,3,260,5,0,0,265,7,16,20,45,28,14,15,15,64,41,3,0,1,0,0,2,1,1,3,1,5,0,3,0,0,1,2,1,2,4,4,2,1,3,1,0,2,5,3,2,4,2,4,4,2,1,1,1,2,3,4,0,0,1,1,3,2,2,2,6,2,3,1,0,3,2,4,0,1,0,0,1,1,0,0,0,0,0,0,0,0,0,0,0,0,0,0,0,0,0,0,0,0,0,0,0,0,0,0,0,0,0,0,0,0,0,0,0,0,0,0,0,0,1,2,1,0,2,2,6,0,1,3,1,2,2,0,2,2,2,3,0,1,0,1,0,6,1,0,3,6,7,5,3,2,2,2,4,3,3,1,2,4,4,3,0,4,4,3,2,3,6,2,5,1,8,2,1,4,2,3,0,2,1,1,0,0,0,0,0,0,0,0,0,0,0,0,0,0,0,0,0,0,0,0,0,0,0,0,0,0,0,0,0,0,0,0,0,0,0,0,0,0,0,0,0
B,"BUCUREŞTI SECTORUL 3","BUCUREŞTI SECTORUL 3",179169,562,"ŞCOALA GIMNAZIALĂ NR.200;",U,1560,7,600,4,0,0,604,23,29,45,125,62,26,28,50,144,72,4,6,4,4,2,3,0,4,6,2,3,4,1,3,2,3,1,5,3,5,2,3,4,5,10,4,4,5,5,4,10,5,4,6,5,8,11,7,11,9,12,3,4,5,4,3,4,6,6,6,3,3,6,0,2,2,6,4,4,4,1,2,0,0,0,2,2,0,1,0,0,1,1,0,0,0,0,0,0,0,0,0,0,0,0,0,0,0,0,0,0,0,0,0,0,0,0,0,0,0,0,0,0,8,2,3,2,4,2,5,3,2,4,3,0,2,3,4,0,7,1,4,6,6,6,6,3,5,5,8,10,14,8,12,8,6,10,4,7,5,9,6,11,9,3,3,8,0,5,6,5,4,4,5,6,3,6,6,6,3,5,3,0,2,3,1,0,2,0,2,1,2,1,0,2,0,0,0,0,0,0,0,0,0,0,0,0,0,0,0,0,0,0,0,0,0,0,0,0,0,0,0,0,0,0,0
B,"BUCUREŞTI SECTORUL 3","BUCUREŞTI SECTORUL 3",179169,563,"ŞCOALA GIMNAZIALĂ NR.200;",U,1496,3,559,7,0,0,566,19,21,56,119,58,20,19,50,120,84,2,4,4,2,1,5,1,2,4,1,1,1,2,2,3,2,3,2,4,6,7,5,6,4,8,8,6,5,8,7,7,10,12,5,9,5,4,6,6,10,7,8,4,1,1,4,0,1,3,2,4,2,7,6,3,3,4,8,1,0,3,2,3,1,0,1,0,1,0,1,2,0,0,0,0,0,0,0,0,0,0,0,0,0,0,0,0,0,0,0,0,0,0,0,0,0,0,0,0,0,0,0,0,6,2,5,2,1,0,4,0,3,4,1,2,1,0,6,0,2,4,5,6,4,9,6,3,7,3,3,6,7,8,7,11,5,10,7,12,10,3,4,7,6,1,4,4,6,1,1,4,1,3,3,5,8,8,5,10,5,5,4,3,9,2,4,1,1,0,1,0,0,1,1,0,0,0,0,0,0,0,0,0,0,0,0,0,0,0,0,0,0,0,0,0,0,0,0,0,0,0,0,0,0,0,0
B,"BUCUREŞTI SECTORUL 3","BUCUREŞTI SECTORUL 3",179169,564,"ŞCOALA GIMNAZIALĂ NR.200;",U,1706,8,612,5,0,6,623,20,20,83,126,35,10,32,90,145,62,4,4,2,2,3,0,5,1,1,1,2,3,1,4,2,2,3,7,8,6,10,8,10,9,9,6,10,13,9,18,11,5,5,5,3,1,6,5,6,11,7,3,5,4,4,2,3,2,3,4,5,3,3,2,1,3,3,2,1,0,0,0,0,0,0,0,0,2,1,0,0,0,0,0,0,0,0,0,0,0,0,0,0,0,0,0,0,0,0,0,0,0,0,0,0,0,0,0,0,0,0,0,0,2,4,0,3,1,0,0,4,2,1,4,4,3,1,3,8,2,3,8,15,7,14,6,5,6,12,14,9,16,10,11,10,9,5,3,6,3,10,5,10,11,2,4,8,8,3,2,2,3,6,3,7,2,11,3,7,2,3,2,0,2,2,1,1,1,1,1,0,1,0,0,0,1,0,0,0,0,0,0,0,0,0,0,0,0,0,0,0,0,0,0,0,0,0,0,0,0,0,0,0,0,0,0
B,"BUCUREŞTI SECTORUL 3","BUCUREŞTI SECTORUL 3",179169,565,"ŞCOALA GIMNAZIALĂ NR.200;",U,1407,4,411,4,0,0,415,10,19,31,98,45,15,17,32,91,57,4,2,0,1,2,1,0,3,1,2,1,2,2,0,4,2,2,1,7,2,2,4,3,2,1,3,6,5,5,6,5,8,5,4,4,5,1,5,4,9,14,1,2,6,3,5,1,1,4,2,3,1,5,3,1,3,3,3,3,3,2,1,2,1,0,1,0,1,0,0,0,1,0,0,0,0,0,1,0,0,0,0,0,0,0,0,0,0,0,0,0,0,0,0,0,0,0,0,0,0,0,0,0,5,2,0,4,1,1,2,2,4,0,0,2,3,0,4,0,2,4,5,0,1,4,4,3,2,3,6,5,3,3,6,5,4,4,1,6,8,3,6,14,9,3,2,4,1,2,2,5,3,4,3,2,4,3,2,0,6,3,2,4,1,4,2,2,3,0,2,0,2,0,0,0,0,0,0,0,0,0,0,0,0,0,0,0,0,0,0,0,0,0,0,0,0,0,0,0,0,0,0,0,0,0,0
B,"BUCUREŞTI SECTORUL 3","BUCUREŞTI SECTORUL 3",179169,566,"ŞCOALA GIMNAZIALĂ NR.200;",U,1336,2,373,5,0,0,378,15,10,27,87,29,14,16,30,104,46,3,2,3,1,2,2,2,0,2,1,3,0,0,1,1,0,2,2,4,0,1,5,3,2,1,7,2,4,5,5,6,4,3,2,2,1,7,0,7,14,11,2,3,3,3,2,3,0,2,2,1,0,2,1,1,2,1,2,2,0,1,1,1,0,0,3,3,1,0,0,0,1,0,1,1,0,0,0,0,0,0,0,0,0,0,0,0,0,0,0,0,0,0,0,0,0,0,0,0,0,0,0,0,7,0,2,2,1,1,1,0,4,2,0,1,2,3,1,2,1,0,1,0,7,4,4,3,5,0,6,7,1,3,4,5,6,6,5,3,1,8,10,7,12,7,3,6,5,2,3,0,2,2,3,5,2,4,3,3,1,3,2,3,2,0,2,2,2,0,1,1,0,1,1,0,0,1,0,0,0,0,0,0,0,0,0,0,0,0,0,0,0,0,0,0,0,0,0,0,0,0,0,0,0,0,0
B,"BUCUREŞTI SECTORUL 3","BUCUREŞTI SECTORUL 3",179169,567,"ŞCOALA GIMNAZIALĂ NR.200;",U,1260,15,340,8,0,0,348,13,11,31,86,21,11,22,20,81,52,2,1,1,2,2,1,4,1,2,0,2,0,0,3,1,1,1,2,4,3,4,4,1,2,6,4,1,2,4,4,4,6,6,3,5,4,6,4,7,4,9,3,2,3,3,4,3,1,2,5,2,0,1,1,2,0,1,0,2,1,0,1,0,0,0,1,0,1,0,0,0,0,0,0,0,0,0,0,0,0,0,0,0,0,0,0,0,0,0,0,0,0,0,0,0,0,0,0,0,0,0,0,0,4,2,2,0,2,0,1,0,2,3,2,1,3,5,2,2,2,3,1,5,2,0,3,1,1,2,2,2,2,7,4,6,3,2,3,5,6,0,9,6,10,1,2,4,3,4,2,3,3,5,3,3,7,3,4,3,4,3,4,3,3,1,0,0,0,0,0,0,0,0,0,0,0,0,0,0,0,0,0,0,0,0,0,0,0,0,0,0,0,0,0,0,0,0,0,0,0,0,0,0,0,0,0
B,"BUCUREŞTI SECTORUL 3","BUCUREŞTI SECTORUL 3",179169,568,"ŞCOALA GIMNAZIALĂ NR.200;",U,1693,9,628,6,0,0,634,17,28,68,130,48,26,36,78,132,71,3,2,1,3,3,4,1,3,1,2,1,7,3,1,4,1,5,3,6,8,6,6,7,7,10,7,8,11,15,17,8,12,9,6,3,5,7,7,7,5,3,1,5,3,4,1,1,1,0,3,1,4,3,2,6,2,3,4,4,6,2,3,1,0,1,0,0,0,0,0,1,1,0,0,0,0,0,0,0,0,0,0,0,0,0,0,0,0,0,0,0,0,0,0,0,0,0,0,0,0,0,0,0,7,4,3,5,3,1,3,8,1,1,2,4,5,4,3,5,3,4,11,4,8,10,8,8,11,7,7,7,16,10,9,8,11,17,4,6,8,7,4,6,7,1,0,3,3,1,4,2,7,4,5,6,6,7,2,8,5,4,7,2,2,3,0,0,0,0,0,0,0,0,1,0,0,0,0,0,0,0,0,0,0,0,0,0,0,0,0,0,0,0,0,0,0,0,0,0,0,0,0,0,0,0,0
B,"BUCUREŞTI SECTORUL 3","BUCUREŞTI SECTORUL 3",179169,569,"ŞCOALA GIMNAZIALĂ ”FEDERICO GARCIA LORCA”;",U,1162,9,396,8,0,0,404,6,30,41,84,26,5,26,56,73,57,2,1,0,0,1,0,2,3,5,3,0,3,3,5,4,4,0,1,4,4,2,3,2,6,10,6,3,3,2,4,3,5,5,7,5,3,2,1,6,9,10,3,3,3,2,5,3,3,0,1,2,0,2,3,5,2,2,0,0,0,1,0,0,1,1,0,1,0,0,1,0,0,1,0,0,0,0,0,0,0,0,0,0,0,0,0,0,0,0,0,0,0,0,0,0,0,0,0,0,0,0,0,0,0,2,0,1,1,0,1,1,4,4,1,4,2,3,4,3,0,4,7,6,5,7,5,6,6,7,3,6,5,5,2,5,1,4,0,2,2,5,8,6,7,3,2,3,2,4,1,1,3,4,7,6,3,1,4,2,2,3,3,6,1,0,2,1,4,2,0,2,0,0,0,0,0,0,0,0,0,0,0,0,0,0,0,0,0,0,0,0,0,0,0,0,0,0,0,0,0,0,0,0,0,0,0
B,"BUCUREŞTI SECTORUL 3","BUCUREŞTI SECTORUL 3",179169,570,"ŞCOALA GIMNAZIALĂ ”FEDERICO GARCIA LORCA”;",U,987,1,426,7,0,0,433,15,23,28,96,31,20,21,36,112,51,5,1,2,3,2,1,1,1,5,1,3,3,2,1,1,4,2,4,2,6,1,3,2,1,3,2,4,3,4,4,2,6,9,9,5,7,3,3,10,6,6,2,5,2,6,2,2,1,3,1,1,0,4,2,1,3,1,3,0,0,0,0,0,1,0,2,2,1,3,0,2,0,0,0,0,0,0,0,0,0,0,0,0,0,0,0,0,0,0,0,0,0,0,0,0,0,0,0,0,0,0,0,0,5,2,3,4,3,2,1,1,4,2,1,2,4,1,2,3,1,5,4,2,3,2,3,2,3,3,9,3,4,11,8,5,4,6,7,5,8,7,7,7,11,5,4,3,4,0,3,0,3,3,3,4,0,2,3,1,3,1,2,5,2,3,2,2,2,4,2,0,0,2,0,2,0,0,0,0,0,0,0,0,0,0,0,0,0,0,0,0,0,0,0,0,0,0,0,0,0,0,0,0,0,0,0
B,"BUCUREŞTI SECTORUL 3","BUCUREŞTI SECTORUL 3",179169,571,"ŞCOALA GIMNAZIALĂ ”FEDERICO GARCIA LORCA”;",U,1165,2,493,4,0,0,497,14,26,43,100,38,15,26,59,108,68,0,5,1,3,2,1,2,4,0,0,4,5,1,3,1,4,4,2,4,5,5,2,5,6,3,5,6,4,9,8,8,5,5,6,5,1,2,5,6,5,6,6,6,2,3,6,2,0,4,2,2,2,6,2,1,2,0,4,1,0,0,3,2,0,1,0,3,1,1,0,1,0,0,0,0,0,0,0,0,0,0,0,0,0,0,0,0,0,0,0,0,0,0,0,0,0,0,0,0,0,0,0,0,2,8,1,0,3,1,0,2,1,4,2,2,2,2,2,4,5,3,10,3,6,4,9,8,6,6,4,9,6,4,7,5,6,9,2,4,7,4,5,9,13,4,3,5,1,3,2,3,5,2,5,3,4,5,1,1,4,5,2,3,5,2,3,1,3,2,2,2,0,1,2,0,0,0,0,1,0,1,0,0,0,0,0,0,0,0,0,0,0,0,0,0,0,0,0,0,0,0,0,0,0,0,0
B,"BUCUREŞTI SECTORUL 3","BUCUREŞTI SECTORUL 3",179169,572,"ŞCOALA GIMNAZIALĂ ”FEDERICO GARCIA LORCA”;",U,1723,8,761,6,3,0,770,17,40,98,135,63,24,45,104,152,92,2,3,3,2,3,2,2,1,4,3,3,5,3,5,6,4,6,5,6,10,5,15,10,15,6,11,15,13,7,15,6,7,8,9,6,9,5,4,9,9,10,3,1,4,5,2,3,2,4,1,2,2,3,2,2,5,4,5,6,7,5,3,0,3,1,0,2,1,0,2,0,0,0,1,0,0,0,0,0,0,0,0,0,0,0,0,0,0,0,0,0,0,0,0,0,0,0,0,0,0,0,0,0,7,6,4,3,0,1,3,3,5,3,3,1,3,8,7,6,6,8,6,20,10,9,12,11,9,9,10,20,12,10,9,16,14,10,8,5,5,6,2,11,10,3,4,1,1,3,2,3,5,3,4,9,9,9,7,6,7,7,5,6,2,0,1,3,1,2,1,0,0,0,1,0,0,0,0,0,0,0,1,0,0,0,0,0,0,0,0,0,0,0,0,0,0,0,0,0,0,0,0,0,0,0,0
B,"BUCUREŞTI SECTORUL 3","BUCUREŞTI SECTORUL 3",179169,573,"ŞCOALA GIMNAZIALĂ ”FEDERICO GARCIA LORCA”;",U,1348,16,530,5,0,0,535,22,34,46,106,58,10,32,49,113,65,5,2,4,8,1,0,2,4,2,4,2,6,1,2,4,4,5,3,6,4,3,9,6,3,1,6,5,5,2,2,8,11,6,3,5,5,11,9,7,9,7,2,5,1,4,4,0,7,3,4,0,2,3,4,1,6,6,4,3,0,3,1,1,2,1,0,2,1,0,0,0,0,1,1,1,0,1,0,0,0,0,0,0,0,0,0,0,0,0,0,0,0,0,0,0,0,0,0,0,0,0,0,0,5,0,3,1,0,1,0,2,5,2,2,4,4,2,1,4,6,4,6,3,5,6,3,5,3,6,8,6,6,7,7,7,9,10,4,6,3,4,2,11,11,4,4,8,1,0,3,5,5,4,1,4,4,3,3,4,4,3,6,2,3,1,0,1,0,1,1,1,3,3,1,0,1,0,0,0,0,1,0,0,0,0,0,0,0,0,0,0,0,0,0,0,0,0,0,0,0,0,0,0,0,0,0
B,"BUCUREŞTI SECTORUL 3","BUCUREŞTI SECTORUL 3",179169,574,"ŞCOALA GIMNAZIALĂ ”FEDERICO GARCIA LORCA”;",U,1165,4,432,4,0,0,436,16,16,31,87,55,14,19,36,94,68,4,0,4,2,1,4,1,3,1,0,0,1,2,1,2,3,3,2,5,6,4,1,2,7,1,0,3,10,3,2,2,5,5,2,1,4,2,4,3,6,8,5,6,7,4,4,4,2,5,2,8,2,4,2,1,5,5,2,2,3,2,0,1,2,1,2,0,1,1,1,0,0,1,0,0,0,0,0,0,0,0,0,0,0,0,0,0,0,0,0,0,0,0,0,0,0,0,0,0,0,0,0,0,4,4,1,1,3,0,1,2,1,3,1,2,1,0,1,2,6,8,2,7,4,2,1,5,0,3,4,2,2,4,5,4,5,2,6,4,4,5,6,4,13,8,4,3,5,6,2,5,3,9,4,3,4,8,3,2,4,2,4,2,0,4,2,3,3,0,0,0,0,2,0,0,1,0,0,0,0,0,0,0,0,0,0,0,0,0,0,0,0,0,0,0,0,0,0,0,0,0,0,0,0,0,0
B,"BUCUREŞTI SECTORUL 3","BUCUREŞTI SECTORUL 3",179169,575,"ŞCOALA GIMNAZIALĂ ”FEDERICO GARCIA LORCA”;",U,1281,2,401,6,0,1,408,17,18,43,74,58,5,24,32,84,53,3,3,4,2,1,1,3,0,3,1,2,1,0,1,4,3,3,3,5,3,3,2,6,4,6,6,5,6,3,4,4,2,10,6,3,4,1,3,2,8,7,1,0,3,4,0,3,5,2,4,4,1,5,5,6,5,4,2,5,2,0,3,2,1,0,0,1,1,0,0,0,0,0,0,0,0,0,0,0,0,0,0,0,0,0,0,0,0,0,0,0,0,0,0,0,0,0,0,0,0,0,0,0,0,2,0,0,1,1,1,1,2,2,4,1,3,2,3,2,4,0,3,1,3,3,6,2,3,5,6,3,3,4,4,5,3,8,4,3,6,10,6,9,3,0,2,2,2,4,3,4,6,3,2,2,4,6,6,4,4,1,1,1,2,0,3,0,0,0,0,1,1,0,1,0,1,0,0,0,0,0,0,0,0,0,0,0,0,0,0,0,0,0,0,0,0,0,0,0,0,0,0,0,0,0,0
B,"BUCUREŞTI SECTORUL 3","BUCUREŞTI SECTORUL 3",179169,576,"ŞCOALA GIMNAZIALĂ NR. 22;",U,1960,6,586,7,0,4,597,20,27,57,114,71,20,30,58,110,90,8,2,3,1,1,2,3,5,1,2,2,3,3,5,0,3,3,6,2,0,6,9,10,8,5,5,6,11,9,5,10,6,5,9,1,8,8,9,4,8,8,3,2,4,2,0,2,7,7,5,7,3,4,2,3,4,3,3,2,2,0,3,2,1,1,2,6,0,2,0,0,0,2,0,0,0,0,0,0,0,0,0,0,0,0,0,0,0,0,0,0,0,0,0,0,0,0,0,0,0,0,0,0,5,1,2,3,1,3,5,4,1,4,3,1,1,4,4,3,5,4,3,3,9,3,6,8,4,12,6,10,10,9,7,6,9,7,2,6,4,4,1,7,12,2,0,1,8,4,1,7,8,13,5,6,12,3,5,5,3,1,3,1,6,3,4,2,0,0,1,1,1,0,0,0,0,0,0,0,0,0,0,0,0,0,0,0,0,0,0,0,0,0,0,0,0,0,0,0,0,0,0,0,0,0,0
B,"BUCUREŞTI SECTORUL 3","BUCUREŞTI SECTORUL 3",179169,577,"ŞCOALA GIMNAZIALĂ NR. 22;",U,1611,9,497,9,0,0,506,14,22,57,105,59,9,26,46,96,72,4,0,4,1,1,3,1,2,2,2,1,3,5,2,3,1,1,4,4,9,5,6,6,8,4,4,7,7,4,6,10,9,9,3,6,6,5,0,9,6,5,2,1,3,7,3,4,5,2,5,2,8,6,8,5,5,2,3,4,1,1,0,1,0,0,0,0,0,0,1,0,0,0,0,0,0,0,0,0,0,0,0,0,0,0,0,0,0,0,0,0,0,0,0,0,0,0,0,0,0,0,0,0,1,0,3,2,1,0,2,2,2,2,2,1,1,3,4,1,8,3,4,3,4,7,3,3,6,3,10,5,5,5,3,4,9,4,5,4,1,4,3,5,10,6,5,3,6,5,4,5,11,4,8,9,5,9,2,6,4,1,2,2,1,1,0,0,1,0,0,1,0,0,0,0,0,0,0,0,0,0,0,0,0,0,0,0,0,0,0,0,0,0,0,0,0,0,0,0,0,0,0,0,0,0,0
B,"BUCUREŞTI SECTORUL 3","BUCUREŞTI SECTORUL 3",179169,578,"ŞCOALA GIMNAZIALĂ NR. 22;",U,1716,16,552,8,0,0,560,21,28,75,112,27,9,38,90,113,47,4,5,3,3,3,2,1,1,4,1,1,2,7,1,3,5,3,4,4,6,8,5,8,13,8,7,12,10,11,9,19,11,9,5,7,4,0,2,2,4,4,3,0,2,2,2,6,0,1,1,2,2,1,2,3,4,4,2,2,1,2,0,0,0,0,0,0,0,0,0,0,0,0,0,0,0,0,0,0,0,0,0,0,0,0,0,0,0,0,0,0,0,0,0,0,0,0,0,0,0,0,0,0,2,4,0,0,0,1,2,2,4,6,5,0,8,2,3,1,7,3,5,5,9,12,9,12,14,8,13,17,7,11,9,11,4,4,3,8,3,7,3,3,7,0,7,1,4,3,1,4,7,5,5,1,4,4,4,4,1,1,4,1,1,1,0,0,0,0,0,0,0,0,0,0,0,0,0,0,0,0,0,0,0,0,0,0,0,0,0,0,0,0,0,0,0,0,0,0,0,0,0,0,0,0,0
B,"BUCUREŞTI SECTORUL 3","BUCUREŞTI SECTORUL 3",179169,579,"ŞCOALA GIMNAZIALĂ NR. 22;",U,1682,2,125,9,0,0,134,4,9,11,42,6,3,9,12,29,9,2,0,0,1,0,1,0,0,0,0,2,0,1,1,3,1,1,0,3,1,0,1,4,0,0,1,1,1,1,4,2,2,1,3,4,1,3,0,4,6,4,1,2,0,1,0,2,1,1,1,1,1,0,0,0,0,1,0,0,0,0,0,0,0,0,0,0,0,0,0,0,0,0,0,0,0,0,0,0,0,0,0,0,0,0,0,0,0,0,0,0,0,0,0,0,0,0,0,0,0,0,0,0,0,1,0,0,1,1,0,0,1,2,0,2,0,0,2,1,1,3,1,2,0,3,0,1,1,0,1,0,3,3,1,2,2,1,1,3,0,3,2,0,3,2,0,0,2,1,0,0,0,2,1,0,2,2,1,0,0,1,0,0,0,0,0,0,0,0,0,0,0,0,0,0,0,0,0,0,0,0,0,0,0,0,0,0,0,0,0,0,0,0,0,0,0,0,0,0,0,0,0,0,0,0,0
B,"BUCUREŞTI SECTORUL 3","BUCUREŞTI SECTORUL 3",179169,580,"ŞCOALA GIMNAZIALĂ NR. 22;",U,1617,7,458,4,0,0,462,16,22,42,77,59,15,25,57,88,61,2,1,5,1,2,1,4,0,1,1,1,4,2,4,3,1,5,4,5,4,4,4,5,3,4,6,3,2,4,2,4,4,5,5,4,6,5,3,5,10,8,2,3,1,1,1,2,3,4,6,10,7,3,5,4,4,3,2,1,0,0,1,1,3,0,1,1,0,0,0,0,0,0,0,0,0,0,0,0,0,0,0,0,0,0,0,0,0,0,0,0,0,0,0,0,0,0,0,0,0,0,0,0,3,2,1,2,2,0,5,2,2,3,2,5,3,2,3,0,3,12,4,3,1,7,9,2,6,7,6,2,0,2,7,6,3,9,3,7,0,6,3,8,6,5,1,6,5,4,5,9,6,7,4,8,7,5,1,4,2,1,0,3,1,1,0,0,0,0,1,1,0,0,0,0,0,0,0,0,0,0,0,0,0,0,0,0,0,0,0,0,0,0,0,0,0,0,0,0,0,0,0,0,0,0,0
B,"BUCUREŞTI SECTORUL 3","BUCUREŞTI SECTORUL 3",179169,581,"ŞCOALA GIMNAZIALĂ NR. 22;",U,1714,9,550,8,0,0,558,17,23,41,141,47,24,24,43,124,74,1,5,2,1,2,4,2,1,2,4,2,2,0,3,3,3,3,5,3,3,6,3,5,2,4,4,6,10,3,12,7,12,4,7,7,4,6,7,9,14,8,4,8,3,5,3,8,5,6,1,2,2,4,3,4,6,0,0,4,0,4,0,1,0,0,1,3,1,0,0,0,0,0,0,0,0,0,0,0,0,0,0,0,0,0,0,0,0,0,0,0,0,0,0,0,0,0,0,0,0,0,0,0,2,2,3,2,5,6,4,1,2,3,3,2,2,1,3,2,5,3,4,3,5,4,6,8,4,3,3,8,7,7,8,8,7,4,5,8,5,5,6,10,7,3,3,2,6,4,11,5,2,6,7,4,2,4,2,9,5,8,4,4,0,4,0,0,2,0,2,0,2,0,2,0,0,0,0,0,0,0,0,0,0,0,0,0,0,0,0,0,0,0,0,0,0,0,0,0,0,0,0,0,0,0,0
B,"BUCUREŞTI SECTORUL 3","BUCUREŞTI SECTORUL 3",179169,582,"ŞCOALA GIMNAZIALĂ NR. 22;",U,1666,19,463,8,0,0,471,12,18,46,111,37,17,22,52,106,50,0,4,2,2,1,1,2,4,1,2,0,0,3,3,2,1,2,5,7,4,5,6,6,4,1,5,3,6,5,7,7,9,3,7,5,7,4,5,6,7,11,3,3,5,4,4,3,1,3,7,6,3,2,1,4,2,2,1,2,0,0,0,0,0,0,0,0,1,0,1,0,0,1,0,0,0,0,0,0,0,0,0,0,0,0,0,0,0,0,0,0,0,0,0,0,0,0,0,0,0,0,0,0,5,1,5,4,1,1,0,2,1,2,2,0,5,3,1,4,2,4,5,5,6,7,8,3,5,5,4,4,10,3,5,6,6,6,8,3,3,4,7,6,12,2,5,3,6,6,1,6,2,4,4,7,2,0,3,2,0,3,3,3,2,2,1,1,0,3,0,0,0,1,0,1,0,0,0,0,0,0,0,0,0,0,0,0,0,0,0,0,0,0,0,0,0,0,0,0,0,0,0,0,0,0,0
B,"BUCUREŞTI SECTORUL 3","BUCUREŞTI SECTORUL 3",179169,583,"ŞCOALA GIMNAZIALĂ NR. 22;",U,1710,4,515,12,0,0,527,11,24,62,112,40,19,25,58,118,58,1,1,0,2,5,0,2,3,4,1,1,5,0,1,2,5,2,8,6,3,5,7,8,8,5,5,7,6,7,8,10,6,8,7,5,6,5,3,5,8,7,8,3,1,4,4,1,0,7,3,5,4,2,0,3,1,5,3,3,2,1,0,0,1,0,0,0,0,0,0,0,0,0,0,0,0,0,0,0,0,0,0,0,0,0,0,0,0,0,0,0,0,0,0,0,0,0,0,0,0,0,0,0,6,4,2,3,1,1,2,3,3,3,2,3,2,3,1,1,4,4,4,7,6,2,5,4,10,10,6,7,7,6,11,5,7,6,7,8,6,9,6,5,9,3,1,4,5,4,2,6,5,4,10,4,3,4,4,1,2,4,5,2,2,0,1,0,0,0,0,0,1,0,0,0,0,0,0,0,0,0,0,0,0,0,0,0,0,0,0,0,0,0,0,0,0,0,0,0,0,0,0,0,0,0,0
B,"BUCUREŞTI SECTORUL 3","BUCUREŞTI SECTORUL 3",179169,584,"ȘCOALA GIMNAZIALĂ „LIVIU REBREANU”",U,1247,2,446,6,0,0,452,13,19,39,91,48,6,27,43,105,61,1,4,1,2,2,2,1,2,1,2,1,1,3,0,2,3,4,6,4,2,4,4,5,2,1,3,8,6,6,5,5,5,3,3,4,4,4,2,3,8,11,4,3,4,5,2,4,4,5,6,4,2,6,6,3,3,2,1,0,1,0,1,2,0,1,0,0,1,0,0,0,0,0,0,0,0,0,0,0,0,0,0,0,0,0,0,0,0,0,0,0,0,0,0,0,0,0,0,0,0,0,0,0,1,0,0,3,1,1,0,2,2,2,3,1,3,4,3,3,4,4,4,3,4,7,7,3,3,2,6,8,6,6,6,3,2,5,3,3,3,3,3,13,7,6,6,4,4,9,5,11,5,3,6,4,3,11,5,1,2,1,3,2,1,1,0,2,0,0,0,0,0,0,0,0,0,0,0,0,0,0,0,0,0,0,0,0,0,0,0,0,0,0,0,0,0,0,0,0,0,0,0,0,0,0,0
B,"BUCUREŞTI SECTORUL 3","BUCUREŞTI SECTORUL 3",179169,585,"ȘCOALA GIMNAZIALĂ „LIVIU REBREANU”",U,979,10,373,7,0,0,380,14,16,29,81,44,14,20,22,80,60,2,2,2,4,2,1,1,1,0,4,2,1,2,1,1,1,3,1,4,0,3,4,2,4,3,2,6,4,13,3,5,2,10,6,1,0,1,3,8,3,6,2,6,0,2,2,4,3,1,1,4,3,3,7,6,3,1,3,0,4,0,1,1,0,1,0,0,1,0,0,0,0,1,0,0,0,0,0,0,0,0,0,0,0,0,0,0,0,0,0,0,0,0,0,0,0,0,0,0,0,0,0,0,3,2,3,4,0,0,2,4,1,2,2,3,2,0,2,2,2,1,1,2,0,4,3,2,5,1,3,3,8,5,11,6,5,6,0,3,3,5,5,3,5,4,1,4,1,1,1,2,4,2,3,8,8,4,5,6,1,5,1,2,2,1,0,3,0,1,0,0,0,1,1,0,0,0,0,0,0,0,0,0,0,0,0,0,0,0,0,0,0,0,0,0,0,0,0,0,0,0,0,0,0,0,0
B,"BUCUREŞTI SECTORUL 3","BUCUREŞTI SECTORUL 3",179169,586,"ȘCOALA GIMNAZIALĂ „LIVIU REBREANU”",U,1245,23,433,11,0,0,444,9,21,39,84,37,15,25,43,107,64,2,2,2,0,0,2,1,1,3,2,3,1,2,1,2,4,2,4,3,3,5,5,2,9,4,2,2,6,5,8,4,4,2,7,4,6,3,2,4,11,7,0,2,2,0,5,2,5,7,2,3,2,3,2,1,2,2,1,2,1,2,0,0,0,0,0,0,0,0,0,2,0,0,0,0,0,0,0,0,0,0,0,0,0,0,0,0,0,0,0,0,0,0,0,0,0,0,0,0,0,0,0,0,1,1,1,4,4,3,1,1,4,1,3,5,3,2,3,2,1,2,3,3,7,3,4,4,5,7,5,1,11,7,9,5,4,5,3,8,5,5,2,3,10,2,2,9,6,2,8,5,5,9,5,9,2,8,1,2,2,1,2,1,1,2,1,1,2,0,1,0,0,1,1,1,0,0,1,0,0,0,0,0,0,0,0,0,0,0,0,0,0,0,0,0,0,0,0,0,0,0,0,0,0,0,0
B,"BUCUREŞTI SECTORUL 3","BUCUREŞTI SECTORUL 3",179169,587,"ȘCOALA GIMNAZIALĂ „LIVIU REBREANU”",U,1191,21,431,10,0,0,441,8,19,48,77,51,15,23,45,82,73,1,0,2,0,1,1,3,0,2,0,0,1,2,5,3,4,2,4,5,9,4,5,0,1,5,8,7,3,5,5,5,6,6,9,3,0,4,2,3,8,5,1,1,3,2,1,5,2,3,1,6,1,2,5,2,4,4,6,5,1,2,0,1,0,2,2,0,0,0,1,0,1,0,0,0,0,0,0,0,0,0,0,0,0,0,0,0,0,0,0,0,0,0,0,0,0,0,0,0,0,0,0,0,3,2,3,4,1,0,2,2,2,2,0,2,3,4,2,3,3,5,7,3,3,2,3,9,6,5,2,4,6,2,5,5,2,6,2,7,3,3,2,5,5,2,1,4,3,8,7,2,7,2,3,7,7,7,6,3,7,4,3,3,4,3,1,2,1,0,0,0,0,0,0,0,0,0,0,1,0,0,0,0,0,0,0,0,0,0,0,0,0,0,0,0,0,0,0,0,0,0,0,0,0,0,0
B,"BUCUREŞTI SECTORUL 3","BUCUREŞTI SECTORUL 3",179169,588,"ȘCOALA GIMNAZIALĂ „LIVIU REBREANU”",U,1200,2,455,6,0,0,461,13,20,46,66,57,11,21,44,73,110,3,2,1,2,1,1,3,3,1,2,2,2,1,4,1,3,1,2,3,4,4,4,7,5,7,4,6,7,5,4,5,4,6,5,1,2,1,3,3,1,4,2,3,5,0,4,1,3,2,5,4,3,6,2,5,6,2,4,5,2,2,0,0,2,1,0,1,2,0,0,0,0,0,0,0,0,0,0,0,0,0,0,0,0,0,0,0,0,0,0,0,0,0,0,0,0,0,0,0,0,0,0,0,3,2,2,1,1,1,1,1,2,1,2,0,2,5,2,3,3,2,1,4,5,3,8,7,6,3,5,3,4,8,3,5,4,7,1,4,2,3,2,2,6,6,4,0,5,3,1,7,3,5,8,11,14,9,10,10,11,5,4,3,1,2,0,2,0,0,3,1,0,0,1,0,0,0,0,0,0,0,0,0,0,0,0,0,0,0,0,0,0,0,0,0,0,0,0,0,0,0,0,0,0,0,0
B,"BUCUREŞTI SECTORUL 3","BUCUREŞTI SECTORUL 3",179169,589,"ȘCOALA GIMNAZIALĂ „LIVIU REBREANU”",U,1248,4,468,2,0,0,470,19,18,43,92,46,10,31,50,100,61,2,6,2,2,2,2,3,2,2,2,1,2,4,1,1,2,1,3,5,1,5,7,6,6,3,4,3,8,5,10,3,6,6,8,3,2,2,4,3,8,9,4,5,3,2,1,0,2,4,1,1,2,3,3,3,2,2,4,2,2,2,3,1,2,0,0,2,2,2,0,0,0,0,1,0,0,0,0,0,0,0,0,0,0,0,0,0,0,0,0,0,0,0,0,0,0,0,0,0,0,0,0,0,3,1,1,1,1,1,2,4,3,5,3,4,3,2,3,0,4,5,5,2,4,1,8,8,7,5,5,6,7,4,2,7,1,5,3,4,7,4,7,16,9,4,4,3,5,0,2,2,6,7,7,2,5,2,6,4,2,4,2,1,2,2,2,1,1,0,1,1,1,0,0,0,0,0,0,0,0,0,0,0,0,0,0,0,0,0,0,0,0,0,0,0,0,0,0,0,0,0,0,0,0,0,0
B,"BUCUREŞTI SECTORUL 3","BUCUREŞTI SECTORUL 3",179169,590,"ȘCOALA GIMNAZIALĂ „LIVIU REBREANU”",U,1190,6,439,3,0,0,442,7,12,44,72,71,9,19,46,79,83,3,2,0,0,1,0,1,0,1,1,2,4,0,2,1,1,0,3,2,3,4,1,3,3,5,8,12,4,6,8,6,3,4,8,5,5,2,3,5,3,0,3,3,1,1,1,1,2,3,4,2,2,2,6,5,8,8,7,4,4,3,2,5,2,0,0,1,1,0,0,0,0,0,0,0,0,0,0,0,0,0,0,0,0,0,0,0,0,0,0,0,0,0,0,0,0,0,0,0,0,0,0,0,1,4,1,0,0,2,1,2,2,1,2,1,3,1,0,4,3,2,2,2,2,6,6,4,6,7,9,7,8,6,1,6,6,9,5,3,3,1,3,5,8,1,2,1,2,1,1,2,3,5,6,6,9,7,5,7,11,4,4,5,3,1,1,1,0,0,1,0,1,1,0,0,0,0,0,0,0,0,0,0,0,0,0,0,0,0,0,0,0,0,0,0,0,0,0,0,0,0,0,0,0,0,0
B,"BUCUREŞTI SECTORUL 3","BUCUREŞTI SECTORUL 3",179169,591,"ȘCOALA GIMNAZIALĂ „LIVIU REBREANU”",U,1387,4,465,7,1,0,473,13,18,39,95,58,6,18,49,95,82,2,3,1,2,1,2,2,1,1,3,2,2,3,2,2,2,0,2,4,6,4,4,4,6,1,2,6,11,6,6,3,5,6,4,3,7,8,2,3,7,7,3,4,2,2,1,5,5,3,3,10,4,3,7,1,3,0,4,1,3,1,0,2,0,1,0,1,0,2,0,0,1,0,1,1,1,0,0,0,0,0,0,0,0,0,0,0,0,0,0,0,0,0,0,0,0,0,0,0,0,0,0,0,1,2,0,1,0,1,1,0,1,3,3,2,2,4,0,2,1,4,5,7,4,6,3,6,3,9,2,9,5,1,5,1,3,5,4,2,3,7,6,13,4,2,7,6,9,3,0,3,4,12,6,3,7,7,4,4,7,4,2,0,2,3,1,1,2,3,2,1,1,1,0,1,0,0,1,0,0,0,0,0,0,0,0,0,0,0,0,0,0,0,0,0,0,0,0,0,0,0,0,0,0,0,0
B,"BUCUREŞTI SECTORUL 3","BUCUREŞTI SECTORUL 3",179169,592,"LICEUL TEORETIC ”NICHITA STĂNESCU”;",U,1016,5,311,9,0,0,320,11,10,30,58,39,4,14,27,72,55,0,2,3,2,0,4,0,0,1,2,0,1,1,1,2,0,2,2,2,2,2,5,2,4,5,3,3,5,5,3,7,5,0,3,2,1,1,5,2,3,4,1,2,3,1,2,3,1,3,6,3,5,0,2,2,1,3,4,2,0,0,3,0,0,1,0,0,0,1,0,0,1,1,0,0,0,0,0,0,0,0,0,0,0,0,0,0,0,0,0,0,0,0,0,0,0,0,0,0,0,0,0,0,0,1,0,0,1,2,0,0,1,0,3,3,0,1,0,2,4,3,1,1,5,3,5,3,1,2,3,4,4,5,2,5,4,4,1,2,2,4,5,7,4,3,4,2,3,1,6,3,11,3,4,2,3,3,1,6,1,5,2,1,1,2,1,1,1,0,0,2,0,2,0,0,0,0,0,0,0,0,0,0,0,0,0,0,0,0,0,0,0,0,0,0,0,0,0,0,0,0,0,0,0,0,0
B,"BUCUREŞTI SECTORUL 3","BUCUREŞTI SECTORUL 3",179169,593,"LICEUL TEORETIC ”NICHITA STĂNESCU”;",U,1152,4,321,11,0,0,332,7,15,24,62,35,7,15,35,87,45,0,0,3,0,1,0,3,0,3,1,5,1,1,0,2,1,1,3,1,3,2,1,1,5,1,2,5,5,0,4,3,6,3,5,3,4,2,2,3,6,4,2,2,2,2,3,1,7,3,3,1,1,4,1,1,1,2,3,1,2,1,1,0,0,1,1,0,0,0,0,0,0,0,0,0,0,0,1,0,0,0,0,0,0,0,0,0,0,0,0,0,0,0,0,0,0,0,0,0,0,0,0,0,0,2,3,0,1,1,0,2,2,1,0,2,0,1,3,0,4,3,9,4,1,0,3,3,4,2,6,6,5,4,11,2,1,3,3,6,3,4,3,7,11,1,4,3,3,3,4,3,3,6,1,4,3,5,2,5,1,2,1,1,0,1,0,1,0,1,2,0,0,0,1,1,1,0,0,0,0,0,0,0,0,0,0,0,0,0,0,0,0,0,0,0,0,0,0,0,0,0,0,0,0,0,0
B,"BUCUREŞTI SECTORUL 3","BUCUREŞTI SECTORUL 3",179169,594,"LICEUL TEORETIC ”NICHITA STĂNESCU”;",U,1583,6,276,8,0,0,284,9,17,17,61,29,6,15,24,70,36,1,0,1,3,2,2,0,0,3,0,1,1,3,3,1,2,3,1,2,0,2,3,2,1,0,1,5,4,3,2,5,4,3,3,3,2,2,1,4,11,6,1,5,1,0,1,0,3,5,0,0,4,2,1,3,1,0,1,2,1,0,2,1,1,0,1,1,0,0,0,0,0,0,0,0,0,0,0,0,0,0,0,0,0,0,0,0,0,0,0,0,0,0,0,0,0,0,0,0,0,0,0,0,2,0,1,1,1,1,0,1,2,2,1,2,2,1,1,1,2,2,3,3,2,6,2,1,3,0,2,3,6,6,4,6,5,3,0,2,3,5,4,2,6,3,2,2,3,3,2,1,1,0,5,5,0,3,3,2,2,5,0,2,1,1,1,1,0,0,0,3,0,0,0,0,0,0,0,0,0,0,0,0,0,0,0,0,0,0,0,0,0,0,0,0,0,0,0,0,0,0,0,0,0,0,0
B,"BUCUREŞTI SECTORUL 3","BUCUREŞTI SECTORUL 3",179169,595,"LICEUL TEORETIC ”NICHITA STĂNESCU”;",U,1024,12,405,5,0,0,410,12,17,42,85,38,14,17,42,95,48,1,4,2,0,2,0,3,0,2,1,2,0,3,4,1,2,2,2,7,3,4,4,3,7,2,5,5,7,2,6,4,4,5,4,3,5,7,2,7,4,4,3,3,3,2,6,4,2,3,3,4,3,1,1,1,3,3,2,0,0,1,2,0,1,2,0,1,1,0,0,1,0,1,2,0,0,0,0,0,0,0,0,0,0,0,0,0,0,0,0,0,0,0,0,0,0,0,0,0,0,0,0,0,1,1,5,3,2,1,1,1,3,1,0,1,2,3,2,3,1,2,1,4,4,3,6,6,4,8,4,7,2,7,4,6,5,6,1,4,7,2,6,6,10,3,5,4,2,3,5,3,6,3,0,4,3,2,5,2,2,5,2,1,0,1,2,2,1,1,0,1,1,0,1,0,0,0,0,0,0,0,0,0,0,0,0,0,0,0,0,0,0,0,0,0,0,0,0,0,0,0,0,0,0,0,0
B,"BUCUREŞTI SECTORUL 3","BUCUREŞTI SECTORUL 3",179169,596,"LICEUL TEORETIC ”NICHITA STĂNESCU”;",U,1243,13,398,8,0,0,406,16,18,33,80,40,14,19,31,100,55,4,1,2,2,0,4,3,0,3,3,2,2,1,0,1,3,3,3,0,2,2,2,2,4,2,5,11,4,3,3,3,4,3,7,2,4,5,3,9,6,7,3,3,3,2,3,3,2,4,2,5,2,3,4,1,2,4,3,1,1,2,0,0,1,0,0,0,0,1,1,0,0,0,0,1,0,0,0,0,0,0,0,0,0,0,0,0,0,0,0,0,0,0,0,0,0,0,0,0,0,0,0,0,4,2,1,1,4,0,2,0,2,1,1,5,1,0,2,4,3,1,1,4,2,4,3,3,4,6,3,2,4,6,5,4,3,7,1,10,4,5,10,5,9,8,0,6,5,2,4,2,7,5,4,5,3,5,3,1,1,4,2,2,1,1,2,1,1,1,2,0,0,1,1,0,0,0,0,0,0,0,0,0,0,0,0,0,0,0,0,0,0,0,0,0,0,0,0,0,0,0,0,0,0,0,0
B,"BUCUREŞTI SECTORUL 3","BUCUREŞTI SECTORUL 3",179169,597,"LICEUL TEORETIC ”NICHITA STĂNESCU”;",U,1388,11,409,8,0,0,417,15,24,34,102,42,6,16,35,104,39,2,0,2,5,1,1,4,1,0,1,6,4,2,0,5,4,1,3,4,5,2,5,4,1,4,2,4,9,6,3,2,5,5,5,1,2,5,4,3,7,8,4,1,11,9,5,7,12,6,4,7,2,4,0,1,0,2,2,0,1,0,0,1,0,0,0,0,0,0,0,0,0,0,0,0,0,0,0,0,0,0,0,0,0,0,0,0,0,0,0,0,0,0,0,0,0,0,0,0,0,0,0,0,1,1,0,2,1,0,1,1,1,2,2,2,3,2,1,1,1,3,4,6,3,4,1,3,3,6,2,3,7,2,4,4,8,5,6,4,0,2,5,8,8,8,4,7,8,3,8,4,5,4,10,5,1,4,0,0,1,3,0,1,0,1,0,0,0,0,0,0,0,0,0,0,0,0,0,0,0,0,0,0,0,0,0,0,0,0,0,0,0,0,0,0,0,0,0,0,0,0,0,0,0,0,0
B,"BUCUREŞTI SECTORUL 3","BUCUREŞTI SECTORUL 3",179169,602,"ŞCOALA GIMNAZIALĂ NR.149;",U,1878,3,666,7,0,0,673,29,37,60,129,75,13,45,63,135,87,8,2,2,3,6,5,3,6,4,1,4,1,4,2,5,8,2,1,7,6,9,10,6,7,4,5,5,6,8,11,11,9,2,6,12,8,3,9,10,8,9,5,1,3,0,4,4,4,3,9,1,5,5,1,0,1,5,5,2,2,5,4,2,1,3,6,5,2,2,0,1,1,0,0,0,0,0,0,0,0,0,0,0,0,0,0,0,0,0,0,0,0,0,0,0,0,0,0,0,0,0,0,0,3,1,1,1,0,2,5,4,2,6,2,2,6,2,4,5,12,7,4,7,3,9,9,4,5,8,7,9,8,6,4,9,6,6,6,5,4,12,10,10,17,2,3,3,8,3,4,7,1,4,2,3,5,3,2,5,2,4,5,7,7,5,6,2,7,3,3,0,1,1,1,1,0,0,0,0,0,0,0,0,0,0,0,0,0,0,0,0,0,0,0,0,0,0,0,0,0,0,0,0,0,0,0
B,"BUCUREŞTI SECTORUL 3","BUCUREŞTI SECTORUL 3",179169,603,"ŞCOALA GIMNAZIALĂ NR.149;",U,1727,40,413,10,0,0,423,7,22,44,94,41,8,23,50,91,43,1,0,3,1,1,1,0,3,1,2,2,2,2,2,4,2,2,0,2,2,5,7,4,8,2,7,7,4,6,5,7,4,8,11,1,1,4,3,9,4,9,5,4,1,1,3,4,4,1,2,1,3,2,3,3,0,2,3,1,5,1,1,2,0,1,1,1,0,2,1,1,0,0,0,0,0,0,0,0,0,0,0,0,0,0,0,0,0,0,0,0,0,0,0,0,0,0,0,0,0,0,0,0,3,0,3,0,1,1,0,2,2,1,1,4,5,2,3,2,1,6,4,7,3,3,5,5,5,4,8,5,7,6,8,6,3,5,3,6,3,1,8,7,6,2,2,2,5,3,3,1,5,6,4,3,0,4,5,2,1,0,3,3,1,2,0,0,2,0,1,0,0,0,0,0,0,0,0,0,0,0,0,0,0,0,0,0,0,0,0,0,0,0,0,0,0,0,0,0,0,0,0,0,0,0,0
B,"BUCUREŞTI SECTORUL 3","BUCUREŞTI SECTORUL 3",179169,604,"ŞCOALA GIMNAZIALĂ NR.149;",U,2119,8,737,17,0,0,754,19,119,104,84,39,20,129,85,100,55,2,1,0,4,1,4,7,8,9,3,18,8,14,11,11,16,21,11,21,9,10,10,9,9,15,5,5,11,7,6,6,9,6,3,5,4,2,4,4,7,4,1,1,2,1,0,1,7,3,1,3,3,1,2,3,2,0,4,3,1,1,1,1,1,0,0,0,1,0,0,0,0,0,0,1,0,0,0,0,0,0,0,0,0,0,0,0,0,0,0,0,0,0,0,0,0,0,0,0,0,0,0,0,1,2,3,3,2,2,7,13,7,14,12,12,14,17,14,10,16,13,16,7,9,12,8,6,4,7,3,10,11,4,11,3,7,5,3,1,5,6,4,8,7,5,1,1,2,3,3,4,1,3,7,4,8,6,0,3,3,3,3,2,1,0,1,0,0,3,0,0,0,1,1,1,0,0,0,0,0,0,0,0,0,0,0,0,0,0,0,0,0,0,0,0,0,0,0,0,0,0,0,0,0,0,0
B,"BUCUREŞTI SECTORUL 3","BUCUREŞTI SECTORUL 3",179169,605,"ŞCOALA GIMNAZIALĂ NR. 82;",U,2467,10,824,9,0,0,833,22,141,144,90,16,17,176,118,84,25,2,6,2,3,3,3,3,8,4,10,15,19,22,16,17,20,10,19,21,22,19,12,16,9,7,8,11,8,14,9,10,7,5,9,3,0,2,7,1,6,4,2,2,1,0,0,0,1,2,3,2,1,0,1,1,1,0,1,2,0,0,0,0,0,1,0,0,0,0,0,0,0,0,0,0,0,0,0,0,0,0,0,0,0,0,0,0,0,0,0,0,0,0,0,0,0,0,0,0,0,0,0,0,2,4,1,3,1,3,3,6,10,20,16,19,15,26,19,23,22,22,20,16,16,9,5,3,6,12,9,12,6,8,7,3,5,2,3,5,5,5,2,3,5,3,1,2,1,4,2,2,1,1,1,2,2,1,4,1,0,4,2,0,2,0,2,0,0,0,0,0,0,0,0,0,0,0,0,0,0,0,0,0,0,0,0,0,0,0,0,0,0,0,0,0,0,0,0,0,0,0,0,0,0,0,0
B,"BUCUREŞTI SECTORUL 3","BUCUREŞTI SECTORUL 3",179169,606,"ŞCOALA GIMNAZIALĂ NR. 82;",U,1733,5,594,11,0,0,605,8,25,62,118,68,14,31,64,124,91,3,0,1,0,1,2,1,5,1,1,2,2,0,5,2,3,4,4,9,1,5,6,8,10,7,7,5,8,10,6,7,4,8,6,4,3,7,2,6,9,11,2,4,4,8,4,5,2,5,6,10,10,5,3,2,4,0,0,1,4,1,1,2,4,0,3,1,0,1,1,0,0,1,0,0,0,0,1,0,0,0,0,0,0,0,0,0,0,0,0,0,0,0,0,0,0,0,0,0,0,0,0,0,2,5,3,1,0,2,1,1,2,2,1,6,2,7,5,2,3,9,2,8,6,1,9,8,8,9,4,2,3,8,6,5,9,13,5,3,6,7,7,7,11,3,4,5,6,5,9,6,11,7,9,5,7,6,6,1,5,3,2,5,2,5,2,2,2,1,0,4,0,0,0,0,0,0,0,0,0,0,0,0,0,0,0,0,0,0,0,0,0,0,0,0,0,0,0,0,0,0,0,0,0,0,0
B,"BUCUREŞTI SECTORUL 3","BUCUREŞTI SECTORUL 3",179169,607,"ŞCOALA GIMNAZIALĂ NR. 82;",U,1486,4,468,4,0,10,482,15,34,47,92,48,11,31,44,105,55,4,1,1,4,1,3,1,4,3,3,4,4,6,1,4,3,2,1,4,8,7,6,5,2,8,3,3,7,1,2,1,6,3,3,3,4,2,5,8,13,9,2,9,4,2,4,4,2,5,1,3,2,4,5,3,6,1,0,3,0,3,1,2,1,0,2,0,1,0,1,2,0,0,0,0,0,0,0,0,0,0,0,0,0,0,0,0,0,0,0,0,0,0,0,0,0,0,0,0,0,0,0,0,1,0,2,2,0,4,2,1,7,0,2,6,3,2,2,3,5,5,3,4,3,6,7,5,3,2,6,1,7,4,3,9,4,5,2,11,6,5,8,12,6,3,3,7,3,4,2,9,1,2,0,4,4,4,2,1,0,2,6,0,3,2,2,4,0,0,2,2,1,1,1,0,0,1,0,1,0,0,0,0,0,0,0,0,0,0,0,0,0,0,0,0,0,0,0,0,0,0,0,0,0,0,0
B,"BUCUREŞTI SECTORUL 3","BUCUREŞTI SECTORUL 3",179169,608,"ŞCOALA GIMNAZIALĂ NR. 82;",U,1480,3,430,5,0,0,435,19,13,47,108,27,11,19,50,95,46,7,1,0,2,3,3,3,0,0,3,1,2,2,1,1,3,0,7,6,3,5,4,5,2,5,8,2,7,7,10,9,7,8,5,5,6,4,8,11,3,2,2,3,4,2,1,4,3,2,2,2,1,3,1,1,1,0,1,0,0,2,3,1,1,0,1,0,0,0,1,1,0,0,0,0,0,0,0,0,0,0,0,0,0,0,0,0,0,0,0,0,0,0,0,0,0,0,0,0,0,0,0,0,2,1,3,1,2,1,1,0,4,0,1,3,1,0,2,4,4,4,5,5,4,3,8,7,4,4,6,7,8,3,8,4,4,9,4,5,2,8,4,4,9,2,0,3,3,4,4,4,2,1,3,1,3,3,2,1,5,3,2,1,3,2,3,2,0,2,0,1,0,0,1,0,0,0,1,0,0,0,0,0,0,0,0,0,0,0,0,0,0,0,0,0,0,0,0,0,0,0,0,0,0,0,0
B,"BUCUREŞTI SECTORUL 3","BUCUREŞTI SECTORUL 3",179169,609,"ŞCOALA GIMNAZIALĂ NR. 82;",U,1854,3,678,8,0,0,686,21,39,58,138,55,30,31,71,144,99,2,1,6,1,3,5,3,4,4,1,4,5,3,2,4,4,8,5,3,7,12,4,5,9,2,7,4,7,7,9,4,5,7,5,8,10,5,6,17,13,13,2,6,5,2,3,4,2,5,4,3,2,3,3,6,3,0,1,2,2,2,7,1,1,1,1,0,3,1,1,0,0,1,0,0,0,0,0,0,0,0,0,0,0,0,0,0,0,0,0,0,0,0,0,0,0,0,0,0,0,0,0,0,7,7,3,4,3,3,3,3,1,3,2,4,2,3,2,3,8,2,4,11,8,6,11,6,9,6,8,6,8,6,2,7,8,8,4,8,6,9,10,17,15,5,5,4,5,5,6,5,6,3,6,5,4,5,5,6,6,1,5,7,6,9,6,3,4,1,0,2,1,2,0,0,0,0,1,0,0,0,0,0,0,0,0,0,0,0,0,0,0,0,0,0,0,0,0,0,0,0,0,0,0,0,0
B,"BUCUREŞTI SECTORUL 3","BUCUREŞTI SECTORUL 3",179169,610,"ŞCOALA GIMNAZIALĂ NR. 82;",U,1932,15,758,11,0,0,769,15,78,132,120,29,13,75,146,111,50,5,1,2,0,1,3,3,3,4,4,9,13,6,7,17,8,7,12,14,15,11,17,15,16,11,11,10,13,12,16,11,10,5,7,4,1,4,5,4,9,5,1,1,5,3,1,3,2,0,1,3,1,3,1,1,0,3,1,0,1,0,4,1,1,1,1,0,1,3,0,0,0,0,0,0,0,0,0,0,0,0,0,0,0,0,0,0,0,0,0,0,0,0,0,0,0,0,0,0,0,0,0,0,3,3,3,0,1,1,2,4,4,6,5,11,10,7,8,12,8,13,20,7,19,18,20,20,10,9,10,10,15,5,13,3,6,8,4,4,5,8,6,6,4,2,2,4,4,2,0,2,4,2,1,2,2,3,4,4,2,2,1,2,3,3,2,0,2,0,1,0,4,1,0,1,1,0,0,1,0,0,0,0,0,0,0,0,0,0,0,0,0,0,0,0,0,0,0,0,0,0,0,0,0,0,0
B,"BUCUREŞTI SECTORUL 3","BUCUREŞTI SECTORUL 3",179169,611,"ŞCOALA GIMNAZIALĂ NR. 82;",U,1500,7,520,8,0,0,528,18,30,42,112,49,25,25,40,124,63,3,2,1,2,2,4,4,2,2,2,2,5,3,8,1,2,3,2,7,4,5,1,6,7,1,1,8,5,8,11,7,6,7,4,6,7,5,6,10,8,3,5,2,4,3,2,3,1,2,5,2,2,3,1,0,2,1,4,3,1,3,6,0,2,1,2,4,1,0,1,1,1,0,0,0,0,0,0,0,0,0,0,0,0,0,0,0,0,0,0,0,0,0,0,0,0,0,0,0,0,0,0,0,7,3,4,4,1,3,3,3,0,5,4,3,4,0,0,3,3,2,1,12,2,2,2,6,4,3,6,4,9,10,6,7,9,8,7,7,4,7,12,8,5,3,2,3,6,5,2,3,4,0,3,2,3,3,2,2,6,7,4,5,4,1,3,4,3,0,2,0,1,0,1,0,0,0,0,0,0,0,0,0,0,0,0,0,0,0,0,0,0,0,0,0,0,0,0,0,0,0,0,0,0,0,0
B,"BUCUREŞTI SECTORUL 3","BUCUREŞTI SECTORUL 3",179169,612,"ŞCOALA GIMNAZIALĂ NR. 82;",U,1841,2,587,5,0,0,592,13,46,86,117,37,9,58,81,98,47,3,0,1,2,3,1,3,3,5,4,4,3,8,3,4,5,7,8,13,8,4,12,6,10,5,10,10,9,7,5,9,9,15,11,3,9,3,7,5,5,6,2,2,1,0,4,5,1,1,2,4,2,1,2,1,2,4,0,0,3,1,1,1,1,1,0,4,2,2,0,0,0,0,0,0,0,1,0,0,0,0,0,0,0,0,0,0,0,0,0,0,0,0,0,0,0,0,0,0,0,0,0,0,4,1,0,3,0,1,0,2,6,8,8,8,2,7,5,5,7,9,9,11,5,13,11,4,5,10,4,8,3,6,13,8,4,5,6,3,5,1,4,7,11,3,3,1,3,3,1,2,2,3,5,2,3,2,4,3,1,1,2,2,5,4,1,0,0,0,2,0,2,0,0,0,0,0,1,0,0,0,0,0,0,0,0,0,0,0,0,0,0,0,0,0,0,0,0,0,0,0,0,0,0,0,0
B,"BUCUREŞTI SECTORUL 3","BUCUREŞTI SECTORUL 3",179169,613,"ŞCOALA GIMNAZIALĂ NR.116;",U,2849,40,960,10,0,0,970,22,150,119,154,40,15,170,103,139,58,9,4,1,4,3,1,0,5,5,10,13,17,21,19,20,20,20,15,18,14,12,9,13,15,9,8,6,13,14,3,10,10,8,9,6,6,4,13,14,10,10,6,4,4,1,5,4,0,4,4,0,4,3,3,1,4,3,4,2,1,1,0,4,0,0,0,0,0,1,0,1,0,0,0,0,0,0,0,0,0,0,0,0,0,0,0,0,0,0,0,0,0,0,0,0,0,0,0,0,0,0,0,0,5,1,3,1,2,1,2,8,11,10,9,16,22,24,31,24,15,9,12,14,8,10,12,8,5,11,14,10,8,10,8,8,7,11,3,8,3,9,8,12,13,2,8,1,1,4,5,0,5,3,6,7,4,4,7,0,5,3,2,1,0,3,1,0,3,1,1,0,1,1,0,0,0,0,0,0,0,0,0,0,0,0,0,0,0,0,0,0,0,0,0,0,0,0,0,0,0,0,0,0,0,0,0
B,"BUCUREŞTI SECTORUL 3","BUCUREŞTI SECTORUL 3",179169,614,"ŞCOALA GIMNAZIALĂ NR.116;",U,2228,22,618,7,0,0,625,6,85,135,59,10,14,118,136,55,7,0,0,1,1,2,1,1,3,0,8,7,9,9,6,12,22,9,13,17,18,19,14,12,7,16,9,10,10,5,6,5,7,3,4,3,1,3,2,4,2,0,0,1,2,0,1,0,1,0,1,2,1,1,0,2,1,0,0,1,0,0,0,0,0,0,0,0,0,0,0,0,0,0,0,0,0,0,0,0,0,0,0,0,0,0,0,0,0,0,0,0,0,0,0,0,0,0,0,0,0,0,0,0,4,3,1,1,1,1,3,2,6,4,13,10,18,11,21,24,9,20,23,21,12,16,7,7,8,10,12,6,5,3,5,4,4,4,1,1,1,1,4,5,1,1,1,2,2,0,4,3,2,0,0,0,0,0,0,0,0,1,0,0,1,0,0,0,0,0,0,0,0,0,0,0,0,0,0,0,0,0,0,0,0,0,0,0,0,0,0,0,0,0,0,0,0,0,0,0,0,0,0,0,0,0,0
B,"BUCUREŞTI SECTORUL 3","BUCUREŞTI SECTORUL 3",179169,615,"ŞCOALA GIMNAZIALĂ NR.116;",U,1995,7,656,8,0,0,664,11,52,85,125,63,17,50,80,114,67,1,1,1,2,4,0,2,4,8,6,9,2,4,3,7,5,4,8,7,8,8,13,6,5,6,9,15,11,5,11,13,4,4,8,4,4,4,7,7,10,5,3,2,3,5,6,9,5,3,4,11,3,8,4,9,1,4,2,2,0,1,1,1,2,1,0,1,0,0,0,0,0,0,0,0,0,0,0,0,0,0,0,0,0,0,0,0,0,0,0,0,0,0,0,0,0,0,0,0,0,0,0,0,4,2,2,1,3,1,4,1,4,2,8,3,5,5,4,13,5,5,3,5,16,15,6,7,7,6,10,5,8,4,7,3,9,4,6,5,6,5,6,9,7,8,5,5,3,7,2,3,10,7,15,7,7,3,1,4,2,1,1,1,1,0,0,1,0,2,1,0,0,0,0,0,0,0,0,0,0,0,0,0,0,0,0,0,0,0,0,0,0,0,0,0,0,0,0,0,0,0,0,0,0,0,0
B,"BUCUREŞTI SECTORUL 3","BUCUREŞTI SECTORUL 3",179169,616,"ŞCOALA GIMNAZIALĂ NR.116;",U,1899,2,583,10,0,0,593,25,29,55,124,61,23,34,53,110,79,7,2,3,1,4,5,3,3,3,2,2,2,5,5,1,2,4,3,2,6,5,7,7,9,3,7,6,7,7,6,5,14,7,7,7,4,5,12,6,9,4,2,3,2,6,6,5,2,3,4,4,1,3,1,3,4,4,0,3,4,8,1,2,2,4,1,1,2,1,2,0,0,1,0,0,0,0,0,0,0,0,0,0,0,0,0,0,0,0,0,0,0,0,0,0,0,0,0,0,0,0,0,0,5,4,2,2,3,3,4,1,2,3,1,6,9,2,3,1,6,2,3,4,5,9,5,4,5,9,7,5,2,9,6,2,9,6,10,9,1,9,6,10,12,1,4,2,1,3,3,3,7,4,3,8,1,4,8,2,3,7,11,2,3,3,2,4,1,0,1,0,1,1,0,0,0,0,0,0,0,0,0,0,0,0,0,0,0,0,0,0,0,0,0,0,0,0,0,0,0,0,0,0,0,0,0
B,"BUCUREŞTI SECTORUL 3","BUCUREŞTI SECTORUL 3",179169,617,"ŞCOALA GIMNAZIALĂ NR.116;",U,2138,3,642,6,0,0,648,16,67,95,95,26,21,101,90,103,34,4,1,2,5,0,2,2,4,6,2,5,8,13,2,8,9,10,13,14,14,10,6,9,7,5,5,12,6,9,8,8,1,6,3,6,3,4,7,4,4,4,7,5,0,5,2,3,1,1,2,1,0,3,2,1,5,2,1,1,2,0,1,1,0,0,0,0,0,0,0,1,0,1,0,0,0,0,0,0,0,0,0,0,0,0,0,0,0,0,0,0,0,0,0,0,0,0,0,0,0,0,0,0,3,3,1,4,1,4,5,8,8,4,12,10,12,13,8,15,11,4,10,18,14,6,9,7,11,8,3,7,8,8,7,7,5,8,0,8,3,1,4,7,6,2,1,7,3,3,8,3,3,4,3,3,4,1,1,1,0,2,1,3,2,0,1,0,0,2,0,0,0,0,0,0,0,0,0,0,0,0,0,0,0,0,0,0,0,0,0,0,0,0,0,0,0,0,0,0,0,0,0,0,0,0,0
B,"BUCUREŞTI SECTORUL 3","BUCUREŞTI SECTORUL 3",179169,618,"ŞCOALA GIMNAZIALĂ NR.116;",U,1888,0,485,2,0,0,487,19,18,46,95,60,8,27,40,105,69,6,3,3,3,2,2,0,1,1,1,1,2,2,3,4,2,1,6,4,5,4,9,6,2,1,5,4,9,6,4,8,5,5,8,2,3,4,5,6,6,6,5,2,1,3,4,3,3,1,2,5,7,4,2,5,4,7,6,3,2,1,2,1,1,1,1,0,0,0,0,0,2,0,0,0,0,0,0,0,0,0,0,0,0,0,0,0,0,0,0,0,0,0,0,0,0,0,0,0,0,0,0,0,2,1,2,3,0,0,0,6,3,2,1,1,3,3,0,6,2,5,6,3,4,6,2,2,3,4,5,2,7,6,8,7,5,6,4,5,4,2,6,8,10,5,3,7,4,2,4,6,2,5,3,2,9,8,3,4,2,4,9,3,1,2,0,2,0,1,1,1,0,0,0,0,0,0,0,0,1,0,0,0,0,0,0,0,0,0,0,0,0,0,0,0,0,0,0,0,0,0,0,0,0,0,0
B,"BUCUREŞTI SECTORUL 3","BUCUREŞTI SECTORUL 3",179169,619,"ŞCOALA GIMNAZIALĂ NR.116;",U,2160,8,716,5,1,0,722,17,56,95,127,49,15,76,98,122,67,4,3,2,2,3,2,1,0,3,4,8,4,7,7,5,9,9,9,10,10,12,7,11,12,9,4,11,11,10,7,8,8,9,6,4,6,5,6,9,11,9,2,7,1,3,3,2,2,5,3,2,3,3,4,5,0,2,2,1,3,6,0,3,2,0,1,0,1,1,0,0,0,0,0,0,0,0,0,0,0,0,0,0,0,0,0,0,0,0,0,0,0,0,0,0,0,0,0,0,0,0,0,0,2,0,4,0,0,4,5,3,3,5,8,2,13,8,7,17,10,8,16,8,13,9,11,10,8,10,5,8,9,12,10,8,7,4,4,5,4,5,11,10,9,1,8,2,2,1,2,4,6,5,6,3,4,4,5,2,6,6,2,2,0,0,4,1,0,2,0,0,1,2,0,2,0,0,0,0,0,0,0,0,0,0,0,0,0,0,0,0,0,0,0,0,0,0,0,0,0,0,0,0,0,0,0
B,"BUCUREŞTI SECTORUL 3","BUCUREŞTI SECTORUL 3",179169,621,"ŞCOALA GIMNAZIALĂ NR.55;",U,2938,2,10,3,0,0,13,0,3,3,3,0,0,2,0,2,0,0,0,0,0,0,0,0,0,1,0,0,1,0,0,0,0,1,0,0,1,0,1,0,1,0,0,0,0,0,0,0,0,0,0,0,0,1,0,0,0,0,0,0,1,0,1,0,0,0,0,0,0,0,0,0,0,0,0,0,0,0,0,0,0,0,0,0,0,0,0,0,0,0,0,0,0,0,0,0,0,0,0,0,0,0,0,0,0,0,0,0,0,0,0,0,0,0,0,0,0,0,0,0,0,0,0,0,0,0,0,1,1,0,0,0,0,0,0,0,0,0,0,0,0,0,0,0,0,0,0,0,1,0,0,0,0,0,0,0,0,0,0,0,0,0,1,0,0,0,0,0,0,0,0,0,0,0,0,0,0,0,0,0,0,0,0,0,0,0,0,0,0,0,0,0,0,0,0,0,0,0,0,0,0,0,0,0,0,0,0,0,0,0,0,0,0,0,0,0,0,0,0,0,0,0,0
B,"BUCUREŞTI SECTORUL 3","BUCUREŞTI SECTORUL 3",179169,622,"ŞCOALA GIMNAZIALĂ NR.55;",U,1727,0,156,5,0,0,161,4,8,18,35,15,2,11,17,31,20,1,0,0,1,1,0,1,0,1,1,0,0,2,1,1,1,1,2,0,3,1,3,2,1,1,3,2,4,1,2,0,2,2,1,1,2,1,1,1,3,4,1,2,0,3,1,3,1,2,1,0,2,1,3,1,1,1,0,1,1,0,0,0,0,0,0,0,0,0,0,0,0,0,0,0,0,0,0,0,0,0,0,0,0,0,0,0,0,0,0,0,0,0,0,0,0,0,0,0,0,0,0,0,0,1,0,0,0,0,1,1,0,0,0,3,0,3,1,1,2,2,1,2,3,2,2,2,0,1,2,0,2,2,1,0,2,1,1,4,2,1,4,2,5,1,0,2,0,0,1,1,2,0,5,1,2,4,1,0,2,1,0,1,0,0,0,0,0,0,0,0,0,0,0,0,0,0,0,0,0,0,0,0,0,0,0,0,0,0,0,0,0,0,0,0,0,0,0,0,0,0,0,0,0,0,0
B,"BUCUREŞTI SECTORUL 3","BUCUREŞTI SECTORUL 3",179169,623,"ŞCOALA GIMNAZIALĂ NR.55;",U,1625,5,244,6,0,0,250,7,8,16,68,20,8,8,17,58,40,0,1,0,1,1,2,2,2,0,0,0,1,1,0,0,1,3,1,0,0,3,3,1,2,1,3,2,2,1,7,5,3,4,5,2,0,4,4,6,4,5,2,3,3,5,1,2,1,2,4,1,4,2,3,1,0,1,0,0,0,0,0,0,0,1,0,0,0,0,0,0,0,0,0,0,0,0,0,0,0,0,0,0,0,0,0,0,0,0,0,0,0,0,0,0,0,0,0,0,0,0,0,0,3,0,2,1,1,0,1,0,0,1,0,0,1,0,1,1,4,3,2,0,1,2,4,1,1,1,2,2,4,4,4,8,5,3,1,1,2,5,6,3,4,0,0,2,1,2,1,2,3,6,3,4,3,6,2,1,2,1,2,2,1,1,0,0,1,0,0,0,0,0,0,0,0,0,0,0,0,0,0,0,0,0,0,0,0,0,0,0,0,0,0,0,0,0,0,0,0,0,0,0,0,0,0
B,"BUCUREŞTI SECTORUL 3","BUCUREŞTI SECTORUL 3",179169,624,"ŞCOALA GIMNAZIALĂ NR.55;",U,1593,1,115,6,0,0,121,3,6,6,34,13,5,5,8,32,9,0,1,0,0,0,0,2,2,0,0,0,0,0,2,0,1,1,0,0,0,1,2,0,0,0,1,2,2,1,1,1,1,4,2,3,0,2,4,3,4,1,0,2,2,0,0,1,1,1,1,1,0,1,1,1,0,0,2,0,1,1,0,0,1,0,0,0,0,0,1,0,0,0,0,0,0,0,0,0,0,0,0,0,0,0,0,0,0,0,0,0,0,0,0,0,0,0,0,0,0,0,0,0,0,1,1,0,0,0,3,0,0,0,1,2,0,0,0,2,0,1,0,2,1,1,0,1,0,1,1,1,4,0,5,2,0,1,3,3,3,2,1,0,3,1,0,0,0,3,0,0,0,0,1,1,1,3,0,1,0,0,1,0,0,0,1,0,0,0,0,0,0,0,0,0,0,0,0,0,0,0,0,0,0,0,0,0,0,0,0,0,0,0,0,0,0,0,0,0,0,0,0,0,0,0,0
B,"BUCUREŞTI SECTORUL 3","BUCUREŞTI SECTORUL 3",179169,625,"ŞCOALA GIMNAZIALĂ NR.55;",U,1696,3,139,5,0,0,144,4,10,12,36,17,1,5,10,34,15,1,1,0,0,1,0,1,1,0,2,0,1,0,1,2,1,2,2,2,1,2,1,2,0,1,1,0,3,1,2,1,1,0,2,1,1,3,1,5,0,5,2,2,1,1,3,1,3,4,1,1,0,0,4,0,1,2,0,0,0,0,0,0,0,0,0,0,0,1,0,0,0,0,0,0,0,0,0,0,0,0,0,0,0,0,0,0,0,0,0,0,0,0,0,0,0,0,0,0,0,0,0,0,0,0,0,0,1,0,0,0,0,1,0,0,0,1,1,2,0,0,3,0,0,3,2,0,0,1,1,1,0,2,2,1,1,0,4,3,1,2,3,3,4,1,1,1,1,2,1,1,1,1,3,0,1,1,4,1,0,1,0,0,0,0,1,0,0,0,0,0,0,0,0,0,0,0,0,0,0,0,0,0,0,0,0,0,0,0,0,0,0,0,0,0,0,0,0,0,0,0,0,0,0,0,0
B,"BUCUREŞTI SECTORUL 3","BUCUREŞTI SECTORUL 3",179169,626,"ŞCOALA GIMNAZIALĂ NR.55;",U,1742,1,191,5,0,0,196,6,12,12,49,16,13,9,14,46,19,1,0,1,1,2,0,1,2,2,3,1,1,1,0,0,1,1,0,1,2,0,1,1,1,1,2,3,2,1,3,5,4,3,5,1,5,2,1,3,1,1,4,0,2,3,1,2,2,2,1,0,1,3,1,1,0,0,0,0,0,0,0,1,2,1,0,0,0,0,1,0,0,0,0,0,0,0,0,0,0,0,0,0,0,0,0,0,0,0,0,0,0,0,0,0,0,0,0,0,0,0,0,0,2,1,1,4,2,3,0,0,4,0,1,0,0,0,2,1,1,1,2,0,1,1,1,1,1,3,3,3,3,2,3,2,3,0,6,2,5,1,2,1,1,2,1,2,2,2,3,4,0,0,3,1,1,1,3,1,2,1,0,1,1,0,0,0,0,0,0,0,0,0,0,0,0,0,0,0,0,0,0,0,0,0,0,0,0,0,0,0,0,0,0,0,0,0,0,0,0,0,0,0,0,0,0
B,"BUCUREŞTI SECTORUL 3","BUCUREŞTI SECTORUL 3",179169,627,"ŞCOALA GIMNAZIALĂ NR.55;",U,3018,7,223,6,0,1,230,10,16,20,62,20,6,12,11,54,19,1,6,0,0,1,0,2,1,0,1,3,4,2,3,2,0,0,2,2,2,2,0,3,1,3,2,3,2,4,3,5,3,4,4,1,2,4,2,10,4,1,3,1,6,1,2,0,3,2,2,2,2,1,2,1,1,0,1,2,0,1,0,0,0,0,0,0,0,0,0,0,0,0,0,0,0,0,0,0,0,0,0,0,0,0,0,0,0,0,0,0,0,0,0,0,0,0,0,0,0,0,0,0,1,1,0,1,1,2,0,1,1,1,2,2,0,2,0,1,2,1,1,1,0,3,0,1,1,2,1,3,8,4,2,1,4,3,1,1,1,3,6,5,5,0,0,0,1,1,5,0,1,1,3,3,0,1,3,1,1,0,2,0,1,0,0,0,1,0,1,0,0,0,0,0,0,0,0,0,0,0,0,0,0,0,0,0,0,0,0,0,0,0,0,0,0,0,0,0,0,0,0,0,0,0,0
B,"BUCUREŞTI SECTORUL 3","BUCUREŞTI SECTORUL 3",179169,628,"ŞCOALA GIMNAZIALĂ NR.55;",U,2464,0,144,8,0,0,152,1,8,10,34,17,4,8,21,30,19,0,0,0,0,0,1,0,1,1,1,0,1,2,1,0,0,1,2,1,1,1,0,2,2,1,0,0,3,1,0,1,2,0,3,2,0,1,2,2,2,3,1,3,2,3,2,1,2,0,0,2,2,1,1,1,1,2,1,0,1,0,2,1,0,0,0,0,0,0,0,0,0,0,0,0,0,0,0,0,0,0,0,0,0,0,0,0,0,0,0,0,0,0,0,0,0,0,0,0,0,0,0,0,0,1,1,1,0,1,0,0,1,1,2,1,0,0,1,0,2,4,2,0,3,2,1,1,3,1,4,1,1,2,1,1,1,1,2,1,3,1,0,2,5,1,0,2,1,0,4,0,3,1,1,1,3,2,1,0,1,1,1,2,1,0,0,0,0,0,0,0,0,1,0,0,0,0,0,0,0,0,0,0,0,0,0,0,0,0,0,0,0,0,0,0,0,0,0,0,0,0,0,0,0,0,0
B,"BUCUREŞTI SECTORUL 3","BUCUREŞTI SECTORUL 3",179169,629,"ŞCOALA GIMNAZIALĂ NR.55;",U,1806,104,188,0,0,0,188,10,12,10,55,15,11,5,9,47,14,3,2,3,1,0,0,1,2,1,2,1,0,0,1,1,1,3,1,2,1,2,0,1,1,1,0,1,1,1,0,3,4,2,3,2,3,2,6,1,5,1,3,6,3,2,2,5,0,2,1,1,1,1,1,1,3,1,0,0,1,0,1,0,0,1,0,0,0,0,0,0,0,0,0,0,0,0,0,0,0,0,0,0,0,0,0,0,0,0,0,0,0,0,0,0,0,0,0,0,0,0,0,0,2,1,0,1,3,2,2,1,0,0,0,0,1,1,0,1,1,0,1,1,2,1,0,0,2,1,1,2,1,3,2,2,2,2,3,4,2,4,5,3,0,3,4,1,3,1,0,5,1,1,1,1,0,2,0,1,0,1,0,0,0,0,0,0,0,0,1,0,0,0,0,0,0,0,0,0,0,0,0,0,0,0,0,0,0,0,0,0,0,0,0,0,0,0,0,0,0,0,0,0,0,0,0
B,"BUCUREŞTI SECTORUL 3","BUCUREŞTI SECTORUL 3",179169,630,"ŞCOALA GIMNAZIALĂ NR.55;",U,3769,1,205,7,0,0,212,5,14,21,47,25,4,9,16,44,27,2,0,1,0,1,1,0,1,1,1,6,1,4,0,0,0,0,0,4,1,2,3,3,1,1,2,4,2,0,0,2,3,1,2,4,5,3,2,2,2,6,1,4,2,4,1,1,2,4,3,3,1,0,1,4,0,1,2,1,0,0,0,1,0,2,0,0,0,0,0,0,0,0,0,0,0,0,0,0,0,0,0,0,0,0,0,0,0,0,0,0,0,0,0,0,0,0,0,0,0,0,0,0,0,1,0,0,1,1,1,0,1,1,0,3,0,0,2,0,2,5,1,3,1,1,1,2,1,1,0,0,1,3,0,4,3,3,3,3,3,1,2,2,6,0,2,3,3,2,0,4,3,2,2,4,3,0,1,2,2,0,0,1,1,0,0,1,0,1,0,0,0,0,0,0,0,0,0,0,0,0,0,0,0,0,0,0,0,0,0,0,0,0,0,0,0,0,0,0,0,0,0,0,0,0,0
B,"BUCUREŞTI SECTORUL 3","BUCUREŞTI SECTORUL 3",179169,631,"ŞCOALA GIMNAZIALĂ NR.55;",U,1468,0,1,4,0,0,5,0,0,0,3,0,0,0,1,1,0,0,0,0,0,0,0,0,0,0,0,0,0,0,0,0,0,0,0,0,0,0,0,0,0,0,0,0,1,1,0,0,0,0,0,1,0,0,0,0,0,0,0,0,0,0,0,0,0,0,0,0,0,0,0,0,0,0,0,0,0,0,0,0,0,0,0,0,0,0,0,0,0,0,0,0,0,0,0,0,0,0,0,0,0,0,0,0,0,0,0,0,0,0,0,0,0,0,0,0,0,0,0,0,0,0,0,0,0,0,0,0,0,0,0,0,0,0,0,0,0,0,1,0,0,0,0,0,0,0,0,0,0,0,0,0,0,0,0,1,0,0,0,0,0,0,0,0,0,0,0,0,0,0,0,0,0,0,0,0,0,0,0,0,0,0,0,0,0,0,0,0,0,0,0,0,0,0,0,0,0,0,0,0,0,0,0,0,0,0,0,0,0,0,0,0,0,0,0,0,0,0,0,0,0,0,0
B,"BUCUREŞTI SECTORUL 3","BUCUREŞTI SECTORUL 3",179169,632,"ŞCOALA GIMNAZIALĂ NR.55;",U,1612,1,77,7,0,0,84,4,5,9,19,9,3,4,6,16,9,0,2,0,0,1,1,0,0,0,1,1,0,0,0,1,0,2,0,2,0,0,3,3,0,0,0,1,1,0,0,0,0,3,1,1,1,1,0,1,1,1,1,3,1,1,2,0,1,0,1,1,1,0,0,0,0,1,2,0,0,0,0,1,0,1,0,0,0,0,0,0,0,0,0,0,0,0,0,0,0,0,0,0,0,0,0,0,0,0,0,0,0,0,0,0,0,0,0,0,0,0,0,0,1,1,1,0,0,0,0,2,0,0,0,0,1,0,1,0,0,1,0,1,0,0,1,0,2,0,1,0,1,1,2,0,0,0,1,1,0,0,1,2,3,1,1,0,1,0,1,3,1,0,1,0,0,0,1,0,2,0,0,0,0,0,1,0,0,0,0,0,0,0,0,0,0,0,0,0,0,0,0,0,0,0,0,0,0,0,0,0,0,0,0,0,0,0,0,0,0,0,0,0,0,0,0
B,"BUCUREŞTI SECTORUL 3","BUCUREŞTI SECTORUL 3",179169,633,"ŞCOALA GIMNAZIALĂ NR.55;",U,1515,1,100,6,0,0,106,4,7,9,29,11,4,4,10,19,9,1,2,0,0,0,0,1,2,1,2,0,1,0,0,0,0,1,0,0,0,2,0,2,1,0,1,3,2,2,0,1,0,2,2,2,2,0,1,2,3,3,1,1,2,1,1,1,1,1,1,0,2,2,1,0,0,3,0,0,0,0,0,0,0,0,0,0,0,0,0,0,0,0,0,0,0,0,0,0,0,0,0,0,0,0,0,0,0,0,0,0,0,0,0,0,0,0,0,0,0,0,0,0,2,2,0,0,0,0,0,1,0,0,1,1,0,0,1,0,0,0,1,3,0,1,1,0,0,3,1,0,1,0,2,3,2,3,0,0,0,1,1,1,1,2,0,0,1,0,1,2,1,1,1,3,0,0,0,1,0,0,0,0,0,0,0,0,0,0,0,0,0,0,0,0,0,0,0,0,0,0,0,0,0,0,0,0,0,0,0,0,0,0,0,0,0,0,0,0,0,0,0,0,0,0,0
B,"BUCUREŞTI SECTORUL 3","BUCUREŞTI SECTORUL 3",179169,634,"ŞCOALA GIMNAZIALĂ NR.55;",U,1683,1,137,5,0,0,142,5,8,12,33,12,7,8,13,36,8,1,1,0,0,1,2,0,1,0,2,1,1,1,1,1,0,0,3,0,1,1,0,2,1,2,1,1,2,0,2,0,4,1,0,0,0,5,3,2,2,1,0,0,2,4,2,3,2,1,2,1,4,0,1,0,0,0,0,0,0,0,0,1,0,0,0,0,0,0,0,0,0,0,0,0,0,0,0,0,0,0,0,0,0,0,0,0,0,0,0,0,0,0,0,0,0,0,0,0,0,0,0,0,0,1,2,1,1,0,2,3,0,0,1,2,0,0,1,1,0,1,1,3,1,2,1,1,3,0,0,1,2,0,2,1,2,1,1,2,3,0,4,3,1,2,2,2,2,2,3,1,2,0,0,1,1,1,0,0,0,0,1,0,1,0,0,0,0,0,0,0,0,0,0,0,0,0,0,0,0,0,0,0,0,0,0,0,0,0,0,0,0,0,0,0,0,0,0,0,0,0,0,0,0,0,0
B,"BUCUREŞTI SECTORUL 3","BUCUREŞTI SECTORUL 3",179169,635,"ŞCOALA GIMNAZIALĂ NR.55;",U,2144,0,19,3,0,0,22,0,8,1,4,1,0,3,3,1,1,0,0,0,0,0,0,0,0,0,0,1,2,2,0,1,2,0,0,1,0,0,0,0,0,0,0,0,0,0,0,0,1,0,0,0,0,0,0,1,2,0,0,0,0,0,0,0,0,0,1,0,0,0,0,0,0,0,0,0,0,0,0,0,0,0,0,0,0,0,0,0,0,0,0,0,0,0,0,0,0,0,0,0,0,0,0,0,0,0,0,0,0,0,0,0,0,0,0,0,0,0,0,0,0,0,0,0,0,0,0,0,0,0,1,1,0,0,1,0,0,0,0,1,0,0,0,0,0,2,0,0,0,0,1,0,0,0,0,0,0,0,0,0,0,0,0,0,0,0,0,0,0,0,1,0,0,0,0,0,0,0,0,0,0,0,0,0,0,0,0,0,0,0,0,0,0,0,0,0,0,0,0,0,0,0,0,0,0,0,0,0,0,0,0,0,0,0,0,0,0,0,0,0,0,0,0
B,"BUCUREŞTI SECTORUL 3","BUCUREŞTI SECTORUL 3",179169,636,"ŞCOALA GIMNAZIALĂ NR.55;",U,1646,2,133,2,0,0,135,2,6,11,23,25,8,8,12,30,10,0,0,0,0,2,0,0,0,0,0,0,1,1,1,0,1,2,1,3,1,1,1,1,2,0,1,0,3,2,0,3,1,2,1,0,0,1,2,1,2,0,0,1,1,1,0,2,4,3,0,3,0,4,2,3,0,1,1,1,0,0,1,0,1,1,0,0,0,0,0,0,0,0,0,0,0,0,0,0,0,0,0,0,0,0,0,0,0,0,0,0,0,0,0,0,0,0,0,0,0,0,0,0,3,1,2,0,1,0,1,0,3,1,1,0,0,0,1,1,1,1,1,1,1,4,0,1,2,0,1,3,1,1,3,0,1,2,1,1,1,2,0,3,3,0,3,0,2,2,1,0,1,2,0,1,0,1,0,1,1,0,0,0,0,0,2,0,0,0,0,0,0,0,0,0,0,1,0,0,0,0,0,0,0,0,0,0,0,0,0,0,0,0,0,0,0,0,0,0,0,0,0,0,0,0,0
B,"BUCUREŞTI SECTORUL 3","BUCUREŞTI SECTORUL 3",179169,637,"ŞCOALA GIMNAZIALĂ NR.55;",U,1771,3,178,2,0,0,180,4,12,29,33,13,5,8,33,29,14,2,2,0,0,0,0,0,2,0,1,0,0,1,2,1,0,5,1,2,3,1,0,6,4,2,7,3,5,3,8,2,1,2,1,2,0,0,0,1,2,4,0,0,1,0,1,0,2,0,0,1,2,0,0,1,0,1,1,2,0,3,0,0,0,0,0,0,0,0,0,0,0,0,0,0,0,0,0,0,0,0,0,0,0,0,0,0,0,0,0,0,0,0,0,0,0,0,0,0,0,0,0,0,1,1,0,0,2,0,1,2,0,1,1,2,0,1,0,1,0,4,2,2,4,4,2,1,4,3,7,0,3,4,1,2,1,3,1,0,2,1,2,2,2,2,2,0,0,0,1,5,2,0,2,0,0,0,1,1,0,2,1,0,0,0,0,0,0,0,0,0,0,0,0,0,0,0,0,0,0,0,0,0,0,0,0,0,0,0,0,0,0,0,0,0,0,0,0,0,0,0,0,0,0,0,0
B,"BUCUREŞTI SECTORUL 3","BUCUREŞTI SECTORUL 3",179169,638,"ŞCOALA GIMNAZIALĂ NR.55;",U,1746,0,60,6,0,0,66,3,8,6,16,3,0,4,7,12,7,0,0,0,0,1,0,2,0,0,1,0,0,2,0,0,3,2,0,1,0,1,1,2,0,0,0,1,1,0,0,1,0,1,0,2,1,1,0,1,2,3,1,0,0,1,1,0,0,0,0,0,0,1,0,1,0,0,0,0,0,1,0,0,0,0,0,0,0,0,0,0,0,0,0,0,0,0,0,0,0,0,0,0,0,0,0,0,0,0,0,0,0,0,0,0,0,0,0,0,0,0,0,0,0,0,0,0,0,0,0,0,0,0,0,1,1,2,0,0,0,0,0,1,2,0,2,0,1,0,1,0,0,2,0,0,0,0,1,2,0,0,1,3,2,1,0,0,0,0,0,1,1,0,0,0,1,0,0,1,1,1,1,0,0,0,0,0,0,0,0,0,0,0,0,0,0,0,0,0,0,0,0,0,0,0,0,0,0,0,0,0,0,0,0,0,0,0,0,0,0,0,0,0,0,0,0
B,"BUCUREŞTI SECTORUL 3","BUCUREŞTI SECTORUL 3",179169,639,"ŞCOALA GIMNAZIALĂ NR.55;",U,1500,0,17,9,0,0,26,0,0,3,7,3,0,1,2,7,3,0,0,0,0,0,0,0,0,0,0,0,0,0,0,0,0,0,0,0,0,0,1,1,0,0,0,1,0,1,0,0,0,1,0,0,2,1,0,1,1,0,0,0,0,0,0,0,0,0,1,0,0,0,1,0,0,0,0,0,0,0,0,0,1,0,0,0,0,0,0,0,0,0,0,0,0,0,0,0,0,0,0,0,0,0,0,0,0,0,0,0,0,0,0,0,0,0,0,0,0,0,0,0,0,0,0,0,0,0,0,0,0,1,0,0,0,0,0,0,0,0,0,0,1,0,1,0,0,0,0,0,0,1,0,0,0,0,0,0,0,1,2,1,1,0,0,0,0,0,1,0,0,0,1,0,0,0,1,0,0,0,1,0,0,0,0,0,0,0,0,0,0,0,0,0,0,0,0,0,0,0,0,0,0,0,0,0,0,0,0,0,0,0,0,0,0,0,0,0,0,0,0,0,0,0,0
B,"BUCUREŞTI SECTORUL 3","BUCUREŞTI SECTORUL 3",179169,641,"ŞCOALA GIMNAZIALĂ NR.47;",U,3109,0,25,6,0,0,31,4,0,0,8,0,3,1,3,11,1,0,0,1,0,0,2,1,0,0,0,0,0,0,0,0,0,0,0,0,0,0,0,0,0,0,0,0,0,1,0,0,1,1,3,0,0,1,0,0,0,0,0,1,0,0,0,0,0,0,0,0,0,0,0,0,0,0,0,0,0,0,0,0,0,0,0,0,0,0,0,0,0,0,0,0,0,0,0,0,0,0,0,0,0,0,0,0,0,0,0,0,0,0,0,0,0,0,0,0,0,0,0,0,0,0,0,0,1,1,1,0,1,0,0,0,0,0,0,0,0,0,1,0,1,0,0,0,1,0,0,0,2,1,3,2,0,1,1,0,0,0,0,1,0,0,0,0,0,0,0,0,0,0,0,0,0,0,0,0,0,0,1,0,0,0,0,0,0,0,0,0,0,0,0,0,0,0,0,0,0,0,0,0,0,0,0,0,0,0,0,0,0,0,0,0,0,0,0,0,0,0,0,0,0,0,0
B,"BUCUREŞTI SECTORUL 3","BUCUREŞTI SECTORUL 3",179169,642,"ŞCOALA GIMNAZIALĂ NR.47;",U,2666,0,63,6,0,0,69,3,3,9,14,9,3,2,4,17,5,0,0,0,0,1,2,0,0,0,1,1,0,0,0,1,0,0,1,0,1,1,1,0,2,2,0,1,0,2,4,1,0,0,2,0,0,0,1,2,1,0,0,1,0,0,0,0,0,1,0,0,0,1,1,1,1,0,0,1,1,0,0,0,1,0,1,0,0,0,0,0,0,0,0,0,0,0,0,0,0,0,0,0,0,0,0,0,0,0,0,0,0,0,0,0,0,0,0,0,0,0,0,0,1,0,0,1,0,1,0,1,0,0,0,0,1,0,0,0,0,0,0,2,0,0,0,0,1,0,1,2,1,1,2,0,1,0,1,1,1,1,0,0,0,0,3,0,1,2,0,0,0,0,0,1,0,1,1,1,1,0,0,0,0,0,0,0,0,0,0,0,0,0,0,0,0,0,0,0,0,0,0,0,0,0,0,0,0,0,0,0,0,0,0,0,0,0,0,0,0,0,0,0,0,0,0
B,"BUCUREŞTI SECTORUL 3","BUCUREŞTI SECTORUL 3",179169,643,"ŞCOALA GIMNAZIALĂ NR.47;",U,2715,0,80,6,0,0,86,3,3,12,20,6,5,5,13,15,4,0,0,2,0,0,1,0,0,1,0,1,1,0,0,0,0,0,1,1,2,1,0,1,1,2,1,2,1,0,0,1,3,2,0,3,1,0,3,0,2,3,0,1,0,0,0,0,0,0,1,2,0,0,1,0,0,1,0,0,1,0,0,0,0,0,0,0,0,0,0,0,0,0,0,0,0,0,0,0,0,0,0,0,0,0,0,0,0,0,0,0,0,0,0,0,0,0,0,0,0,0,0,0,0,1,1,1,1,1,0,0,1,0,0,0,0,0,3,1,0,0,2,3,2,3,1,1,0,1,0,4,2,1,0,0,3,1,1,0,0,0,0,0,1,1,0,0,0,1,0,1,0,1,0,0,0,1,0,1,0,0,0,0,0,0,0,0,0,0,0,0,0,0,0,0,0,0,0,0,0,0,0,0,0,0,0,0,0,0,0,0,0,0,0,0,0,0,0,0,0,0,0,0,0,0,0
B,"BUCUREŞTI SECTORUL 3","BUCUREŞTI SECTORUL 3",179169,644,"ŞCOALA GIMNAZIALĂ NR.47;",U,1519,0,34,6,0,0,40,2,3,1,6,6,1,4,7,7,3,0,0,0,0,1,1,0,0,0,0,0,0,2,0,0,1,0,0,0,0,0,0,0,0,1,0,0,0,0,2,0,0,1,1,0,0,0,0,1,0,0,0,0,0,0,1,0,1,0,0,2,1,0,0,2,0,0,0,0,0,0,0,0,0,0,0,0,0,0,0,0,0,0,0,0,0,0,0,0,0,0,0,0,0,0,0,0,0,0,0,0,0,0,0,0,0,0,0,0,0,0,0,0,0,0,0,1,0,0,0,0,0,0,0,1,1,1,0,1,0,0,0,2,0,0,1,1,0,3,0,0,0,0,1,1,0,0,1,1,0,0,0,0,0,0,2,0,1,0,0,0,0,0,0,0,0,1,0,1,0,0,1,0,0,0,0,0,0,0,0,0,0,0,0,0,0,0,0,0,0,0,0,0,0,0,0,0,0,0,0,0,0,0,0,0,0,0,0,0,0,0,0,0,0,0,0
B,"BUCUREŞTI SECTORUL 3","BUCUREŞTI SECTORUL 3",179169,645,"ŞCOALA GIMNAZIALĂ NR.47;",U,2151,0,28,4,0,0,32,1,2,1,12,0,4,2,1,9,0,0,0,0,0,1,0,0,1,0,0,0,0,0,0,0,0,1,0,0,0,0,1,0,0,0,0,0,2,0,1,1,1,0,2,2,0,2,0,0,0,0,0,0,1,0,0,0,0,0,0,0,0,0,0,0,0,0,0,0,0,0,0,0,0,0,0,0,0,0,0,0,0,0,0,0,0,0,0,0,0,0,0,0,0,0,0,0,0,0,0,0,0,0,0,0,0,0,0,0,0,0,0,0,1,1,1,0,0,0,1,0,0,0,0,1,0,0,0,1,0,0,0,0,0,0,1,0,0,0,0,0,2,0,0,1,1,1,1,0,2,0,0,1,0,0,0,0,0,0,0,0,0,0,0,0,0,0,0,0,0,0,0,0,0,0,0,0,0,0,0,0,0,0,0,0,0,0,0,0,0,0,0,0,0,0,0,0,0,0,0,0,0,0,0,0,0,0,0,0,0,0,0,0,0,0,0
B,"BUCUREŞTI SECTORUL 3","BUCUREŞTI SECTORUL 3",179169,646,"ŞCOALA GIMNAZIALĂ NR.47;",U,1500,0,38,4,0,0,42,0,0,4,13,1,0,6,4,9,5,0,0,0,0,0,0,0,0,0,0,0,0,0,0,0,0,0,0,1,1,0,0,0,1,1,0,0,0,2,0,2,2,1,0,1,0,0,0,1,2,1,0,0,0,0,0,1,1,0,0,0,0,0,0,0,0,0,0,0,0,0,0,0,0,0,0,0,0,0,0,0,0,0,0,0,0,0,0,0,0,0,0,0,0,0,0,0,0,0,0,0,0,0,0,0,0,0,0,0,0,0,0,0,0,0,0,0,0,0,0,1,0,0,0,3,0,1,1,0,0,0,0,1,0,0,0,0,2,1,0,0,1,0,0,1,0,0,1,1,0,1,0,1,1,0,0,0,1,1,0,0,0,2,0,1,1,1,0,0,0,0,0,0,0,0,0,0,0,0,0,0,0,0,0,0,0,0,0,0,0,0,0,0,0,0,0,0,0,0,0,0,0,0,0,0,0,0,0,0,0,0,0,0,0,0,0
B,"BUCUREŞTI SECTORUL 3","BUCUREŞTI SECTORUL 3",179169,647,"ŞCOALA GIMNAZIALĂ NR.47;",U,1571,1,77,8,0,0,85,1,2,7,23,8,4,3,5,22,10,1,0,0,0,0,0,0,0,0,1,1,0,0,0,0,0,0,2,1,0,0,0,0,0,2,1,1,1,1,0,2,2,2,1,0,1,0,1,4,1,1,0,0,4,1,0,1,0,0,1,1,0,1,0,1,1,0,0,1,0,0,0,0,0,1,1,0,0,0,0,0,0,0,0,0,0,0,0,0,0,0,0,0,0,0,0,0,0,0,0,0,0,0,0,0,0,0,0,0,0,0,0,0,1,2,0,0,1,0,0,0,0,0,0,1,0,0,0,2,0,1,0,0,0,2,1,1,0,0,0,0,1,3,0,1,1,4,2,0,1,0,3,3,0,0,2,1,0,0,0,0,2,1,1,1,1,0,0,1,0,1,0,1,1,0,0,0,0,0,0,0,0,0,0,0,0,0,0,0,0,0,0,0,0,0,0,0,0,0,0,0,0,0,0,0,0,0,0,0,0,0,0,0,0,0,0
B,"BUCUREŞTI SECTORUL 3","BUCUREŞTI SECTORUL 3",179169,648,"ŞCOALA GIMNAZIALĂ NR.47;",U,3044,0,3,5,0,0,8,0,0,2,1,0,0,0,3,2,0,0,0,0,0,0,0,0,0,0,0,0,0,0,0,0,0,0,0,0,0,1,0,1,0,0,0,0,0,0,0,0,0,0,0,1,0,0,0,0,0,0,0,0,0,0,0,0,0,0,0,0,0,0,0,0,0,0,0,0,0,0,0,0,0,0,0,0,0,0,0,0,0,0,0,0,0,0,0,0,0,0,0,0,0,0,0,0,0,0,0,0,0,0,0,0,0,0,0,0,0,0,0,0,0,0,0,0,0,0,0,0,0,0,0,0,0,0,0,0,0,0,0,0,0,1,0,0,1,1,0,0,0,0,0,0,1,1,0,0,0,0,0,0,0,0,0,0,0,0,0,0,0,0,0,0,0,0,0,0,0,0,0,0,0,0,0,0,0,0,0,0,0,0,0,0,0,0,0,0,0,0,0,0,0,0,0,0,0,0,0,0,0,0,0,0,0,0,0,0,0,0,0,0,0,0,0
B,"BUCUREŞTI SECTORUL 3","BUCUREŞTI SECTORUL 3",179169,649,"ȘCOALA GIMNAZIALĂ NR.47;",U,1684,0,172,5,0,0,177,6,7,9,44,24,1,9,19,42,16,0,0,0,1,0,3,2,1,2,0,0,1,0,1,0,1,1,0,0,2,1,0,2,1,0,0,3,1,2,2,2,2,1,3,2,2,0,7,2,3,4,0,2,2,2,1,4,2,3,3,3,0,2,1,0,0,1,2,1,2,2,0,0,0,0,1,0,0,0,0,0,1,0,0,0,0,0,0,0,0,0,0,0,0,0,0,0,0,0,0,0,0,0,0,0,0,0,0,0,0,0,0,0,0,0,0,0,0,0,1,2,0,0,0,0,1,1,3,0,2,3,1,0,5,1,0,2,0,4,3,2,2,2,2,2,0,0,1,2,0,1,5,6,3,2,2,3,2,4,1,0,1,1,2,3,0,3,0,0,1,0,1,1,0,0,1,0,0,0,0,1,1,0,0,0,0,0,0,0,0,0,0,0,0,0,0,0,0,0,0,0,0,0,0,0,0,0,0,0,0,0,0,0,0,0,0
B,"BUCUREŞTI SECTORUL 3","BUCUREŞTI SECTORUL 3",179169,650,"ŞCOALA GIMNAZIALĂ NR.47;",U,1636,6,187,8,0,0,195,4,11,17,47,18,5,6,21,43,23,1,0,0,0,0,1,2,2,0,2,0,1,0,3,2,1,0,2,1,1,2,0,2,3,2,1,3,2,3,0,1,0,2,4,3,0,2,5,2,5,9,3,1,2,1,2,0,2,1,3,1,3,2,1,1,2,1,1,0,0,0,0,0,0,0,0,0,0,0,0,0,0,0,0,0,0,0,0,0,0,0,0,0,0,0,0,0,0,0,0,0,0,0,0,0,0,0,0,0,0,0,0,0,1,0,0,2,0,1,1,1,1,0,0,0,0,2,0,0,2,1,5,3,2,1,1,3,0,0,5,3,0,1,2,3,2,3,5,2,2,2,4,2,4,0,3,0,2,2,1,2,1,4,3,1,2,4,2,1,0,0,2,0,0,0,0,1,0,0,0,0,0,0,0,0,0,0,0,0,0,0,0,0,0,0,0,0,0,0,0,0,0,0,0,0,0,0,0,0,0,0,0,0,0,0,0
B,"BUCUREŞTI SECTORUL 3","BUCUREŞTI SECTORUL 3",179169,651,"ŞCOALA GIMNAZIALĂ NR.78;",U,1515,1,243,5,0,0,248,3,16,21,58,32,7,14,19,53,25,1,0,1,0,0,1,0,0,2,2,1,1,2,0,2,1,5,4,4,1,4,0,2,1,0,4,1,2,5,1,3,3,3,3,3,2,3,1,2,6,5,2,1,0,4,5,4,4,3,1,2,2,2,2,5,1,3,0,1,1,1,0,0,0,1,1,0,1,1,0,0,0,0,0,0,0,0,0,0,0,0,0,0,0,0,0,0,0,0,0,0,0,0,0,0,0,0,0,0,0,0,0,0,1,0,1,1,1,0,3,0,1,3,1,2,1,2,2,1,1,2,2,2,1,1,0,4,3,3,1,3,0,1,1,4,1,4,3,3,5,3,7,4,2,1,5,2,1,1,2,2,3,2,1,5,1,1,2,2,1,1,0,0,0,0,1,0,0,0,1,1,0,0,1,0,0,0,0,0,0,0,0,0,0,0,0,0,0,0,0,0,0,0,0,0,0,0,0,0,0,0,0,0,0,0,0
B,"BUCUREŞTI SECTORUL 3","BUCUREŞTI SECTORUL 3",179169,652,"ŞCOALA GIMNAZIALĂ NR.78;",U,1776,1,403,5,0,0,408,10,29,33,96,46,16,24,37,75,42,2,1,2,1,1,1,2,2,1,3,4,0,2,2,5,4,6,3,2,3,3,3,4,3,3,4,5,1,6,2,4,2,4,7,6,4,3,6,4,9,10,7,4,5,5,6,1,7,3,4,1,5,3,1,4,6,3,3,3,0,0,0,0,1,1,1,0,0,0,0,0,0,0,0,0,0,0,0,0,0,0,0,0,0,0,0,0,0,0,0,0,0,0,0,0,0,0,0,0,0,0,0,0,1,4,2,1,2,4,2,2,2,6,2,5,0,2,0,2,3,4,3,4,3,4,2,6,2,4,5,1,0,1,3,2,6,4,0,6,3,5,11,9,6,1,6,2,1,5,3,7,3,3,0,3,7,5,3,2,0,2,2,1,1,0,1,1,0,0,0,1,0,0,0,0,0,0,0,0,0,0,0,0,0,0,0,0,0,0,0,0,0,0,0,0,0,0,0,0,0,0,0,0,0,0,0
B,"BUCUREŞTI SECTORUL 3","BUCUREŞTI SECTORUL 3",179169,653,"ŞCOALA GIMNAZIALĂ NR.78;",U,1353,0,47,6,0,0,53,5,5,1,9,6,2,2,4,10,9,0,0,2,1,1,0,1,1,2,0,0,0,0,0,1,0,1,0,0,0,1,0,0,0,0,0,0,0,1,0,0,0,0,0,1,1,0,1,0,1,2,0,0,0,1,1,0,1,0,0,0,0,1,1,0,0,0,0,3,0,0,0,0,0,0,0,0,0,0,0,0,0,0,0,0,0,0,0,0,0,0,0,0,0,0,0,0,0,0,0,0,0,0,0,0,0,0,0,0,0,0,0,0,1,1,0,0,0,0,0,0,0,0,0,2,0,0,0,0,0,0,2,0,0,1,0,1,0,0,0,0,0,0,1,0,0,0,0,2,1,1,2,0,0,0,1,1,0,1,0,0,0,2,2,0,1,0,0,0,0,0,2,1,1,0,0,0,0,0,0,0,0,0,0,0,0,0,0,0,0,0,0,0,0,0,0,0,0,0,0,0,0,0,0,0,0,0,0,0,0,0,0,0,0,0,0
B,"BUCUREŞTI SECTORUL 3","BUCUREŞTI SECTORUL 3",179169,654,"ŞCOALA GIMNAZIALĂ NR.78;",U,1374,3,108,5,0,0,113,0,5,4,29,16,6,3,7,22,21,0,0,0,0,0,0,0,1,0,0,1,0,2,0,0,1,0,0,0,0,1,1,1,0,0,1,0,1,2,2,4,3,1,2,0,1,0,0,2,5,2,0,0,0,3,1,0,1,0,0,2,1,0,2,2,1,0,1,0,1,0,3,1,0,1,0,0,0,0,0,0,0,0,0,0,0,0,0,0,0,0,0,0,0,0,0,0,0,0,0,0,0,0,0,0,0,0,0,0,0,0,0,0,2,1,0,1,1,0,1,1,0,0,0,0,0,1,0,1,0,0,0,2,1,0,0,2,0,0,2,0,1,1,3,4,1,1,0,0,3,2,4,0,1,0,0,0,1,0,0,3,2,1,0,2,3,0,0,4,1,1,1,1,1,0,1,0,0,0,0,0,0,0,0,0,0,0,0,0,0,0,0,0,0,0,0,0,0,0,0,0,0,0,0,0,0,0,0,0,0,0,0,0,0,0,0
B,"BUCUREŞTI SECTORUL 3","BUCUREŞTI SECTORUL 3",179169,655,"ŞCOALA GIMNAZIALĂ NR.78;",U,1571,5,48,9,0,0,57,3,5,3,13,6,1,1,3,17,5,0,0,0,0,0,1,2,1,0,1,0,1,1,0,0,1,0,0,0,1,0,1,0,0,0,1,0,1,0,0,0,0,0,1,0,0,1,0,1,0,3,0,1,1,0,0,4,2,0,0,0,2,0,0,0,1,0,1,0,0,0,0,0,0,0,0,0,0,0,0,0,0,0,0,0,0,0,0,0,0,0,0,0,0,0,0,0,0,0,0,0,0,0,0,0,0,0,0,0,0,0,0,0,1,0,0,0,0,0,0,0,0,0,0,0,1,0,0,0,0,0,1,0,0,1,0,0,0,1,0,1,2,1,0,0,1,0,1,1,2,0,0,3,2,0,1,1,1,0,0,3,0,0,0,0,1,0,0,1,0,0,0,0,0,0,0,0,0,0,0,0,0,0,0,0,0,0,0,0,0,0,0,0,0,0,0,0,0,0,0,0,0,0,0,0,0,0,0,0,0,0,0,0,0,0,0
B,"BUCUREŞTI SECTORUL 3","BUCUREŞTI SECTORUL 3",179169,656,"ŞCOALA GIMNAZIALĂ NR.78;",U,1569,0,258,9,0,0,267,8,15,26,58,35,8,14,23,53,27,4,0,0,1,2,0,1,1,1,1,2,2,2,2,2,2,0,4,6,2,2,4,2,1,2,1,2,3,4,4,4,4,3,4,0,1,2,3,3,5,3,1,3,3,4,2,2,3,2,8,1,3,3,2,5,1,1,1,0,1,0,1,1,0,0,1,0,1,0,0,0,0,0,0,0,0,0,0,0,0,0,0,0,0,0,0,0,0,0,0,0,0,0,0,0,0,0,0,0,0,0,0,0,0,2,3,1,1,0,1,2,1,2,1,1,1,1,0,3,2,4,1,1,1,3,2,1,1,6,3,3,5,1,3,4,2,4,2,1,1,2,5,3,5,2,1,3,2,0,4,3,1,0,3,1,4,1,3,2,4,1,0,0,1,0,1,0,0,0,0,0,1,0,0,0,0,1,0,0,0,0,0,0,0,0,0,0,0,0,0,0,0,0,0,0,0,0,0,0,0,0,0,0,0,0,0
B,"BUCUREŞTI SECTORUL 3","BUCUREŞTI SECTORUL 3",179169,657,"ŞCOALA GIMNAZIALĂ NR.78;",U,1724,0,5,7,0,0,12,0,3,3,0,0,1,2,0,3,0,0,0,0,0,0,0,0,0,0,0,0,0,1,0,1,0,1,0,0,0,0,0,0,1,1,0,1,0,0,0,0,0,0,0,0,0,0,0,0,0,0,0,0,0,0,0,0,0,0,0,0,0,0,0,0,0,0,0,0,0,0,0,0,0,0,0,0,0,0,0,0,0,0,0,0,0,0,0,0,0,0,0,0,0,0,0,0,0,0,0,0,0,0,0,0,0,0,0,0,0,0,0,0,0,0,0,0,0,1,0,0,0,0,0,1,0,1,0,0,0,0,0,0,0,0,0,0,0,0,0,0,0,0,2,0,0,0,0,0,0,1,0,0,0,0,0,0,0,0,0,0,0,0,0,0,0,0,0,0,0,0,0,0,0,0,0,0,0,0,0,0,0,0,0,0,0,0,0,0,0,0,0,0,0,0,0,0,0,0,0,0,0,0,0,0,0,0,0,0,0,0,0,0,0,0,0
B,"BUCUREŞTI SECTORUL 3","BUCUREŞTI SECTORUL 3",179169,658,"ŞCOALA GIMNAZIALĂ NR.78;",U,1566,0,3,6,0,0,9,0,3,1,0,0,1,1,0,2,1,0,0,0,0,0,0,0,0,0,0,0,1,1,0,0,1,0,0,0,1,0,0,0,0,0,0,0,0,0,0,0,0,0,0,0,0,0,0,0,0,0,0,0,0,0,0,0,0,0,0,0,0,0,0,0,0,0,0,0,0,0,0,0,0,0,0,0,0,0,0,0,0,0,0,0,0,0,0,0,0,0,0,0,0,0,0,0,0,0,0,0,0,0,0,0,0,0,0,0,0,0,0,0,0,0,0,0,1,0,0,0,0,0,0,0,0,0,1,0,0,0,0,0,0,0,0,0,0,0,0,0,0,0,0,1,0,0,0,0,0,1,0,0,0,0,0,0,0,0,0,0,0,0,1,0,0,0,0,0,0,0,0,0,0,0,0,0,0,0,0,0,0,0,0,0,0,0,0,0,0,0,0,0,0,0,0,0,0,0,0,0,0,0,0,0,0,0,0,0,0,0,0,0,0,0,0
B,"BUCUREŞTI SECTORUL 3","BUCUREŞTI SECTORUL 3",179169,661,"ŞCOALA GIMNAZIALĂ NR.67;",U,1554,2,466,7,0,0,473,20,25,41,100,41,20,43,38,96,49,2,4,7,2,2,2,1,1,1,2,2,3,4,1,6,4,1,4,8,7,2,2,6,4,3,1,4,0,5,7,10,13,4,3,5,5,6,2,7,6,9,1,2,2,7,3,3,2,6,5,6,1,4,3,3,1,0,2,1,1,2,1,0,2,0,1,0,0,0,0,0,0,0,0,0,0,0,0,0,0,0,0,0,0,0,0,0,0,0,0,0,0,0,0,0,0,0,0,0,0,0,0,0,6,2,2,3,4,2,1,5,3,4,6,3,1,7,6,3,5,4,5,3,2,6,5,1,6,2,4,5,4,4,11,3,6,4,6,3,7,10,7,7,4,1,2,1,2,6,3,3,7,3,6,3,2,1,3,3,0,5,4,3,1,0,2,0,1,0,1,1,0,0,0,0,0,0,0,0,0,0,0,0,0,0,0,0,0,0,0,0,0,0,0,0,0,0,0,0,0,0,0,0,0,0,0
B,"BUCUREŞTI SECTORUL 3","BUCUREŞTI SECTORUL 3",179169,662,"ŞCOALA GIMNAZIALĂ NR.67;",U,1753,30,476,8,0,0,484,21,21,27,112,46,17,20,50,108,62,4,2,5,2,5,0,3,2,2,2,4,4,1,2,2,1,1,1,5,3,0,2,0,6,3,5,2,5,5,12,6,11,5,8,4,4,6,5,4,7,7,1,1,5,6,6,4,1,3,5,5,2,1,1,2,7,2,4,5,1,0,4,0,1,1,0,1,0,0,0,0,0,0,0,0,0,0,0,0,0,0,0,0,0,0,0,0,0,0,0,0,0,0,0,0,0,0,0,0,0,0,0,0,4,2,2,1,1,2,5,2,2,2,0,5,1,1,3,2,2,3,4,5,4,6,2,7,6,5,8,11,6,3,6,6,9,4,4,5,4,6,5,9,6,3,5,5,4,2,5,2,5,3,5,7,4,6,4,5,2,6,4,2,1,2,1,0,1,1,0,0,0,0,1,0,0,0,0,0,0,0,0,0,0,0,0,0,0,0,0,0,0,0,0,0,0,0,0,0,0,0,0,0,0,0,0
B,"BUCUREŞTI SECTORUL 4","BUCUREŞTI SECTORUL 4",179178,663,"COLEGIUL NAȚIONAL ”MIHAI EMINESCU”",U,1767,52,536,11,0,0,547,15,17,61,85,91,10,20,52,94,102,1,1,2,2,2,3,4,0,4,2,0,3,2,3,2,1,0,3,4,8,10,6,6,4,8,5,7,5,1,7,9,6,7,5,4,1,3,1,7,6,4,4,3,2,3,2,5,2,8,4,10,11,4,8,5,3,8,5,5,1,2,0,1,2,0,3,4,0,0,3,0,1,0,1,0,0,0,0,0,0,0,0,0,0,0,0,0,0,0,0,0,0,0,0,0,0,0,0,0,0,0,0,0,0,2,1,3,1,1,2,0,2,1,1,1,4,5,1,4,1,1,3,8,5,6,8,5,2,8,6,8,6,2,8,3,6,1,11,1,1,5,9,5,4,3,4,3,4,8,2,7,10,6,5,8,8,5,6,10,4,7,8,5,2,1,2,2,1,2,0,0,0,1,0,1,1,0,0,0,0,0,0,0,0,0,0,0,0,0,0,0,0,0,0,0,0,0,0,0,0,0,0,0,0,0,0
B,"BUCUREŞTI SECTORUL 4","BUCUREŞTI SECTORUL 4",179178,664,"COLEGIUL NAȚIONAL ”MIHAI EMINESCU”",U,1256,22,420,15,0,27,462,17,22,56,92,49,9,24,36,107,50,0,4,5,0,1,3,4,3,2,1,5,0,3,0,0,4,4,4,6,8,4,4,4,5,6,4,11,3,5,6,10,8,7,4,6,1,1,7,4,7,7,1,5,2,5,2,1,2,5,6,3,4,4,3,2,6,1,1,3,3,2,1,0,0,0,1,1,0,0,1,0,0,0,0,0,0,0,0,0,0,0,0,0,0,0,0,0,0,0,0,0,0,0,0,0,0,0,0,0,0,0,0,0,2,1,1,1,0,1,3,1,2,3,0,6,1,3,0,3,5,9,1,2,4,10,2,1,2,2,3,2,6,5,7,7,9,7,6,3,2,7,6,11,6,6,1,8,0,5,3,2,3,6,8,3,6,3,3,3,1,2,3,0,1,2,0,0,1,1,2,0,0,0,0,0,0,0,0,0,0,0,0,0,0,0,0,0,0,0,0,0,0,0,0,0,0,0,0,0,0,0,0,0,0,0,0
B,"BUCUREŞTI SECTORUL 4","BUCUREŞTI SECTORUL 4",179178,665,"COLEGIUL NAȚIONAL ”MIHAI EMINESCU”",U,1249,43,394,11,0,0,405,4,18,44,85,44,9,22,41,81,57,0,1,1,0,0,1,1,4,0,1,1,0,1,3,1,3,4,5,5,7,0,4,7,2,4,5,5,6,4,7,10,4,6,6,2,2,4,4,6,3,5,3,2,4,2,1,4,4,0,3,3,7,2,5,4,2,4,2,2,2,1,0,0,3,0,0,0,0,0,0,0,0,0,0,0,0,0,0,0,0,0,0,0,0,0,0,0,0,0,0,0,0,0,0,0,0,0,0,0,0,0,0,0,2,1,1,2,1,2,0,4,2,1,0,2,2,3,1,2,5,4,7,7,5,1,4,3,1,2,7,3,3,4,6,3,4,5,4,4,3,2,9,7,6,5,3,3,0,2,5,4,3,6,2,3,6,3,3,3,2,7,3,3,3,1,0,2,1,1,1,0,0,0,0,0,0,0,0,0,0,0,0,0,0,0,0,0,0,0,0,0,0,0,0,0,0,0,0,0,0,0,0,0,0,0,0
B,"BUCUREŞTI SECTORUL 4","BUCUREŞTI SECTORUL 4",179178,666,"COLEGIUL NAȚIONAL ”MIHAI EMINESCU”",U,1078,18,371,9,0,0,380,14,22,37,86,39,9,14,31,82,46,4,2,1,2,0,4,1,3,7,0,5,3,1,0,2,1,0,1,5,4,2,5,2,6,3,7,2,5,4,4,5,4,3,9,4,2,6,6,7,4,7,2,4,2,3,2,3,4,3,3,4,3,2,4,0,2,5,1,0,2,0,1,1,0,0,2,0,0,0,1,0,1,0,0,0,0,0,0,0,0,0,0,0,0,0,0,0,0,0,0,0,0,0,0,0,0,0,0,0,0,0,0,0,2,2,0,3,2,0,0,3,0,2,1,0,2,0,0,4,2,3,1,7,4,3,3,2,3,3,2,5,4,4,10,6,5,5,4,5,5,3,4,4,4,3,3,0,4,2,2,7,4,5,3,2,2,2,4,4,1,0,3,1,4,0,1,1,1,0,1,0,0,0,0,0,0,0,0,0,0,0,0,0,0,0,0,0,0,0,0,0,0,0,0,0,0,0,0,0,0,0,0,0,0,0,0
B,"BUCUREŞTI SECTORUL 4","BUCUREŞTI SECTORUL 4",179178,667,"COLEGIUL NAȚIONAL ”MIHAI EMINESCU”",U,1288,54,454,11,1,0,466,13,14,53,80,49,17,25,67,98,50,2,2,3,4,2,0,0,2,2,0,1,1,2,0,1,3,2,3,9,3,4,6,8,5,4,7,4,7,8,6,7,2,6,2,5,7,2,1,4,5,6,1,4,0,3,0,4,4,1,4,2,6,3,3,3,3,2,1,2,1,2,5,0,2,3,0,1,1,0,0,0,0,0,0,0,0,0,0,0,0,0,0,0,0,0,0,0,0,0,0,0,0,0,0,0,0,0,0,0,0,0,0,0,4,3,2,2,2,1,3,3,3,1,2,2,1,4,1,3,5,7,8,7,8,4,8,2,8,8,7,10,7,4,7,9,6,2,8,2,5,5,9,8,2,4,1,4,5,0,0,0,3,4,4,5,2,4,1,3,5,4,5,3,1,0,1,0,1,1,0,1,1,1,0,0,0,0,0,0,0,0,0,0,0,0,0,0,0,0,0,0,0,0,0,0,0,0,0,0,0,0,0,0,0,0,0
B,"BUCUREŞTI SECTORUL 4","BUCUREŞTI SECTORUL 4",179178,668,"ŞCOALA GIMNAZIALĂ ”IENĂCHIŢĂ VĂCĂRESCU”-STRUCTURĂ ARONDATĂ ȘCOLII GIMNAZIALE ”MĂRȚIȘOR”",U,971,19,354,11,0,0,365,12,19,32,71,48,14,13,32,72,52,2,2,2,2,0,3,1,2,0,1,1,3,2,4,2,3,1,2,3,1,3,4,3,3,2,7,4,2,6,6,2,4,2,2,5,5,4,9,4,4,4,0,5,3,2,1,1,2,5,1,3,3,2,1,4,3,2,4,2,2,2,1,1,0,0,3,2,0,3,0,1,0,0,0,1,0,0,0,0,0,0,0,0,0,0,0,0,0,0,0,0,0,0,0,0,0,0,0,0,0,0,0,0,5,0,0,1,1,5,2,2,1,3,1,1,1,0,2,1,1,2,4,1,3,3,4,2,3,9,1,5,3,3,3,6,3,3,4,4,3,6,4,7,6,0,0,1,2,1,8,2,0,2,4,4,5,5,4,3,1,2,6,2,2,2,1,2,1,1,1,0,0,0,1,0,1,0,0,0,0,0,0,0,0,0,0,0,0,0,0,0,0,0,0,0,0,0,0,0,0,0,0,0,0,0,0
B,"BUCUREŞTI SECTORUL 4","BUCUREŞTI SECTORUL 4",179178,669,"ŞCOALA GIMNAZIALĂ ”IENĂCHIŢĂ VĂCĂRESCU”-STRUCTURĂ ARONDATĂ ȘCOLII GIMNAZIALE ”MĂRȚIȘOR”",U,1087,21,404,11,1,14,430,10,15,34,89,47,11,27,46,89,62,1,0,0,2,2,3,2,3,1,3,0,3,0,1,0,1,3,1,3,4,3,3,5,3,4,6,2,7,9,1,5,9,1,3,2,3,2,5,8,10,7,3,3,3,3,3,2,5,6,1,1,3,1,2,3,4,1,3,2,3,1,3,1,2,0,1,1,0,1,0,0,0,0,0,0,0,0,1,0,1,0,0,0,0,0,0,0,0,0,0,0,0,0,0,0,0,0,0,0,0,0,0,0,1,3,1,1,2,2,1,0,0,1,2,6,4,4,2,3,5,2,2,6,7,4,7,0,4,6,8,5,3,8,7,4,10,2,3,1,4,2,5,5,12,3,2,4,4,1,4,5,6,3,3,1,3,3,1,3,6,3,1,4,1,2,3,2,1,1,4,0,0,1,0,1,1,1,2,0,0,0,0,0,0,0,0,0,0,0,0,0,0,0,0,0,0,0,0,0,0,0,0,0,0,0,0
B,"BUCUREŞTI SECTORUL 4","BUCUREŞTI SECTORUL 4",179178,670,"ŞCOALA GIMNAZIALĂ ”IENĂCHIŢĂ VĂCĂRESCU”-STRUCTURĂ ARONDATĂ ȘCOLII GIMNAZIALE ”MĂRȚIȘOR”",U,995,57,379,3,0,0,382,13,21,44,70,43,12,23,37,75,44,2,3,2,2,1,0,3,0,1,3,1,3,3,2,2,3,3,2,4,5,5,7,9,6,0,2,4,3,5,5,3,4,3,6,0,1,3,3,3,7,8,2,2,4,2,4,2,2,3,5,2,2,6,0,3,3,3,1,4,0,0,3,1,0,0,0,0,1,0,1,0,1,2,0,0,0,0,0,0,0,0,0,0,0,0,0,0,0,0,0,0,0,0,0,0,0,0,0,0,0,0,0,0,0,6,1,1,1,1,2,2,3,0,1,3,1,4,4,2,3,2,4,3,6,7,4,2,2,4,3,2,6,4,1,6,4,5,1,4,2,8,4,2,6,1,6,1,2,6,4,1,1,5,4,5,1,7,2,2,4,1,2,0,1,0,2,2,0,0,0,3,0,0,0,1,0,0,0,0,0,0,0,0,0,0,0,0,0,0,0,0,0,0,0,0,0,0,0,0,0,0,0,0,0,0,0
B,"BUCUREŞTI SECTORUL 4","BUCUREŞTI SECTORUL 4",179178,671,"ŞCOALA GIMNAZIALĂ ”IENĂCHIŢĂ VĂCĂRESCU”-STRUCTURĂ ARONDATĂ ȘCOLII GIMNAZIALE ”MĂRȚIȘOR”",U,1560,27,650,10,0,0,660,17,32,91,119,54,14,48,95,125,65,4,2,2,1,2,3,3,1,4,4,0,1,3,5,2,7,5,10,10,6,15,11,6,10,9,3,11,9,13,5,9,6,6,4,4,7,7,4,9,12,4,2,1,5,6,4,2,3,7,2,3,5,1,5,2,4,4,5,2,3,2,1,0,1,0,1,2,0,0,0,0,1,0,0,0,0,0,0,0,0,0,0,0,0,0,0,0,0,0,0,0,0,0,0,0,0,0,0,0,0,0,0,0,3,2,1,2,0,4,2,3,3,1,5,6,8,2,7,7,6,6,11,12,11,13,13,5,8,6,10,9,5,11,5,8,7,13,6,13,4,6,1,8,11,3,1,6,3,1,4,1,5,4,7,5,6,4,4,7,0,3,3,4,2,1,2,2,1,1,2,0,0,1,0,0,0,0,0,0,0,0,0,0,0,0,0,0,0,0,0,0,0,0,0,0,0,0,0,0,0,0,0,0,0,0,0
B,"BUCUREŞTI SECTORUL 4","BUCUREŞTI SECTORUL 4",179178,672,"ŞCOALA GIMNAZIALĂ NR. 79",U,845,47,316,8,0,0,324,3,20,26,44,48,12,11,43,59,58,1,0,0,0,2,0,0,3,1,1,1,2,2,0,2,4,4,4,2,3,2,3,2,3,1,4,2,2,4,0,0,4,3,3,1,1,4,4,2,1,5,2,2,2,2,2,0,3,7,4,1,2,4,3,2,3,1,3,2,1,1,3,1,0,0,1,3,0,0,0,1,0,0,0,1,0,0,0,0,0,0,0,0,1,0,0,0,0,0,0,0,0,0,0,0,0,0,0,0,0,0,0,0,2,3,0,3,2,2,0,1,2,0,2,1,3,0,1,1,0,4,5,3,6,6,3,9,0,4,3,3,5,3,4,4,3,2,2,2,3,4,4,3,4,2,0,4,2,2,3,5,6,3,3,3,4,5,6,2,3,4,2,2,1,4,0,0,1,0,1,0,1,0,1,0,0,0,0,0,0,0,0,1,0,0,0,0,0,0,0,0,0,0,0,0,0,0,0,0,0,0,0,0,0,0,0
B,"BUCUREŞTI SECTORUL 4","BUCUREŞTI SECTORUL 4",179178,673,"ŞCOALA GIMNAZIALĂ NR. 79",U,924,30,355,10,1,0,366,7,19,39,73,31,6,12,55,64,60,1,2,1,0,1,2,0,3,1,1,2,3,0,2,3,1,3,1,4,4,2,5,5,5,5,5,3,5,7,2,9,5,7,1,2,1,1,5,2,7,6,2,0,1,6,3,1,1,3,0,3,1,3,5,3,1,1,1,0,2,2,0,0,0,0,0,0,1,0,1,0,0,0,1,1,0,1,0,0,0,0,0,0,0,0,0,0,0,0,0,0,0,0,0,0,0,0,0,0,0,0,0,0,0,0,1,3,2,0,0,0,1,0,2,3,2,0,2,0,2,1,4,2,4,5,7,9,9,5,9,5,2,3,3,6,6,9,1,3,3,2,2,5,2,4,1,2,3,2,0,2,5,6,2,3,7,2,3,3,5,4,0,1,1,3,0,3,1,0,1,2,2,0,0,1,2,1,0,0,0,0,0,0,0,0,0,0,0,0,0,0,0,0,0,0,0,0,0,0,0,0,0,0,0,0,0
B,"BUCUREŞTI SECTORUL 4","BUCUREŞTI SECTORUL 4",179178,674,"ŞCOALA GIMNAZIALĂ NR. 79",U,1290,40,460,11,0,1,472,18,30,41,84,44,10,26,41,128,50,4,2,4,3,3,1,1,4,4,1,0,3,3,3,5,3,4,3,8,3,5,2,5,3,4,4,4,4,5,1,10,4,5,4,4,4,2,6,4,4,4,5,4,6,3,4,1,6,1,5,2,5,1,2,4,4,2,0,2,1,0,1,1,1,1,1,2,1,0,0,1,0,0,0,0,0,0,0,0,0,0,0,0,0,0,0,0,0,0,0,0,0,0,0,0,0,0,0,0,0,0,0,0,1,1,3,0,1,1,3,2,2,2,4,1,3,2,4,3,3,5,2,6,4,6,2,4,3,8,1,5,11,5,8,7,7,8,4,4,4,6,8,12,15,3,4,4,4,4,5,5,1,5,5,4,1,7,2,5,2,2,0,2,1,0,1,2,0,2,0,0,1,0,0,0,0,2,0,0,0,0,0,0,0,0,0,0,0,0,0,0,0,0,0,0,0,0,0,0,0,0,0,0,0,0,0
B,"BUCUREŞTI SECTORUL 4","BUCUREŞTI SECTORUL 4",179178,675,"COLEGIUL NAŢIONAL ION CREANGĂ",U,1372,26,516,15,0,0,531,18,28,63,100,43,16,34,71,108,50,3,2,2,2,3,1,5,2,0,1,6,2,6,3,3,0,5,9,5,8,9,4,9,2,4,9,4,6,10,6,6,6,7,5,3,2,5,7,5,6,10,2,2,3,3,2,4,5,2,7,6,1,3,1,6,2,2,1,0,1,4,1,0,0,0,0,0,1,0,0,0,0,0,0,0,0,0,0,0,0,0,0,0,0,0,0,0,0,0,0,0,0,0,0,0,0,0,0,0,0,0,0,0,4,1,3,5,0,2,1,1,5,2,4,6,2,4,1,4,5,8,9,8,8,5,5,8,13,6,1,6,6,6,12,4,2,7,1,5,3,5,11,7,6,5,5,2,6,4,5,4,3,4,4,2,7,5,2,2,1,2,3,1,1,0,2,2,3,1,1,0,0,0,0,0,0,0,0,0,0,0,0,0,0,0,0,0,0,0,0,0,0,0,0,0,0,0,0,0,0,0,0,0,0,0,0
B,"BUCUREŞTI SECTORUL 4","BUCUREŞTI SECTORUL 4",179178,676,"COLEGIUL NAŢIONAL ION CREANGĂ",U,911,11,309,13,0,0,322,5,13,28,53,43,7,20,41,61,51,1,1,2,1,0,0,0,0,1,2,1,1,1,2,1,2,2,2,2,1,4,3,4,0,3,6,3,3,2,4,9,3,2,1,2,2,1,3,2,1,7,2,1,2,3,2,1,4,1,2,3,5,3,2,2,1,1,1,3,4,1,2,2,0,1,1,0,1,0,0,0,1,1,1,0,0,0,0,0,0,0,0,0,0,0,0,0,0,0,0,0,0,0,0,0,0,0,0,0,0,0,0,0,1,0,2,0,3,0,1,0,1,1,2,2,2,3,0,4,5,8,3,4,1,6,4,3,4,1,7,6,1,3,4,6,1,5,4,4,3,1,4,2,4,4,2,0,2,2,3,2,0,4,5,5,4,5,4,2,1,4,3,3,2,1,2,0,0,0,0,0,1,1,0,1,0,0,0,1,0,0,0,0,0,0,0,0,0,0,0,0,0,0,0,0,0,0,0,0,0,0,0,0,0,0,0
B,"BUCUREŞTI SECTORUL 4","BUCUREŞTI SECTORUL 4",179178,677,"COLEGIUL TEHNIC GRIGORE CERCHEZ",U,903,22,370,13,0,0,383,11,25,41,54,50,5,22,30,74,71,5,0,0,3,2,1,0,1,2,2,1,3,4,1,3,2,6,3,5,6,5,3,3,8,2,4,2,5,1,2,7,3,1,1,0,5,2,4,4,4,3,0,2,0,0,7,3,1,4,5,7,4,1,5,5,3,3,1,5,1,1,1,0,0,1,0,0,0,1,0,0,0,1,0,0,0,0,0,0,0,0,0,0,0,0,0,0,0,0,0,0,0,0,0,0,0,0,0,0,0,0,0,0,0,0,3,0,1,1,0,0,4,1,1,1,6,0,5,2,2,2,3,4,6,2,2,2,1,4,4,7,6,3,3,6,4,2,4,1,3,3,4,5,4,5,1,2,3,2,6,3,5,6,2,9,1,9,5,3,8,3,2,1,1,2,1,2,2,0,1,1,3,0,1,0,0,0,0,0,0,0,0,0,0,0,0,0,0,0,0,0,0,0,0,0,0,0,0,0,0,0,0,0,0,0,0
B,"BUCUREŞTI SECTORUL 4","BUCUREŞTI SECTORUL 4",179178,678,"COLEGIUL TEHNIC GRIGORE CERCHEZ",U,1319,10,498,9,1,0,508,21,31,47,105,58,16,20,44,109,57,4,4,2,1,5,2,3,3,3,3,1,4,1,7,1,4,4,5,2,7,6,2,3,8,5,6,3,3,8,6,9,5,7,6,3,3,7,5,6,11,8,3,3,1,4,2,5,6,2,6,7,2,5,1,5,2,6,1,2,3,1,4,0,1,1,0,0,0,2,1,0,0,0,0,0,0,0,0,0,0,0,0,0,0,0,0,0,0,0,0,0,0,0,0,0,0,0,0,0,0,0,0,0,3,2,4,2,1,4,0,3,3,0,1,1,4,3,3,1,1,8,3,1,5,2,2,4,5,9,5,5,3,5,6,10,7,6,5,5,6,5,10,8,11,2,1,6,2,4,2,7,3,5,5,4,5,2,3,4,1,2,1,4,4,0,1,3,0,1,0,1,1,0,0,0,0,0,0,0,0,0,0,0,0,0,0,0,0,0,0,0,0,0,0,0,0,0,0,0,0,0,0,0,0,0,0
B,"BUCUREŞTI SECTORUL 4","BUCUREŞTI SECTORUL 4",179178,679,"ŞCOALA GIMNAZIALĂ NR. 97",U,1095,4,426,8,0,0,434,12,16,52,78,55,6,15,41,88,71,2,2,1,4,1,0,2,3,1,3,0,1,0,1,1,4,2,1,6,9,4,4,3,6,5,6,8,6,8,6,7,6,3,5,3,2,0,2,7,6,6,2,2,1,1,3,2,3,0,6,2,3,4,6,5,2,0,4,0,3,3,0,4,3,4,0,0,0,2,0,1,0,0,0,0,0,0,0,0,0,0,0,0,0,0,0,0,0,0,0,0,0,0,0,0,0,0,0,0,0,0,0,0,1,0,2,1,1,0,1,2,0,0,2,1,1,4,1,1,3,2,2,6,3,9,2,6,3,2,6,8,9,2,4,5,2,4,5,6,3,5,5,5,8,3,4,3,2,3,2,3,3,1,5,6,7,6,7,1,5,2,4,4,5,2,1,2,2,0,1,2,0,2,0,0,0,0,0,0,0,0,0,0,0,0,0,0,0,0,0,0,0,0,0,0,0,0,0,0,0,0,0,0,0,0,0
B,"BUCUREŞTI SECTORUL 4","BUCUREŞTI SECTORUL 4",179178,680,"ŞCOALA GIMNAZIALĂ NR. 97",U,1097,20,461,8,0,1,470,16,26,63,68,45,9,34,62,90,57,3,0,4,4,0,0,5,3,1,3,2,4,2,2,2,6,1,7,6,2,7,9,8,6,6,7,5,4,4,5,4,3,4,4,2,1,4,2,2,3,7,3,1,2,4,6,3,2,2,6,4,2,3,1,4,2,3,3,2,1,0,1,0,1,0,2,2,0,0,0,0,0,1,1,0,0,1,0,0,0,1,0,0,0,0,0,0,0,0,0,0,0,0,0,0,0,0,0,0,0,0,0,0,2,2,0,1,0,2,2,2,3,4,3,2,1,6,2,6,5,5,6,4,8,18,6,2,5,4,4,3,6,4,4,6,3,6,5,5,5,3,5,8,4,3,5,1,3,7,4,2,3,5,3,3,4,2,4,5,6,2,1,1,0,1,1,1,2,2,2,1,0,1,0,3,0,0,0,1,0,1,0,0,0,0,0,0,0,0,0,0,0,0,0,0,0,0,0,0,0,0,0,0,0,0,0
B,"BUCUREŞTI SECTORUL 4","BUCUREŞTI SECTORUL 4",179178,681,"ŞCOALA GIMNAZIALĂ NR. 97",U,1099,6,479,15,0,0,494,12,31,44,93,49,9,33,55,77,91,3,4,0,1,1,1,2,3,1,4,2,2,2,4,5,2,6,5,9,3,5,5,4,4,3,2,4,9,4,8,11,8,5,6,4,8,2,7,2,2,2,2,5,1,4,2,1,1,1,2,1,2,2,0,1,2,3,2,0,4,4,4,3,2,0,2,2,6,2,0,1,1,0,1,0,0,0,0,0,0,0,0,0,0,0,0,0,0,0,0,0,0,0,0,0,0,0,0,0,0,0,0,0,2,2,1,1,0,3,0,0,4,1,3,1,6,2,3,3,10,5,2,9,3,7,8,4,8,4,5,3,2,11,3,6,7,6,5,3,2,5,4,1,2,2,5,3,3,1,3,2,4,5,5,6,6,4,7,4,7,5,9,6,1,3,3,1,2,1,3,4,2,0,0,1,0,0,0,0,0,0,0,0,0,0,0,0,0,0,0,0,0,0,0,0,0,0,0,0,0,0,0,0,0,0,0
B,"BUCUREŞTI SECTORUL 4","BUCUREŞTI SECTORUL 4",179178,682,"ŞCOALA GIMNAZIALĂ NR. 97",U,1003,27,400,9,0,0,409,3,13,46,54,47,9,23,48,86,80,1,1,0,0,0,1,0,1,0,1,0,2,2,0,2,3,2,3,3,4,7,3,2,5,5,6,8,9,5,3,6,4,3,3,4,2,2,3,2,3,0,1,0,3,1,0,0,0,3,5,2,1,3,2,5,3,1,3,4,2,4,0,2,0,1,2,0,1,0,2,0,0,1,0,0,0,0,0,0,0,0,0,0,0,0,0,0,0,0,0,0,0,0,0,0,0,0,0,0,0,0,0,0,2,2,1,2,1,0,1,2,2,1,2,1,1,2,3,4,5,1,7,8,5,6,7,3,5,2,4,6,4,6,4,7,6,4,4,5,3,5,7,3,4,2,2,2,3,5,4,4,0,5,5,6,3,7,5,2,6,6,7,4,4,3,3,2,4,2,0,0,0,1,0,0,1,0,0,0,0,0,0,0,0,0,0,0,0,0,0,0,0,0,0,0,0,0,0,0,0,0,0,0,0,0,0
B,"BUCUREŞTI SECTORUL 4","BUCUREŞTI SECTORUL 4",179178,683,"ŞCOALA GIMNAZIALĂ NR. 97",U,1328,13,554,9,0,0,563,21,23,75,84,60,16,24,66,103,91,6,4,0,1,6,3,1,2,1,0,2,2,3,4,2,4,3,3,14,5,8,11,9,9,5,6,5,4,5,6,6,9,4,7,3,4,8,2,9,1,6,1,1,1,2,2,3,1,2,1,2,2,1,3,3,6,2,7,4,6,3,0,1,2,2,3,5,1,1,0,0,1,0,0,0,0,1,0,0,0,0,0,0,0,0,0,0,0,0,0,0,0,0,0,0,0,0,0,0,0,0,0,0,6,2,2,2,2,1,1,0,1,3,3,1,2,3,5,0,6,5,6,6,8,10,6,9,3,8,5,7,9,9,6,13,4,6,1,4,3,9,4,9,4,3,1,3,3,1,4,3,2,2,6,0,7,8,9,5,7,5,3,6,5,8,2,0,3,1,3,3,2,0,1,0,0,0,0,0,0,0,0,0,0,0,0,0,0,0,0,0,0,0,0,0,0,0,0,0,0,0,0,0,0,0,0
B,"BUCUREŞTI SECTORUL 4","BUCUREŞTI SECTORUL 4",179178,684,"ŞCOALA GIMNAZIALĂ NR. 97",U,1138,5,479,14,0,0,493,5,17,49,66,72,8,31,50,80,115,1,0,0,0,2,0,2,0,1,0,5,2,3,1,1,1,3,3,9,6,6,5,3,3,3,6,5,3,12,4,6,4,3,7,4,1,2,2,4,2,3,2,2,2,0,1,2,1,1,5,2,4,5,6,5,6,6,5,4,2,5,4,1,3,2,0,1,1,0,1,0,0,0,1,0,1,0,0,0,0,0,0,0,0,0,0,0,0,0,0,0,0,0,0,0,0,0,0,0,0,0,0,0,1,1,2,0,1,2,1,3,1,3,2,4,2,3,1,6,6,4,4,2,6,6,6,5,6,4,7,2,5,4,7,4,6,4,5,5,6,3,4,9,5,0,3,0,1,4,3,2,7,6,10,10,3,9,10,5,9,14,7,2,4,3,4,2,0,1,2,3,1,0,0,1,0,0,0,0,0,0,0,0,0,0,0,0,0,0,0,0,0,0,0,0,0,0,0,0,0,0,0,0,0,0,0
B,"BUCUREŞTI SECTORUL 4","BUCUREŞTI SECTORUL 4",179178,685,"ŞCOALA GIMNAZIALĂ NR. 97",U,1244,13,523,11,0,0,534,10,21,61,79,73,11,18,65,83,113,2,2,1,1,1,0,3,2,1,1,1,3,0,2,3,3,5,1,6,10,3,5,8,8,6,4,10,9,6,10,9,5,4,2,2,3,2,2,4,3,4,5,2,3,1,1,2,1,1,4,1,1,2,6,6,13,8,3,0,5,5,2,3,1,2,2,4,1,0,0,1,1,0,0,0,0,0,0,0,0,0,0,0,0,0,0,0,0,0,0,0,0,0,0,0,0,0,0,0,0,0,0,0,3,3,1,2,0,2,0,1,2,2,0,0,1,1,5,1,5,3,3,11,4,7,5,7,8,10,7,4,7,10,6,3,4,2,6,3,3,3,1,8,1,4,6,4,3,1,4,6,2,6,5,12,11,9,8,9,6,5,5,8,5,4,1,3,2,1,0,2,2,1,0,0,0,0,0,0,0,0,0,0,0,0,0,0,0,0,0,0,0,0,0,0,0,0,0,0,0,0,0,0,0,0,0
B,"BUCUREŞTI SECTORUL 4","BUCUREŞTI SECTORUL 4",179178,686,"ŞCOALA GIMNAZIALĂ NR. 97",U,1176,314,550,15,0,0,565,10,25,82,63,91,13,16,73,95,97,3,1,1,1,2,1,1,2,2,1,0,2,5,5,2,1,5,4,11,4,8,8,7,7,10,6,17,7,5,3,0,4,4,4,2,0,2,2,4,9,4,1,1,2,2,3,4,6,5,8,11,10,9,6,4,3,4,5,3,2,2,2,4,1,2,1,0,2,0,1,0,0,0,0,0,0,0,0,0,0,0,0,0,0,0,0,0,0,0,0,0,0,0,0,0,0,0,0,0,0,0,0,0,4,3,2,0,1,2,1,1,0,2,2,1,0,3,1,4,2,5,6,6,10,9,7,9,10,5,6,7,5,4,5,5,4,5,4,4,2,4,6,3,4,1,6,6,5,5,10,5,12,14,10,11,6,6,4,3,3,8,1,3,5,0,0,2,1,1,0,1,0,0,0,1,0,0,0,0,0,0,0,0,0,0,0,0,0,0,0,0,0,0,0,0,0,0,0,0,0,0,0,0,0,0,0
B,"BUCUREŞTI SECTORUL 4","BUCUREŞTI SECTORUL 4",179178,687,"ŞCOALA GIMNAZIALĂ NR. 97",U,1135,8,542,14,0,0,556,10,25,66,76,73,9,22,78,91,106,3,2,1,1,0,0,3,5,1,2,2,1,2,3,2,2,5,9,2,6,7,5,9,10,8,6,4,6,4,5,8,5,5,4,2,2,3,5,2,1,4,3,3,3,4,2,5,1,5,11,7,7,1,6,5,2,2,3,5,2,5,0,1,3,3,2,0,0,0,0,0,1,0,0,1,0,0,0,0,0,0,0,0,0,0,0,0,0,0,0,0,0,0,0,0,0,0,0,0,0,0,0,0,1,1,2,0,2,1,2,1,0,1,4,2,4,2,1,0,7,6,6,8,6,18,4,8,6,6,10,11,3,6,11,7,4,6,3,4,2,1,5,4,5,3,2,5,2,4,3,9,7,20,10,15,6,5,6,6,3,2,2,3,4,2,1,1,1,0,1,0,1,1,0,0,0,0,0,0,0,0,0,0,0,0,0,0,0,0,0,0,0,0,0,0,0,0,0,0,0,0,0,0,0,0,0
B,"BUCUREŞTI SECTORUL 4","BUCUREŞTI SECTORUL 4",179178,688,"ŞCOALA GIMNAZIALĂ NR. 97",U,947,24,470,9,0,1,480,16,23,45,77,47,8,26,52,110,76,5,4,1,1,1,2,2,1,1,5,2,1,3,1,4,4,1,4,3,6,4,4,4,8,8,2,2,5,5,6,4,7,4,9,3,5,6,4,2,3,3,0,3,0,0,2,6,2,2,5,3,6,4,5,4,1,0,2,5,2,0,1,1,2,1,0,0,0,1,0,0,0,0,0,0,0,0,0,0,0,0,0,0,0,0,0,0,0,0,0,0,0,0,0,0,0,0,0,0,0,0,0,0,2,0,1,2,1,0,2,1,4,1,3,3,2,2,4,5,1,5,4,8,9,5,7,5,4,1,4,5,8,6,6,9,8,4,2,6,3,7,6,2,5,3,1,6,1,9,13,8,9,4,7,5,8,4,6,3,4,3,4,0,3,1,0,1,1,0,1,2,1,1,0,0,0,0,0,0,0,0,0,0,0,0,0,0,0,0,0,0,0,0,0,0,0,0,0,0,0,0,0,0,0,0,0
B,"BUCUREŞTI SECTORUL 4","BUCUREŞTI SECTORUL 4",179178,689,"ȘCOALA GIMNAZIALĂ NR. 97",U,1077,11,459,13,0,1,473,9,17,48,77,56,10,28,57,88,83,1,0,0,1,0,4,3,0,3,3,1,3,1,1,0,3,2,3,5,7,6,4,12,5,0,3,3,14,4,4,4,2,6,1,3,6,3,3,4,3,6,1,1,4,2,3,3,5,2,8,1,7,9,7,4,2,2,0,3,0,2,1,0,0,0,1,2,0,0,0,0,0,0,0,0,0,0,0,0,0,0,0,0,0,0,0,0,0,0,0,0,0,0,0,0,0,0,0,0,0,0,0,0,0,1,2,1,2,3,1,0,2,2,1,4,2,4,4,2,7,3,4,6,5,10,3,8,4,2,12,9,3,5,6,2,1,6,3,3,5,3,3,9,3,2,5,6,6,5,3,10,11,5,9,5,6,4,4,4,1,5,2,3,3,2,2,0,1,1,1,1,0,0,0,0,0,2,1,0,0,0,0,0,0,0,0,0,0,0,0,0,0,0,0,0,0,0,0,0,0,0,0,0,0,0,0
B,"BUCUREŞTI SECTORUL 4","BUCUREŞTI SECTORUL 4",179178,690,"ȘCOALA GIMNAZIALĂ NR. 97",U,1407,44,564,10,1,0,575,12,23,80,91,59,17,22,77,114,80,1,3,2,1,2,1,2,4,3,1,1,2,3,1,4,4,0,5,6,9,8,8,9,11,6,8,10,11,7,3,8,9,1,3,8,3,5,2,3,5,6,2,1,2,4,6,2,4,6,8,7,6,5,4,4,2,2,0,4,2,2,0,0,0,0,0,1,0,1,1,0,0,0,0,0,0,0,0,0,0,0,0,0,0,0,0,0,0,0,0,0,0,0,0,0,0,0,0,0,0,0,0,0,4,3,2,2,0,4,2,1,2,0,1,0,4,0,5,6,3,5,4,7,7,10,8,12,6,10,8,7,11,2,10,7,10,7,8,2,4,5,3,6,3,4,5,3,5,4,8,9,5,8,9,10,6,6,3,3,4,7,3,2,4,0,1,0,0,0,0,0,0,0,0,0,0,0,0,0,0,0,0,0,0,0,0,0,0,0,0,0,0,0,0,0,0,0,0,0,0,0,0,0,0,0,0
B,"BUCUREŞTI SECTORUL 4","BUCUREŞTI SECTORUL 4",179178,691,"ȘCOALA GIMNAZIALĂ NR. 97",U,967,7,405,13,0,0,418,10,20,63,51,57,4,14,60,70,69,2,2,2,0,2,1,1,2,4,1,0,3,1,2,3,1,3,5,3,6,7,10,10,8,6,5,3,5,4,3,5,6,6,1,2,0,3,1,1,1,3,0,2,1,4,2,1,4,5,2,8,12,2,3,2,2,1,2,1,1,3,2,1,1,0,0,0,2,1,0,1,0,0,0,0,0,0,1,0,0,0,0,0,0,0,0,0,0,0,0,0,0,0,0,0,0,0,0,0,0,0,0,0,0,1,1,0,0,2,0,0,3,1,2,0,1,3,2,1,1,7,7,7,2,5,12,5,6,3,6,11,4,6,2,3,1,4,1,3,2,1,3,1,2,5,3,3,7,6,2,11,3,3,10,1,11,2,3,4,5,2,1,4,2,0,4,0,1,1,0,0,0,0,0,0,1,0,0,0,0,0,0,0,0,0,0,0,0,0,0,0,0,0,0,0,0,0,0,0,0,0,0,0,0,0,0
B,"BUCUREŞTI SECTORUL 4","BUCUREŞTI SECTORUL 4",179178,692,"ȘCOALA GIMNAZIALĂ NR. 97",U,892,11,385,12,0,0,397,10,16,35,65,57,7,13,49,63,82,3,1,0,0,1,3,2,1,3,0,2,1,1,1,2,2,3,4,2,2,2,2,5,5,6,3,4,7,3,7,11,4,7,2,0,4,2,2,2,3,2,0,0,0,3,5,1,4,0,4,5,1,1,7,5,8,8,1,2,2,3,1,0,2,2,1,0,0,0,0,0,0,0,0,0,0,0,0,0,0,0,0,0,0,0,0,0,0,0,0,0,0,0,0,0,0,0,0,0,0,0,0,0,3,1,1,0,1,0,1,0,1,1,1,0,3,3,2,1,1,2,5,4,6,2,4,7,7,3,9,2,3,6,6,6,4,1,2,5,2,3,1,5,3,1,2,3,5,2,1,3,5,12,6,10,12,9,3,5,5,0,4,2,1,0,1,0,0,1,2,1,0,0,0,0,0,0,0,0,0,0,0,0,0,0,0,0,0,0,0,0,0,0,0,0,0,0,0,0,0,0,0,0,0,0,0
B,"BUCUREŞTI SECTORUL 4","BUCUREŞTI SECTORUL 4",179178,693,"ȘCOALA GIMNAZIALĂ NR. 190",U,1572,35,694,11,1,0,706,24,31,92,97,77,19,27,100,115,124,6,5,2,3,2,4,2,2,4,0,7,2,4,2,4,3,3,2,4,11,5,13,10,10,15,14,8,8,14,8,5,10,9,3,4,6,7,3,3,1,7,2,0,0,2,2,3,5,1,3,5,8,7,11,7,5,4,6,5,1,0,2,4,0,0,0,1,1,1,0,0,0,0,0,0,0,0,0,0,0,0,0,0,0,0,0,0,0,0,0,0,0,0,0,0,0,0,0,0,0,0,0,0,2,3,3,6,1,2,2,0,4,2,5,5,1,3,0,2,5,7,7,5,11,12,13,13,8,11,13,12,8,12,11,7,6,4,6,5,9,4,9,2,7,2,2,0,0,4,5,7,12,6,12,11,17,5,8,11,8,4,2,4,5,1,2,1,1,1,0,1,1,2,0,1,0,0,1,0,0,0,0,0,0,0,0,0,0,0,0,0,0,0,0,0,0,0,0,0,0,0,0,0,0,0,0
B,"BUCUREŞTI SECTORUL 4","BUCUREŞTI SECTORUL 4",179178,694,"ȘCOALA GIMNAZIALĂ NR. 190",U,1217,8,487,13,0,0,500,7,17,61,65,68,7,29,68,74,104,0,2,1,1,1,1,1,1,1,0,2,1,4,2,3,2,1,4,9,6,5,5,5,10,6,6,5,3,11,4,5,4,6,5,3,2,3,3,3,2,1,2,2,0,1,3,2,1,6,2,2,8,11,6,6,6,4,5,0,2,1,1,2,3,0,0,2,0,0,0,0,0,0,0,0,0,0,0,0,0,0,0,0,0,0,0,0,0,0,0,0,0,0,0,0,0,0,0,0,0,0,0,0,1,3,2,0,0,1,0,3,4,1,2,7,0,3,2,2,5,5,10,5,9,15,9,2,6,4,3,5,7,4,4,4,5,6,6,2,0,2,3,4,6,2,1,4,2,3,4,3,8,8,9,12,11,12,10,5,4,4,2,2,2,3,1,2,1,2,0,2,0,0,0,0,0,0,0,1,0,0,0,0,0,0,0,0,0,0,0,0,0,0,0,0,0,0,0,0,0,0,0,0,0,0,0
B,"BUCUREŞTI SECTORUL 4","BUCUREŞTI SECTORUL 4",179178,695,"ȘCOALA GIMNAZIALĂ NR. 190",U,1042,4,450,5,0,0,455,11,13,44,67,70,10,18,55,90,77,3,0,4,1,1,2,0,1,1,0,0,2,2,1,1,2,3,2,4,5,6,8,3,9,3,1,3,7,8,2,4,5,3,3,0,5,3,3,2,4,8,1,2,1,2,0,4,3,0,2,2,5,9,7,9,9,4,4,3,1,1,1,3,0,0,1,0,2,3,1,0,0,0,0,0,0,0,0,0,0,0,0,0,0,0,0,0,0,0,0,0,0,0,0,0,0,0,0,0,0,0,0,0,1,3,2,0,1,1,2,1,0,2,3,0,2,6,0,3,1,6,5,4,9,7,7,4,9,3,1,5,5,4,3,10,4,8,6,2,1,4,5,8,9,3,1,0,5,5,2,4,3,2,9,7,10,7,9,4,4,3,2,2,1,3,1,1,1,2,1,0,0,0,0,1,0,0,0,0,0,0,0,0,0,0,0,0,0,0,0,0,0,0,0,0,0,0,0,0,0,0,0,0,0,0,0
B,"BUCUREŞTI SECTORUL 4","BUCUREŞTI SECTORUL 4",179178,696,"ȘCOALA GIMNAZIALĂ NR. 190",U,1595,10,779,8,0,0,787,24,43,97,126,77,20,51,101,153,95,5,5,5,4,1,2,2,3,1,3,4,8,9,4,4,4,3,8,5,7,10,20,19,9,3,7,9,14,10,12,3,7,4,5,8,4,5,3,9,3,7,4,3,3,6,7,9,8,4,9,10,5,3,7,3,5,1,9,6,1,0,1,0,2,0,0,1,0,0,0,1,0,0,1,0,0,0,0,0,0,0,0,0,0,0,0,0,0,0,0,0,0,0,0,0,0,0,0,0,0,0,0,0,4,2,2,1,3,5,3,5,1,1,4,6,7,6,8,6,7,9,9,11,13,6,15,11,12,6,9,10,4,9,12,7,6,8,2,7,8,8,6,5,14,7,7,5,5,13,10,12,13,8,6,10,10,9,5,4,3,3,6,1,3,1,1,0,0,0,0,0,0,0,0,0,0,0,0,0,0,0,0,0,0,0,0,0,0,0,0,0,0,0,0,0,0,0,0,0,0,0,0,0,0,0,0
B,"BUCUREŞTI SECTORUL 4","BUCUREŞTI SECTORUL 4",179178,697,"ȘCOALA GIMNAZIALĂ NR. 190",U,1433,9,613,11,0,0,624,16,31,78,103,79,14,25,65,125,88,4,2,2,2,3,1,2,3,3,0,2,4,4,6,6,1,2,7,5,8,9,9,12,12,4,7,5,4,10,8,11,7,6,4,1,2,4,4,3,8,12,1,5,2,1,2,8,4,5,6,8,6,8,3,3,5,5,2,4,6,0,5,2,1,0,1,1,0,2,0,1,0,1,0,0,0,0,0,0,0,0,0,0,0,0,0,0,0,0,0,0,0,0,0,0,0,0,0,0,0,0,0,0,2,2,3,2,3,1,1,0,1,3,1,3,2,5,3,2,5,5,2,9,2,9,15,11,5,5,2,12,8,7,1,4,3,7,6,5,4,8,5,7,11,1,5,6,6,8,11,13,6,8,9,5,8,2,10,4,3,2,4,1,2,0,3,0,2,2,0,0,2,1,0,1,0,0,0,0,0,0,0,0,0,0,0,0,0,0,0,0,0,0,0,0,0,0,0,0,0,0,0,0,0,0,0
B,"BUCUREŞTI SECTORUL 4","BUCUREŞTI SECTORUL 4",179178,698,"ŞCOALA GIMNAZIALĂ NR. 190",U,1526,7,563,15,0,0,578,16,20,60,103,64,14,27,60,122,92,3,2,5,3,0,2,1,3,3,1,2,3,1,5,1,0,1,6,7,4,3,7,5,9,6,6,7,4,4,9,7,6,2,7,3,6,7,2,7,9,11,1,4,7,2,2,3,4,8,6,7,4,7,3,5,3,3,2,2,1,2,3,1,1,0,1,0,0,0,0,1,0,0,0,0,0,0,0,0,0,0,0,0,0,0,0,0,0,0,0,0,0,0,0,0,0,0,0,0,0,0,0,0,2,3,2,2,1,1,3,1,2,2,4,1,2,4,2,5,4,1,5,2,7,12,8,4,8,3,10,5,7,5,9,4,7,8,6,3,9,9,6,12,8,3,4,7,2,5,3,8,8,7,6,6,4,10,8,2,9,5,1,4,3,0,0,3,0,2,0,0,0,1,2,1,1,0,1,0,0,0,0,0,0,0,0,0,0,0,0,0,0,0,0,0,0,0,0,0,0,0,0,0,0,0,0
B,"BUCUREŞTI SECTORUL 4","BUCUREŞTI SECTORUL 4",179178,699,"ŞCOALA GIMNAZIALĂ NR. 190",U,1190,1,427,7,0,1,435,10,20,41,79,44,14,18,47,91,71,3,2,2,1,1,1,0,2,1,1,2,1,1,3,3,2,4,1,5,4,7,6,5,2,6,1,4,6,5,6,7,5,4,9,4,3,2,3,1,5,7,0,0,4,2,3,3,3,4,3,3,1,5,4,4,1,3,2,3,0,1,1,1,4,0,1,0,0,0,0,0,0,0,0,0,0,0,0,0,0,0,0,0,0,0,0,0,0,0,0,0,0,0,0,0,0,0,0,0,0,0,0,0,1,1,5,2,2,2,1,0,1,3,3,0,2,4,1,1,3,3,2,7,7,5,6,2,4,4,7,7,3,5,5,7,8,5,4,2,4,4,4,5,6,2,2,4,7,3,4,4,4,10,4,6,5,8,8,3,4,4,3,1,2,0,0,0,0,1,1,0,1,2,0,0,0,0,0,0,0,0,0,0,0,0,0,0,0,0,0,0,0,0,0,0,0,0,0,0,0,0,0,0,0,0,0
B,"BUCUREŞTI SECTORUL 4","BUCUREŞTI SECTORUL 4",179178,700,"ŞCOALA GIMNAZIALĂ NR. 190",U,1175,7,493,10,0,0,503,12,24,54,100,50,18,24,63,108,50,1,3,2,1,3,0,2,0,1,3,3,2,1,2,2,6,4,2,4,1,2,13,4,8,6,6,8,13,6,5,11,5,7,2,4,3,3,4,4,5,4,5,1,5,3,5,5,3,4,7,4,6,5,1,0,2,3,2,0,4,1,0,2,1,1,0,0,1,0,1,1,0,0,0,0,0,0,0,1,0,0,0,0,0,0,0,0,0,0,0,0,0,0,0,0,0,0,0,0,0,0,0,0,2,5,2,2,2,4,1,0,2,1,1,2,2,6,4,2,4,7,3,5,8,10,5,5,8,5,7,8,8,9,5,4,7,4,6,4,2,6,7,10,3,3,3,3,4,5,7,1,1,8,5,7,7,4,2,0,0,2,0,1,3,3,3,1,1,0,0,0,0,0,1,0,0,0,0,0,0,0,0,0,0,0,0,0,0,0,0,0,0,0,0,0,0,0,0,0,0,0,0,0,0,0,0
B,"BUCUREŞTI SECTORUL 4","BUCUREŞTI SECTORUL 4",179178,701,"ŞCOALA GIMNAZIALĂ NR. 190",U,1267,5,483,13,0,0,496,17,29,41,98,37,7,26,38,112,91,4,2,2,2,5,2,0,2,1,3,1,4,3,5,1,7,2,6,6,1,5,5,2,8,4,1,3,5,9,1,9,5,6,9,4,2,8,2,6,6,2,6,3,6,0,3,6,5,2,3,5,2,5,2,0,1,0,1,2,0,4,0,2,2,0,0,0,0,0,0,0,0,1,0,0,0,0,0,0,0,0,0,0,0,0,0,0,0,0,0,0,0,0,0,0,0,0,0,0,0,0,0,0,1,0,2,0,2,1,1,3,1,3,2,4,1,7,2,2,1,4,1,6,5,1,6,5,3,3,4,7,5,6,7,4,5,3,3,3,6,4,4,10,13,7,6,3,6,5,5,8,5,4,7,3,10,5,5,2,6,6,1,8,3,3,3,4,0,1,2,1,1,1,0,1,0,0,0,0,0,1,0,0,0,0,0,0,0,0,0,0,0,0,0,0,0,0,0,0,0,0,0,0,0,0,0
B,"BUCUREŞTI SECTORUL 4","BUCUREŞTI SECTORUL 4",179178,702,"ŞCOALA GIMNAZIALĂ NR. 190",U,1172,5,435,8,0,2,445,13,20,45,74,44,15,25,49,103,57,5,2,0,2,1,2,1,0,2,3,2,1,2,2,3,3,2,4,3,4,9,3,7,3,6,4,2,4,6,3,6,3,6,6,4,2,0,3,4,2,4,0,2,8,5,2,4,2,8,3,6,3,3,3,3,1,1,1,3,1,1,3,0,0,1,0,0,0,0,1,0,0,0,0,0,0,0,0,0,0,0,0,0,0,0,0,0,0,0,0,0,0,0,0,0,0,0,0,0,0,0,0,0,3,2,2,5,0,0,3,4,1,3,2,1,2,4,1,5,2,5,7,4,4,8,3,2,2,3,11,4,5,6,5,9,6,5,1,3,4,4,4,8,14,1,3,3,5,2,11,3,1,7,2,6,5,7,3,1,5,5,0,0,1,2,0,0,0,1,1,0,2,1,1,1,0,0,0,1,0,0,1,0,0,0,0,0,0,0,0,0,0,0,0,0,0,0,0,0,0,0,0,0,0,0,0
B,"BUCUREŞTI SECTORUL 4","BUCUREŞTI SECTORUL 4",179178,703,"ŞCOALA GIMNAZIALĂ NR. 190",U,1011,5,372,9,0,0,381,7,21,42,57,43,9,22,39,77,64,1,3,0,0,2,0,1,1,2,1,1,3,4,3,4,0,2,3,2,8,2,4,4,6,2,4,7,2,1,6,6,6,6,5,5,1,2,4,1,3,2,0,0,3,1,2,1,5,3,2,5,4,3,1,4,5,3,1,1,1,1,0,1,0,0,0,1,0,0,0,0,1,0,1,0,0,0,0,0,0,0,0,0,0,0,0,0,0,0,0,0,0,0,0,0,0,0,0,0,0,0,0,0,3,1,0,3,1,0,1,0,1,3,1,3,1,4,1,2,6,3,3,2,2,5,4,8,4,5,3,2,4,3,8,5,1,6,4,4,5,4,6,5,4,2,1,3,3,4,3,3,4,7,5,3,10,7,5,6,3,5,0,0,0,1,1,0,1,0,0,0,1,1,1,0,0,0,0,0,0,0,0,0,0,0,0,0,0,0,0,0,0,0,0,0,0,0,0,0,0,0,0,0,0,0,0
B,"BUCUREŞTI SECTORUL 4","BUCUREŞTI SECTORUL 4",179178,704,"ŞCOALA GIMNAZIALĂ NR. 190",U,1157,3,442,13,0,0,455,17,16,45,86,57,6,25,46,93,64,2,2,1,2,3,2,5,5,0,1,0,4,1,0,0,2,3,4,3,4,4,9,4,7,3,6,1,5,5,5,7,7,6,5,3,5,6,4,2,5,5,2,0,3,5,5,1,2,3,5,9,5,4,6,3,4,6,1,1,2,2,0,0,2,0,1,0,0,1,0,0,0,0,0,0,0,0,0,0,0,0,0,0,0,0,0,0,0,0,0,0,0,0,0,0,0,0,0,0,0,0,0,0,1,2,1,1,1,0,0,2,1,2,1,4,1,2,3,6,3,1,4,7,4,9,4,2,3,5,7,4,3,8,5,6,9,3,3,3,5,5,4,3,6,2,5,3,5,9,2,3,6,4,4,5,11,6,6,3,4,4,2,1,1,1,0,1,0,1,0,0,1,0,0,0,0,0,0,0,0,0,0,0,0,0,0,0,0,0,0,0,0,0,0,0,0,0,0,0,0,0,0,0,0,0,0
B,"BUCUREŞTI SECTORUL 4","BUCUREŞTI SECTORUL 4",179178,705,"ŞCOALA GIMNAZIALĂ NR. 190",U,1586,28,664,10,0,0,674,14,32,91,122,56,13,25,90,156,75,3,2,3,3,0,1,2,1,5,0,1,5,4,2,5,3,6,6,5,8,5,19,13,7,13,5,10,4,9,4,8,5,11,4,5,5,4,1,7,6,11,1,3,10,9,5,10,8,8,3,1,5,2,6,5,7,2,2,3,1,0,1,0,0,0,1,0,0,0,0,0,0,1,0,0,0,0,0,0,0,0,0,0,0,0,0,0,0,0,0,0,0,0,0,0,0,0,0,0,0,0,0,0,5,0,3,2,0,2,1,2,3,0,7,3,0,2,2,4,2,5,5,9,14,11,6,14,8,8,10,7,8,6,6,5,5,12,11,4,5,12,7,10,11,3,12,7,13,8,4,4,6,3,11,7,7,5,6,6,7,2,6,0,0,2,0,0,1,0,0,2,0,0,0,0,0,0,0,0,0,0,0,0,0,0,0,0,0,0,0,0,0,0,0,0,0,0,0,0,0,0,0,0,0,0,0
B,"BUCUREŞTI SECTORUL 4","BUCUREŞTI SECTORUL 4",179178,706,"ŞCOALA GIMNAZIALĂ NR. 190",U,1655,8,713,10,0,1,724,10,29,121,118,69,11,28,109,141,88,2,1,1,0,1,2,3,0,6,6,4,2,2,2,2,3,2,14,13,11,7,12,18,10,7,15,14,7,7,6,5,9,5,5,4,6,8,8,7,4,11,3,6,5,9,2,1,5,5,1,1,11,9,6,5,5,3,2,4,2,2,2,0,1,0,2,0,0,2,0,0,0,1,0,0,0,0,0,0,0,0,0,0,0,0,0,0,0,0,0,0,0,0,0,0,0,0,0,0,0,0,0,0,2,1,2,1,1,3,1,1,2,3,2,3,0,6,2,3,6,8,11,11,8,15,17,14,10,8,7,3,7,7,6,9,4,11,8,5,12,5,7,9,17,5,5,5,10,2,4,5,12,7,9,7,13,7,5,1,3,3,5,1,3,0,2,1,0,1,1,1,0,0,0,0,0,0,0,0,1,0,0,0,0,0,0,0,0,0,0,0,0,0,0,0,0,0,0,0,0,0,0,0,0,0,0
B,"BUCUREŞTI SECTORUL 4","BUCUREŞTI SECTORUL 4",179178,707,"ŞCOALA GIMNAZIALĂ NR. 190",U,1194,6,377,6,0,1,384,14,21,44,80,37,9,22,41,79,37,1,0,4,1,2,1,5,2,3,4,2,2,0,1,0,1,6,4,5,4,5,6,5,5,1,5,4,4,5,6,4,4,4,4,4,2,3,4,4,5,7,4,4,5,2,2,3,3,6,3,4,1,3,5,1,4,2,1,1,0,1,1,0,0,0,0,0,1,0,0,0,0,0,0,0,0,0,0,0,0,0,0,0,0,0,0,0,0,0,0,0,0,0,0,0,0,0,0,0,0,0,0,0,2,3,0,1,2,1,0,1,1,3,0,5,0,1,0,6,5,3,5,5,4,4,3,9,3,4,1,3,4,4,2,2,2,5,5,3,4,1,3,7,5,5,3,5,5,7,4,5,2,1,4,4,6,3,2,2,1,1,1,0,2,0,0,0,1,0,1,0,0,0,0,0,1,0,0,0,0,0,0,0,0,0,0,0,0,0,0,0,0,0,0,0,0,0,0,0,0,0,0,0,0,0,0
B,"BUCUREŞTI SECTORUL 4","BUCUREŞTI SECTORUL 4",179178,708,"ȘCOALA GIMNAZIALĂ NR. 190",U,1107,1,324,10,0,0,334,13,8,34,70,34,7,10,19,99,40,4,5,3,0,0,1,0,1,0,1,0,1,0,1,0,1,3,1,1,4,2,6,6,2,5,5,2,3,4,2,6,7,4,3,2,3,2,2,5,5,5,5,2,1,3,1,5,3,6,0,0,2,5,0,2,2,1,1,2,1,2,0,2,3,0,0,0,0,0,0,0,0,1,0,1,0,0,0,0,0,0,0,0,0,0,0,0,0,0,0,0,0,0,0,0,0,0,0,0,0,0,0,0,1,0,1,2,1,1,1,0,1,0,2,1,1,1,1,3,0,2,2,1,1,4,2,1,3,1,2,4,6,2,9,9,3,5,0,3,8,3,8,10,8,3,2,1,6,6,3,1,1,8,0,1,4,2,4,2,4,2,1,4,2,1,0,0,0,0,0,0,0,1,0,0,1,0,0,0,1,0,0,0,0,0,0,0,0,0,0,0,0,0,0,0,0,0,0,0,0,0,0,0,0,0,0
B,"BUCUREŞTI SECTORUL 4","BUCUREŞTI SECTORUL 4",179178,709,"ȘCOALA GIMNAZIALĂ SPECIALĂ NR.4",U,1753,32,623,10,0,0,633,12,59,78,104,32,17,75,92,127,37,2,0,0,2,2,3,3,1,2,1,4,7,9,7,10,10,8,13,6,8,15,8,5,4,5,4,10,9,6,6,10,4,7,8,3,3,5,3,7,7,9,2,1,4,3,1,6,2,6,3,2,6,2,0,1,2,1,1,1,0,0,1,0,1,0,0,0,0,1,0,0,0,0,1,1,0,0,0,0,0,0,0,0,0,0,0,0,0,0,0,0,0,0,0,0,0,0,0,0,0,0,0,0,4,2,4,5,1,0,1,2,5,7,3,8,10,13,7,13,7,19,10,10,11,7,13,7,5,4,6,6,14,5,9,3,5,7,7,5,7,5,10,11,8,4,0,4,10,4,3,2,5,0,4,2,2,3,5,1,0,1,2,3,1,0,2,0,1,0,1,1,0,0,0,0,0,0,1,0,0,0,0,0,0,0,0,0,0,0,0,0,0,0,0,0,0,0,0,0,0,0,0,0,0,0,0
B,"BUCUREŞTI SECTORUL 4","BUCUREŞTI SECTORUL 4",179178,710,"ȘCOALA GIMNAZIALĂ SPECIALĂ NR.4",U,1723,13,525,6,0,0,531,24,34,48,111,45,14,42,52,118,43,5,6,2,3,3,2,3,2,2,4,4,3,3,5,4,6,1,2,3,7,3,3,10,7,4,4,5,6,10,9,7,4,8,8,2,7,3,4,5,10,12,6,2,2,1,3,2,3,4,1,4,6,5,4,1,4,1,1,5,0,1,2,0,0,1,0,0,0,1,1,0,0,0,0,0,0,0,0,0,0,0,0,0,0,0,0,0,0,0,0,0,0,0,0,0,0,0,0,0,0,0,0,0,5,2,0,1,3,1,2,1,2,5,0,8,6,5,6,5,4,3,4,3,4,5,7,3,10,7,6,4,8,7,11,8,6,5,3,9,5,8,7,11,7,1,2,2,5,3,6,4,3,2,4,4,3,1,1,5,3,2,1,3,4,1,0,1,0,0,0,0,1,0,0,0,0,0,0,0,0,0,0,0,0,0,0,0,0,0,0,0,0,0,0,0,0,0,0,0,0,0,0,0,0,0,0
B,"BUCUREŞTI SECTORUL 4","BUCUREŞTI SECTORUL 4",179178,711,"ȘCOALA GIMNAZIALĂ SPECIALĂ NR.4",U,1533,7,479,9,0,27,515,14,40,66,91,43,9,39,85,82,46,2,3,0,3,0,2,4,0,3,2,4,9,1,3,6,5,7,5,11,9,6,11,6,5,3,2,8,6,5,9,7,2,2,4,4,6,6,5,6,5,4,3,0,4,4,4,5,3,2,5,4,8,1,1,3,1,3,2,2,2,1,1,0,0,1,0,0,1,1,0,1,0,0,0,0,0,0,0,0,0,0,0,0,0,0,0,0,0,0,0,0,0,0,0,0,0,0,0,0,0,0,0,0,1,2,1,0,0,2,3,3,5,1,2,3,6,6,7,3,3,9,16,9,11,10,9,7,7,3,4,0,11,6,4,3,5,2,6,4,3,2,5,6,6,5,7,0,1,3,3,4,3,3,3,2,3,3,0,3,3,2,2,2,2,2,2,1,0,0,0,0,1,1,0,0,1,0,1,1,0,0,0,1,0,0,0,0,0,0,0,0,0,0,0,0,0,0,0,0,0,0,0,0,0,0,0
B,"BUCUREŞTI SECTORUL 4","BUCUREŞTI SECTORUL 4",179178,712,"ȘCOALA GIMNAZIALĂ SPECIALĂ NR.4",U,1658,4,576,12,0,0,588,14,42,107,83,28,9,67,120,88,30,2,3,3,1,3,0,2,1,3,3,5,3,7,6,3,9,2,13,8,11,23,13,13,10,5,5,6,8,5,4,10,4,3,5,4,3,3,9,6,1,4,1,3,2,3,4,1,5,2,2,4,0,3,2,0,3,0,0,2,0,3,0,1,0,0,0,0,1,0,0,0,0,0,0,0,0,0,0,0,0,0,0,0,0,0,0,0,0,0,0,0,0,0,0,0,0,0,0,0,0,0,0,0,2,1,2,0,3,1,0,1,5,4,3,4,7,9,13,8,13,19,19,15,15,14,10,11,3,8,6,5,2,2,8,6,6,9,6,2,5,4,4,9,8,0,5,1,1,1,4,4,4,5,3,3,2,1,0,3,2,0,0,0,0,0,1,1,0,0,1,0,0,0,0,0,0,0,0,0,0,0,0,0,0,0,0,0,0,0,0,0,0,0,0,0,0,0,0,0,0,0,0,0,0,0,0
B,"BUCUREŞTI SECTORUL 4","BUCUREŞTI SECTORUL 4",179178,713,"LICEUL TEOLOGIC ADVENTIST ”ȘTEFAN DEMETRESCU”(FOST LICEU TEHNOLOGIC DACIA)",U,1940,6,630,6,0,0,636,6,89,139,62,16,14,118,106,67,19,2,1,2,0,0,1,0,2,4,5,2,6,11,11,14,16,18,13,10,15,13,20,22,14,14,9,9,10,8,4,3,2,4,2,5,3,3,1,1,3,3,3,1,1,3,2,0,2,4,1,0,2,2,0,0,1,2,0,1,1,0,0,0,0,0,0,0,0,0,0,0,0,0,0,0,0,0,0,0,0,0,0,0,0,0,0,0,0,0,0,0,0,0,0,0,0,0,0,0,0,0,0,0,1,2,4,1,0,4,2,4,0,2,11,11,14,15,17,25,19,15,16,17,12,10,9,6,10,5,6,3,9,6,5,3,5,2,1,3,2,4,1,5,4,2,2,2,4,2,2,2,2,2,1,3,3,2,0,1,2,0,0,0,0,1,0,0,0,0,0,0,0,0,0,0,0,0,0,0,0,0,0,0,0,0,0,0,0,0,0,0,0,0,0,0,0,0,0,0,0,0,0,0,0,0,0
B,"BUCUREŞTI SECTORUL 4","BUCUREŞTI SECTORUL 4",179178,714,"LICEUL TEOLOGIC ADVENTIST ”ȘTEFAN DEMETRESCU”(FOST LICEU TEHNOLOGIC DACIA)",U,1940,10,512,10,0,0,522,12,54,73,81,30,14,53,77,86,42,3,2,2,0,1,2,2,1,4,1,5,5,2,3,9,8,16,9,13,10,6,9,7,7,5,5,2,3,10,7,6,1,6,3,3,7,2,2,4,5,2,5,1,3,1,8,2,3,6,0,1,4,4,4,1,2,0,0,2,0,0,0,0,1,1,0,0,0,0,0,0,0,0,0,1,0,0,0,0,0,0,0,0,0,0,0,0,0,0,0,0,0,0,0,0,0,0,0,0,0,0,0,0,2,0,2,4,1,1,4,2,2,6,6,2,5,7,8,6,9,9,7,10,4,9,7,8,7,12,4,8,8,1,5,6,5,8,0,5,4,5,6,2,8,2,3,2,1,4,3,1,2,5,7,7,4,3,3,1,0,3,1,1,1,3,0,0,0,0,0,0,0,0,0,0,0,0,0,0,0,0,0,0,0,0,0,0,0,0,0,0,0,0,0,0,0,0,0,0,0,0,0,0,0,0,0
B,"BUCUREŞTI SECTORUL 4","BUCUREŞTI SECTORUL 4",179178,715,"LICEUL TEOLOGIC ADVENTIST ”ȘTEFAN DEMETRESCU”(FOST LICEU TEHNOLOGIC DACIA)",U,1826,3,413,8,0,0,421,5,32,49,82,33,10,31,52,93,34,1,0,1,0,1,2,0,3,2,4,1,2,5,3,4,3,5,6,7,8,5,3,7,5,2,3,3,3,6,3,8,5,5,6,2,3,4,4,3,1,3,9,4,1,6,4,2,5,3,1,6,3,4,2,2,1,0,0,2,2,0,0,0,0,0,0,1,1,0,0,0,0,0,0,0,0,0,0,0,0,0,0,0,0,0,0,0,0,0,0,0,0,0,0,0,0,0,0,0,0,0,0,0,1,1,2,4,2,0,0,0,2,3,4,4,4,4,2,6,2,6,7,6,4,7,4,4,3,6,5,4,1,5,9,6,7,4,3,6,4,5,8,9,7,4,0,0,5,5,1,3,8,0,3,3,3,5,3,0,0,1,0,0,1,1,0,1,0,0,2,0,0,0,0,0,0,0,0,0,0,0,0,0,0,0,0,0,0,0,0,0,0,0,0,0,0,0,0,0,0,0,0,0,0,0,0
B,"BUCUREŞTI SECTORUL 4","BUCUREŞTI SECTORUL 4",179178,716,"LICEUL TEOLOGIC ADVENTIST ”ȘTEFAN DEMETRESCU”(FOST LICEU TEHNOLOGIC DACIA)",U,1842,4,408,3,0,0,411,16,18,36,92,33,19,27,36,95,39,3,2,1,1,3,1,5,1,1,1,2,2,1,2,1,3,4,5,4,2,3,2,4,5,1,2,8,2,7,4,4,5,1,7,4,4,8,5,6,7,8,2,4,6,3,3,2,4,2,5,1,3,4,2,2,3,1,2,0,0,2,1,0,0,1,0,0,0,0,0,0,0,0,0,0,0,0,0,0,0,0,0,0,0,0,0,0,0,0,0,0,0,0,0,0,0,0,0,0,0,0,0,0,3,4,1,3,1,3,4,1,1,1,5,5,5,2,4,1,2,3,4,2,3,3,7,4,4,3,3,5,3,6,6,7,2,3,9,5,4,5,3,8,5,4,9,3,3,1,4,7,3,3,3,5,2,4,4,1,3,0,0,0,0,0,1,2,0,0,0,1,0,0,0,0,0,0,0,0,0,0,0,0,0,0,0,0,0,0,0,0,0,0,0,0,0,0,0,0,0,0,0,0,0,0,0
B,"BUCUREŞTI SECTORUL 4","BUCUREŞTI SECTORUL 4",179178,720,"GRĂDINIȚA ”PANSELUȚA”-STRUCTURĂ ARONDATĂ ȘCOLII GIMNAZIALE NR.133",U,1265,0,473,4,0,1,478,13,22,46,84,56,12,19,61,98,67,4,1,3,1,2,0,2,3,2,1,2,2,2,2,1,3,4,2,5,2,3,9,6,4,4,6,5,5,5,7,6,4,5,6,4,10,2,2,3,3,8,4,0,5,1,2,2,1,7,4,6,1,6,8,4,3,9,2,2,0,0,0,1,0,0,1,0,0,0,0,1,0,0,0,0,0,0,0,0,0,0,0,0,0,0,0,0,0,0,0,0,0,0,0,0,0,0,0,0,0,0,0,0,3,0,2,1,2,2,2,1,2,2,2,0,0,3,2,2,5,4,6,6,6,1,9,7,8,10,4,8,7,1,9,11,5,2,4,4,2,3,3,4,6,5,4,1,4,8,7,5,7,8,9,3,7,6,5,5,5,0,2,0,1,0,0,1,1,1,1,0,0,0,0,0,0,0,0,0,0,0,0,0,0,0,0,0,0,0,0,0,0,0,0,0,0,0,0,0,0,0,0,0,0,0,0
B,"BUCUREŞTI SECTORUL 4","BUCUREŞTI SECTORUL 4",179178,721,"GRĂDINIȚA ”PANSELUȚA”-STRUCTURĂ ARONDATĂ ȘCOLII GIMNAZIALE NR.133",U,1512,4,568,13,0,0,581,11,24,55,104,76,22,31,76,97,85,1,4,1,1,3,1,0,0,1,3,3,3,2,2,3,5,2,2,3,10,1,7,1,6,8,9,8,15,11,10,7,5,7,4,2,7,4,4,4,3,2,3,6,2,3,2,3,5,1,5,6,14,5,4,11,9,1,7,1,3,1,0,1,2,0,0,0,0,0,0,0,0,0,0,0,0,0,0,0,0,0,0,0,0,0,0,0,0,0,0,0,0,0,0,0,0,0,0,0,0,0,0,0,6,3,1,2,3,5,2,6,0,1,2,6,3,1,4,4,4,3,7,8,3,7,9,11,8,5,15,7,7,6,3,5,4,3,4,0,3,5,5,7,13,4,2,3,5,5,6,8,10,12,14,4,6,5,3,7,4,1,3,3,0,0,0,1,1,0,1,0,1,1,0,0,0,0,0,0,0,0,0,0,0,0,0,0,0,0,0,0,0,0,0,0,0,0,0,0,0,0,0,0,0,0,0
B,"BUCUREŞTI SECTORUL 4","BUCUREŞTI SECTORUL 4",179178,722,"GRĂDINIȚA ”PANSELUȚA”-STRUCTURĂ ARONDATĂ ȘCOLII GIMNAZIALE NR.133",U,1557,0,509,5,0,0,514,9,23,56,95,57,18,23,60,100,73,2,1,1,2,3,0,0,4,2,2,3,2,0,2,5,1,2,2,3,8,11,5,3,4,9,6,5,4,3,16,10,8,7,5,5,5,3,4,2,1,6,2,1,7,1,0,5,4,5,5,5,5,7,4,2,6,6,3,1,0,1,1,0,1,1,0,0,0,0,0,0,0,0,0,0,0,0,0,0,0,0,0,0,0,0,0,0,0,0,0,0,0,0,0,0,0,0,0,0,0,0,0,0,4,1,3,1,5,2,2,1,1,2,3,2,2,1,2,5,4,5,6,5,5,7,8,5,4,7,8,8,10,5,4,5,4,6,3,7,4,3,3,8,9,3,2,4,4,4,4,6,6,4,10,7,10,6,5,5,3,3,3,2,1,0,0,1,0,0,1,0,0,0,0,0,0,0,0,0,0,0,0,0,0,0,0,0,0,0,0,0,0,0,0,0,0,0,0,0,0,0,0,0,0,0,0
B,"BUCUREŞTI SECTORUL 4","BUCUREŞTI SECTORUL 4",179178,723,"GRĂDINIȚA ”PANSELUȚA”-STRUCTURĂ ARONDATĂ ȘCOLII GIMNAZIALE NR.133",U,1059,7,375,9,0,1,385,12,13,41,73,47,6,21,37,67,68,4,2,1,3,1,0,1,1,3,2,0,1,1,1,2,1,1,4,3,7,3,9,4,1,3,5,2,5,4,2,8,8,3,5,3,5,4,2,3,3,4,2,4,1,3,2,2,3,6,4,3,6,2,4,3,1,2,3,1,3,0,0,1,2,0,0,1,1,1,0,0,0,0,0,0,0,0,0,0,0,0,0,0,0,0,0,0,0,0,0,0,0,0,0,0,0,0,0,0,0,0,0,0,0,1,2,1,0,2,0,1,3,2,1,0,2,3,3,3,3,4,5,0,1,11,2,3,4,2,5,2,3,7,3,3,5,2,0,2,2,3,7,2,2,2,6,4,2,3,7,9,10,4,6,5,8,2,4,2,4,3,2,2,1,4,1,0,0,0,0,0,1,0,0,0,0,0,0,0,0,0,0,0,0,0,0,0,0,0,0,0,0,0,0,0,0,0,0,0,0,0,0,0,0,0,0
B,"BUCUREŞTI SECTORUL 4","BUCUREŞTI SECTORUL 4",179178,724,"ȘCOALA GIMNAZIALĂ NR. 133",U,1679,0,553,10,0,45,608,12,33,68,97,87,8,32,68,107,96,0,2,3,2,4,1,0,2,3,1,2,8,4,1,8,2,2,3,6,9,5,6,9,5,4,9,12,5,10,3,5,4,4,11,5,7,2,3,4,5,5,3,4,4,4,5,4,9,6,8,11,8,5,7,8,1,6,3,3,3,1,3,0,1,0,1,1,1,1,0,0,0,0,0,0,0,0,0,0,0,0,0,0,0,0,0,0,0,0,0,0,0,0,0,0,0,0,0,0,0,0,0,0,1,1,4,0,0,1,1,2,4,3,2,1,3,6,2,3,6,8,6,10,5,4,9,4,10,5,7,6,5,9,8,7,3,4,6,3,5,7,3,4,8,1,3,6,6,5,8,13,16,7,14,8,5,7,2,4,4,1,2,2,3,3,1,0,1,1,0,1,0,0,0,0,1,0,0,0,0,0,0,0,0,0,0,0,0,0,0,0,0,0,0,0,0,0,0,0,0,0,0,0,0,0,0
B,"BUCUREŞTI SECTORUL 4","BUCUREŞTI SECTORUL 4",179178,725,"ȘCOALA GIMNAZIALĂ NR. 133",U,1409,6,474,10,0,24,508,16,14,49,93,60,13,19,62,89,93,5,0,2,3,2,1,3,0,1,2,5,1,1,1,1,0,2,2,4,2,9,6,7,5,7,6,1,7,6,7,5,3,4,4,2,4,8,4,4,11,3,2,1,5,5,3,5,7,4,5,4,8,7,4,6,3,3,2,4,0,1,1,0,1,0,0,0,0,0,0,0,0,0,0,0,0,0,0,0,0,0,0,0,0,0,0,0,0,0,0,0,0,0,0,0,0,0,0,0,0,0,0,0,4,1,1,4,1,0,2,1,2,1,2,4,2,2,1,1,3,4,3,5,8,7,7,10,3,8,7,2,5,7,5,4,6,3,4,6,3,4,3,5,7,2,3,3,4,7,6,11,12,8,5,8,11,7,5,5,4,2,2,4,1,1,1,1,1,2,0,0,0,2,0,0,0,0,0,0,0,0,0,0,0,0,0,0,0,0,0,0,0,0,0,0,0,0,0,0,0,0,0,0,0,0,0
B,"BUCUREŞTI SECTORUL 4","BUCUREŞTI SECTORUL 4",179178,726,"ŞCOALA GIMNAZIALĂ NR. 133",U,1432,11,504,9,0,14,527,12,20,47,99,66,16,21,57,100,89,3,1,1,3,1,2,1,3,2,2,2,1,1,5,2,1,1,3,5,2,7,3,2,7,1,10,7,8,5,5,9,4,3,9,7,4,4,5,5,4,7,3,2,1,4,5,5,1,4,2,7,3,8,8,8,4,1,4,2,2,2,2,0,0,3,1,1,0,0,2,0,0,0,0,0,1,0,0,0,0,0,0,0,0,0,0,0,0,0,0,0,0,0,0,0,0,0,0,0,0,0,0,0,5,2,2,3,0,0,4,3,2,1,3,2,4,2,2,2,0,4,1,6,8,5,2,10,6,7,8,4,3,6,5,5,5,8,3,7,2,0,6,5,8,6,2,3,4,6,12,6,11,6,5,3,6,6,9,3,4,5,6,6,1,2,2,2,0,2,2,0,0,0,1,1,0,0,0,0,0,0,0,0,0,0,0,0,0,0,0,0,0,0,0,0,0,0,0,0,0,0,0,0,0,0,0
B,"BUCUREŞTI SECTORUL 4","BUCUREŞTI SECTORUL 4",179178,727,"ŞCOALA GIMNAZIALĂ NR. 133",U,1420,6,561,9,0,47,617,10,21,69,101,80,14,30,74,100,118,3,1,1,1,2,0,2,3,0,3,2,3,3,3,1,1,2,7,4,7,5,9,9,5,6,8,9,11,6,5,9,7,5,2,6,2,3,1,9,1,7,4,6,3,7,2,5,5,8,4,3,5,13,10,8,4,1,4,2,3,4,1,1,2,1,0,0,0,1,0,0,0,0,0,0,0,0,0,0,0,0,0,0,0,0,0,0,0,0,0,0,0,0,0,0,0,0,0,0,0,0,0,0,5,0,3,2,0,4,0,2,4,1,0,5,4,1,5,4,4,4,5,6,8,8,18,5,7,6,7,5,5,9,10,7,4,5,4,2,3,9,5,2,3,2,6,1,7,2,9,12,12,17,9,7,9,8,7,6,6,5,4,5,4,2,1,0,0,0,1,1,1,0,0,0,0,0,0,0,0,0,1,0,0,0,0,0,0,0,0,0,0,0,0,0,0,0,0,0,0,0,0,0,0,0,0
B,"BUCUREŞTI SECTORUL 4","BUCUREŞTI SECTORUL 4",179178,728,"ŞCOALA GIMNAZIALĂ G-RAL EREMIA GRIGORESCU",U,1740,3,604,8,0,0,612,14,33,47,112,86,14,26,55,135,90,1,4,4,1,2,1,1,2,3,2,3,2,4,2,2,5,8,3,4,5,4,9,7,4,4,3,4,10,9,6,4,9,8,2,3,5,2,2,7,15,4,3,5,4,4,7,3,5,10,6,8,10,11,4,8,7,4,2,2,3,0,1,1,1,1,1,1,0,0,0,0,0,0,0,0,0,0,0,0,0,0,0,0,0,0,0,0,0,0,0,0,0,0,0,0,0,0,0,0,0,0,0,0,1,3,1,1,3,1,4,0,1,0,3,2,5,2,4,4,5,8,8,7,6,4,6,6,1,5,4,7,11,11,5,4,4,6,4,2,6,6,6,4,11,3,11,10,4,9,11,11,7,9,12,8,7,6,7,4,9,1,2,1,2,1,1,1,0,1,0,0,0,0,0,0,0,0,0,0,0,0,0,0,0,0,0,0,0,0,0,0,0,0,0,0,0,0,0,0,0,0,0,0,0,0,0
B,"BUCUREŞTI SECTORUL 4","BUCUREŞTI SECTORUL 4",179178,729,"ŞCOALA GIMNAZIALĂ G-RAL EREMIA GRIGORESCU",U,1491,4,557,8,0,0,565,8,31,74,87,69,10,36,66,102,82,1,0,3,1,2,0,1,6,2,1,2,5,2,3,4,4,2,5,4,11,8,8,9,4,8,7,10,6,4,5,6,5,4,5,7,5,6,2,5,4,7,2,2,2,4,3,3,2,5,9,8,10,8,7,4,6,2,2,2,2,1,0,0,0,1,0,0,0,0,0,0,0,0,0,0,0,0,0,0,0,0,0,0,0,0,0,0,0,0,0,0,0,0,0,0,0,0,0,0,0,0,0,0,2,2,1,2,0,2,1,3,2,1,4,6,5,6,4,2,3,4,7,7,8,6,8,8,7,7,4,6,5,6,7,5,4,6,4,3,2,4,5,4,9,4,4,6,2,7,9,13,14,4,11,9,9,5,2,3,4,2,1,1,2,0,0,1,0,0,0,0,0,1,0,0,0,0,0,0,0,0,0,0,0,0,0,0,0,0,0,0,0,0,0,0,0,0,0,0,0,0,0,0,0,0,0
B,"BUCUREŞTI SECTORUL 4","BUCUREŞTI SECTORUL 4",179178,730,"ŞCOALA GIMNAZIALĂ G-RAL EREMIA GRIGORESCU",U,1594,6,606,7,0,0,613,21,40,59,115,66,11,32,67,121,81,7,4,1,2,1,4,2,4,3,4,3,3,4,4,5,4,6,5,4,6,5,7,6,6,6,6,8,9,11,8,8,11,8,5,2,6,6,1,7,5,7,0,3,5,7,1,5,6,4,3,8,5,5,2,7,9,2,2,4,4,2,0,1,1,0,1,0,0,0,0,0,0,0,0,0,0,0,0,0,0,0,0,0,0,0,0,0,0,0,0,0,0,0,0,0,0,0,0,0,0,0,0,0,3,0,3,0,1,3,1,2,3,3,1,4,5,1,3,5,5,6,2,8,8,9,4,5,10,8,7,9,7,1,4,5,9,5,8,7,4,2,8,6,10,1,7,3,6,9,10,5,9,14,11,10,5,7,7,3,2,4,0,1,2,0,0,0,0,0,0,0,1,0,0,0,0,0,0,0,0,0,0,0,0,0,0,0,0,0,0,0,0,0,0,0,0,0,0,0,0,0,0,0,0,0,0
B,"BUCUREŞTI SECTORUL 4","BUCUREŞTI SECTORUL 4",179178,731,"ŞCOALA GIMNAZIALĂ G-RAL EREMIA GRIGORESCU",U,2022,43,557,15,0,34,606,18,35,69,127,49,20,36,73,124,55,5,2,5,1,3,2,0,2,1,3,3,4,3,3,1,4,11,3,3,6,4,6,5,7,8,13,14,11,11,10,9,10,7,6,6,3,8,7,6,7,4,2,6,4,3,4,3,2,3,6,5,4,5,1,7,1,1,3,1,3,2,1,0,1,0,0,0,0,2,0,0,0,0,1,0,0,0,0,0,0,0,0,0,0,0,0,0,0,0,0,0,0,0,0,0,0,0,0,0,0,0,0,0,3,2,6,1,2,3,3,4,1,2,1,4,4,5,5,3,7,5,5,5,4,5,4,10,10,9,16,16,9,13,12,8,10,5,4,6,4,4,3,8,2,2,2,3,5,2,6,4,8,5,2,7,6,5,3,3,3,3,0,1,1,1,0,0,0,1,0,0,0,1,0,1,0,0,0,0,0,0,0,0,0,0,0,0,0,0,0,0,0,0,0,0,0,0,0,0,0,0,0,0,0,0,0
B,"BUCUREŞTI SECTORUL 4","BUCUREŞTI SECTORUL 4",179178,732,"ŞCOALA GIMNAZIALĂ G-RAL EREMIA GRIGORESCU",U,1887,7,628,7,0,0,635,10,39,96,98,68,11,53,84,107,69,3,1,2,0,1,2,1,2,2,5,2,3,6,5,4,4,6,8,8,13,4,8,10,14,9,12,10,5,7,6,5,5,3,4,5,5,3,7,4,6,5,1,1,4,8,6,8,10,7,7,6,12,4,5,3,2,2,6,2,0,1,1,0,0,0,0,0,0,0,0,0,0,0,0,0,0,0,0,0,0,0,0,0,0,0,0,0,0,0,0,0,0,0,0,0,0,0,0,0,0,0,0,0,1,1,3,2,1,1,2,2,2,3,2,10,6,7,10,2,9,9,11,7,14,7,5,9,4,11,7,6,8,5,2,5,3,2,2,6,0,8,7,6,6,5,4,9,6,7,10,12,5,10,10,9,5,5,1,2,1,4,2,2,0,0,0,0,0,0,0,0,0,1,0,0,0,0,0,0,0,0,0,0,0,0,0,0,0,0,0,0,0,0,0,0,0,0,0,0,0,0,0,0,0,0,0
B,"BUCUREŞTI SECTORUL 4","BUCUREŞTI SECTORUL 4",179178,733,"ŞCOALA GIMNAZIALĂ G-RAL EREMIA GRIGORESCU",U,1655,10,533,6,0,0,539,11,25,48,80,74,13,29,50,121,88,2,2,1,1,2,0,3,3,3,3,4,1,2,4,0,4,1,3,2,6,5,5,6,2,5,7,7,7,3,5,9,3,3,3,6,4,3,2,4,5,9,1,5,2,2,1,3,4,7,11,7,4,8,6,6,8,1,0,3,4,0,2,1,0,0,0,0,0,1,0,1,0,0,0,0,0,0,0,0,0,0,0,0,0,0,0,0,0,0,0,0,0,0,0,0,0,0,0,0,0,0,0,0,2,2,0,1,4,3,1,3,3,5,1,2,4,4,3,1,3,5,4,9,8,7,6,3,5,1,2,6,4,7,12,10,6,6,6,3,4,5,4,8,6,4,2,8,3,7,10,3,12,14,12,4,9,5,4,3,4,6,2,1,2,0,0,1,1,1,1,1,0,0,0,1,0,1,0,0,0,0,0,0,0,0,0,0,0,0,0,0,0,0,0,0,0,0,0,0,0,0,0,0,0,0,0
B,"BUCUREŞTI SECTORUL 4","BUCUREŞTI SECTORUL 4",179178,734,"ŞCOALA GIMNAZIALĂ G-RAL EREMIA GRIGORESCU",U,1612,10,553,7,0,1,561,15,19,66,78,85,7,16,58,105,112,2,3,3,1,1,3,2,2,1,1,0,3,0,4,1,4,3,4,3,4,8,12,10,7,6,11,1,4,4,5,5,6,3,6,2,3,2,6,3,9,5,1,0,5,3,1,5,4,4,6,11,11,12,8,3,4,4,2,5,0,2,2,0,2,3,0,0,0,1,0,0,1,0,0,0,0,0,0,0,0,0,0,0,0,0,0,0,0,0,0,0,0,0,0,0,0,0,0,0,0,0,0,0,1,0,1,3,0,2,0,2,1,1,1,0,2,3,3,1,2,4,11,5,6,6,4,5,7,5,5,7,7,5,5,6,4,5,3,6,2,7,5,8,7,0,4,5,6,4,9,7,13,8,10,10,12,12,9,3,7,4,8,3,1,2,0,1,1,0,0,0,0,0,0,0,1,0,0,0,0,0,0,0,0,0,0,0,0,0,0,0,0,0,0,0,0,0,0,0,0,0,0,0,0,0,0
B,"BUCUREŞTI SECTORUL 4","BUCUREŞTI SECTORUL 4",179178,735,"ŞCOALA GIMNAZIALĂ NR. 113",U,1367,3,436,8,0,35,479,19,15,44,92,62,15,23,40,87,82,5,4,2,2,3,0,3,2,3,0,1,1,0,0,4,3,1,3,1,7,9,3,4,5,5,3,4,4,5,4,6,9,6,9,9,3,3,3,2,6,4,3,2,5,4,2,3,3,5,2,4,8,5,5,7,2,3,3,1,3,2,1,3,2,0,0,2,1,0,0,0,0,0,0,0,0,0,0,0,0,0,0,0,0,0,0,0,0,0,0,0,0,0,0,0,0,0,0,0,0,0,0,0,4,4,4,0,2,0,1,1,1,1,2,1,1,3,5,5,3,5,4,3,1,2,5,5,5,4,6,8,4,9,8,6,4,5,6,3,4,1,6,4,4,2,1,0,3,3,6,5,3,2,7,14,11,5,8,4,4,8,1,1,2,1,2,1,1,1,0,1,0,0,0,0,0,0,0,0,0,0,0,0,0,0,0,0,0,0,0,0,0,0,0,0,0,0,0,0,0,0,0,0,0,0,0
B,"BUCUREŞTI SECTORUL 4","BUCUREŞTI SECTORUL 4",179178,736,"ŞCOALA GIMNAZIALĂ NR. 113",U,1428,3,490,8,0,30,528,15,21,56,85,70,12,23,57,79,110,3,3,1,3,3,2,0,0,3,5,0,1,4,0,2,3,3,5,5,4,5,6,5,7,3,9,7,5,10,12,11,5,1,7,5,1,4,5,2,2,5,1,1,4,1,1,2,1,5,5,2,8,10,7,4,5,8,2,3,3,2,2,1,1,0,1,0,0,0,0,0,0,0,0,0,0,0,0,0,0,0,0,0,0,0,0,0,0,0,0,0,0,0,0,0,0,0,0,0,0,0,0,0,1,6,0,2,0,1,2,0,3,2,3,1,1,3,4,3,3,2,6,5,8,5,11,3,6,6,5,6,9,4,5,1,8,6,2,0,7,6,5,1,4,5,0,1,2,3,4,11,7,12,9,7,15,7,10,9,4,2,2,1,1,0,1,4,4,1,1,0,0,0,1,0,0,0,1,0,0,0,0,0,0,0,0,0,0,0,0,0,0,0,0,0,0,0,0,0,0,0,0,0,0,0,0
B,"BUCUREŞTI SECTORUL 4","BUCUREŞTI SECTORUL 4",179178,737,"ŞCOALA GIMNAZIALĂ NR. 113",U,1442,1,444,8,0,31,483,13,21,41,89,57,15,21,55,87,84,3,1,1,2,3,3,0,2,1,1,3,2,2,1,3,3,3,3,3,3,3,2,5,6,5,6,5,7,9,7,5,8,5,6,3,7,3,3,1,4,7,1,3,3,4,2,1,2,1,2,9,7,8,6,5,4,5,4,0,1,0,1,0,0,0,0,0,1,1,0,0,0,0,0,0,0,0,0,0,0,0,0,0,0,0,0,0,0,0,0,0,0,0,0,0,0,0,0,0,0,0,0,0,7,3,0,1,3,1,0,1,0,1,3,2,1,3,1,2,7,7,6,4,2,4,3,5,11,6,7,7,11,6,6,1,0,4,6,6,4,2,3,5,8,2,4,3,4,3,2,12,5,12,15,6,10,5,4,2,1,1,4,3,1,2,1,0,0,0,0,0,0,0,0,0,0,0,0,0,0,0,0,0,0,0,0,0,0,0,0,0,0,0,0,0,0,0,0,0,0,0,0,0,0,0,0
B,"BUCUREŞTI SECTORUL 4","BUCUREŞTI SECTORUL 4",179178,738,"ŞCOALA GIMNAZIALĂ NR. 113",U,1388,3,510,8,0,14,532,11,21,51,86,75,11,24,60,85,108,5,2,1,0,0,2,1,2,3,1,0,2,2,1,4,2,4,3,1,6,3,2,10,4,6,6,10,12,7,6,9,6,3,5,3,3,1,4,4,3,7,1,3,3,5,1,0,3,2,3,10,9,7,9,6,3,6,4,2,1,2,2,2,1,0,1,0,0,0,0,2,0,0,0,0,0,0,0,0,0,0,0,0,0,0,0,0,0,0,0,0,0,0,0,0,0,0,0,0,0,0,0,0,1,2,4,1,1,0,2,2,2,1,3,1,3,1,5,3,3,1,4,9,4,5,5,10,5,7,10,8,5,4,6,4,4,8,4,3,4,2,7,5,6,0,2,2,5,2,4,7,10,10,17,12,9,7,2,11,3,3,5,4,1,2,1,1,0,1,0,0,1,0,1,0,0,0,0,0,0,0,0,0,0,0,0,0,0,0,0,0,0,0,0,0,0,0,0,0,0,0,0,0,0,0,0
B,"BUCUREŞTI SECTORUL 4","BUCUREŞTI SECTORUL 4",179178,739,"ŞCOALA GIMNAZIALĂ NR. 113",U,1603,11,649,6,1,0,656,18,23,60,114,84,14,27,71,136,109,1,2,2,2,6,2,3,1,2,0,1,3,2,4,2,3,5,4,6,4,6,6,8,8,3,10,5,5,8,10,12,5,4,6,2,5,6,11,6,4,3,0,5,5,7,7,3,6,2,5,6,8,5,6,8,6,10,5,4,2,4,2,1,0,1,0,0,0,1,0,2,0,0,0,0,0,0,0,0,0,0,0,0,0,0,0,0,0,0,0,0,0,0,0,0,0,0,0,0,0,0,0,0,3,3,3,1,3,1,0,1,1,4,2,3,4,3,0,3,6,7,6,11,4,7,6,11,11,4,4,10,6,13,11,4,11,11,7,6,6,2,10,7,12,1,3,2,4,3,7,8,5,13,8,8,9,6,12,12,4,7,7,2,0,0,2,2,1,2,0,0,1,0,0,0,0,0,0,0,0,0,0,0,0,0,0,0,0,0,0,0,0,0,0,0,0,0,0,0,0,0,0,0,0,0,0
B,"BUCUREŞTI SECTORUL 4","BUCUREŞTI SECTORUL 4",179178,740,"ŞCOALA GIMNAZIALĂ NR. 113",U,1658,1,627,8,0,0,635,12,31,63,124,74,15,22,70,119,105,3,1,1,1,1,3,2,6,2,2,2,3,0,1,1,8,6,5,5,5,10,8,8,8,6,2,6,14,7,8,9,9,6,9,4,4,3,4,6,3,7,2,2,5,6,6,10,1,3,4,6,3,5,7,6,6,10,3,1,6,1,2,2,2,2,1,0,1,0,0,0,0,0,0,1,1,0,0,0,0,0,0,0,0,0,0,0,0,0,0,0,0,0,0,0,0,0,0,0,0,0,0,0,2,1,1,2,7,1,1,2,0,2,2,0,1,5,2,6,2,2,4,7,7,7,4,12,8,9,10,5,5,6,5,10,5,5,1,4,5,4,9,6,8,1,4,5,10,13,8,6,6,13,5,9,9,6,16,13,6,5,3,3,1,1,0,2,1,0,0,0,0,0,0,0,0,0,0,0,0,0,0,0,0,0,0,0,0,0,0,0,0,0,0,0,0,0,0,0,0,0,0,0,0,0,0
B,"BUCUREŞTI SECTORUL 4","BUCUREŞTI SECTORUL 4",179178,741,"ŞCOALA GIMNAZIALĂ NR. 113",U,1599,2,598,11,0,0,609,16,27,49,112,75,23,20,68,117,102,4,1,1,3,3,2,2,2,2,1,1,4,3,3,2,5,4,2,1,8,5,6,3,7,2,10,5,7,10,7,6,6,2,11,4,8,3,10,4,10,6,3,0,5,4,2,4,3,5,4,7,13,4,2,4,6,7,4,3,6,3,0,0,0,2,0,0,0,1,0,0,0,0,0,0,1,0,0,0,0,0,0,0,0,0,0,0,0,0,0,0,0,0,0,0,0,0,0,0,0,0,0,0,3,5,5,5,2,1,2,2,1,2,4,2,1,2,1,1,4,4,7,9,5,7,8,7,7,8,6,1,8,8,6,11,10,8,3,3,5,7,7,9,13,1,3,2,2,4,6,7,7,8,4,7,11,11,6,4,8,8,5,4,3,0,2,2,0,1,1,1,1,0,0,1,0,0,0,0,0,0,0,0,0,0,0,0,0,0,0,0,0,0,0,0,0,0,0,0,0,0,0,0,0,0,0
B,"BUCUREŞTI SECTORUL 4","BUCUREŞTI SECTORUL 4",179178,742,"ŞCOALA GIMNAZIALĂ NR. 113",U,1695,4,704,6,0,0,710,13,27,82,129,89,17,36,62,121,134,2,4,3,2,0,0,2,4,2,2,3,2,0,5,2,1,6,6,6,7,8,7,5,11,10,10,12,17,10,10,11,11,5,11,6,7,5,8,8,4,2,2,1,3,4,2,2,4,2,5,7,5,15,11,7,8,5,4,5,2,1,1,2,1,1,0,0,0,2,0,1,0,0,0,0,0,0,0,0,0,0,0,0,0,0,0,0,0,0,0,0,0,0,0,0,0,0,0,0,0,0,0,0,8,0,1,3,1,0,4,3,2,4,3,1,2,6,5,8,2,3,4,7,5,7,12,8,6,5,5,14,11,9,7,9,2,7,4,2,4,4,8,12,6,2,2,3,4,7,4,7,14,9,14,13,11,20,9,5,5,7,2,5,2,2,0,2,2,0,1,1,0,0,1,0,1,0,1,0,0,0,0,0,0,0,0,0,0,0,0,0,0,0,0,0,0,0,0,0,0,0,0,0,0,0,0
B,"BUCUREŞTI SECTORUL 4","BUCUREŞTI SECTORUL 4",179178,743,"ŞCOALA GIMNAZIALĂ NR. 113",U,1874,7,644,8,0,0,652,20,37,76,124,57,15,54,77,131,61,2,4,4,6,1,1,2,5,3,3,2,4,5,3,1,4,7,7,2,13,11,10,9,9,3,7,5,10,10,6,3,8,6,7,6,8,11,5,7,10,8,2,3,2,5,4,3,4,6,6,4,4,6,2,5,2,4,3,2,2,1,1,2,1,0,1,0,0,0,0,0,0,1,0,0,0,0,0,0,0,0,0,0,0,0,0,0,0,0,0,0,0,0,0,0,0,0,0,0,0,0,0,0,3,4,3,1,2,0,2,0,2,0,5,7,7,5,5,13,10,10,10,9,7,4,10,5,8,7,7,4,7,11,12,2,6,9,6,13,5,10,5,14,5,3,6,2,7,1,3,6,4,7,2,5,5,5,5,4,4,4,3,0,3,1,2,0,0,0,0,0,0,0,0,1,0,0,0,0,0,0,0,0,0,0,0,0,0,0,0,0,0,0,0,0,0,0,0,0,0,0,0,0,0,0,0
B,"BUCUREŞTI SECTORUL 4","BUCUREŞTI SECTORUL 4",179178,744,"ŞCOALA GIMNAZIALĂ NR. 113",U,1786,16,694,9,0,0,703,17,29,68,130,96,15,32,77,148,91,4,2,4,3,1,1,2,1,2,5,1,3,4,3,2,5,3,4,6,10,3,6,8,11,8,7,5,7,13,6,6,6,6,3,4,6,6,3,5,17,6,4,7,4,6,2,13,4,9,15,9,11,10,9,8,2,5,6,2,1,2,1,2,0,0,0,0,0,0,0,0,0,0,0,0,0,0,0,0,0,0,0,0,0,0,0,0,0,0,0,0,0,0,0,0,0,0,0,0,0,0,0,0,2,2,3,1,3,4,0,4,5,4,3,1,3,5,3,3,1,13,5,9,6,6,6,10,6,8,8,5,13,6,4,8,6,3,8,4,4,7,10,14,11,5,8,9,8,2,13,7,16,5,10,13,6,6,5,3,3,3,6,0,1,1,2,1,1,1,1,0,0,0,0,0,0,0,0,0,0,0,0,0,0,0,0,0,0,0,0,0,0,0,0,0,0,0,0,0,0,0,0,0,0,0,0
B,"BUCUREŞTI SECTORUL 4","BUCUREŞTI SECTORUL 4",179178,745,"ŞCOALA GIMNAZIALĂ ”MĂRŢIŞOR”",U,1527,7,537,7,0,0,544,24,28,40,103,43,15,25,49,146,71,6,1,1,6,3,6,1,2,3,1,4,3,0,7,1,2,5,2,3,1,8,2,6,2,2,10,4,6,5,1,8,10,5,2,7,2,2,2,4,13,9,5,2,4,7,5,4,7,2,4,6,1,3,0,5,2,1,3,3,0,1,0,0,1,0,0,1,0,0,1,0,0,0,1,0,1,0,0,0,0,0,0,0,0,0,0,0,0,0,0,0,0,0,0,0,0,0,0,0,0,0,0,0,3,1,1,2,3,3,2,2,1,1,1,2,5,6,1,4,2,7,6,3,6,5,9,1,4,4,4,14,7,7,6,8,11,9,4,4,4,5,13,10,12,4,3,5,7,7,6,9,3,4,5,8,8,3,3,4,2,1,6,1,1,1,2,0,0,4,1,0,1,1,0,1,0,1,1,0,0,0,0,0,0,0,0,0,0,0,0,0,0,0,0,0,0,0,0,0,0,0,0,0,0,0,0
B,"BUCUREŞTI SECTORUL 4","BUCUREŞTI SECTORUL 4",179178,746,"ŞCOALA GIMNAZIALĂ ”MĂRŢIŞOR”",U,1849,14,774,7,0,0,781,10,48,144,112,41,12,58,151,138,67,3,3,0,0,1,1,2,4,5,2,7,3,5,3,4,8,7,16,13,14,14,21,14,17,10,11,14,12,11,13,6,8,9,3,6,4,0,6,4,8,4,1,2,3,4,5,3,1,2,6,1,3,4,4,2,3,1,0,2,1,1,0,4,1,2,1,0,0,2,0,0,0,0,0,0,0,0,0,0,0,0,0,0,0,0,0,0,0,0,0,0,0,0,0,0,0,0,0,0,0,0,0,0,3,3,0,0,1,0,5,2,3,7,5,3,5,3,10,5,15,20,18,18,15,17,23,15,9,8,8,10,12,14,10,9,8,7,9,5,5,5,11,4,6,4,3,4,6,3,3,3,8,2,6,8,2,2,2,1,2,3,6,2,2,1,1,3,3,2,1,2,2,0,1,0,0,0,1,0,0,0,0,0,1,0,0,0,0,0,0,0,0,0,0,0,0,0,0,0,0,0,0,0,0,0,0
B,"BUCUREŞTI SECTORUL 4","BUCUREŞTI SECTORUL 4",179178,747,"ŞCOALA GIMNAZIALĂ ”MĂRŢIŞOR”",U,1972,28,872,16,0,0,888,23,49,121,158,73,24,62,116,182,80,6,3,4,2,2,4,2,3,4,5,3,2,1,9,6,9,7,9,11,12,13,13,12,17,10,13,11,9,4,15,11,10,5,8,11,5,6,9,8,10,11,6,4,4,8,6,8,4,4,4,3,10,5,4,7,6,0,5,4,3,4,2,0,1,2,2,0,2,0,0,0,0,1,0,0,0,0,0,0,0,0,0,0,0,0,0,0,0,0,0,0,0,0,0,0,0,0,0,0,0,0,0,0,7,1,3,1,1,3,8,5,3,8,2,5,7,7,7,9,9,13,13,16,13,11,8,12,10,8,12,11,13,12,19,8,6,10,5,7,10,11,10,11,16,11,5,4,7,2,4,8,6,6,3,10,6,5,7,3,5,2,6,0,3,2,1,1,2,2,0,0,0,1,0,1,0,0,0,0,0,0,0,0,0,0,0,0,0,0,0,0,0,0,0,0,0,0,0,0,0,0,0,0,0,0,0
B,"BUCUREŞTI SECTORUL 4","BUCUREŞTI SECTORUL 4",179178,748,"ŞCOALA GIMNAZIALĂ ”MĂRŢIŞOR”",U,1207,5,497,9,0,0,506,13,24,63,93,58,14,18,61,95,67,2,2,3,1,1,3,1,2,1,4,3,3,0,1,3,6,1,1,2,2,7,12,10,7,2,12,8,4,7,6,8,3,4,4,9,8,4,4,3,6,5,4,4,3,2,3,2,4,8,6,6,3,13,2,3,1,3,1,1,2,2,0,0,1,0,2,0,0,0,0,0,0,0,0,0,0,0,0,0,0,0,0,0,0,0,0,0,0,0,0,0,0,0,0,0,0,0,0,0,0,0,0,0,5,1,1,3,0,1,3,0,4,2,3,2,1,1,1,2,2,3,7,6,4,9,8,9,5,5,5,13,5,4,2,1,8,6,7,2,8,4,5,4,3,3,2,4,3,4,7,6,6,4,8,2,3,7,7,5,1,4,2,2,4,2,1,0,0,2,1,0,0,0,0,0,0,0,0,0,0,0,0,0,0,0,0,0,0,0,0,0,0,0,0,0,0,0,0,0,0,0,0,0,0,0,0
B,"BUCUREŞTI SECTORUL 4","BUCUREŞTI SECTORUL 4",179178,749,"ŞCOALA GIMNAZIALĂ ”MĂRŢIŞOR”",U,1471,4,533,8,0,0,541,13,20,70,94,61,15,22,63,107,76,3,1,0,3,1,2,3,1,1,1,2,5,2,2,2,3,1,8,5,6,7,11,12,4,7,5,5,4,8,11,5,10,3,6,5,1,4,3,4,7,6,6,3,1,2,1,4,1,7,8,2,5,4,10,4,6,3,2,3,2,1,1,0,1,0,0,0,0,0,1,0,0,0,0,0,0,0,0,0,0,0,0,0,0,0,0,0,0,0,0,0,0,0,0,0,0,0,0,0,0,0,0,0,3,4,3,2,2,0,1,3,3,1,3,2,2,1,2,1,4,4,8,5,8,7,4,3,10,6,8,7,3,5,8,6,6,10,3,5,5,6,3,7,5,6,3,7,4,4,4,4,7,7,8,11,5,9,3,9,1,4,0,1,0,1,1,0,0,0,2,0,1,1,0,0,0,0,0,0,0,0,0,1,0,0,0,0,0,0,0,0,0,0,0,0,0,0,0,0,0,0,0,0,0,0,0
B,"BUCUREŞTI SECTORUL 4","BUCUREŞTI SECTORUL 4",179178,750,"ŞCOALA GIMNAZIALĂ NR. 96",U,876,2,330,11,0,0,341,11,15,28,66,50,10,18,37,58,48,3,1,0,1,1,4,1,0,0,3,3,2,1,2,3,0,1,3,1,2,2,2,3,5,1,2,7,5,4,3,1,7,8,4,0,2,2,3,3,5,10,0,0,2,1,3,3,4,2,2,7,0,3,2,1,1,4,1,2,3,3,2,1,2,1,0,0,1,1,0,4,1,0,0,1,0,1,0,0,0,0,0,0,0,0,0,0,0,0,0,0,0,0,0,0,0,0,0,0,0,0,0,0,3,3,0,0,1,2,1,0,2,2,1,1,2,4,0,2,4,4,1,4,1,3,5,6,5,5,3,3,2,3,1,2,3,5,3,2,1,3,2,6,4,1,2,6,1,3,5,0,1,6,3,4,4,3,1,1,2,3,4,4,1,1,1,1,1,1,3,0,0,1,1,0,1,0,0,0,0,0,0,0,0,0,0,0,0,0,0,0,0,0,0,0,0,0,0,0,0,0,0,0,0,0,0
B,"BUCUREŞTI SECTORUL 4","BUCUREŞTI SECTORUL 4",179178,751,"ŞCOALA GIMNAZIALĂ NR. 96",U,1061,4,414,10,0,0,424,15,27,35,92,40,11,24,35,87,58,3,1,3,1,2,2,3,1,2,2,2,3,3,0,6,2,6,4,6,2,3,3,3,2,3,5,4,5,2,9,4,2,6,4,5,5,5,5,3,8,8,6,0,7,1,3,4,1,0,4,4,5,1,3,1,2,1,4,4,2,1,1,0,0,3,1,2,0,0,0,0,0,0,0,0,0,0,0,0,0,0,0,0,0,0,0,0,0,0,0,0,0,0,0,0,0,0,0,0,0,0,0,0,3,1,1,1,1,3,1,2,4,0,4,4,1,1,4,0,4,6,3,4,1,1,4,0,3,9,4,3,4,10,5,6,3,5,7,4,5,6,5,5,8,1,3,1,2,2,2,5,3,5,5,3,2,4,5,2,1,5,1,2,4,1,1,3,1,0,0,1,0,3,0,1,0,0,0,0,0,0,0,0,0,0,0,0,0,0,0,0,0,0,0,0,0,0,0,0,0,0,0,0,0,0,0
B,"BUCUREŞTI SECTORUL 4","BUCUREŞTI SECTORUL 4",179178,752,"ŞCOALA GIMNAZIALĂ NR. 96",U,998,1,311,13,0,0,324,9,15,25,74,28,8,20,34,67,44,1,2,3,0,0,0,3,4,1,1,1,0,2,2,0,3,1,3,2,2,2,4,2,3,3,3,1,3,7,6,7,1,7,6,5,3,1,1,4,2,4,1,1,3,5,5,2,2,2,2,4,5,3,4,1,1,1,0,2,0,0,0,0,0,0,0,0,0,0,0,0,0,1,0,0,0,0,0,0,0,0,0,0,0,0,0,0,0,0,0,0,0,0,0,0,0,0,0,0,0,0,0,0,1,1,2,2,2,0,0,0,1,2,1,2,2,0,4,4,4,2,1,4,3,8,3,3,1,2,7,4,5,4,6,2,3,4,3,2,2,6,2,1,2,2,4,6,3,4,2,5,3,3,5,5,3,5,3,3,0,2,2,0,0,2,0,0,0,1,0,0,1,0,1,0,0,0,0,0,0,0,0,0,0,0,0,0,0,0,0,0,0,0,0,0,0,0,0,0,0,0,0,0,0,0,0
B,"BUCUREŞTI SECTORUL 4","BUCUREŞTI SECTORUL 4",179178,753,"ŞCOALA GIMNAZIALĂ NR. 96",U,1445,91,518,10,0,0,528,16,18,46,111,50,19,23,47,128,70,1,4,5,1,1,1,3,2,0,0,0,1,3,3,4,3,2,3,2,3,2,5,3,5,12,3,8,4,4,5,6,13,3,11,6,6,5,4,10,4,6,6,4,2,6,4,2,3,4,5,5,2,2,3,2,5,3,3,3,3,1,3,0,0,0,0,0,0,1,0,1,1,0,0,0,0,0,0,0,0,0,0,0,0,0,0,0,0,0,0,0,0,0,0,0,0,0,0,0,0,0,0,0,3,8,1,1,0,4,2,2,3,2,1,1,1,4,3,3,3,8,2,5,4,5,2,6,3,5,7,11,7,3,7,9,8,12,4,5,3,6,10,11,9,2,5,6,3,4,3,6,7,4,3,4,1,3,4,4,8,7,2,3,5,1,0,4,0,0,0,0,0,1,0,1,0,2,0,0,0,0,0,0,0,0,0,0,0,0,0,0,0,0,0,0,0,0,0,0,0,0,0,0,0,0,0
B,"BUCUREŞTI SECTORUL 4","BUCUREŞTI SECTORUL 4",179178,754,"ŞCOALA GIMNAZIALĂ NR. 96",U,1070,22,393,11,0,0,404,9,17,37,90,42,10,19,45,78,57,0,3,1,1,2,0,2,1,5,0,4,0,1,0,1,4,1,2,3,0,4,3,5,6,4,4,6,7,5,6,4,6,5,9,1,5,7,2,4,7,9,1,4,2,1,1,4,4,1,3,2,2,2,4,3,2,2,1,1,5,0,2,3,1,1,0,1,0,1,0,1,0,0,0,0,0,0,0,0,0,0,0,0,0,0,0,0,0,0,0,0,0,0,0,0,0,0,0,0,0,0,0,0,1,0,1,2,4,0,2,1,2,3,2,2,3,2,2,2,0,0,4,5,7,7,6,3,3,6,4,5,1,2,5,7,5,1,4,8,5,1,6,9,5,1,3,1,5,2,2,4,2,1,1,1,3,5,1,4,4,8,3,1,5,4,0,0,1,5,0,0,0,1,2,0,1,0,0,0,0,0,0,0,0,0,0,0,0,0,0,0,0,0,0,0,0,0,0,0,0,0,0,0,0,0,0
B,"BUCUREŞTI SECTORUL 4","BUCUREŞTI SECTORUL 4",179178,755,"COLEGIUL NAŢIONAL OCTAV ONICESCU",U,1645,4,590,13,1,0,604,21,31,58,115,63,17,35,49,128,87,1,2,3,2,4,2,7,3,4,3,3,5,2,3,3,4,1,6,5,7,4,4,6,6,6,6,8,7,9,5,7,11,9,6,2,7,4,5,5,6,4,2,5,6,4,6,5,5,6,6,4,4,5,1,5,5,3,4,5,2,2,1,0,1,1,0,2,0,1,0,0,0,0,0,0,0,0,0,0,0,0,0,0,0,0,0,0,0,0,0,0,0,0,0,0,0,0,0,0,0,0,0,0,4,3,2,3,3,1,1,4,1,4,4,3,5,3,7,1,3,5,4,1,4,5,9,6,6,4,5,9,10,6,7,5,9,4,4,1,7,6,13,4,19,4,5,5,4,4,2,4,6,7,5,12,5,12,2,3,8,3,5,0,0,2,3,2,3,2,0,1,0,1,0,0,0,0,0,0,0,1,0,0,0,0,0,0,0,0,0,0,0,0,0,0,0,0,0,0,0,0,0,0,0,0,0
B,"BUCUREŞTI SECTORUL 4","BUCUREŞTI SECTORUL 4",179178,756,"COLEGIUL NAŢIONAL OCTAV ONICESCU",U,1072,3,404,6,0,0,410,14,16,34,89,36,13,7,31,108,62,4,2,1,3,2,1,1,0,3,3,1,0,1,3,1,2,2,6,2,4,5,1,1,7,7,0,1,6,5,2,7,7,3,5,7,6,4,4,4,9,3,1,7,2,4,2,1,2,1,3,3,3,5,1,1,1,0,4,3,1,0,1,1,1,0,1,0,0,0,1,2,0,0,1,0,0,0,0,0,0,0,0,0,0,0,0,0,0,0,0,0,0,0,0,0,0,0,0,0,0,0,0,0,3,2,0,2,4,2,0,0,1,1,1,3,0,1,0,0,0,3,3,6,2,4,1,1,4,1,6,9,8,4,6,6,4,9,4,5,3,8,10,10,10,1,2,3,1,3,2,0,4,5,4,3,5,9,0,4,4,4,2,1,3,0,3,4,1,0,1,2,1,2,0,0,0,0,0,0,0,0,0,0,0,0,0,0,0,0,0,0,0,0,0,0,0,0,0,0,0,0,0,0,0,0,0
B,"BUCUREŞTI SECTORUL 4","BUCUREŞTI SECTORUL 4",179178,757,"COLEGIUL NAŢIONAL OCTAV ONICESCU",U,1367,3,480,9,0,0,489,12,15,49,91,53,13,18,49,95,94,2,0,4,1,3,1,1,1,0,1,2,2,2,0,3,1,3,5,3,8,7,3,9,5,3,2,4,6,3,3,9,5,6,7,4,5,3,2,5,8,5,6,1,3,2,5,3,3,2,1,4,5,3,6,2,3,2,2,1,4,2,0,3,2,1,3,0,1,1,1,0,0,0,1,0,0,0,0,0,0,0,0,0,0,0,0,0,0,0,0,0,0,0,0,0,0,0,0,0,0,0,0,0,1,3,3,3,2,0,1,1,0,1,3,2,1,3,5,1,1,4,7,3,9,7,4,1,5,5,4,6,9,6,4,3,8,7,3,2,6,3,6,11,9,1,1,2,3,3,2,6,5,4,2,8,7,6,4,10,5,5,5,6,2,5,3,1,3,3,1,2,1,0,0,0,0,0,0,0,0,0,0,0,0,0,0,0,0,0,0,0,0,0,0,0,0,0,0,0,0,0,0,0,0,0,0
B,"BUCUREŞTI SECTORUL 4","BUCUREŞTI SECTORUL 4",179178,758,"COLEGIUL NAŢIONAL OCTAV ONICESCU",U,1296,6,523,6,0,0,529,18,23,40,127,47,18,23,48,122,63,3,3,4,1,4,2,1,0,2,6,3,0,2,3,1,4,2,6,5,0,7,2,4,1,2,7,6,12,2,6,7,8,5,9,8,4,7,3,12,9,13,5,2,3,2,6,4,2,1,2,4,2,4,2,6,1,2,3,1,1,1,1,3,2,0,1,0,1,1,1,4,0,0,0,0,1,0,0,0,0,0,0,0,0,0,0,0,0,0,0,0,0,0,0,0,0,0,0,0,0,0,0,0,6,4,3,0,1,2,2,1,2,3,2,1,3,2,4,2,3,5,3,3,6,6,1,4,6,6,8,9,5,5,5,8,9,5,10,5,3,11,8,15,6,2,1,1,4,5,5,1,3,1,5,9,3,4,1,5,3,5,3,1,3,1,3,2,2,2,1,1,1,0,0,0,1,1,0,0,0,0,1,0,0,0,0,0,0,0,0,0,0,0,0,0,0,0,0,0,0,0,0,0,0,0,0
B,"BUCUREŞTI SECTORUL 4","BUCUREŞTI SECTORUL 4",179178,759,"ŞCOALA GIMNAZIALĂ NR. 108",U,1233,7,458,11,1,0,470,12,21,35,115,37,16,22,40,108,64,1,2,1,1,1,3,3,2,1,2,2,2,2,4,2,2,2,3,6,4,2,3,3,3,5,5,1,11,5,4,14,7,11,7,2,2,7,5,6,6,8,4,4,3,3,3,3,4,2,2,1,2,3,2,3,1,1,2,2,1,0,1,0,0,1,1,1,1,1,2,0,1,0,0,1,0,0,1,0,0,0,0,0,0,0,0,0,0,0,0,0,0,0,0,0,0,0,0,0,0,0,0,0,5,2,1,1,5,1,1,2,2,2,2,0,2,5,2,4,1,2,1,3,7,4,6,1,8,5,3,9,7,9,4,4,8,4,10,4,3,6,9,2,10,2,6,3,5,2,1,6,4,0,6,4,2,3,4,1,4,2,1,2,1,2,2,2,3,3,2,1,1,2,2,1,1,1,1,0,0,0,0,0,0,0,0,0,0,0,0,0,0,0,0,0,0,0,0,0,0,0,0,0,0,0,0
B,"BUCUREŞTI SECTORUL 4","BUCUREŞTI SECTORUL 4",179178,760,"ŞCOALA GIMNAZIALĂ NR. 108",U,1197,9,486,11,0,1,498,18,22,41,102,43,19,21,44,100,88,4,2,3,0,3,2,4,3,2,1,2,1,3,1,2,4,3,4,1,2,3,5,6,5,3,6,6,8,6,2,7,7,10,8,9,3,4,3,6,7,7,4,2,6,0,0,3,2,2,1,1,2,5,1,1,5,2,1,4,3,3,2,1,1,2,1,0,0,1,1,0,1,0,0,0,0,0,0,0,0,0,0,0,0,0,0,0,0,0,0,0,0,0,0,0,0,0,0,0,0,0,0,0,3,8,0,1,4,2,1,3,0,1,1,0,2,2,5,6,1,4,3,3,5,3,4,4,4,7,7,9,7,2,7,11,5,4,6,3,2,2,5,12,11,1,3,2,4,2,2,3,4,7,6,7,3,6,3,4,7,7,4,2,4,6,0,1,7,2,0,0,1,2,1,1,0,0,0,0,0,0,0,0,0,0,0,0,0,0,0,0,0,0,0,0,0,0,0,0,0,0,0,0,0,0,0
B,"BUCUREŞTI SECTORUL 4","BUCUREŞTI SECTORUL 4",179178,761,"ŞCOALA GIMNAZIALĂ NR. 108",U,1297,2,459,5,0,0,464,15,13,32,83,63,12,28,39,93,86,7,1,1,1,0,1,4,1,0,2,0,1,3,3,1,0,2,2,2,1,2,3,4,6,4,5,3,5,6,5,1,5,2,6,2,2,6,7,5,8,7,3,1,1,4,2,5,3,6,2,2,5,7,6,3,4,4,3,2,3,0,1,0,3,1,2,1,1,0,2,0,1,0,0,0,0,0,0,1,0,0,0,0,0,0,0,0,0,0,0,0,0,0,0,0,0,0,0,0,0,0,0,0,1,3,1,2,0,3,2,2,5,4,3,2,0,4,2,3,3,2,4,6,3,2,5,6,6,3,2,5,2,4,6,1,5,4,4,4,8,7,5,8,8,5,3,5,2,4,3,7,2,5,8,11,6,9,3,1,7,4,4,0,0,2,2,3,2,2,3,2,0,2,0,0,0,0,1,0,0,0,0,0,0,0,0,0,0,0,0,0,0,0,0,0,0,0,0,0,0,0,0,0,0,0,0
B,"BUCUREŞTI SECTORUL 4","BUCUREŞTI SECTORUL 4",179178,762,"ŞCOALA GIMNAZIALĂ NR. 108",U,1378,4,504,7,0,0,511,18,29,39,107,44,22,17,39,131,65,2,5,3,1,1,3,3,3,1,3,4,4,2,4,2,2,4,6,3,4,5,1,3,1,4,7,5,6,6,3,4,3,6,6,7,3,10,6,8,11,12,2,1,5,4,1,3,2,4,1,0,1,3,1,1,3,1,0,3,3,3,1,2,1,1,0,3,1,4,2,1,0,1,1,0,0,0,0,0,0,0,0,0,0,0,0,0,0,0,0,0,0,0,0,0,0,0,0,0,0,0,0,0,6,3,1,5,3,3,1,1,1,2,2,2,0,2,3,1,3,2,6,10,3,3,4,3,2,2,4,6,8,4,8,6,5,5,4,3,4,9,16,12,10,7,8,5,6,2,3,1,1,0,1,2,4,0,4,4,8,4,3,1,6,3,4,8,2,1,2,2,0,3,0,0,0,0,0,0,0,1,0,0,0,0,0,0,0,0,0,0,0,0,0,0,0,0,0,0,0,0,0,0,0,0,0
B,"BUCUREŞTI SECTORUL 4","BUCUREŞTI SECTORUL 4",179178,763,"ŞCOALA GIMNAZIALĂ NR. 108",U,1227,1,434,8,0,0,442,16,14,35,95,47,11,14,41,104,65,2,2,2,4,3,1,2,2,2,1,1,0,0,2,2,3,1,2,3,5,3,5,5,4,2,3,3,4,3,6,4,5,6,5,4,12,4,3,5,8,5,7,2,6,1,2,3,3,8,5,1,3,2,1,5,1,1,4,0,1,1,2,0,2,1,1,1,0,1,0,0,1,1,0,0,1,0,0,0,0,0,0,0,0,0,0,0,0,0,0,0,0,0,0,0,0,0,0,0,0,0,0,0,2,2,2,1,2,0,2,2,1,0,1,1,3,1,2,0,3,4,1,5,4,5,3,6,3,4,6,8,7,12,2,6,8,3,4,1,2,7,5,6,9,6,4,3,2,4,5,0,5,5,2,5,7,4,0,4,0,3,3,2,1,6,0,1,1,1,4,4,0,2,1,1,1,0,2,0,0,0,0,0,0,0,0,0,0,0,0,0,0,0,0,0,0,0,0,0,0,0,0,0,0,0,0
B,"BUCUREŞTI SECTORUL 4","BUCUREŞTI SECTORUL 4",179178,764,"ŞCOALA GIMNAZIALĂ AVRAM IANCU",U,1929,10,653,5,0,0,658,16,60,71,116,48,18,56,72,126,75,6,2,1,1,3,1,2,5,5,3,5,5,6,6,6,10,9,11,4,4,9,3,8,12,3,6,11,7,6,3,8,4,3,8,6,11,1,2,8,14,13,7,1,5,5,1,3,3,5,3,1,3,1,4,0,4,1,3,1,2,2,3,0,2,3,1,2,0,2,1,0,0,0,1,0,0,0,0,0,0,0,0,0,0,0,0,0,0,0,0,0,0,0,0,0,0,0,0,0,0,0,0,0,7,1,1,4,1,2,2,1,7,1,10,7,2,6,4,9,9,5,7,11,6,10,11,5,4,7,6,1,9,8,7,7,3,5,7,9,5,11,10,9,12,2,3,2,4,7,5,2,6,3,5,1,3,6,5,1,2,3,9,5,4,4,2,5,1,0,1,3,1,2,0,0,1,0,0,0,0,0,0,0,0,0,0,0,0,0,0,0,0,0,0,0,0,0,0,0,0,0,0,0,0,0,0
B,"BUCUREŞTI SECTORUL 4","BUCUREŞTI SECTORUL 4",179178,765,"ŞCOALA GIMNAZIALĂ AVRAM IANCU",U,1720,5,667,9,0,1,677,20,34,66,147,52,18,49,66,150,75,3,4,3,4,3,1,2,3,1,2,4,0,4,8,2,6,4,9,2,6,6,10,9,8,4,2,10,10,7,5,11,7,12,12,7,9,6,4,12,10,10,9,3,6,5,2,0,5,3,5,7,5,6,2,0,1,2,2,1,2,5,0,0,0,3,0,0,0,2,1,0,0,0,0,0,0,0,0,0,0,0,0,0,0,0,0,0,0,0,0,0,0,0,0,0,0,0,0,0,0,0,0,0,5,4,2,2,1,4,0,4,2,6,5,4,3,7,11,5,2,5,10,4,5,10,8,8,5,4,7,9,4,7,7,5,10,9,7,6,5,9,16,14,13,6,4,0,5,7,7,4,5,3,4,4,5,5,4,5,2,4,2,0,3,2,3,4,4,3,1,2,2,4,0,0,0,0,0,0,0,0,0,0,0,0,0,0,0,0,0,0,0,0,0,0,0,0,0,0,0,0,0,0,0,0,0
B,"BUCUREŞTI SECTORUL 4","BUCUREŞTI SECTORUL 4",179178,766,"ŞCOALA GIMNAZIALĂ AVRAM IANCU",U,2032,5,591,5,0,1,597,24,60,62,112,36,15,53,50,122,63,6,3,6,4,2,0,3,3,5,5,4,7,5,7,9,9,6,7,14,6,6,6,6,2,2,5,8,5,6,7,5,8,5,4,5,8,5,7,6,13,9,2,3,2,4,5,3,4,3,1,4,3,3,1,1,2,1,1,3,3,1,0,1,1,1,0,0,1,0,0,1,0,0,0,0,0,0,0,0,0,0,0,0,0,0,0,0,0,0,0,0,0,0,0,0,0,0,0,0,0,0,0,0,2,3,3,1,0,4,2,3,2,6,4,12,2,5,4,8,7,6,3,10,4,7,4,3,5,4,4,7,2,5,7,7,10,6,9,3,6,6,9,9,14,4,5,1,6,4,2,2,1,4,3,3,5,3,0,1,2,6,4,4,6,3,0,7,1,2,0,1,2,1,1,0,0,1,0,0,0,0,0,0,0,0,0,0,0,0,0,0,0,0,0,0,0,0,0,0,0,0,0,0,0,0,0
B,"BUCUREŞTI SECTORUL 4","BUCUREŞTI SECTORUL 4",179178,767,"ŞCOALA GIMNAZIALĂ AVRAM IANCU",U,1855,32,557,8,0,0,565,14,50,70,102,39,13,48,76,115,38,1,4,0,3,3,2,1,4,3,4,2,5,4,10,5,4,9,11,3,7,5,5,7,6,7,8,11,5,2,5,10,4,7,5,2,6,7,6,8,4,6,4,5,3,3,7,3,5,7,2,3,2,3,2,1,2,2,1,2,2,0,3,1,1,0,0,0,0,0,0,0,0,0,0,0,0,0,0,0,0,0,0,0,0,0,0,0,0,0,0,0,0,0,0,0,0,0,0,0,0,0,0,0,3,2,3,0,2,1,2,3,7,3,6,5,3,5,5,7,4,12,6,6,8,6,8,12,5,7,6,3,6,5,10,6,2,9,7,3,15,7,2,10,6,6,3,5,4,4,2,8,2,5,1,3,1,1,1,3,3,1,2,1,0,3,0,0,2,0,0,0,0,0,0,0,0,1,0,0,0,0,0,0,0,0,0,0,0,0,0,0,0,0,0,0,0,0,0,0,0,0,0,0,0,0,0
B,"BUCUREŞTI SECTORUL 4","BUCUREŞTI SECTORUL 4",179178,768,"ŞCOALA GIMNAZIALĂ AVRAM IANCU",U,1759,5,661,8,0,1,670,15,22,70,125,77,22,29,68,123,119,4,4,0,3,1,1,2,4,0,3,2,0,0,3,4,2,4,3,11,6,6,6,7,8,6,9,8,4,5,3,9,6,10,8,6,7,8,2,7,15,11,6,1,6,5,3,3,0,3,4,3,2,5,5,2,4,4,5,4,6,6,1,4,3,0,1,3,2,3,2,0,1,1,0,0,1,1,0,1,0,0,0,0,0,0,0,0,0,0,0,0,0,0,0,0,0,0,0,0,0,0,0,0,5,4,2,3,2,2,4,1,3,1,3,2,3,6,5,2,3,9,9,9,5,9,4,7,5,4,7,10,6,5,9,5,11,4,9,5,3,6,10,11,10,7,2,4,4,0,2,2,5,6,5,6,9,6,5,2,7,10,8,4,9,5,8,6,1,0,6,3,0,2,3,1,0,0,0,0,0,0,0,0,0,0,0,0,0,0,0,0,0,0,0,0,0,0,0,0,0,0,0,0,0,0,0
B,"BUCUREŞTI SECTORUL 4","BUCUREŞTI SECTORUL 4",179178,769,"GRĂDINIȚA VISTA",U,1906,26,612,8,0,0,620,14,64,106,88,25,11,88,113,89,22,3,1,3,3,1,3,0,1,6,5,3,10,8,6,9,10,6,12,16,12,12,10,5,16,9,6,8,10,4,5,10,3,7,8,7,3,3,2,1,6,1,2,3,4,3,4,2,1,1,5,2,3,2,0,4,2,2,0,0,1,1,0,0,0,1,0,0,0,0,0,0,0,0,0,0,0,0,0,0,0,0,0,0,0,0,0,0,0,0,0,0,0,0,0,0,0,0,0,0,0,0,0,0,0,3,4,0,1,1,2,1,5,5,11,8,12,21,12,8,5,9,15,15,8,11,17,11,14,5,8,8,3,4,6,7,6,12,5,1,4,5,3,4,6,1,4,2,2,2,4,2,5,2,2,0,4,1,0,1,1,0,0,2,0,1,0,0,0,0,0,0,1,0,0,0,0,0,0,0,0,0,0,0,0,0,0,0,0,0,0,0,0,0,0,0,0,0,0,0,0,0,0,0,0,0,0
B,"BUCUREŞTI SECTORUL 4","BUCUREŞTI SECTORUL 4",179178,770,"GRĂDINIȚA VISTA",U,1826,8,498,10,0,0,508,11,53,92,72,13,18,66,82,79,22,2,1,1,1,0,4,2,3,1,4,2,3,7,9,11,5,8,7,14,6,5,17,8,13,11,3,8,6,6,6,10,3,2,0,8,4,1,3,5,4,6,1,3,0,3,0,1,3,2,1,2,1,2,0,0,0,0,0,0,1,0,1,0,0,0,0,0,0,0,0,0,0,0,0,0,0,0,0,0,0,0,0,0,0,0,0,0,0,0,0,0,0,0,0,0,0,0,0,0,0,0,0,0,3,1,2,1,2,4,5,2,4,1,3,7,11,9,10,10,9,8,7,16,13,7,5,9,7,3,7,6,5,7,2,4,4,7,7,1,9,7,5,4,7,0,1,2,0,0,1,3,2,1,4,1,1,0,4,3,2,1,0,0,0,0,0,0,0,0,0,0,0,0,0,0,0,0,0,0,0,0,0,0,0,0,0,0,0,0,0,0,0,0,0,0,0,0,0,0,0,0,0,0,0,0,0
B,"BUCUREŞTI SECTORUL 4","BUCUREŞTI SECTORUL 4",179178,771,"ŞCOALA GIMNAZIALĂ NR. 189",U,915,5,278,3,0,0,281,7,15,24,58,30,4,13,28,63,39,2,1,1,0,1,2,0,1,3,0,2,0,2,2,0,5,0,1,1,4,6,2,3,2,3,2,0,3,1,1,3,1,3,1,3,4,5,4,6,8,5,1,3,0,2,2,2,5,1,2,1,2,4,4,0,3,1,1,0,0,0,0,3,0,1,0,1,1,0,0,0,0,0,0,0,0,0,0,0,0,0,0,0,0,0,0,0,0,0,0,0,0,0,0,0,0,0,0,0,0,0,0,0,2,0,1,0,0,0,1,2,1,1,3,1,3,0,0,1,1,6,1,3,2,4,1,3,3,2,3,4,0,7,1,2,3,5,4,2,1,1,10,4,6,4,0,5,0,1,3,2,2,1,4,2,5,1,2,1,4,1,2,0,2,3,0,1,1,1,0,1,1,0,1,1,0,0,0,0,0,0,0,0,0,0,0,0,0,0,0,0,0,0,0,0,0,0,0,0,0,0,0,0,0,0,0
B,"BUCUREŞTI SECTORUL 4","BUCUREŞTI SECTORUL 4",179178,772,"ŞCOALA GIMNAZIALĂ NR. 189",U,1247,4,449,10,0,1,460,17,21,47,86,37,16,22,45,102,67,5,2,4,3,3,0,0,2,3,0,2,2,2,3,1,2,4,3,4,3,4,4,1,5,9,9,5,12,1,5,9,3,2,1,4,4,5,3,9,10,6,1,0,2,3,4,2,2,1,4,1,2,4,2,0,3,2,1,2,0,1,3,0,2,0,0,0,0,2,2,1,1,0,0,0,0,0,0,1,0,0,0,0,0,0,0,0,0,0,0,0,0,0,0,0,0,0,0,0,0,0,0,0,3,1,4,1,3,2,2,1,1,4,1,2,4,1,3,4,1,1,3,2,9,6,4,3,1,7,9,8,6,5,6,3,5,5,1,5,3,6,10,8,7,4,6,3,2,4,5,3,6,3,6,7,2,5,8,4,3,2,2,2,1,2,1,2,2,1,0,0,3,1,0,1,0,0,0,0,0,0,0,0,0,0,0,0,0,0,0,0,0,0,0,0,0,0,0,0,0,0,0,0,0,0,0
B,"BUCUREŞTI SECTORUL 4","BUCUREŞTI SECTORUL 4",179178,773,"ŞCOALA GIMNAZIALĂ NR. 189",U,1736,2,513,5,0,1,519,14,23,31,116,47,15,29,41,120,83,1,1,4,1,2,4,1,3,0,3,2,2,2,4,0,5,2,0,4,3,3,2,5,5,2,3,4,11,6,2,6,4,4,9,5,4,4,5,9,11,6,4,6,5,5,7,3,2,2,4,0,5,3,3,2,5,1,4,2,3,2,1,0,0,1,0,0,3,0,1,0,1,0,1,0,1,0,0,0,0,0,0,0,0,0,0,0,0,0,0,0,0,0,0,0,0,0,0,0,0,0,0,0,4,1,3,3,2,1,1,1,4,3,5,1,3,3,4,2,3,4,5,2,5,5,4,5,4,5,2,7,13,9,3,10,9,7,1,3,3,6,9,6,7,4,3,3,6,7,4,7,6,4,6,5,5,1,4,5,6,5,3,3,1,5,0,2,5,1,1,3,1,0,3,1,0,0,0,0,0,0,0,0,0,0,0,0,0,0,0,0,0,0,0,0,0,0,0,0,0,0,0,0,0,0,0
B,"BUCUREŞTI SECTORUL 4","BUCUREŞTI SECTORUL 4",179178,774,"ŞCOALA GIMNAZIALĂ NR. 189",U,1483,4,523,11,0,0,534,15,29,57,99,50,21,27,60,118,58,4,4,1,1,1,1,3,3,1,5,5,0,3,4,2,4,2,4,6,4,3,8,6,7,7,7,5,1,8,2,7,5,4,4,6,2,9,4,10,4,8,2,8,4,2,6,3,4,5,6,3,4,3,0,3,2,2,5,1,1,0,2,1,1,3,2,1,1,0,0,0,0,0,0,0,0,0,0,0,0,0,0,0,0,0,0,0,0,0,0,0,0,0,0,0,0,0,0,0,0,0,0,0,2,4,4,3,1,4,3,2,1,3,1,0,5,3,2,6,4,6,5,6,7,3,2,6,10,7,8,7,5,5,7,8,3,6,5,4,5,7,8,14,6,4,3,5,5,5,6,2,4,6,2,3,5,5,6,6,2,3,1,3,2,1,1,3,2,0,0,0,1,0,0,0,0,0,0,0,0,0,0,0,0,0,0,0,0,0,0,0,0,0,0,0,0,0,0,0,0,0,0,0,0,0,0
B,"BUCUREŞTI SECTORUL 4","BUCUREŞTI SECTORUL 4",179178,775,"ȘCOALA GIMNAZIALĂ NR. 189",U,1156,9,389,8,0,0,397,10,19,33,81,40,9,17,36,88,64,2,0,2,1,3,2,0,2,0,1,2,0,1,2,4,4,3,1,3,2,4,6,4,1,4,5,3,4,4,3,6,3,0,3,3,4,6,1,8,5,7,2,3,9,3,4,3,3,4,2,2,6,2,0,3,4,2,3,2,0,2,0,1,1,0,2,0,0,1,0,0,0,0,0,0,0,0,0,0,0,0,0,0,0,0,0,0,0,0,0,0,0,0,0,0,0,0,0,0,0,0,0,0,3,1,0,2,2,0,1,1,2,0,1,0,4,4,3,1,1,5,8,3,3,2,1,5,5,1,3,3,7,5,1,5,2,2,6,2,4,3,6,8,8,1,2,6,8,3,6,5,3,8,6,3,5,2,4,3,3,4,1,2,2,1,2,3,0,1,0,3,2,0,1,0,0,0,0,0,0,0,0,0,0,0,0,0,0,0,0,0,0,0,0,0,0,0,0,0,0,0,0,0,0,0,0
B,"BUCUREŞTI SECTORUL 4","BUCUREŞTI SECTORUL 4",179178,776,"ȘCOALA GIMNAZIALĂ NR. 189",U,941,0,346,6,0,0,352,10,14,26,74,33,11,20,26,90,48,2,1,2,2,1,0,2,2,0,1,3,3,2,1,1,0,1,2,0,1,2,5,5,2,0,3,6,6,5,3,4,3,4,4,0,5,3,7,4,8,4,0,5,1,3,3,2,4,1,1,1,3,0,4,2,2,5,0,1,0,0,2,0,1,0,0,0,2,1,0,1,0,1,0,0,0,1,0,0,0,0,0,0,0,0,0,0,0,0,0,0,0,0,0,0,0,0,0,0,0,0,0,0,4,4,0,3,0,0,0,2,1,1,2,3,2,1,4,2,2,3,4,3,4,3,5,1,2,0,1,5,7,4,5,7,4,5,4,2,3,4,6,8,3,3,4,4,5,1,6,2,4,5,2,2,5,3,1,5,2,0,2,2,0,0,2,0,3,0,2,3,0,1,0,0,1,0,1,0,0,0,0,0,0,0,0,0,0,0,0,0,0,0,0,0,0,0,0,0,0,0,0,0,0,0,0
B,"BUCUREŞTI SECTORUL 4","BUCUREŞTI SECTORUL 4",179178,777,"ȘCOALA GIMNAZIALĂ NR. 189",U,1307,6,523,8,0,0,531,14,21,48,93,78,16,17,56,101,87,2,1,3,1,1,4,2,2,3,2,3,2,1,3,2,1,2,2,4,3,9,3,7,1,5,7,7,11,6,1,4,9,5,5,5,2,6,8,0,7,9,5,3,2,1,3,1,4,0,6,2,4,6,8,10,8,3,7,8,0,2,2,2,1,0,2,0,0,1,0,1,0,1,0,0,0,0,0,0,0,0,0,0,0,0,0,0,0,0,0,0,0,0,0,0,0,0,0,0,0,0,0,0,0,2,2,4,3,2,3,4,1,0,1,3,2,2,0,1,3,3,5,5,7,5,12,7,5,5,2,6,2,5,9,8,5,7,5,8,1,6,5,9,1,3,4,2,9,4,2,8,4,8,6,4,6,8,8,2,10,7,5,4,2,0,1,0,1,0,0,0,1,1,0,0,1,0,0,0,0,0,0,0,0,0,0,0,0,0,0,0,0,0,0,0,0,0,0,0,0,0,0,0,0,0,0
B,"BUCUREŞTI SECTORUL 4","BUCUREŞTI SECTORUL 4",179178,778,"ŞCOALA GIMNAZIALĂ EMIL RACOVIŢĂ",U,1387,1,476,9,0,0,485,11,21,49,84,49,16,29,57,110,59,1,3,0,2,0,2,3,1,2,2,0,4,2,0,4,4,2,2,1,6,6,3,7,6,4,5,9,7,7,4,3,5,4,6,3,3,2,5,5,5,8,2,4,4,3,2,2,5,3,8,2,4,2,4,2,2,4,3,1,1,1,1,1,0,0,2,0,1,0,0,0,0,0,1,1,0,0,0,0,0,0,0,0,0,0,0,0,0,0,0,0,0,0,0,0,0,0,0,0,0,0,0,0,3,1,4,2,1,4,1,1,4,2,6,3,1,4,3,0,5,1,11,5,8,7,9,5,2,5,4,7,9,10,4,3,3,6,2,6,3,6,6,4,5,7,6,2,5,9,7,5,3,5,8,3,7,2,2,3,1,2,2,2,4,1,1,3,0,1,0,1,3,0,0,0,0,0,0,0,0,0,0,0,0,0,0,0,0,0,0,0,0,0,0,0,0,0,0,0,0,0,0,0,0,0,0
B,"BUCUREŞTI SECTORUL 4","BUCUREŞTI SECTORUL 4",179178,779,"ŞCOALA GIMNAZIALĂ EMIL RACOVIŢĂ",U,1888,9,714,11,0,0,725,23,48,84,126,58,26,54,62,147,97,1,4,5,5,1,4,3,3,6,2,4,7,2,6,9,1,8,9,9,8,8,9,11,5,9,8,8,8,8,3,9,6,8,11,1,8,8,7,8,11,11,7,2,3,3,1,3,5,1,5,4,1,4,5,4,3,4,3,0,2,3,2,2,0,3,1,0,0,2,1,1,1,0,1,0,0,0,0,0,0,0,0,0,0,0,0,0,0,0,0,0,0,0,0,0,0,0,0,0,0,0,0,0,4,3,5,4,3,2,5,4,5,1,9,7,2,5,7,5,9,12,5,6,5,11,3,3,4,8,5,8,10,8,10,9,9,8,7,6,10,5,9,12,9,5,3,5,6,5,3,3,3,5,5,7,10,6,2,3,4,9,8,2,5,4,4,2,4,2,2,4,1,0,0,0,0,0,0,0,2,0,0,0,0,0,0,0,0,0,0,0,0,0,0,0,0,0,0,0,0,0,0,0,0,0,0
B,"BUCUREŞTI SECTORUL 4","BUCUREŞTI SECTORUL 4",179178,780,"ŞCOALA GIMNAZIALĂ EMIL RACOVIŢĂ",U,1480,16,431,9,0,0,440,15,29,34,102,20,11,34,36,104,55,0,5,3,1,1,1,4,4,2,2,2,1,2,2,3,3,8,1,0,3,5,4,5,6,4,3,3,2,6,6,5,6,5,4,3,1,5,7,7,9,11,8,1,1,5,4,6,1,1,1,2,2,0,0,2,0,0,1,1,0,2,3,0,0,0,1,1,1,0,0,1,0,0,0,0,0,0,0,0,0,0,0,0,0,0,0,0,0,0,0,0,0,0,0,0,0,0,0,0,0,0,0,0,3,1,3,0,2,1,1,5,3,5,5,1,3,1,3,6,2,6,4,2,1,3,4,6,3,3,4,4,4,4,9,1,7,4,4,8,4,5,10,10,8,3,3,3,2,4,7,4,3,2,2,3,1,2,2,1,1,4,4,4,4,1,2,3,1,5,2,0,1,1,2,0,0,0,0,0,0,0,0,0,0,0,0,0,0,0,0,0,0,0,0,0,0,0,0,0,0,0,0,0,0,0,0
B,"BUCUREŞTI SECTORUL 4","BUCUREŞTI SECTORUL 4",179178,781,"ŞCOALA GIMNAZIALĂ EMIL RACOVIŢĂ",U,1464,5,516,9,0,0,525,16,22,52,102,50,16,27,56,114,70,3,3,2,3,2,1,2,2,5,1,2,0,2,0,3,2,5,1,7,7,4,3,8,4,8,4,6,9,5,6,6,8,4,1,8,7,3,4,5,8,9,1,3,3,6,4,2,4,0,4,2,2,5,2,2,6,2,2,6,1,3,3,5,0,0,1,0,0,0,0,0,0,0,0,0,0,0,0,0,0,0,0,0,0,0,0,0,0,0,0,0,0,0,0,0,0,0,0,0,0,0,0,0,3,2,0,1,3,2,5,1,1,2,3,2,3,2,3,5,5,4,6,7,4,8,6,6,5,5,5,6,4,9,6,8,8,6,7,12,7,2,8,8,4,6,2,3,5,1,2,8,3,7,6,3,2,5,3,6,1,5,6,5,0,4,1,2,1,0,0,1,1,0,0,0,0,0,0,0,0,0,0,0,0,0,0,0,0,0,0,0,0,0,0,0,0,0,0,0,0,0,0,0,0,0,0
B,"BUCUREŞTI SECTORUL 4","BUCUREŞTI SECTORUL 4",179178,782,"ŞCOALA GIMNAZIALĂ NR. 194",U,932,1,357,7,1,0,365,9,12,26,77,31,13,16,38,84,59,1,0,1,3,1,1,2,1,1,2,1,3,2,0,1,0,1,5,3,2,4,2,1,2,2,2,3,2,3,8,5,3,3,3,0,2,6,4,5,5,10,1,4,2,3,3,5,2,3,0,2,0,1,2,2,1,2,2,2,2,6,1,1,0,0,1,1,0,0,0,0,0,0,0,0,0,0,0,0,0,0,0,0,0,0,0,0,0,0,0,0,0,0,0,0,0,0,0,0,0,0,0,0,2,3,3,0,3,1,1,3,1,2,0,2,1,1,2,1,3,5,6,3,5,2,5,1,3,4,4,3,8,3,3,1,6,4,3,3,5,7,8,7,7,3,2,4,3,4,0,1,3,2,2,8,5,5,1,5,3,2,3,5,3,0,2,3,0,0,0,3,1,1,0,1,0,0,0,0,0,0,0,0,0,0,0,0,0,0,0,0,0,0,0,0,0,0,0,0,0,0,0,0,0,0,0
B,"BUCUREŞTI SECTORUL 4","BUCUREŞTI SECTORUL 4",179178,783,"ŞCOALA GIMNAZIALĂ NR. 194",U,833,0,305,7,0,0,312,21,15,22,61,33,8,18,17,70,47,6,2,1,3,1,4,4,2,0,3,4,1,1,0,1,1,2,5,1,0,2,3,2,2,3,3,1,2,0,6,4,6,4,4,2,4,2,2,3,4,4,1,5,3,2,2,1,2,5,2,1,4,2,1,0,3,2,2,1,1,1,0,0,1,1,0,2,0,1,0,0,0,0,1,0,0,0,0,0,0,0,0,0,0,0,0,0,0,0,0,0,0,0,0,0,0,0,0,0,0,0,0,0,1,1,2,0,2,0,2,0,1,3,2,3,1,3,0,1,4,0,2,1,3,2,6,1,0,2,0,4,4,3,4,3,3,4,3,8,1,1,3,8,7,2,1,2,5,1,3,1,1,6,1,6,2,2,4,1,0,3,3,2,0,1,3,2,3,0,1,0,1,1,2,0,1,0,0,0,0,0,0,0,0,0,0,0,0,0,0,0,0,0,0,0,0,0,0,0,0,0,0,0,0,0,0
B,"BUCUREŞTI SECTORUL 4","BUCUREŞTI SECTORUL 4",179178,784,"ŞCOALA GIMNAZIALĂ NR. 194",U,1152,2,441,11,0,0,452,12,21,43,93,31,15,27,47,101,62,4,3,2,0,0,0,3,2,2,2,1,2,4,0,5,1,2,4,2,5,2,6,6,4,3,7,4,7,2,8,5,5,3,7,6,5,1,2,11,11,6,2,3,2,2,1,4,5,2,3,0,3,2,1,2,3,1,1,0,1,3,0,0,0,1,0,1,1,0,1,0,0,0,0,0,0,0,0,0,0,0,0,0,0,0,0,0,0,0,0,0,0,0,0,0,0,0,0,0,0,0,0,0,2,1,3,1,3,4,1,1,4,3,3,3,0,4,3,3,3,4,2,4,4,6,1,3,9,7,7,6,9,5,8,4,3,8,3,6,8,7,3,3,7,2,5,1,1,4,8,5,6,4,3,3,4,4,4,4,2,4,1,3,4,3,0,0,0,3,0,2,0,1,1,0,0,0,1,0,0,0,0,0,0,0,0,0,0,0,0,0,0,0,0,0,0,0,0,0,0,0,0,0,0,0,0
B,"BUCUREŞTI SECTORUL 4","BUCUREŞTI SECTORUL 4",179178,785,"ŞCOALA GIMNAZIALĂ NR. 194",U,1401,3,520,13,0,0,533,18,30,41,103,56,11,20,49,115,90,2,5,4,0,0,3,4,4,2,5,3,2,1,1,4,4,4,3,3,6,4,6,6,4,4,3,2,4,3,4,2,10,9,10,6,5,3,6,5,9,12,4,3,2,1,3,2,5,0,3,2,4,3,4,7,4,2,4,8,2,0,0,2,2,1,0,1,0,0,0,1,1,0,0,0,0,0,0,0,0,0,0,0,0,0,0,0,0,0,0,0,0,0,0,0,0,0,0,0,0,0,0,0,4,2,1,1,1,0,2,2,1,2,0,3,0,2,7,1,2,7,8,5,10,3,8,2,1,4,1,5,8,6,9,8,7,8,5,4,4,5,6,10,11,1,3,3,7,2,3,2,8,5,3,3,8,4,11,4,2,6,2,2,6,5,1,6,3,2,0,1,1,0,1,2,1,0,0,1,0,0,0,0,0,0,0,0,0,0,0,0,0,0,0,0,0,0,0,0,0,0,0,0,0,0,0
B,"BUCUREŞTI SECTORUL 4","BUCUREŞTI SECTORUL 4",179178,786,"ŞCOALA GIMNAZIALĂ NR. 194",U,1046,4,348,9,0,0,357,8,15,34,79,29,7,14,40,76,55,1,2,3,1,0,1,0,0,1,3,3,4,0,0,0,3,1,3,3,2,0,2,3,9,4,2,6,4,3,7,6,6,5,5,1,4,2,5,7,4,4,3,3,3,2,3,2,0,4,0,1,1,0,2,3,2,2,2,2,0,3,1,0,0,1,0,1,0,0,0,3,1,0,0,0,0,0,0,0,0,0,0,0,0,0,0,0,0,0,0,0,0,0,0,0,0,0,0,0,0,0,0,0,1,2,2,1,0,1,0,0,2,3,2,1,0,2,1,2,1,3,6,3,8,4,5,3,3,1,4,3,6,12,1,5,1,4,7,5,3,1,3,11,5,2,0,3,2,1,1,1,1,6,2,3,7,7,2,4,4,5,1,4,0,1,1,1,1,0,2,0,0,2,0,0,0,0,0,0,0,0,0,0,0,0,0,0,0,0,0,0,0,0,0,0,0,0,0,0,0,0,0,0,0,0,0
B,"BUCUREŞTI SECTORUL 4","BUCUREŞTI SECTORUL 4",179178,787,"ŞCOALA GIMNAZIALĂ NR. 194",U,1107,3,457,8,0,5,470,10,24,50,95,28,13,26,44,120,60,2,1,1,1,2,1,2,5,3,2,5,0,1,3,3,0,2,1,5,6,6,3,7,6,4,9,3,2,6,5,3,8,3,6,5,6,6,6,4,11,3,7,3,4,2,2,3,1,2,3,1,2,3,0,4,1,1,1,1,0,0,2,0,0,0,0,1,2,1,0,2,0,0,0,0,0,0,0,0,0,0,0,0,0,0,0,0,0,0,0,0,0,0,0,0,0,0,0,0,0,0,0,0,1,2,5,2,0,2,1,2,2,2,6,2,2,1,3,2,4,4,2,4,9,3,3,2,5,7,5,10,5,6,5,9,5,5,7,5,6,7,12,9,10,3,1,7,5,1,2,3,4,6,1,8,2,5,3,4,3,3,2,1,0,0,1,3,1,4,0,1,1,3,0,0,0,0,1,0,0,0,0,0,0,0,0,0,0,0,0,0,0,0,0,0,0,0,0,0,0,0,0,0,0,0,0
B,"BUCUREŞTI SECTORUL 4","BUCUREŞTI SECTORUL 4",179178,788,"ȘCOALA GIMNAZIALĂ NR. 194",U,897,3,308,10,0,0,318,11,18,22,51,44,9,18,28,61,56,2,2,2,3,0,1,1,0,4,3,1,1,1,2,2,2,2,0,3,2,3,2,1,2,6,1,2,9,2,4,0,5,2,4,2,1,4,2,1,3,3,1,1,2,2,2,1,2,3,2,2,4,1,4,4,3,1,1,2,1,3,4,1,0,3,1,0,0,0,2,0,0,0,0,0,0,0,0,0,0,0,0,0,0,0,0,0,0,0,0,0,0,0,0,0,0,0,0,0,0,0,0,0,3,3,1,0,2,0,0,2,1,6,2,1,0,0,3,3,0,5,3,2,2,4,4,2,2,1,3,5,4,3,6,5,4,4,1,1,0,5,5,2,3,1,3,2,2,1,4,3,2,2,4,6,3,6,4,6,5,2,2,2,1,1,1,1,0,1,2,1,0,1,0,0,0,0,0,0,0,0,0,0,0,0,0,0,0,0,0,0,0,0,0,0,0,0,0,0,0,0,0,0,0,0,0
B,"BUCUREŞTI SECTORUL 4","BUCUREŞTI SECTORUL 4",179178,789,"ȘCOALA GIMNAZIALĂ NR. 194",U,1102,1,389,11,0,0,400,12,19,25,90,39,19,15,39,83,59,4,2,1,0,1,4,0,0,2,3,2,0,3,2,1,3,3,2,2,3,2,2,3,3,3,2,3,5,7,5,2,5,6,4,4,3,7,7,8,6,7,1,2,3,0,6,2,1,1,1,5,1,4,4,3,2,1,3,1,2,3,1,1,0,0,0,3,0,0,1,1,0,0,0,0,0,0,0,0,0,0,0,0,0,0,0,0,0,0,0,0,0,0,0,0,0,0,0,0,0,0,0,0,0,4,4,1,6,1,3,2,1,1,1,2,2,1,0,3,2,3,1,7,2,3,5,4,5,4,5,4,1,8,7,8,5,6,2,4,4,4,9,7,5,3,0,2,2,1,1,3,4,3,3,2,7,5,2,2,4,3,3,4,1,3,0,2,1,1,2,1,0,2,0,0,0,1,0,0,0,0,0,0,0,0,0,0,0,0,0,0,0,0,0,0,0,0,0,0,0,0,0,0,0,0,0
B,"BUCUREŞTI SECTORUL 4","BUCUREŞTI SECTORUL 4",179178,790,"ŞCOALA GIMNAZIALĂ ”GEORGE BACOVIA”",U,1316,7,502,10,0,0,512,15,15,71,83,65,14,23,56,100,70,0,2,2,2,1,3,5,0,3,1,3,0,1,1,2,1,3,4,3,6,7,11,11,3,11,6,9,6,10,7,7,2,6,1,1,5,5,5,5,3,5,1,1,0,6,5,2,4,2,8,7,7,3,5,5,6,3,1,4,1,3,1,1,2,0,2,0,0,0,0,0,0,0,0,0,0,0,0,0,0,0,0,0,0,0,0,0,0,0,0,0,0,0,0,0,0,0,0,0,0,0,0,0,1,0,5,4,1,2,1,1,3,4,2,1,0,2,1,2,7,3,4,8,2,8,14,4,5,2,6,6,8,6,3,9,13,7,4,5,5,6,3,1,4,2,2,4,4,2,6,8,7,8,6,6,5,2,3,2,4,5,4,1,2,3,2,0,1,1,0,0,0,0,0,0,0,0,0,0,0,0,0,0,0,0,0,0,0,0,0,0,0,0,0,0,0,0,0,0,0,0,0,0,0,0,0
B,"BUCUREŞTI SECTORUL 4","BUCUREŞTI SECTORUL 4",179178,791,"ŞCOALA GIMNAZIALĂ ”GEORGE BACOVIA”",U,1192,0,505,12,0,0,517,10,23,71,94,56,10,26,53,107,67,1,2,0,3,2,1,1,2,1,2,0,3,2,2,4,2,5,10,7,9,5,7,5,7,4,10,7,7,3,8,4,6,2,4,4,5,0,1,7,5,5,3,4,8,6,9,3,7,5,6,8,7,5,1,1,7,0,2,1,0,0,2,1,0,0,0,0,1,1,0,1,0,0,0,0,0,0,0,0,0,0,0,0,0,0,0,0,0,0,0,0,0,0,0,0,0,0,0,0,0,0,0,0,2,1,2,1,3,0,1,1,1,2,5,2,2,3,4,2,4,4,8,4,2,2,8,8,3,10,4,8,5,3,1,3,3,4,2,8,0,4,7,7,18,4,7,3,13,4,3,5,6,5,9,4,11,4,4,2,4,2,4,0,1,2,2,0,1,0,0,1,0,0,0,0,0,0,0,0,0,0,0,0,0,0,0,0,0,0,0,0,0,0,0,0,0,0,0,0,0,0,0,0,0,0,0
B,"BUCUREŞTI SECTORUL 4","BUCUREŞTI SECTORUL 4",179178,792,"ŞCOALA GIMNAZIALĂ ”GEORGE BACOVIA”",U,1716,12,638,9,0,0,647,20,29,80,128,70,20,29,67,134,70,4,3,2,4,2,2,3,3,3,5,1,0,4,4,3,3,3,8,9,12,7,6,16,6,4,6,6,11,8,8,10,3,12,5,4,7,2,1,7,5,10,5,4,4,12,6,4,7,5,3,7,8,9,4,9,2,5,4,2,3,0,0,0,1,1,0,0,0,0,0,0,0,0,0,0,0,0,0,0,0,0,0,0,0,0,0,0,0,0,0,0,0,0,0,0,0,0,0,0,0,0,0,0,3,2,1,4,2,2,6,4,6,0,2,1,5,2,3,4,2,5,10,12,4,5,12,5,3,8,3,3,9,9,9,4,10,8,6,2,7,1,8,9,8,8,3,7,9,5,9,7,5,4,8,7,12,4,6,2,0,2,2,3,1,1,0,1,0,1,1,1,1,0,1,0,0,0,0,0,0,0,0,0,0,0,0,0,0,0,0,0,0,0,0,0,0,0,0,0,0,0,0,0,0,0,0
B,"BUCUREŞTI SECTORUL 4","BUCUREŞTI SECTORUL 4",179178,793,"ŞCOALA GIMNAZIALĂ ”GEORGE BACOVIA”",U,1765,45,645,10,2,0,657,19,28,56,143,57,16,41,65,161,71,5,2,3,3,3,1,2,2,3,2,5,4,1,2,2,3,4,4,5,6,6,11,8,3,4,6,3,9,12,9,14,4,7,9,4,6,3,9,4,14,9,7,5,4,5,3,6,2,6,4,6,2,5,6,1,5,2,7,3,0,2,0,1,1,2,1,0,0,0,1,0,0,0,0,0,0,0,0,0,0,0,0,0,0,0,0,0,0,0,0,0,0,0,0,0,0,0,0,0,0,0,0,0,4,3,0,2,4,2,1,1,1,4,4,5,5,6,4,5,6,7,5,8,9,9,5,7,2,5,8,5,15,7,16,5,8,7,6,5,5,12,11,9,13,5,7,6,4,5,10,1,7,4,8,4,10,4,3,3,2,9,4,0,0,2,1,2,0,1,0,1,3,0,0,1,0,0,1,0,0,0,0,0,0,0,0,0,0,0,0,0,0,0,0,0,0,0,0,0,0,0,0,0,0,0,0
B,"BUCUREŞTI SECTORUL 4","BUCUREŞTI SECTORUL 4",179178,794,"ŞCOALA GIMNAZIALĂ ”GEORGE BACOVIA”",U,1620,6,610,6,0,0,616,13,32,65,117,71,20,26,65,112,95,2,2,1,4,4,0,0,3,2,4,2,5,4,4,2,3,3,6,4,9,9,9,4,5,6,8,5,11,9,3,7,6,4,6,8,7,7,7,10,2,5,1,3,6,8,1,6,4,4,4,6,10,9,5,4,4,2,4,2,1,3,2,1,2,0,2,0,1,0,0,1,0,0,0,0,0,0,0,0,0,0,0,0,0,0,0,0,0,0,0,0,0,0,0,0,0,0,0,0,0,0,0,0,3,0,5,1,5,4,2,1,2,4,0,1,3,4,3,4,4,6,4,8,6,6,9,4,5,7,10,4,4,3,5,3,5,8,7,5,6,9,8,8,7,5,3,3,5,8,6,6,6,14,7,7,6,10,5,5,9,3,3,2,3,2,0,3,1,1,0,0,1,0,1,0,0,0,0,0,0,0,0,0,0,0,0,0,0,0,0,0,0,0,0,0,0,0,0,0,0,0,0,0,0,0,0
B,"BUCUREŞTI SECTORUL 4","BUCUREŞTI SECTORUL 4",179178,795,"ŞCOALA GIMNAZIALĂ ”GEORGE BACOVIA”",U,1621,14,643,10,1,0,654,20,36,80,98,82,17,42,88,119,72,5,1,3,4,5,1,1,3,1,5,4,1,1,7,7,1,6,6,11,6,9,11,6,4,10,3,14,5,2,10,9,9,9,1,6,2,3,4,6,7,2,3,2,3,5,4,6,8,5,7,10,7,10,9,5,2,4,4,2,1,3,1,2,1,0,0,0,0,0,1,0,0,0,0,0,0,0,0,0,0,0,0,0,0,0,0,0,0,0,0,0,0,0,0,0,0,0,0,0,0,0,0,0,6,2,6,0,1,1,1,5,4,4,3,3,4,7,5,2,5,5,8,7,9,13,10,12,6,12,6,4,9,6,9,8,9,8,9,4,1,8,2,3,12,3,7,3,4,6,4,5,8,5,9,7,7,3,3,2,3,2,4,2,4,0,4,1,1,1,1,0,0,0,0,0,0,0,0,0,0,0,0,0,0,0,0,0,0,0,0,0,0,0,0,0,0,0,0,0,0,0,0,0,0,0,0
B,"BUCUREŞTI SECTORUL 4","BUCUREŞTI SECTORUL 4",179178,796,"ŞCOALA GIMNAZIALĂ ”GEORGE BACOVIA”",U,1653,2,595,4,0,0,599,18,19,62,123,60,19,23,75,121,79,4,3,3,2,1,4,1,2,3,0,0,2,3,3,3,2,1,3,7,8,7,5,6,10,6,5,5,13,8,8,14,9,14,8,5,1,2,6,1,8,7,1,1,6,5,2,4,3,4,6,6,2,5,4,2,3,3,4,3,3,3,2,3,1,2,0,0,0,1,0,0,0,0,0,0,0,0,0,0,0,0,0,0,0,0,0,0,0,0,0,0,0,0,0,0,0,0,0,0,0,0,0,0,1,5,3,3,4,2,1,2,0,1,1,1,4,4,1,3,6,7,10,5,9,9,8,6,7,7,7,11,8,6,12,9,7,5,6,9,4,4,4,7,8,5,4,2,2,2,6,6,4,8,8,4,5,10,5,4,4,2,6,1,2,1,2,0,2,0,0,0,3,1,1,0,0,0,0,0,0,0,0,0,0,0,0,0,0,0,0,0,0,0,0,0,0,0,0,0,0,0,0,0,0,0,0
B,"BUCUREŞTI SECTORUL 4","BUCUREŞTI SECTORUL 4",179178,797,"GRĂDINIŢA ”ALBĂ CA ZĂPADA ȘI PITICII”-STRUCTURĂ ARONDATĂ ȘCOLII GIMNAZIALE ”GEORGE TOPÂRCEANU”",U,1018,6,472,13,0,1,486,16,18,40,112,47,12,18,42,103,78,5,0,1,1,2,4,3,3,3,3,0,3,1,1,1,2,1,0,8,2,3,3,2,5,3,5,9,6,11,7,9,8,7,6,5,9,5,1,5,10,6,3,4,1,2,1,6,2,2,6,3,3,2,4,2,3,1,3,4,0,1,4,0,1,1,0,1,0,3,0,0,0,1,0,0,0,0,0,0,0,0,0,0,0,0,0,0,0,0,0,0,0,0,0,0,0,0,0,0,0,0,0,0,0,4,2,1,2,2,1,0,3,0,4,3,1,1,2,0,4,6,4,7,1,3,3,5,5,1,7,6,11,6,6,6,5,9,7,3,3,7,3,8,9,2,4,3,0,1,4,1,0,3,4,6,4,2,5,1,4,8,8,3,4,2,3,1,2,2,4,1,3,3,2,1,0,0,0,0,1,0,0,0,0,0,0,0,0,0,0,0,0,0,0,0,0,0,0,0,0,0,0,0,0,0,0
B,"BUCUREŞTI SECTORUL 4","BUCUREŞTI SECTORUL 4",179178,798,"GRĂDINIŢA ”ALBĂ CA ZĂPADA ȘI PITICII”-STRUCTURĂ ARONDATĂ ȘCOLII GIMNAZIALE ”GEORGE TOPÂRCEANU”",U,1237,17,336,9,0,0,345,10,15,37,70,37,6,18,39,70,43,0,0,0,2,3,3,2,1,1,0,0,1,1,2,2,3,4,2,4,3,4,8,4,2,4,3,3,5,8,2,3,3,2,4,2,6,2,1,2,7,6,2,2,3,3,4,3,2,4,4,5,3,1,3,5,0,0,1,6,0,1,1,1,0,0,0,0,0,0,0,0,0,0,0,0,0,0,0,0,0,0,0,0,0,0,0,0,0,0,0,0,0,0,0,0,0,0,0,0,0,0,0,0,0,1,1,0,2,2,0,1,2,0,1,1,1,2,3,3,4,6,4,2,5,6,2,6,2,3,3,4,1,1,4,7,5,5,3,2,1,1,5,4,10,2,3,4,1,4,3,3,3,10,2,2,3,2,3,4,0,1,4,0,1,2,1,1,0,0,1,0,0,0,0,0,0,0,0,0,0,0,0,0,0,0,0,0,0,0,0,0,0,0,0,0,0,0,0,0,0,0,0,0,0,0,0
B,"BUCUREŞTI SECTORUL 4","BUCUREŞTI SECTORUL 4",179178,799,"GRĂDINIŢA ”ALBĂ CA ZĂPADA ȘI PITICII”-STRUCTURĂ ARONDATĂ ȘCOLII GIMNAZIALE ”GEORGE TOPÂRCEANU”",U,1196,3,356,8,0,0,364,11,24,42,65,25,7,25,36,89,40,0,2,5,1,0,2,1,0,3,2,5,4,1,4,3,1,1,4,7,4,4,5,2,6,4,4,2,4,2,2,4,3,2,2,0,4,2,4,5,8,3,4,2,2,7,3,2,1,3,1,6,0,1,1,0,1,1,1,0,1,1,0,1,1,2,1,0,0,0,0,1,0,1,0,0,0,0,0,0,0,0,0,0,0,0,0,0,0,0,0,0,0,0,0,0,0,0,0,0,0,0,0,0,0,3,1,0,1,1,1,2,3,2,4,3,5,4,0,2,0,1,6,4,3,4,2,2,4,5,5,3,3,4,2,6,4,5,1,7,3,5,4,12,8,4,1,6,3,4,4,1,2,0,4,3,1,6,2,1,1,2,3,1,2,0,1,0,1,1,3,1,0,2,0,1,1,0,0,0,0,0,0,0,0,0,0,0,0,0,0,0,0,0,0,0,0,0,0,0,0,0,0,0,0,0,0
B,"BUCUREŞTI SECTORUL 4","BUCUREŞTI SECTORUL 4",179178,800,"GRĂDINIŢA ”ALBĂ CA ZĂPADA ȘI PITICII”-STRUCTURĂ ARONDATĂ ȘCOLII GIMNAZIALE ”GEORGE TOPÂRCEANU”",U,1079,4,288,6,0,0,294,10,11,21,61,28,9,16,31,61,46,2,0,0,1,4,0,3,1,0,1,1,1,2,3,0,1,1,2,2,3,2,3,2,2,0,1,4,4,8,4,4,2,3,5,2,1,5,4,4,5,2,1,3,1,1,1,1,4,0,2,1,1,3,1,5,2,0,1,1,0,0,0,0,1,2,2,1,1,0,0,0,0,0,0,0,0,0,0,0,0,0,0,0,0,0,0,0,0,0,0,0,0,0,0,0,0,0,0,0,0,0,0,0,0,1,1,1,1,3,2,1,3,0,1,3,2,1,1,0,4,2,6,6,3,4,3,1,3,1,2,4,6,2,3,6,5,0,7,4,1,3,5,4,0,2,3,1,5,0,0,0,0,1,3,3,4,5,4,2,2,5,4,3,2,0,2,1,2,0,1,0,0,1,0,0,1,0,0,0,0,0,0,0,0,0,0,0,0,0,0,0,0,0,0,0,0,0,0,0,0,0,0,0,0,0,0
B,"BUCUREŞTI SECTORUL 4","BUCUREŞTI SECTORUL 4",179178,801,"ŞCOALA GIMNAZIALĂ ”ŞERBAN VODĂ”",U,1526,2,457,7,1,0,465,27,20,37,100,43,13,16,33,128,48,5,2,5,7,2,5,1,2,3,3,1,0,2,0,5,1,3,3,4,4,5,2,1,4,6,4,4,3,2,0,8,6,1,7,5,2,2,6,6,13,8,4,5,9,7,3,3,3,4,5,2,5,1,5,1,3,2,4,2,3,0,1,0,0,1,0,0,0,1,0,0,0,0,0,0,0,0,0,0,0,0,0,0,0,0,0,0,0,0,0,0,0,0,0,0,0,0,0,0,0,0,0,0,0,5,4,2,1,0,1,1,2,5,0,0,0,3,2,1,2,1,4,1,3,5,5,4,3,3,4,5,3,6,6,8,4,7,8,9,4,3,3,14,16,6,5,5,6,5,5,7,5,1,4,1,7,3,4,2,1,4,2,1,1,0,0,0,1,2,0,1,0,0,1,0,0,0,0,0,0,0,0,0,0,0,0,0,0,0,0,0,0,0,0,0,0,0,0,0,0,0,0,0,0,0,0
B,"BUCUREŞTI SECTORUL 4","BUCUREŞTI SECTORUL 4",179178,802,"ŞCOALA GIMNAZIALĂ ”ŞERBAN VODĂ”",U,1797,5,617,14,0,0,631,17,28,48,143,73,27,30,61,140,64,1,3,3,3,6,0,1,5,4,2,2,1,2,2,3,3,4,3,4,4,6,3,5,4,3,7,9,10,7,6,9,8,8,10,6,6,11,6,11,9,11,3,2,3,2,9,6,3,8,11,2,7,4,6,5,2,3,6,3,2,1,1,1,1,0,1,2,1,0,2,0,0,1,0,0,0,0,0,0,0,0,0,0,0,0,0,0,0,0,0,0,0,0,0,0,0,0,0,0,0,0,0,0,4,5,2,3,7,3,3,3,3,2,4,2,3,2,3,3,5,5,6,14,5,7,6,5,3,5,5,3,7,7,10,12,5,10,4,6,5,7,10,10,13,6,7,3,4,6,5,6,5,4,5,9,5,4,4,4,4,3,1,5,3,0,0,1,1,0,0,0,0,0,0,0,0,0,0,0,0,0,0,0,0,0,0,0,0,0,0,0,0,0,0,0,0,0,0,0,0,0,0,0,0,0,0
B,"BUCUREŞTI SECTORUL 4","BUCUREŞTI SECTORUL 4",179178,803,"ŞCOALA GIMNAZIALĂ ”ŞERBAN VODĂ”",U,1420,8,484,10,0,0,494,13,20,45,113,42,20,26,50,111,54,2,2,1,3,0,3,2,1,3,1,2,5,2,3,3,0,0,3,5,4,7,10,5,3,3,3,2,7,3,5,3,12,5,8,4,9,7,6,6,6,10,1,5,5,6,3,2,3,1,3,2,3,4,3,1,2,5,7,0,0,3,1,0,1,1,0,0,0,0,0,0,1,1,0,0,0,0,0,0,0,0,0,0,0,0,0,0,0,0,0,0,0,0,0,0,0,0,0,0,0,0,0,0,3,5,4,1,1,3,3,1,2,4,2,5,2,3,3,4,0,3,6,11,4,2,4,4,6,5,5,4,9,4,4,7,0,4,5,3,9,5,12,12,6,6,4,3,5,2,7,3,4,4,0,5,7,0,1,3,5,2,4,1,1,2,4,1,2,0,1,0,1,2,0,0,1,0,0,0,0,0,0,0,0,0,0,0,0,0,0,0,0,0,0,0,0,0,0,0,0,0,0,0,0,0,0
B,"BUCUREŞTI SECTORUL 4","BUCUREŞTI SECTORUL 4",179178,804,"ŞCOALA GIMNAZIALĂ ”ŞERBAN VODĂ”",U,1380,82,485,6,0,0,491,12,18,36,115,53,18,26,39,111,63,3,3,1,2,0,3,0,1,0,1,1,3,2,2,3,2,3,2,4,2,3,3,5,3,3,3,8,5,3,8,6,11,2,10,4,4,7,8,5,12,9,4,2,4,2,6,3,8,2,3,2,8,5,4,4,5,1,3,1,1,1,0,0,0,4,1,0,0,0,0,0,0,0,0,0,0,0,0,0,0,0,0,0,0,0,0,0,0,0,0,0,0,0,0,0,0,0,0,0,0,0,0,0,5,2,3,4,2,2,0,3,1,2,3,3,0,2,6,4,2,5,2,0,6,2,5,4,8,2,5,3,4,8,5,8,9,10,1,3,3,8,7,9,6,2,5,4,2,7,7,3,2,6,6,6,3,4,4,5,2,3,0,0,1,3,2,2,2,2,2,1,1,0,0,2,1,0,0,0,0,0,0,0,0,0,0,0,0,0,0,0,0,0,0,0,0,0,0,0,0,0,0,0,0,0,0
B,"BUCUREŞTI SECTORUL 4","BUCUREŞTI SECTORUL 4",179178,805,"ŞCOALA GIMNAZIALĂ ”ŞERBAN VODĂ”",U,1313,13,526,9,0,0,535,17,24,42,108,54,18,19,62,117,74,2,3,4,1,3,3,1,4,6,0,2,4,1,2,1,2,2,3,3,5,7,4,3,5,4,1,7,3,8,8,5,11,3,3,11,7,4,5,5,13,3,4,3,3,1,5,3,7,4,5,5,3,4,3,2,3,3,6,3,1,1,1,0,0,0,1,0,0,0,0,2,0,0,0,0,0,0,0,0,0,0,0,0,0,0,0,0,0,0,0,0,0,0,0,0,0,0,0,0,0,0,0,0,6,4,3,1,1,3,0,1,5,1,3,1,0,1,2,2,3,5,5,6,10,4,6,5,4,6,11,7,8,4,9,7,11,9,2,3,5,6,5,9,16,2,1,7,3,2,1,4,7,3,10,7,5,3,5,6,6,2,3,2,0,0,1,3,1,1,1,3,0,1,0,0,0,0,0,0,0,0,0,0,0,0,0,0,0,0,0,0,0,0,0,0,0,0,0,0,0,0,0,0,0,0,0
B,"BUCUREŞTI SECTORUL 4","BUCUREŞTI SECTORUL 4",179178,806,"ŞCOALA GIMNAZIALĂ NR. 308",U,1347,5,412,5,0,0,417,16,26,29,97,29,9,28,36,95,52,2,1,2,4,2,1,4,1,2,4,3,4,4,1,4,2,1,3,6,3,5,6,2,2,0,2,0,7,1,8,10,2,11,6,5,4,2,4,9,8,5,1,3,5,2,3,1,2,1,0,3,1,2,3,2,2,2,1,3,1,1,0,0,1,1,1,1,0,0,0,0,1,0,0,0,0,0,0,0,0,0,0,0,0,0,0,0,0,0,0,0,0,0,0,0,0,0,0,0,0,0,0,0,1,2,1,1,2,2,0,4,1,2,4,2,6,3,1,4,1,4,5,3,6,6,4,3,1,3,1,3,5,3,5,4,6,7,5,6,5,2,10,11,7,3,2,3,1,1,6,1,2,1,3,5,3,2,4,4,3,4,4,2,3,3,2,2,2,0,1,1,0,0,0,0,0,0,0,0,0,0,0,0,0,0,0,0,0,0,0,0,0,0,0,0,0,0,0,0,0,0,0,0,0,0,0
B,"BUCUREŞTI SECTORUL 4","BUCUREŞTI SECTORUL 4",179178,807,"ȘCOALA GIMNAZIALĂ NR. 308",U,1298,7,483,6,0,0,489,19,19,34,121,46,19,19,40,86,86,4,3,4,3,4,1,0,1,3,0,1,3,2,2,3,1,3,4,4,2,8,1,2,6,1,3,3,7,1,14,9,10,10,6,7,4,5,7,10,8,7,3,3,1,5,1,3,1,1,0,2,2,3,3,0,3,4,5,3,4,2,2,3,2,2,2,1,0,0,0,0,1,0,0,0,0,0,0,0,0,0,0,0,0,0,0,0,0,0,0,0,0,0,0,0,0,0,0,0,0,0,0,0,4,4,2,3,0,2,4,2,2,0,2,3,3,0,2,1,4,0,5,6,3,2,9,4,4,4,3,2,4,5,11,5,9,6,2,1,1,5,8,9,6,1,2,2,2,2,3,3,3,1,4,7,7,3,9,5,3,8,7,5,5,7,4,2,0,0,1,1,1,0,0,0,0,0,0,0,0,0,0,0,0,0,0,0,0,0,0,0,0,0,0,0,0,0,0,0,0,0,0,0,0,0,0
B,"BUCUREŞTI SECTORUL 4","BUCUREŞTI SECTORUL 4",179178,808,"ŞCOALA GIMNAZIALĂ NR. 308",U,1221,4,452,7,0,0,459,18,25,29,101,40,12,26,32,104,72,3,3,3,1,2,3,3,5,1,2,3,1,3,4,1,3,2,2,4,3,1,4,3,3,1,7,1,1,3,5,2,7,10,6,12,4,4,7,5,9,7,4,2,1,3,4,5,2,0,3,1,1,1,2,2,2,3,2,3,3,5,1,2,2,3,0,0,0,0,1,0,0,0,1,0,0,0,0,0,0,0,0,0,0,0,0,0,0,0,0,0,0,0,0,0,0,0,0,0,0,0,0,0,2,0,3,0,1,3,3,3,3,5,1,5,2,1,0,3,3,1,2,4,6,4,1,3,1,5,5,5,6,8,3,6,7,10,6,4,5,5,9,9,11,0,2,3,3,0,2,3,2,2,3,2,7,6,2,4,7,9,4,4,4,2,3,2,1,3,2,0,0,0,0,0,0,0,0,0,0,0,0,0,0,0,0,0,0,0,0,0,0,0,0,0,0,0,0,0,0,0,0,0,0,0,0
B,"BUCUREŞTI SECTORUL 4","BUCUREŞTI SECTORUL 4",179178,809,"ŞCOALA GIMNAZIALĂ NR. 308",U,1133,2,373,7,0,0,380,13,19,24,86,46,12,15,32,77,56,1,0,5,1,4,2,0,1,4,4,1,2,2,1,1,1,2,4,1,3,2,2,2,4,4,1,1,6,5,4,3,4,7,3,3,5,6,3,4,6,11,4,2,1,4,3,2,6,4,1,2,2,1,4,2,1,3,4,5,3,4,0,0,2,1,0,0,0,0,1,0,0,0,0,0,0,0,0,0,0,0,0,0,0,0,0,0,0,0,0,0,0,0,0,0,0,0,0,0,0,0,0,0,3,3,1,3,1,0,1,0,1,1,1,1,1,1,1,3,5,2,4,3,3,3,5,2,2,3,5,4,4,1,2,4,3,3,4,7,3,1,7,14,7,1,3,4,1,3,1,4,6,2,3,2,5,1,3,5,4,3,2,5,1,3,2,3,0,1,0,0,0,0,0,0,1,0,0,0,0,0,0,0,0,0,0,0,0,0,0,0,0,0,0,0,0,0,0,0,0,0,0,0,0,0,0
B,"BUCUREŞTI SECTORUL 4","BUCUREŞTI SECTORUL 4",179178,810,"ŞCOALA GIMNAZIALĂ NR. 308",U,1292,4,399,10,0,0,409,8,21,38,91,39,16,25,27,88,56,2,1,1,1,2,1,0,0,1,2,2,1,1,2,2,5,5,2,3,2,7,2,5,4,4,3,6,8,4,3,1,4,5,6,1,11,4,5,11,6,6,3,2,3,2,1,5,2,4,3,3,3,1,5,2,1,1,2,3,0,2,1,0,0,0,2,1,0,3,0,0,0,0,0,0,0,0,0,0,0,0,0,0,0,0,0,0,0,0,0,0,0,0,0,0,0,0,0,0,0,0,0,0,2,4,1,3,1,2,3,1,2,1,2,6,2,4,4,1,2,1,5,3,0,2,6,3,4,1,2,3,5,5,4,5,4,5,3,11,4,5,6,5,5,2,0,3,4,3,6,4,4,2,3,4,2,1,5,5,7,2,5,2,2,3,0,1,1,0,0,0,0,1,0,1,1,0,0,0,0,0,0,0,0,0,0,0,0,0,0,0,0,0,0,0,0,0,0,0,0,0,0,0,0,0,0
B,"BUCUREŞTI SECTORUL 4","BUCUREŞTI SECTORUL 4",179178,811,"ŞCOALA GIMNAZIALĂ NR. 308",U,1428,1,413,7,0,0,420,18,17,34,99,39,11,15,32,103,52,5,2,2,4,1,2,2,0,1,0,3,2,3,0,1,4,3,3,2,4,1,3,4,4,5,4,4,2,1,7,5,4,7,9,2,5,3,10,8,6,6,3,10,4,1,3,3,4,1,2,2,3,4,1,2,1,4,3,0,3,2,3,0,0,0,2,0,1,0,0,0,1,0,0,0,0,0,0,0,0,0,0,0,0,0,0,0,0,0,0,0,0,0,0,0,0,0,0,0,0,0,0,0,1,0,3,2,3,1,1,2,1,2,2,2,1,4,0,1,0,2,5,5,1,4,3,2,4,3,3,6,4,7,5,5,5,9,6,6,2,3,5,10,1,3,5,4,7,6,4,1,2,2,4,5,6,3,3,4,5,7,3,1,0,2,0,1,1,1,0,0,0,0,1,0,0,0,0,0,0,0,0,0,0,0,0,0,0,0,0,0,0,0,0,0,0,0,0,0,0,0,0,0,0,0,0
B,"BUCUREŞTI SECTORUL 4","BUCUREŞTI SECTORUL 4",179178,812,"ŞCOALA GIMNAZIALĂ NR. 165",U,1633,2,457,7,0,0,464,12,14,48,100,54,11,20,38,86,81,0,2,3,2,1,2,2,1,0,3,1,2,2,0,1,2,2,2,5,11,6,4,2,2,5,5,6,8,7,3,8,10,6,6,8,6,2,8,3,6,3,2,2,0,5,4,3,4,1,1,2,5,4,6,4,4,3,3,5,3,5,3,0,0,1,0,0,0,0,0,0,0,0,0,0,0,0,0,0,0,0,0,0,0,0,0,0,0,0,0,0,0,0,0,0,0,0,0,0,0,0,0,0,5,2,2,0,0,1,1,2,2,1,1,1,3,1,5,3,1,2,2,5,2,3,2,4,8,3,7,5,5,6,8,8,8,2,4,8,2,5,4,5,3,1,0,1,5,2,4,4,3,5,5,9,6,8,5,8,7,7,2,2,4,1,0,3,0,1,0,0,0,0,0,0,0,0,0,1,0,0,0,0,0,0,0,0,0,0,0,0,0,0,0,0,0,0,0,0,0,0,0,0,0,0,0
B,"BUCUREŞTI SECTORUL 4","BUCUREŞTI SECTORUL 4",179178,813,"ŞCOALA GIMNAZIALĂ NR. 165",U,1707,5,501,6,0,1,508,19,26,34,106,49,23,29,40,115,67,2,4,1,3,2,3,4,3,2,2,3,0,3,5,3,1,4,3,1,5,0,5,3,4,5,2,6,5,5,2,5,7,7,8,4,5,7,9,6,9,8,5,5,2,2,3,2,2,1,2,3,0,4,4,1,5,1,2,2,6,1,2,2,5,2,1,2,0,0,0,1,0,0,0,0,0,0,0,0,0,0,0,0,0,0,0,0,0,0,0,0,0,0,0,0,0,0,0,0,0,0,0,0,4,2,2,4,3,2,6,8,1,5,1,4,3,2,2,2,1,1,4,2,3,4,5,5,3,10,3,0,6,8,11,7,10,6,11,4,4,5,11,6,8,3,2,5,5,0,3,4,4,1,4,6,4,5,4,10,3,5,7,3,1,2,0,0,0,0,1,2,0,1,0,0,0,0,0,0,0,0,0,0,0,0,0,0,0,0,0,0,0,0,0,0,0,0,0,0,0,0,0,0,0,0,0
B,"BUCUREŞTI SECTORUL 4","BUCUREŞTI SECTORUL 4",179178,814,"ŞCOALA GIMNAZIALĂ NR. 165",U,1619,3,443,8,0,0,451,14,19,35,103,41,15,28,37,114,45,3,1,4,2,2,1,1,2,1,1,2,0,1,2,3,2,5,1,3,2,6,4,4,1,4,7,3,2,8,6,8,4,6,6,4,5,3,6,5,7,10,1,3,6,5,4,4,2,3,4,1,4,3,4,2,4,4,1,2,3,0,0,0,0,1,1,2,0,0,0,0,0,0,0,0,0,0,0,0,0,0,0,0,0,0,0,0,0,0,0,0,0,0,0,0,0,0,0,0,0,0,0,0,5,2,1,2,4,1,0,4,1,3,3,3,2,3,2,2,5,5,1,4,2,4,4,5,5,4,3,4,5,6,3,7,4,8,8,5,4,4,5,9,10,7,8,4,6,2,5,3,2,5,5,4,2,6,5,1,1,1,1,3,0,4,1,0,0,1,0,0,0,0,0,0,0,0,0,0,0,0,0,0,0,0,0,0,0,0,0,0,0,0,0,0,0,0,0,0,0,0,0,0,0,0,0
B,"BUCUREŞTI SECTORUL 4","BUCUREŞTI SECTORUL 4",179178,815,"ŞCOALA GIMNAZIALĂ NR. 165",U,1657,9,410,9,0,0,419,8,16,30,97,48,18,16,30,100,56,0,3,1,1,1,1,1,1,3,4,0,1,0,2,1,1,3,3,0,3,3,4,0,5,4,4,4,4,2,2,7,9,5,4,1,3,6,5,9,9,7,1,4,4,2,8,5,5,5,7,6,2,0,6,3,2,3,0,0,1,1,0,2,2,0,0,2,1,0,0,0,0,0,0,0,0,0,0,0,0,0,0,0,0,0,0,0,0,0,0,0,0,0,0,0,0,0,0,0,0,0,0,0,4,6,1,1,3,3,0,3,1,1,1,2,2,3,0,0,3,2,2,3,2,1,5,5,1,3,6,6,5,5,4,8,5,5,8,6,3,4,9,3,6,0,4,4,6,5,4,7,1,5,2,5,4,3,2,2,4,8,3,3,3,0,1,0,0,1,0,0,1,0,0,1,0,0,0,0,0,0,0,0,0,0,0,0,0,0,0,0,0,0,0,0,0,0,0,0,0,0,0,0,0,0,0
B,"BUCUREŞTI SECTORUL 4","BUCUREŞTI SECTORUL 4",179178,816,"ŞCOALA GIMNAZIALĂ NR. 165",U,1497,2,481,9,0,0,490,21,22,35,107,48,12,17,47,102,79,3,4,2,3,4,3,2,2,0,5,1,2,3,1,4,3,1,2,2,2,3,6,3,3,2,6,6,6,7,4,6,5,8,10,3,5,9,4,5,6,11,2,3,6,3,2,2,3,4,3,3,4,6,7,2,2,5,2,1,2,0,1,1,1,0,0,0,0,1,0,0,0,0,0,0,0,0,0,0,0,0,0,0,0,0,0,0,0,0,0,0,0,0,0,0,0,0,0,0,0,0,0,0,2,1,1,0,5,1,2,0,3,1,3,1,2,3,1,2,1,3,4,3,7,4,1,0,9,8,8,5,3,8,3,5,10,5,7,7,5,6,6,4,7,4,2,1,6,4,4,4,4,11,6,8,6,8,3,5,6,6,0,2,4,2,0,2,1,0,0,0,1,0,0,0,0,0,0,0,0,0,0,0,0,0,0,0,0,0,0,0,0,0,0,0,0,0,0,0,0,0,0,0,0,0,0
B,"BUCUREŞTI SECTORUL 4","BUCUREŞTI SECTORUL 4",179178,817,"ŞCOALA GIMNAZIALĂ NR. 165",U,1785,2,549,5,0,2,556,19,17,46,133,48,14,21,39,149,70,3,3,2,4,2,4,1,4,1,0,2,1,1,1,4,1,2,3,5,7,3,1,5,5,6,3,8,4,7,12,4,7,9,10,8,3,6,7,7,11,13,2,4,6,4,2,7,2,7,5,8,6,5,3,0,1,1,0,3,1,1,3,0,1,0,1,0,0,0,0,0,0,0,0,0,0,0,0,0,0,0,0,0,0,0,0,0,0,0,0,0,0,0,0,0,0,0,0,0,0,0,0,0,3,4,1,0,3,1,2,2,0,4,2,3,1,1,3,1,4,0,4,4,4,5,4,3,4,3,8,6,5,5,2,7,12,9,7,7,4,9,9,9,15,6,9,9,7,7,5,8,5,5,5,6,6,6,5,4,4,6,3,1,2,1,2,0,1,0,0,0,0,0,0,0,0,0,0,0,0,0,0,0,0,0,0,0,0,0,0,0,0,0,0,0,0,0,0,0,0,0,0,0,0,0,0
B,"BUCUREŞTI SECTORUL 4","BUCUREŞTI SECTORUL 4",179178,818,"ŞCOALA GIMNAZIALĂ NR. 165",U,2017,2,608,11,0,0,619,20,75,70,93,38,21,85,75,102,40,3,5,1,2,3,3,3,6,6,5,14,4,4,7,12,6,11,6,8,6,7,10,5,14,2,10,2,3,8,6,7,2,3,3,6,6,2,4,4,11,6,8,2,1,1,7,3,5,2,3,4,2,3,2,1,3,2,1,1,3,1,1,0,0,2,1,0,0,1,0,0,0,0,0,0,0,0,0,0,0,0,0,0,0,0,0,0,0,0,0,0,0,0,0,0,0,0,0,0,0,0,0,0,4,2,7,2,1,4,1,6,7,12,9,8,7,6,11,8,11,11,11,7,5,7,4,10,8,6,6,8,7,10,5,6,1,5,6,7,3,4,10,11,5,1,5,3,3,1,1,3,5,7,2,5,2,4,0,3,2,3,3,0,0,0,1,0,0,0,0,0,0,0,0,0,0,0,0,0,0,0,0,0,0,0,0,0,0,0,0,0,0,0,0,0,0,0,0,0,0,0,0,0,0,0,0
B,"BUCUREŞTI SECTORUL 4","BUCUREŞTI SECTORUL 4",179178,819,"ŞCOALA GIMNAZIALĂ NR. 165",U,1897,9,548,7,0,0,555,17,36,57,113,48,9,34,69,105,67,4,5,2,4,1,1,0,1,6,3,3,3,1,4,6,5,4,7,3,5,9,3,5,7,4,8,6,9,10,6,7,8,5,10,6,4,4,10,4,6,5,3,7,2,1,1,5,5,3,4,3,2,4,7,1,1,3,5,4,3,2,0,0,0,1,0,0,0,0,0,0,0,0,0,0,0,0,0,0,0,0,0,0,0,0,0,0,0,0,0,0,0,0,0,0,0,0,0,0,0,0,0,0,1,0,2,2,0,3,1,1,3,3,1,6,1,6,4,4,5,6,5,7,5,13,7,7,3,7,9,4,5,8,12,8,2,7,3,10,7,2,5,4,9,2,3,2,2,6,4,5,6,5,7,6,2,8,4,4,2,5,3,4,2,1,0,2,0,0,1,0,0,0,0,0,0,0,0,0,0,0,0,0,0,0,0,0,0,0,0,0,0,0,0,0,0,0,0,0,0,0,0,0,0,0,0
B,"BUCUREŞTI SECTORUL 4","BUCUREŞTI SECTORUL 4",179178,820,"ŞCOALA GIMNAZIALĂ NR. 165",U,1669,1,427,5,0,0,432,12,13,32,106,44,10,21,31,114,49,7,2,0,0,1,2,0,2,1,1,0,2,2,3,1,0,1,1,5,5,2,4,4,3,3,1,4,7,4,3,3,7,8,7,1,2,5,5,9,8,11,2,6,5,8,3,2,1,5,4,5,4,2,2,2,4,5,1,2,2,1,3,1,0,0,0,0,0,0,0,0,0,0,0,0,0,0,0,0,0,0,0,0,0,0,0,0,0,0,0,0,0,0,0,0,0,0,0,0,0,0,0,0,2,3,2,1,0,2,0,0,2,2,1,1,4,5,4,0,2,3,5,5,2,3,5,3,0,4,1,3,3,6,5,6,9,9,6,2,6,4,8,15,6,2,7,4,4,3,6,3,3,8,4,5,3,5,3,2,1,4,2,1,2,1,0,0,1,0,0,1,0,0,0,0,0,0,0,0,0,0,0,0,0,0,0,0,0,0,0,0,0,0,0,0,0,0,0,0,0,0,0,0,0,0,0
B,"BUCUREŞTI SECTORUL 4","BUCUREŞTI SECTORUL 4",179178,821,"ŞCOALA GIMNAZIALĂ NR. 119",U,1652,19,383,6,0,0,389,17,26,25,85,41,7,25,26,87,50,5,1,2,5,1,2,1,3,3,3,4,2,2,4,2,0,3,1,2,3,3,4,4,2,2,2,2,8,3,4,5,6,4,8,5,5,6,0,6,5,7,3,4,1,3,1,1,4,2,2,8,2,5,6,1,3,1,0,1,2,1,2,1,0,0,0,0,0,0,0,0,0,0,0,0,0,0,0,0,0,0,0,0,0,0,0,0,0,0,0,0,0,0,0,0,0,0,0,0,0,0,0,0,2,2,1,0,0,1,1,0,3,1,3,3,4,4,1,5,1,0,1,3,2,3,2,3,5,2,5,3,4,10,4,3,2,4,4,4,4,4,6,6,2,7,6,4,4,1,5,7,2,7,2,2,3,3,5,4,3,3,0,3,4,2,0,0,0,0,0,0,0,0,0,0,0,0,0,0,0,0,0,0,0,0,0,0,0,0,0,0,0,0,0,0,0,0,0,0,0,0,0,0,0,0,0
B,"BUCUREŞTI SECTORUL 4","BUCUREŞTI SECTORUL 4",179178,822,"ŞCOALA GIMNAZIALĂ NR. 119",U,1433,22,365,9,0,0,374,7,22,35,80,43,5,24,30,76,52,3,0,0,2,1,0,1,3,3,0,2,0,2,4,3,2,3,5,3,3,4,4,3,1,3,2,7,3,2,2,8,2,3,1,0,3,1,8,10,7,12,3,1,2,3,4,5,4,2,2,2,2,9,7,4,2,2,1,0,2,2,0,0,0,1,0,0,1,0,0,0,0,0,0,0,0,0,0,0,0,0,0,0,0,0,0,0,0,0,0,0,0,0,0,0,0,0,0,0,0,0,0,0,1,0,0,1,2,0,1,1,2,2,2,4,3,0,3,3,4,2,2,2,6,3,3,5,4,2,1,6,4,4,2,2,0,6,3,1,4,5,5,4,10,3,4,4,2,5,2,3,3,3,8,11,3,6,4,2,2,1,3,2,0,0,1,0,0,0,0,0,0,0,0,0,0,0,0,0,0,0,0,0,0,0,0,0,0,0,0,0,0,0,0,0,0,0,0,0,0,0,0,0,0,0,0
B,"BUCUREŞTI SECTORUL 4","BUCUREŞTI SECTORUL 4",179178,823,"ŞCOALA GIMNAZIALĂ NR. 119",U,1757,8,636,7,0,0,643,25,21,53,107,90,18,28,60,117,124,7,2,4,3,5,0,4,0,2,5,2,1,2,1,1,3,4,8,4,10,4,7,4,3,2,4,7,6,6,6,7,13,9,5,8,6,4,1,6,6,9,1,2,3,3,2,4,3,3,4,3,6,3,6,4,7,2,11,10,5,9,4,1,3,2,2,1,1,0,0,0,0,0,0,0,0,0,0,0,0,0,0,0,0,0,0,0,0,0,0,0,0,0,0,0,0,0,0,0,0,0,0,0,4,1,5,0,2,5,1,0,1,5,3,1,2,3,3,5,5,6,7,4,5,10,6,7,3,5,7,9,12,8,11,13,4,4,4,5,6,6,4,5,7,3,3,1,4,4,4,3,5,12,7,11,10,13,9,9,13,11,2,4,3,5,5,0,0,0,1,1,0,0,0,0,0,0,0,0,0,0,0,0,0,0,0,0,0,0,0,0,0,0,0,0,0,0,0,0,0,0,0,0,0,0,0
B,"BUCUREŞTI SECTORUL 4","BUCUREŞTI SECTORUL 4",179178,824,"ŞCOALA GIMNAZIALĂ NR. 119",U,1798,1,587,6,0,0,593,17,26,42,142,62,19,28,42,138,77,3,3,2,6,1,0,2,4,6,3,3,0,0,1,1,4,4,5,4,2,2,6,3,4,5,5,6,8,5,5,4,13,11,7,10,3,9,8,8,13,16,3,2,1,4,8,4,1,1,4,9,5,5,4,3,2,3,4,2,2,2,1,3,2,0,4,2,1,0,0,1,0,1,0,0,0,0,0,0,0,0,0,0,0,0,0,0,0,0,0,0,0,0,0,0,0,0,0,0,0,0,0,0,1,5,3,2,2,2,4,1,1,2,3,2,3,3,3,5,5,4,2,5,2,6,3,2,7,7,4,3,6,5,10,8,7,9,9,9,8,9,12,7,8,4,4,2,3,6,9,5,6,3,3,6,4,7,5,3,5,6,5,5,5,2,1,0,0,1,0,1,1,0,2,1,0,0,0,0,0,0,0,0,0,0,0,0,0,0,0,0,0,0,0,0,0,0,0,0,0,0,0,0,0,0,0
B,"BUCUREŞTI SECTORUL 4","BUCUREŞTI SECTORUL 4",179178,825,"ŞCOALA GIMNAZIALĂ NR. 119",U,1816,1,620,5,0,0,625,24,17,48,118,78,22,29,50,126,113,4,6,4,3,2,3,2,3,2,1,1,3,4,0,2,1,0,3,2,6,4,6,5,5,4,3,10,8,8,8,12,8,9,9,6,7,6,3,6,9,6,0,2,3,2,3,3,4,3,4,6,5,7,8,5,10,6,5,2,2,1,0,3,2,2,0,0,1,1,0,0,1,0,0,0,0,0,0,0,0,0,0,0,0,0,0,0,0,0,0,0,0,0,0,0,0,0,0,0,0,0,0,0,3,4,4,3,3,2,3,2,3,2,4,5,3,3,2,1,4,6,1,4,6,6,4,6,6,4,7,12,4,13,5,6,7,7,7,3,5,10,9,9,7,5,4,5,3,1,4,3,4,10,12,17,8,10,11,6,6,4,8,4,4,2,2,0,0,1,0,0,1,0,0,0,0,0,0,0,0,0,0,0,0,0,0,0,0,0,0,0,0,0,0,0,0,0,0,0,0,0,0,0,0,0,0
B,"BUCUREŞTI SECTORUL 4","BUCUREŞTI SECTORUL 4",179178,826,"ŞCOALA GIMNAZIALĂ NR. 119",U,1810,1,456,9,0,0,465,14,27,44,100,50,11,24,36,100,59,2,2,1,0,1,4,4,2,1,4,5,5,0,0,5,3,2,3,5,4,8,7,3,4,3,6,1,8,3,6,6,5,14,5,4,4,4,6,3,6,9,3,1,0,3,4,6,4,1,3,1,5,5,1,2,4,1,5,4,3,1,4,0,1,2,1,0,1,0,1,0,0,0,0,0,0,0,0,0,0,0,0,0,0,0,0,0,0,0,0,0,0,0,0,0,0,0,0,0,0,0,0,0,2,2,1,2,2,1,1,3,3,4,1,4,1,4,2,0,2,2,4,5,3,2,6,4,7,2,1,4,8,8,2,7,2,4,4,9,1,3,5,9,5,4,5,9,3,3,5,3,4,8,6,3,6,2,6,4,4,1,5,0,2,2,1,1,0,0,0,0,1,0,0,0,0,0,0,0,0,0,0,0,0,0,0,0,0,0,0,0,0,0,0,0,0,0,0,0,0,0,0,0,0,0,0
B,"BUCUREŞTI SECTORUL 4","BUCUREŞTI SECTORUL 4",179178,827,"GRĂDINIŢA ”ÎNȘIR”TE MĂRGĂRITE”",U,1222,2,383,8,0,0,391,12,25,27,86,34,12,19,31,84,61,2,1,2,0,2,4,1,1,2,2,3,3,3,3,1,4,3,3,2,3,3,1,3,5,0,3,4,3,5,2,4,6,4,4,7,8,5,3,5,7,2,7,3,4,0,3,4,0,1,1,1,6,4,0,2,4,1,1,4,0,1,1,1,0,1,2,1,0,0,1,0,0,1,0,0,0,0,0,0,0,0,0,0,0,0,0,0,0,0,0,0,0,0,0,0,0,0,0,0,0,0,0,0,3,2,2,0,2,0,3,2,1,0,3,2,4,2,1,2,2,1,3,2,5,3,3,5,1,5,3,2,3,6,4,6,7,7,2,7,7,4,5,6,5,3,4,2,2,1,1,2,4,4,2,2,5,4,1,3,6,5,5,5,1,4,0,1,3,0,1,0,1,2,0,0,0,0,0,0,0,0,0,0,0,0,0,0,0,0,0,0,0,0,0,0,0,0,0,0,0,0,0,0,0,0,0
B,"BUCUREŞTI SECTORUL 4","BUCUREŞTI SECTORUL 4",179178,828,"GRĂDINIŢA ”ÎNȘIR”TE MĂRGĂRITE”",U,1223,181,381,10,0,0,391,9,19,29,83,38,11,22,28,100,52,1,1,1,3,0,1,2,1,0,2,3,1,3,0,4,1,4,1,1,3,2,4,6,1,2,5,4,5,6,5,1,8,6,6,5,3,4,3,5,4,9,2,3,1,1,4,2,1,1,3,1,3,3,3,1,1,5,2,1,4,2,1,1,0,0,0,1,1,2,1,0,0,0,0,0,0,0,0,0,0,0,0,0,0,0,0,0,0,0,0,0,0,0,0,0,0,0,0,0,0,0,0,0,0,2,1,2,2,2,2,2,2,1,3,0,3,3,1,3,4,0,2,4,3,4,2,4,2,4,3,5,4,6,3,9,7,8,2,3,6,6,5,13,6,2,2,4,3,2,4,4,2,4,6,4,3,6,3,4,3,2,4,1,4,0,1,0,0,0,0,0,0,0,1,0,0,0,0,0,0,0,0,0,0,0,0,0,0,0,0,0,0,0,0,0,0,0,0,0,0,0,0,0,0,0,0
B,"BUCUREŞTI SECTORUL 4","BUCUREŞTI SECTORUL 4",179178,829,"ŞCOALA GIMNAZIALĂ GEORGE TOPÂRCEANU",U,1358,3,405,6,0,0,411,18,20,22,108,31,22,7,26,104,53,0,3,1,2,4,4,4,1,2,3,2,2,0,2,1,5,2,1,0,3,1,3,1,4,2,4,3,2,4,7,5,4,9,7,5,6,7,7,9,7,6,2,4,4,5,2,6,2,0,3,1,1,4,2,3,1,3,0,3,1,1,0,1,0,3,0,0,0,1,1,0,0,0,0,0,0,0,0,0,0,0,0,0,0,0,0,0,0,0,0,0,0,0,0,0,0,0,0,0,0,0,0,0,7,5,2,3,2,2,1,0,1,1,0,1,2,0,1,0,1,2,3,2,3,2,3,2,1,3,5,5,3,8,4,5,8,10,5,9,4,5,4,10,5,3,4,2,3,4,3,3,4,3,2,2,6,2,1,2,5,3,3,3,1,3,3,0,1,1,1,2,1,0,1,0,0,0,0,0,0,0,0,0,0,0,0,0,0,0,0,0,0,0,0,0,0,0,0,0,0,0,0,0,0,0,0
B,"BUCUREŞTI SECTORUL 4","BUCUREŞTI SECTORUL 4",179178,830,"ŞCOALA GIMNAZIALĂ GEORGE TOPÂRCEANU",U,1352,4,458,5,0,0,463,15,22,32,105,51,12,23,34,96,73,5,0,2,2,0,2,4,1,1,3,0,2,4,3,4,2,2,3,4,5,3,0,4,6,4,1,2,10,7,7,6,5,3,8,5,5,4,7,12,6,5,2,5,1,1,3,3,1,1,2,2,7,7,4,5,5,4,2,2,2,2,1,2,1,1,0,0,0,0,0,0,0,0,0,0,0,0,0,0,0,0,0,0,0,0,0,0,0,0,0,0,0,0,0,0,0,0,0,0,0,0,0,0,1,2,1,2,1,0,5,0,3,1,5,1,0,2,4,2,5,0,6,1,4,4,7,3,2,2,5,4,9,6,5,6,10,4,5,2,4,6,4,6,7,4,1,0,1,5,7,8,4,8,7,6,8,4,9,4,5,2,1,3,2,1,0,0,0,0,0,0,1,0,0,0,0,0,0,0,0,0,0,0,0,0,0,0,0,0,0,0,0,0,0,0,0,0,0,0,0,0,0,0,0,0,0
B,"BUCUREŞTI SECTORUL 4","BUCUREŞTI SECTORUL 4",179178,831,"ŞCOALA GIMNAZIALĂ GEORGE TOPÂRCEANU",U,1238,43,373,10,0,0,383,11,17,34,89,34,10,16,39,80,53,2,2,2,1,1,1,2,2,2,0,3,0,1,2,5,1,1,1,2,4,4,2,6,3,6,2,4,6,6,5,7,10,3,1,3,3,4,5,4,2,7,6,5,5,5,0,2,4,1,1,3,6,1,4,3,2,0,2,0,1,1,1,1,0,0,0,2,1,0,0,0,0,0,0,0,0,0,0,0,0,0,0,0,0,0,0,0,0,0,0,0,0,0,0,0,0,0,0,0,0,0,0,0,1,1,1,1,1,2,3,0,2,1,0,0,0,3,1,2,7,4,5,1,4,4,4,4,3,4,6,3,6,6,5,3,3,7,5,0,2,5,5,5,7,1,1,4,4,4,4,3,4,4,5,3,6,7,6,1,3,2,5,0,2,1,0,0,0,1,0,0,0,0,0,0,0,0,0,0,0,0,0,0,0,0,0,0,0,0,0,0,0,0,0,0,0,0,0,0,0,0,0,0,0,0,0
B,"BUCUREŞTI SECTORUL 4","BUCUREŞTI SECTORUL 4",179178,832,"ŞCOALA GIMNAZIALĂ GEORGE TOPÂRCEANU",U,1430,6,493,6,0,0,499,13,18,57,95,67,12,16,49,98,74,0,3,2,4,1,1,2,3,1,2,2,1,0,2,2,2,3,3,5,5,8,3,10,4,6,8,5,6,7,2,10,6,7,3,7,8,1,2,5,4,10,2,1,2,3,2,7,4,3,2,9,8,7,8,7,6,3,3,1,1,2,1,0,0,0,1,0,0,0,0,0,1,0,0,0,0,0,0,0,0,0,0,0,0,0,0,0,0,0,0,0,0,0,0,0,0,0,0,0,0,0,0,0,3,4,1,0,0,2,2,0,2,2,2,1,1,4,1,3,0,7,4,3,3,8,3,3,7,5,6,5,3,8,6,7,6,2,2,6,7,3,3,7,12,1,4,2,4,6,4,2,4,6,7,9,14,5,3,4,5,4,1,1,4,1,1,0,2,0,1,0,0,0,0,0,0,0,0,0,0,0,0,0,0,0,0,0,0,0,0,0,0,0,0,0,0,0,0,0,0,0,0,0,0,0,0
B,"BUCUREŞTI SECTORUL 4","BUCUREŞTI SECTORUL 4",179178,833,"ŞCOALA GIMNAZIALĂ NR. 129",U,1296,1,473,11,0,0,484,19,20,33,94,49,18,16,37,111,87,5,3,2,1,4,2,2,2,1,2,0,5,2,1,2,3,2,0,5,4,3,2,2,4,4,1,8,5,6,5,9,5,6,8,4,7,4,3,8,7,7,1,0,1,2,4,2,1,1,1,0,0,1,3,3,4,5,4,3,6,5,1,1,2,2,1,1,0,2,1,0,1,0,0,0,0,0,0,0,0,0,0,0,0,0,0,0,0,0,0,0,0,0,0,0,0,0,0,0,0,0,0,0,3,2,2,3,1,3,4,2,2,1,1,0,3,3,1,1,2,1,5,4,3,3,5,3,5,0,8,9,8,6,10,7,6,9,5,6,4,4,9,5,7,3,3,0,2,2,6,3,3,2,5,4,6,3,8,11,6,7,5,5,2,3,1,3,1,1,4,0,0,0,1,2,0,1,0,0,0,0,0,0,0,0,0,0,0,0,0,0,0,0,0,0,0,0,0,0,0,0,0,0,0,0,0
B,"BUCUREŞTI SECTORUL 4","BUCUREŞTI SECTORUL 4",179178,834,"ŞCOALA GIMNAZIALĂ NR. 129",U,1402,3,587,9,0,0,596,21,22,34,133,62,22,23,40,128,111,3,6,4,1,3,4,0,1,0,3,5,1,3,4,4,1,0,2,0,0,7,2,5,5,1,6,6,10,7,3,8,9,8,15,9,7,10,6,12,7,10,3,3,1,0,0,5,1,4,2,1,2,2,0,0,5,6,5,8,6,4,6,2,1,2,0,1,0,0,1,1,1,0,1,0,0,0,0,0,0,0,0,0,0,0,0,0,0,0,0,0,0,0,0,0,0,0,0,0,0,0,0,0,3,1,3,5,4,3,3,0,2,2,1,2,5,1,5,2,3,3,1,1,3,7,1,6,9,5,4,4,9,10,7,13,12,13,4,6,7,4,7,10,7,1,5,3,3,1,2,5,2,3,2,8,11,5,9,13,9,9,7,6,6,0,3,2,0,1,3,2,2,2,0,0,1,0,0,0,0,0,0,0,0,0,0,0,0,0,0,0,0,0,0,0,0,0,0,0,0,0,0,0,0,0,0
B,"BUCUREŞTI SECTORUL 4","BUCUREŞTI SECTORUL 4",179178,835,"ŞCOALA GIMNAZIALĂ NR. 129",U,1530,4,495,7,0,0,502,15,14,40,93,63,17,31,41,102,86,4,3,2,1,2,0,3,1,1,3,1,1,1,1,2,2,1,5,1,1,2,8,6,5,2,6,4,1,5,6,9,6,8,8,6,3,5,2,5,7,6,1,3,3,3,2,4,3,2,2,1,4,5,7,11,9,2,2,6,2,1,1,1,1,0,1,1,0,1,0,0,0,0,0,0,0,0,0,0,0,0,0,0,0,0,0,0,0,0,0,0,0,0,0,0,0,0,0,0,0,0,0,0,5,5,2,2,0,0,3,3,6,0,0,4,3,3,3,5,4,2,7,2,8,0,6,5,3,4,4,4,5,9,7,11,13,8,2,3,6,4,3,7,3,7,0,1,4,3,2,1,2,3,7,12,9,9,5,3,6,7,7,3,4,1,2,0,0,1,2,1,0,1,0,0,0,0,0,0,0,0,0,0,0,0,0,0,0,0,0,0,0,0,0,0,0,0,0,0,0,0,0,0,0,0,0
B,"BUCUREŞTI SECTORUL 4","BUCUREŞTI SECTORUL 4",179178,836,"ŞCOALA GIMNAZIALĂ NR. 129",U,1518,3,585,8,0,1,594,24,22,41,129,65,16,23,54,132,88,5,3,4,2,3,4,3,2,5,2,2,4,0,1,2,2,2,1,1,3,4,1,10,4,4,7,6,6,6,10,15,9,10,15,4,4,7,6,4,9,7,5,4,1,1,2,4,1,1,0,0,3,5,5,0,3,3,8,4,4,6,7,3,3,0,1,2,1,0,0,1,0,0,1,1,1,0,0,0,0,1,0,0,0,0,0,0,0,0,0,0,0,0,0,0,0,0,0,0,0,0,0,0,4,2,3,2,1,2,2,1,3,0,1,3,2,1,2,3,7,1,2,5,5,6,6,6,6,13,4,9,8,4,9,14,12,7,5,10,9,3,7,4,10,3,4,3,2,4,5,2,3,1,2,4,8,9,9,8,6,10,4,7,4,1,3,2,3,0,0,2,0,0,0,0,0,0,0,0,0,0,0,0,0,0,0,0,0,0,0,0,0,0,0,0,0,0,0,0,0,0,0,0,0,0,0
B,"BUCUREŞTI SECTORUL 4","BUCUREŞTI SECTORUL 4",179178,837,"ŞCOALA GIMNAZIALĂ NR. 129",U,1235,4,391,5,0,0,396,16,16,31,79,28,20,23,52,82,49,7,1,2,1,3,0,2,0,0,3,2,2,1,3,0,4,1,3,2,8,5,1,3,2,2,1,4,4,6,6,4,4,8,4,3,1,1,3,7,9,9,1,2,2,3,1,1,2,2,1,2,4,1,2,2,1,0,2,0,1,2,0,2,0,1,0,0,0,1,1,0,0,0,1,0,0,0,0,0,0,0,0,0,0,0,0,0,0,0,0,0,0,0,0,0,0,0,0,0,0,0,0,0,5,2,1,1,1,7,3,5,1,3,0,2,1,3,1,4,3,5,11,4,4,7,4,5,2,5,5,5,0,5,4,7,4,7,4,6,7,4,9,3,4,2,4,3,2,2,0,2,1,3,2,4,3,3,4,6,5,3,0,1,4,2,0,2,1,2,0,1,0,0,0,0,0,0,0,0,0,0,0,0,0,0,0,0,0,0,0,0,0,0,0,0,0,0,0,0,0,0,0,0,0,0,0
B,"BUCUREŞTI SECTORUL 4","BUCUREŞTI SECTORUL 4",179178,838,"ȘCOALA GIMNAZIALĂ NR. 129",U,1299,1,461,9,0,0,470,11,25,33,88,51,15,24,46,106,71,2,3,0,2,1,2,1,0,3,5,5,2,3,1,0,1,5,1,2,4,4,1,2,7,3,4,5,3,3,5,8,2,12,11,2,10,4,2,4,6,5,0,0,4,4,0,3,2,5,1,2,1,1,3,2,5,2,6,5,5,1,4,0,3,1,1,0,0,0,1,0,0,0,0,0,0,0,0,0,0,0,0,0,0,0,0,0,0,0,0,0,0,0,0,0,0,0,0,0,0,0,0,0,1,2,2,0,1,6,3,2,0,7,0,4,0,3,1,4,3,0,5,5,4,5,5,4,7,6,5,10,5,3,7,4,7,15,3,8,4,5,9,7,3,2,4,2,2,5,1,1,2,2,6,5,5,3,7,7,7,6,6,4,0,3,1,0,1,0,1,2,1,1,0,0,0,0,0,0,0,0,0,0,0,0,0,0,0,0,0,0,0,0,0,0,0,0,0,0,0,0,0,0,0,0,0
B,"BUCUREŞTI SECTORUL 4","BUCUREŞTI SECTORUL 4",179178,839,"ŞCOALA GIMNAZIALĂ ”IONEL TEODOREANU”",U,1220,2,439,7,0,0,446,12,12,42,89,47,9,23,43,83,86,2,3,0,2,0,3,2,2,0,0,0,2,2,1,3,0,2,3,6,7,3,3,4,7,6,2,1,4,6,6,6,8,4,6,7,3,5,6,6,8,4,2,2,0,4,1,1,0,2,3,3,0,3,1,2,1,2,7,3,5,0,2,2,3,1,2,3,0,1,0,0,0,0,0,1,0,0,0,0,0,0,0,0,0,0,0,0,0,0,0,0,0,0,0,0,0,0,0,0,0,0,0,0,3,1,2,1,0,0,2,2,1,2,1,2,3,3,3,2,4,6,3,7,3,5,2,4,2,6,5,6,5,5,7,3,5,7,4,6,2,2,5,6,10,2,1,3,0,3,1,3,2,0,3,3,4,3,6,3,7,9,12,9,5,3,4,1,2,2,2,1,2,0,0,0,0,0,0,0,0,0,0,0,0,0,0,0,0,0,0,0,0,0,0,0,0,0,0,0,0,0,0,0,0,0,0
B,"BUCUREŞTI SECTORUL 4","BUCUREŞTI SECTORUL 4",179178,840,"ŞCOALA GIMNAZIALĂ ”IONEL TEODOREANU”",U,1366,8,489,4,0,0,493,20,14,41,102,52,20,20,46,99,79,3,0,5,1,5,3,3,2,0,1,0,1,1,1,4,3,1,3,4,2,5,5,6,5,2,4,5,4,5,5,3,7,6,9,4,8,5,5,8,10,10,2,1,1,1,3,5,1,2,3,3,3,2,0,3,2,2,8,4,3,5,1,2,1,1,1,0,3,2,0,0,0,0,0,0,0,0,0,0,0,0,0,0,0,0,0,0,0,0,0,0,0,0,0,0,0,0,0,0,0,0,0,0,5,1,4,3,4,2,1,2,3,1,1,2,2,2,2,2,3,4,1,1,7,6,7,4,4,7,5,7,5,4,5,5,7,13,5,6,7,2,6,3,6,2,3,3,1,4,5,3,4,3,3,3,5,3,6,4,6,4,9,5,3,2,4,3,4,3,1,0,0,1,0,0,0,0,0,0,0,0,0,0,0,0,0,0,0,0,0,0,0,0,0,0,0,0,0,0,0,0,0,0,0,0,0
B,"BUCUREŞTI SECTORUL 4","BUCUREŞTI SECTORUL 4",179178,841,"ŞCOALA GIMNAZIALĂ ”IONEL TEODOREANU”",U,1415,3,456,5,0,0,461,13,18,31,87,56,11,25,38,105,77,1,3,3,2,1,2,1,2,1,3,2,2,1,2,3,0,2,2,3,5,0,2,2,6,4,4,3,6,3,2,7,9,5,7,2,3,6,4,4,6,7,2,2,1,2,5,4,2,2,0,5,8,6,4,2,3,2,6,3,3,3,2,0,0,1,1,1,0,1,0,0,1,0,0,0,0,0,0,0,0,0,0,0,0,0,0,0,0,0,0,0,0,0,0,0,0,0,0,0,0,0,0,0,3,1,2,2,1,1,1,4,0,4,6,3,3,0,1,2,2,8,3,3,2,5,4,4,4,2,3,5,6,9,4,7,7,7,8,5,8,2,2,5,3,3,7,3,6,6,2,1,5,7,4,7,6,11,7,5,7,2,2,2,4,1,1,0,0,0,2,1,0,0,0,1,0,0,0,1,0,0,0,0,0,0,0,0,0,0,0,0,0,0,0,0,0,0,0,0,0,0,0,0,0,0,0
B,"BUCUREŞTI SECTORUL 4","BUCUREŞTI SECTORUL 4",179178,842,"ŞCOALA GIMNAZIALĂ ”IONEL TEODOREANU”",U,1492,6,367,6,0,1,374,18,16,18,101,35,3,7,19,110,47,0,3,1,2,3,5,4,1,2,3,1,2,2,0,3,1,1,3,2,1,2,2,3,1,0,2,2,4,2,3,4,3,13,2,5,7,4,7,6,8,5,3,3,7,6,6,3,10,2,6,5,2,3,0,1,2,2,0,1,0,0,0,1,0,0,0,0,0,0,0,0,0,0,0,0,0,0,0,0,0,0,0,0,0,0,0,0,0,0,0,0,0,0,0,0,0,0,0,0,0,0,0,0,0,1,1,0,1,0,0,1,0,1,0,1,0,2,2,0,0,1,4,4,0,2,2,2,3,1,0,5,4,7,7,5,7,4,4,3,4,8,4,10,8,4,3,6,4,4,9,5,11,1,0,6,2,5,3,0,1,3,2,0,1,1,0,3,1,0,0,1,0,0,0,1,0,0,0,0,0,0,0,0,0,0,0,0,0,0,0,0,0,0,0,0,0,0,0,0,0,0,0,0,0,0,0
B,"BUCUREŞTI SECTORUL 4","BUCUREŞTI SECTORUL 4",179178,843,"ŞCOALA GIMNAZIALĂ ”IONEL TEODOREANU”",U,1527,0,410,8,0,0,418,14,13,41,91,44,9,21,28,100,57,4,2,2,1,2,1,2,2,2,2,1,1,3,1,1,0,0,3,3,2,6,3,6,3,6,6,3,6,1,3,5,3,7,1,2,6,2,6,2,8,14,5,4,6,5,3,2,2,5,8,3,2,3,1,3,4,3,0,5,1,0,1,1,1,0,0,0,0,0,0,0,0,1,0,0,0,0,0,0,0,0,0,0,0,0,0,0,0,0,0,0,0,0,0,0,0,0,0,0,0,0,0,0,2,2,1,0,1,3,0,2,5,3,1,4,0,2,0,2,2,2,5,1,5,3,4,3,2,1,2,7,1,1,8,3,3,5,3,6,5,6,6,11,11,3,4,5,1,4,7,3,5,3,4,7,4,3,5,3,5,7,2,1,1,1,0,0,1,0,1,0,0,1,0,0,0,0,0,0,0,0,0,0,0,0,0,0,0,0,0,0,0,0,0,0,0,0,0,0,0,0,0,0,0,0,0
B,"BUCUREŞTI SECTORUL 4","BUCUREŞTI SECTORUL 4",179178,844,"ŞCOALA GIMNAZIALĂ ”IONEL TEODOREANU”",U,1378,1,444,8,0,0,452,13,14,52,85,60,14,13,41,88,72,1,2,2,1,3,1,3,1,0,1,2,2,1,2,3,1,1,2,6,2,5,4,7,6,3,10,7,1,7,4,8,5,2,5,2,7,4,4,9,6,5,3,2,2,3,1,5,1,4,6,8,4,1,5,5,6,2,3,4,3,3,1,1,0,1,1,1,0,0,0,0,0,0,0,0,0,0,0,0,0,0,0,0,0,0,0,0,0,0,0,0,0,0,0,0,0,0,0,0,0,0,0,0,1,1,1,3,5,2,1,2,0,3,1,2,0,0,2,2,1,4,3,5,1,2,3,7,10,3,3,7,4,7,4,6,2,2,6,1,4,9,7,2,7,5,1,1,2,3,8,5,6,7,13,7,2,3,6,3,5,1,2,2,3,0,2,0,0,2,0,1,1,0,0,1,0,0,0,0,0,0,0,0,0,0,0,0,0,0,0,0,0,0,0,0,0,0,0,0,0,0,0,0,0,0,0
B,"BUCUREŞTI SECTORUL 4","BUCUREŞTI SECTORUL 4",179178,845,"ŞCOALA GIMNAZIALĂ NR. 99",U,1404,13,510,8,1,1,520,12,29,44,111,58,18,26,40,107,75,2,1,1,1,1,5,1,1,3,5,5,2,0,2,5,2,4,3,1,6,2,8,4,5,2,6,7,9,6,5,4,12,8,8,2,6,5,11,4,9,3,4,6,4,1,2,2,2,1,3,3,4,7,6,6,4,0,6,2,2,5,1,1,0,0,2,1,0,0,0,1,1,0,0,0,0,0,0,0,0,0,0,0,0,0,0,0,0,0,0,0,0,0,0,0,0,0,0,0,0,0,0,0,0,3,5,1,4,3,2,0,4,3,2,2,6,3,2,2,2,4,3,3,5,3,7,3,3,4,5,8,8,6,4,7,6,6,7,3,11,1,6,7,8,2,2,2,3,6,4,6,4,6,10,6,6,3,9,4,5,1,3,2,3,0,3,1,1,0,0,1,1,0,0,0,0,0,0,0,0,0,0,0,0,0,0,0,0,0,0,0,0,0,0,0,0,0,0,0,0,0,0,0,0,0,0
B,"BUCUREŞTI SECTORUL 4","BUCUREŞTI SECTORUL 4",179178,846,"ŞCOALA GIMNAZIALĂ NR. 99",U,1726,3,554,10,0,0,564,18,28,42,122,63,16,19,45,133,78,2,6,2,0,3,2,3,2,3,3,0,4,3,4,3,2,4,4,6,1,2,4,5,5,2,6,7,2,9,8,3,9,8,5,5,5,4,9,3,11,6,7,4,6,6,6,6,4,7,5,6,2,2,1,1,5,2,6,3,5,1,1,3,2,2,1,2,0,0,0,1,0,0,1,0,0,0,0,0,0,0,0,0,0,0,0,0,0,0,0,0,0,0,0,0,0,0,0,0,0,0,0,0,2,3,3,2,2,2,2,2,0,2,5,2,2,3,1,2,0,3,5,4,7,5,6,3,5,2,5,7,2,9,14,10,8,6,5,8,6,5,5,11,4,5,4,3,11,9,1,5,3,8,3,4,4,6,7,4,7,1,9,4,3,5,0,1,2,0,0,1,0,1,0,0,0,0,0,0,0,0,0,0,0,0,0,0,0,0,0,0,0,0,0,0,0,0,0,0,0,0,0,0,0,0,0
B,"BUCUREŞTI SECTORUL 4","BUCUREŞTI SECTORUL 4",179178,847,"ŞCOALA GIMNAZIALĂ NR. 99",U,1398,3,418,8,0,0,426,16,23,25,109,34,8,16,38,98,59,4,1,1,6,0,4,0,2,0,2,2,4,3,5,2,3,0,3,2,1,4,2,6,4,0,2,1,5,2,8,8,4,2,4,4,4,8,7,9,8,8,5,4,5,2,4,8,2,3,0,2,3,0,4,2,3,2,1,1,3,2,1,3,0,1,0,1,0,0,0,0,0,0,0,0,0,0,0,0,0,0,0,0,0,0,0,0,0,0,0,0,0,0,0,0,0,0,0,0,0,0,0,0,1,2,1,0,2,2,0,0,3,0,4,1,0,1,1,3,3,3,6,7,2,7,4,1,2,2,4,2,0,4,4,3,4,8,6,1,6,5,8,9,10,4,3,5,7,2,7,3,2,2,6,1,6,7,2,3,0,4,4,3,1,2,4,4,0,1,0,1,0,2,0,1,0,0,0,0,0,0,0,0,0,0,0,0,0,0,0,0,0,0,0,0,0,0,0,0,0,0,0,0,0,0,0
B,"BUCUREŞTI SECTORUL 4","BUCUREŞTI SECTORUL 4",179178,848,"ŞCOALA GIMNAZIALĂ NR. 99",U,1619,5,482,7,0,0,489,20,22,43,108,40,15,19,42,125,55,4,3,5,2,0,1,5,5,2,1,1,1,4,1,3,3,1,1,1,5,5,8,5,5,2,8,3,4,10,5,5,6,6,3,8,4,4,9,4,7,10,6,5,4,1,3,4,4,4,1,3,2,4,2,2,1,4,3,4,0,1,0,1,2,2,0,0,0,0,0,0,0,0,0,0,0,0,0,0,0,0,0,0,0,0,0,0,0,0,0,0,0,0,0,0,0,0,0,0,0,0,0,0,4,2,2,0,0,2,5,2,1,4,1,1,0,2,4,3,1,5,5,4,3,3,8,4,3,5,2,11,4,8,6,6,7,6,8,5,2,6,8,12,8,4,4,3,8,3,6,7,5,2,5,5,4,4,4,3,2,1,4,2,0,3,0,3,1,0,0,0,0,0,0,0,0,0,0,0,0,0,0,0,0,0,0,0,0,0,0,0,0,0,0,0,0,0,0,0,0,0,0,0,0,0,0
B,"BUCUREŞTI SECTORUL 4","BUCUREŞTI SECTORUL 4",179178,849,"GRAND ARENA - GRĂDINIȚA NR.4",U,1998,11,701,9,0,1,711,11,45,150,90,19,9,91,158,94,44,3,2,1,3,1,0,1,4,2,3,2,1,3,4,4,10,12,13,24,21,15,17,16,15,14,4,11,12,8,11,11,2,9,4,3,3,1,0,5,6,3,2,2,2,4,1,1,2,3,1,0,1,3,0,4,0,1,1,1,1,0,0,0,0,1,0,0,0,0,0,0,0,0,0,0,0,0,0,0,0,0,0,0,0,0,0,0,0,0,0,0,0,0,0,0,0,0,0,0,0,0,0,0,2,2,0,0,2,1,2,5,7,7,7,7,9,13,9,16,11,23,19,21,18,12,25,14,10,6,10,16,11,4,10,6,3,3,3,2,3,4,5,6,8,2,0,1,3,2,2,2,3,2,5,2,5,3,3,6,4,6,0,1,1,1,0,0,0,0,0,0,0,0,0,0,0,0,0,0,0,0,0,0,0,0,0,0,0,0,0,0,0,0,0,0,0,0,0,0,0,0,0,0,0,0,0
B,"BUCUREŞTI SECTORUL 5","BUCUREŞTI SECTORUL 5",179187,852,"ȘCOALA GIMNAZIALĂ NR.134",U,1828,2,177,14,0,0,191,12,8,12,41,28,6,7,12,40,25,2,2,3,0,2,2,1,1,1,0,3,0,0,1,1,0,1,1,0,0,3,0,0,3,1,3,1,3,0,2,3,2,3,2,2,3,3,1,4,1,4,2,1,2,1,1,1,0,4,2,2,6,3,0,5,3,1,0,0,2,0,0,0,0,0,0,0,0,0,0,0,0,0,0,0,0,0,0,0,0,0,0,0,0,0,0,0,0,0,0,0,0,0,0,0,0,0,0,0,0,0,0,0,0,0,2,0,2,0,2,0,2,0,1,0,1,1,1,0,1,1,0,2,1,3,1,0,1,2,1,4,2,3,4,2,2,3,0,1,1,1,2,5,4,1,0,0,4,0,1,5,1,1,3,1,2,4,0,1,0,4,1,0,2,0,0,0,0,0,0,0,0,0,0,0,0,0,0,0,0,0,0,0,0,0,0,0,0,0,0,0,0,0,0,0,0,0,0,0,0,0,0,0,0,0,0
B,"BUCUREŞTI SECTORUL 5","BUCUREŞTI SECTORUL 5",179187,853,"ȘCOALA GIMNAZIALĂ NR.134",U,1895,43,508,12,0,0,520,17,16,47,125,59,19,21,39,118,59,3,5,1,4,0,1,3,2,2,0,4,2,3,1,1,0,1,4,4,4,5,0,5,7,7,8,3,7,5,7,8,5,6,6,5,8,7,9,10,12,7,3,4,4,4,4,4,4,7,3,6,5,7,5,4,4,0,2,2,2,1,3,2,1,0,0,1,0,0,0,0,0,0,0,0,0,0,0,0,0,0,0,0,0,0,0,0,0,0,0,0,0,0,0,0,0,0,0,0,0,0,0,0,5,4,3,0,1,1,5,3,4,1,2,1,1,1,3,1,4,2,6,3,3,4,4,6,4,5,2,7,4,8,4,8,5,4,5,6,5,8,10,11,10,0,4,1,9,2,7,4,6,7,5,2,6,5,5,0,3,5,3,2,1,0,0,1,1,0,1,2,0,0,0,0,0,0,0,0,0,0,0,0,0,0,0,0,0,0,0,0,0,0,0,0,0,0,0,0,0,0,0,0,0,0,0
B,"BUCUREŞTI SECTORUL 5","BUCUREŞTI SECTORUL 5",179187,854,"ȘCOALA GIMNAZIALĂ NR.134",U,1416,1,346,9,0,0,355,15,15,27,99,28,11,13,29,91,27,7,0,1,0,2,3,2,0,2,2,3,2,2,0,0,2,2,2,5,0,3,3,2,4,3,2,3,4,7,1,5,9,2,7,8,6,5,2,12,5,14,3,0,1,2,2,4,1,1,4,5,0,4,1,3,2,2,1,1,0,1,2,0,0,0,0,0,0,0,0,0,0,0,0,0,0,0,0,0,0,0,0,0,0,0,0,0,0,0,0,0,0,0,0,0,0,0,0,0,0,0,0,0,1,0,1,1,3,3,2,3,0,1,2,1,1,1,2,1,1,2,2,5,1,5,3,1,1,4,5,3,6,5,5,4,6,6,2,5,7,5,6,8,7,4,2,1,3,0,6,1,1,3,2,2,1,1,2,2,4,2,1,3,0,0,1,0,0,0,0,0,0,0,0,1,0,0,0,0,0,0,0,0,0,0,0,0,0,0,0,0,0,0,0,0,0,0,0,0,0,0,0,0,0,0,0
B,"BUCUREŞTI SECTORUL 5","BUCUREŞTI SECTORUL 5",179187,855,"ȘCOALA GIMNAZIALĂ NR.134",U,1610,3,318,12,0,1,331,7,12,23,89,25,11,12,19,82,51,0,2,2,0,0,2,1,0,0,0,3,0,0,3,0,3,3,2,2,1,3,2,1,2,4,1,5,0,2,3,2,5,4,5,6,4,3,7,6,7,7,2,3,4,10,2,7,4,1,1,0,2,1,3,2,6,1,2,0,0,1,0,0,0,0,0,0,0,1,0,0,0,0,0,0,0,0,0,0,0,0,0,0,0,0,0,0,0,0,0,0,0,0,0,0,0,0,0,0,0,0,0,0,2,0,3,2,3,1,0,3,0,0,1,0,1,1,2,3,1,2,1,5,2,1,1,1,1,3,2,5,3,3,5,3,5,4,6,2,11,6,5,5,7,4,0,4,1,2,1,5,4,4,6,5,9,4,6,2,1,1,0,1,2,0,0,0,1,0,0,0,0,0,0,0,0,0,0,0,0,0,0,0,0,0,0,0,0,0,0,0,0,0,0,0,0,0,0,0,0,0,0,0,0,0,0
B,"BUCUREŞTI SECTORUL 5","BUCUREŞTI SECTORUL 5",179187,856,"ȘCOALA GIMNAZIALĂ NR.134",U,1395,8,377,6,0,1,384,12,15,33,91,38,12,17,26,102,38,3,3,1,3,0,1,1,1,2,0,1,2,2,3,1,2,1,5,6,2,4,4,3,2,1,3,3,5,4,4,3,5,5,8,5,8,5,3,8,5,5,3,4,3,5,2,1,5,6,5,3,3,2,4,1,4,1,0,0,0,0,2,0,0,1,0,1,0,0,0,0,0,0,0,0,0,0,0,0,0,0,0,0,0,0,0,0,0,0,0,0,0,0,0,0,0,0,0,0,0,0,0,0,1,3,2,2,2,0,2,1,2,0,1,3,1,2,2,2,3,1,4,2,1,5,3,4,0,3,3,6,5,3,3,6,5,6,3,4,7,5,5,12,8,1,1,2,6,7,7,5,2,1,3,5,4,5,4,1,3,0,2,0,1,0,0,1,0,0,0,0,0,1,0,0,0,0,0,0,0,0,0,0,0,0,0,0,0,0,0,0,0,0,0,0,0,0,0,0,0,0,0,0,0,0,0
B,"BUCUREŞTI SECTORUL 5","BUCUREŞTI SECTORUL 5",179187,857,"ȘCOALA GIMNAZIALĂ NR.134",U,1397,7,327,6,0,0,333,15,9,20,86,30,8,17,21,81,46,1,4,2,1,3,3,1,3,1,2,1,0,0,0,0,2,0,3,0,1,1,5,1,2,4,1,2,5,2,4,6,10,6,3,6,5,6,3,2,3,6,2,2,3,7,3,2,0,3,2,6,2,5,0,2,1,2,4,0,1,0,0,0,0,0,1,0,0,0,0,1,0,0,0,0,0,0,0,0,0,0,0,0,0,0,0,0,0,0,0,0,0,0,0,0,0,0,0,0,0,0,0,0,1,0,0,1,2,0,4,2,2,2,3,1,1,1,2,0,3,0,3,3,5,0,1,3,3,1,2,0,5,6,4,3,3,11,5,6,4,4,4,1,3,2,2,3,4,5,6,4,3,4,3,4,3,3,1,6,0,2,2,3,0,2,0,1,2,0,2,0,0,1,0,0,0,0,0,0,0,0,0,0,0,0,0,0,0,0,0,0,0,0,0,0,0,0,0,0,0,0,0,0,0,0,0
B,"BUCUREŞTI SECTORUL 5","BUCUREŞTI SECTORUL 5",179187,858,"ȘCOALA GIMNAZIALĂ NR.134",U,1951,1,363,9,0,0,372,8,18,38,83,33,9,17,34,90,42,3,2,2,0,0,0,1,2,5,0,1,2,1,3,1,0,3,2,2,3,4,4,4,2,6,3,8,0,3,2,7,6,1,7,6,4,3,3,8,7,5,3,4,2,6,4,2,3,4,1,0,1,3,1,1,2,1,2,5,1,3,2,1,0,0,0,1,0,0,1,0,0,0,0,0,0,0,0,0,0,0,0,0,0,0,0,0,0,0,0,0,0,0,0,0,0,0,0,0,0,0,0,0,1,2,2,1,1,1,1,3,3,3,3,0,1,0,1,0,3,3,4,2,4,3,1,5,5,4,3,3,6,3,3,1,7,9,5,3,4,9,7,10,4,4,2,1,1,3,5,7,3,4,3,4,6,2,4,2,0,3,2,1,0,0,0,1,0,0,0,0,0,0,0,0,0,0,0,0,0,0,0,0,0,0,0,0,0,0,0,0,0,0,0,0,0,0,0,0,0,0,0,0,0,0,0
B,"BUCUREŞTI SECTORUL 5","BUCUREŞTI SECTORUL 5",179187,859,"ȘCOALA GIMNAZIALĂ NR.134",U,1635,2,297,9,0,0,306,9,15,13,92,31,12,7,27,77,23,1,2,1,0,2,2,1,0,1,3,2,1,1,2,1,1,3,4,1,1,1,2,1,1,1,1,0,4,2,0,3,4,3,6,2,2,2,7,2,8,10,2,8,8,5,7,7,3,2,6,1,4,1,0,4,2,2,2,1,0,1,0,0,1,1,0,0,0,0,0,0,0,0,0,0,0,0,0,0,0,0,0,0,0,0,0,0,0,0,0,0,0,0,0,0,0,0,0,0,0,0,0,0,4,0,3,1,1,2,1,1,0,0,0,0,1,1,0,2,2,3,1,4,2,1,2,4,3,3,4,1,2,3,5,2,3,2,1,4,6,5,7,6,7,7,3,5,3,3,2,3,3,6,1,1,0,0,1,0,4,1,1,0,1,0,0,0,0,0,0,0,0,1,0,0,0,0,0,0,0,0,0,0,0,0,0,0,0,0,0,0,0,0,0,0,0,0,0,0,0,0,0,0,0,0,0
B,"BUCUREŞTI SECTORUL 5","BUCUREŞTI SECTORUL 5",179187,860,"ȘCOALA GIMNAZIALĂ NR.134",U,1632,0,277,7,0,0,284,6,9,29,65,21,8,10,22,77,37,2,2,0,0,1,0,1,0,1,1,1,0,1,1,2,2,0,2,4,2,2,4,5,3,2,2,3,3,1,5,1,4,1,3,3,5,2,6,4,8,5,2,3,3,2,3,1,4,2,2,2,0,2,4,1,0,1,0,0,1,1,1,0,0,0,0,0,0,0,0,0,0,0,0,0,0,0,0,0,0,0,0,0,0,0,0,0,0,0,0,0,0,0,0,0,0,0,0,0,0,0,0,0,0,3,1,0,2,1,1,2,2,1,1,0,2,0,0,1,1,4,0,1,3,0,4,3,4,3,0,1,4,6,3,6,0,1,3,2,5,4,7,4,6,1,4,4,5,4,7,6,4,5,2,2,4,2,4,1,2,1,0,2,2,0,0,0,0,0,0,0,0,0,0,0,0,0,0,0,0,0,0,0,0,0,0,0,0,0,0,0,0,0,0,0,0,0,0,0,0,0,0,0,0,0,0
B,"BUCUREŞTI SECTORUL 5","BUCUREŞTI SECTORUL 5",179187,861,"ȘCOALA GIMNAZIALĂ NR.134",U,1609,0,277,11,0,0,288,5,10,28,79,14,14,9,22,88,19,0,3,0,0,0,1,1,0,1,2,0,1,2,2,0,1,1,3,3,4,4,2,1,4,3,2,2,0,3,4,3,2,2,4,5,1,1,4,5,10,12,6,6,2,4,4,1,1,2,3,4,1,1,0,0,1,0,0,0,1,0,0,0,0,0,0,0,0,0,0,0,0,0,0,0,0,0,0,0,0,0,0,0,0,0,0,0,0,0,0,0,0,0,0,0,0,0,0,0,0,0,0,0,1,1,0,2,1,3,6,1,1,1,0,0,1,2,0,0,3,2,3,2,0,0,1,3,4,3,4,2,3,4,2,2,2,2,1,6,5,4,7,10,12,5,5,7,2,3,4,2,5,3,1,1,1,1,1,0,0,2,0,0,0,0,2,0,0,0,0,0,0,0,0,0,0,0,0,0,0,0,0,0,0,0,0,0,0,0,0,0,0,0,0,0,0,0,0,0,0,0,0,0,0,0,0
B,"BUCUREŞTI SECTORUL 5","BUCUREŞTI SECTORUL 5",179187,862,"ȘCOALA GIMNAZIALĂ NR.134",U,1485,2,267,8,1,0,276,5,13,19,64,28,14,17,8,71,37,1,0,0,0,3,1,0,0,1,0,3,1,1,0,1,3,3,2,2,1,1,3,2,2,3,1,2,3,3,2,1,4,3,4,3,8,2,6,4,5,3,5,3,2,1,0,2,3,1,3,0,2,2,4,3,0,3,2,1,2,0,0,0,0,0,0,1,0,0,1,0,0,0,0,0,0,0,0,0,0,0,0,0,0,0,0,0,0,0,0,0,0,0,0,0,0,0,0,0,0,0,0,0,1,1,4,3,2,1,2,1,1,1,2,1,2,3,2,4,0,0,1,0,0,0,3,0,1,3,0,3,3,3,4,4,1,1,4,3,5,4,7,5,7,4,3,6,2,2,0,6,2,2,2,3,2,4,1,4,0,5,3,1,1,0,0,0,0,1,0,0,0,0,0,0,0,0,0,0,0,0,0,0,0,0,0,0,0,0,0,0,0,0,0,0,0,0,0,0,0,0,0,0,0,0,0
B,"BUCUREŞTI SECTORUL 5","BUCUREŞTI SECTORUL 5",179187,863,"COLEGIUL TEHNIC ENERGETIC",U,1139,18,345,10,0,1,356,10,27,24,80,24,10,17,27,86,51,1,2,0,1,2,3,1,2,4,4,6,4,2,1,1,1,2,4,1,1,3,3,1,3,2,5,1,1,3,6,8,1,6,4,6,5,6,2,8,5,5,4,2,3,1,3,1,1,1,2,2,1,0,3,2,3,1,1,0,0,1,1,1,1,1,0,1,0,1,0,0,0,0,0,0,0,0,0,0,0,0,0,0,0,0,0,0,0,0,0,0,0,0,0,0,0,0,0,0,0,0,0,0,1,1,1,1,1,2,3,0,1,3,2,3,1,1,2,3,1,1,4,0,4,3,4,1,1,4,5,3,3,4,3,4,5,3,6,3,6,2,8,6,11,2,6,4,2,4,1,3,3,3,4,2,2,1,3,1,3,4,7,2,4,1,1,2,0,1,2,1,0,0,1,0,0,0,0,0,0,0,0,0,0,0,0,0,0,0,0,0,0,0,0,0,0,0,0,0,0,0,0,0,0,0,0
B,"BUCUREŞTI SECTORUL 5","BUCUREŞTI SECTORUL 5",179187,864,"COLEGIUL TEHNIC ENERGETIC",U,1282,23,420,8,0,0,428,15,25,37,99,39,14,13,26,105,55,3,2,2,2,2,1,3,4,3,2,2,3,1,1,2,4,3,5,4,6,5,5,1,2,5,2,2,9,7,2,5,3,6,2,5,9,5,8,6,5,6,4,2,3,2,3,7,5,2,1,4,6,3,1,1,0,1,1,2,2,0,1,0,2,2,0,1,1,0,1,1,0,0,0,0,0,0,1,0,0,0,0,0,0,0,0,0,0,0,0,0,0,0,0,0,0,0,0,0,0,0,0,0,2,1,2,2,0,2,5,1,3,0,1,1,2,1,0,1,3,1,3,3,5,4,1,2,3,0,4,8,6,4,5,7,3,4,3,9,3,5,9,9,11,2,2,4,5,2,4,3,3,5,2,4,4,1,3,4,2,3,3,2,3,2,3,2,2,1,1,1,0,0,1,0,0,0,0,0,0,0,0,0,0,0,0,0,0,0,0,0,0,0,0,0,0,0,0,0,0,0,0,0,0,0,0
B,"BUCUREŞTI SECTORUL 5","BUCUREŞTI SECTORUL 5",179187,865,"COLEGIUL TEHNIC ENERGETIC",U,1000,2,281,8,0,0,289,16,16,17,70,25,10,10,19,66,40,2,5,3,2,2,1,1,2,1,0,5,1,2,0,2,2,1,0,4,0,2,0,1,1,5,1,3,2,3,3,4,2,2,5,4,4,5,3,5,8,5,0,4,5,4,1,1,3,0,2,3,1,1,1,3,1,3,2,0,1,1,0,1,1,0,0,0,0,0,0,0,1,0,0,0,0,0,0,0,0,0,0,0,0,0,0,0,0,0,0,0,0,0,0,0,0,0,0,0,0,0,0,0,3,1,0,2,0,0,4,1,2,0,0,2,2,2,0,0,1,1,0,0,3,4,4,1,3,2,1,3,5,4,2,9,4,4,1,4,4,1,4,4,2,2,4,3,1,3,2,1,3,0,2,4,1,2,1,4,2,2,2,8,0,0,0,0,2,2,2,1,0,1,0,0,0,0,0,0,0,0,0,0,0,0,0,0,0,0,0,0,0,0,0,0,0,0,0,0,0,0,0,0,0,0,0
B,"BUCUREŞTI SECTORUL 5","BUCUREŞTI SECTORUL 5",179187,866,"COLEGIUL TEHNIC ENERGETIC",U,1019,169,337,6,0,0,343,16,20,24,70,37,5,22,27,80,42,3,1,4,2,4,1,1,1,1,1,1,3,1,2,3,5,2,4,2,1,1,2,4,2,1,4,3,1,2,3,4,3,2,4,1,3,7,3,8,4,10,3,1,4,2,4,1,3,7,4,4,1,7,0,3,0,0,2,3,1,0,0,0,1,0,0,1,0,0,0,0,0,0,0,0,0,0,0,0,0,0,0,0,0,0,0,0,0,0,0,0,0,0,0,0,0,0,0,0,0,0,0,0,1,1,0,2,0,0,1,1,4,1,0,0,4,2,3,5,2,1,1,2,4,5,2,2,1,5,4,3,5,3,1,5,2,4,1,3,6,5,7,9,6,3,2,6,2,4,3,3,1,3,6,3,2,5,4,1,2,0,2,1,0,2,1,1,1,0,0,1,0,1,1,1,0,0,0,0,0,0,0,0,0,0,0,0,0,0,0,0,0,0,0,0,0,0,0,0,0,0,0,0,0,0,0
B,"BUCUREŞTI SECTORUL 5","BUCUREŞTI SECTORUL 5",179187,867,"ȘCOALA GIMNAZIALĂ NR.136",U,1726,1,253,10,0,0,263,8,12,18,79,23,4,14,17,61,27,1,1,2,1,0,0,3,0,2,1,3,0,0,1,1,3,1,1,3,3,0,2,0,3,0,3,3,6,5,3,2,2,8,3,4,3,7,3,4,8,6,3,0,5,2,3,2,2,3,2,3,0,1,1,1,1,2,1,1,1,1,0,1,1,0,0,0,0,0,1,0,0,0,0,0,0,0,0,0,0,0,0,0,0,0,0,0,0,0,0,0,0,0,0,0,0,0,0,0,0,0,0,0,1,1,1,0,1,0,0,1,1,1,0,2,2,2,2,3,0,0,1,2,3,2,3,1,2,2,1,6,1,2,0,4,4,2,4,5,1,3,4,5,4,1,1,1,5,2,6,2,4,3,3,1,2,2,5,0,2,0,1,0,0,1,0,1,0,0,0,0,0,0,0,0,0,0,0,0,0,0,0,0,0,0,0,0,0,0,0,0,0,0,0,0,0,0,0,0,0,0,0,0,0,0,0
B,"BUCUREŞTI SECTORUL 5","BUCUREŞTI SECTORUL 5",179187,868,"ȘCOALA GIMNAZIALĂ NR.136",U,1230,0,177,8,0,0,185,6,5,17,49,14,4,6,19,43,22,1,0,2,0,0,1,2,1,0,1,0,0,1,1,1,0,0,2,1,4,0,2,2,1,2,0,3,1,2,4,1,3,4,4,2,1,3,3,4,3,4,3,1,2,1,1,2,2,3,0,1,2,1,1,1,0,0,1,1,0,0,0,0,0,1,0,0,0,0,0,0,0,0,0,0,0,0,0,0,0,0,0,0,0,0,0,0,0,0,0,0,0,0,0,0,0,0,0,0,0,0,0,0,0,0,3,0,1,0,0,0,2,0,1,0,1,0,0,2,0,2,0,1,1,0,5,2,1,3,4,2,2,4,2,1,5,1,1,1,2,3,2,3,3,2,1,2,1,5,0,2,1,1,4,3,2,0,1,4,1,0,0,0,1,1,0,0,0,0,1,0,0,0,0,0,0,0,0,0,0,0,0,0,0,0,0,0,0,0,0,0,0,0,0,0,0,0,0,0,0,0,0,0,0,0,0
B,"BUCUREŞTI SECTORUL 5","BUCUREŞTI SECTORUL 5",179187,869,"ȘCOALA GIMNAZIALĂ NR.136",U,1747,0,194,3,0,0,197,6,3,12,46,24,4,11,12,65,14,1,1,2,0,0,0,2,0,0,1,0,0,0,0,1,0,1,2,1,1,1,1,1,3,0,1,1,1,2,3,2,2,3,0,2,1,3,6,2,2,4,3,3,0,1,3,3,5,4,3,1,2,1,2,0,2,2,0,1,0,0,0,0,0,0,0,1,0,0,0,0,0,0,0,0,0,0,0,0,0,0,0,0,0,0,0,0,0,0,0,0,0,0,0,0,0,0,0,0,0,0,0,0,0,1,0,1,1,0,1,1,2,0,2,0,0,2,2,1,1,1,4,1,0,0,2,3,0,1,0,1,4,2,0,2,4,6,2,2,1,6,7,9,8,2,3,0,2,3,1,2,1,0,0,1,3,1,1,0,2,2,0,0,0,0,0,0,0,0,0,1,0,0,0,0,0,0,0,0,0,0,0,0,0,0,0,0,0,0,0,0,0,0,0,0,0,0,0,0,0,0,0,0,0,0,0
B,"BUCUREŞTI SECTORUL 5","BUCUREŞTI SECTORUL 5",179187,870,"ȘCOALA GIMNAZIALĂ NR.136",U,1209,0,236,6,0,0,242,4,11,16,52,33,5,11,16,62,32,1,0,1,0,1,1,0,2,1,1,0,1,1,0,0,2,3,1,2,2,1,2,1,1,0,5,1,2,1,3,4,2,2,2,0,3,3,2,4,5,7,1,4,1,0,4,2,6,6,3,4,1,1,1,1,2,1,1,2,1,1,1,0,1,0,0,0,0,0,0,0,0,0,0,0,0,0,0,0,0,0,0,0,0,0,0,0,0,0,0,0,0,0,0,0,0,0,0,0,0,0,0,0,1,1,0,1,2,0,0,1,1,0,1,1,2,1,1,1,2,2,2,3,0,2,0,2,2,3,0,2,2,3,3,2,0,5,3,2,3,6,4,6,3,3,4,6,3,0,2,6,4,4,3,2,3,0,1,6,0,0,0,1,0,1,0,0,0,0,0,0,0,0,0,1,0,0,0,0,0,0,0,0,0,0,0,0,0,0,0,0,0,0,0,0,0,0,0,0,0,0,0,0,0,0,0
B,"BUCUREŞTI SECTORUL 5","BUCUREŞTI SECTORUL 5",179187,871,"ȘCOALA GIMNAZIALĂ NR.136",U,1418,0,271,8,0,0,279,7,9,24,74,21,6,11,24,70,33,0,2,0,1,1,1,2,1,0,1,2,1,1,2,0,0,1,2,5,0,3,5,0,0,1,1,7,3,4,4,1,1,4,5,3,4,2,8,3,6,6,2,2,7,4,2,3,1,4,2,3,3,1,3,0,0,0,1,2,0,0,0,0,0,1,0,0,0,0,0,0,0,0,0,0,0,0,0,0,0,0,0,0,0,0,0,0,0,0,0,0,0,0,0,0,0,0,0,0,0,0,0,0,3,1,0,1,1,0,0,1,1,0,2,0,3,0,1,2,1,2,2,2,1,1,4,6,4,1,1,0,2,4,4,2,4,6,1,5,2,3,2,8,4,3,6,4,4,3,3,2,3,5,4,4,2,3,0,0,0,3,4,3,0,0,0,0,0,0,0,0,0,0,0,0,0,0,0,0,0,0,0,0,0,0,0,0,0,0,0,0,0,0,0,0,0,0,0,0,0,0,0,0,0,0,0
B,"BUCUREŞTI SECTORUL 5","BUCUREŞTI SECTORUL 5",179187,872,"ȘCOALA GIMNAZIALĂ NR.136",U,1419,4,267,7,0,0,274,7,9,25,62,25,10,12,21,67,36,1,0,1,2,0,2,1,0,1,1,2,2,1,1,0,1,0,2,3,3,2,6,2,1,2,3,1,2,2,1,5,0,5,4,3,4,4,3,2,3,6,3,2,3,4,2,4,5,3,2,5,0,2,1,3,0,2,0,0,0,0,1,0,1,0,0,0,0,0,0,0,0,0,0,0,0,0,0,0,0,0,0,0,0,0,0,0,0,0,0,0,0,0,0,0,0,0,0,0,0,0,0,0,1,2,2,0,2,2,1,1,2,0,2,1,1,0,1,1,3,0,2,2,4,3,4,1,1,4,0,4,1,5,4,1,6,4,3,2,5,3,1,9,2,3,3,2,3,2,4,3,7,5,5,2,6,2,2,1,2,0,1,0,0,0,0,0,0,0,0,0,0,0,0,0,0,0,0,0,0,0,0,0,0,0,0,0,0,0,0,0,0,0,0,0,0,0,0,0,0,0,0,0,0,0,0
B,"BUCUREŞTI SECTORUL 5","BUCUREŞTI SECTORUL 5",179187,873,"ȘCOALA GIMNAZIALĂ NR.136",U,1403,0,260,8,0,0,268,7,11,22,72,14,9,12,13,72,36,2,2,0,1,0,0,2,0,0,1,3,0,3,1,1,1,1,2,2,2,1,2,6,2,1,2,2,4,3,4,2,3,2,4,3,2,5,3,4,3,9,3,5,2,4,4,3,1,1,1,1,1,2,1,0,2,0,0,2,1,0,0,0,1,0,0,0,0,0,0,0,0,0,0,0,0,0,0,0,0,0,0,0,0,0,0,0,0,0,0,0,0,0,0,0,0,0,0,0,0,0,0,0,1,0,2,1,1,2,2,0,1,0,2,1,2,2,1,2,1,1,1,1,0,0,4,2,1,1,2,0,4,4,2,2,4,2,2,4,3,7,4,9,13,4,2,1,1,1,3,7,2,2,5,3,3,0,1,3,2,2,2,0,0,2,1,0,0,0,0,0,0,0,0,0,0,1,0,0,0,0,0,0,0,0,0,0,0,0,0,0,0,0,0,0,0,0,0,0,0,0,0,0,0,0,0
B,"BUCUREŞTI SECTORUL 5","BUCUREŞTI SECTORUL 5",179187,874,"ȘCOALA GIMNAZIALĂ NR.2",U,1164,0,228,38,0,0,266,7,9,22,61,36,7,11,21,51,41,2,2,0,2,1,0,0,0,1,1,0,1,2,2,1,0,1,0,2,5,2,0,3,1,3,3,3,3,6,5,4,1,3,2,3,6,3,4,2,3,4,3,1,0,2,4,2,1,1,6,2,3,4,1,4,2,0,3,3,3,1,0,0,0,0,1,0,0,1,0,0,0,0,0,0,0,0,0,0,0,0,0,0,0,0,0,0,0,0,0,0,0,0,0,0,0,0,0,0,0,0,0,0,3,3,0,0,1,0,0,2,1,1,2,1,1,1,1,0,1,2,1,5,2,1,3,1,2,1,3,2,4,0,0,5,3,3,2,2,3,4,2,4,4,1,0,5,2,2,3,2,3,5,2,1,3,3,4,1,3,3,3,2,0,1,1,0,1,0,1,1,1,0,0,0,0,0,0,0,0,0,0,0,0,0,0,0,0,0,0,0,0,0,0,0,0,0,0,0,0,0,0,0,0,0,0
B,"BUCUREŞTI SECTORUL 5","BUCUREŞTI SECTORUL 5",179187,875,"ȘCOALA GIMNAZIALĂ NR.2",U,1379,0,277,14,0,1,292,8,15,22,78,23,10,10,21,72,33,0,2,0,2,1,2,1,0,0,2,0,4,1,1,1,2,4,0,3,0,1,3,4,3,1,4,3,3,1,4,3,5,3,5,3,4,7,4,6,5,12,2,2,4,3,2,0,2,2,3,0,0,3,1,3,1,2,0,1,2,1,1,0,1,0,0,0,0,0,0,0,0,0,0,0,0,0,0,0,0,0,0,0,0,0,0,0,0,0,0,0,0,0,0,0,0,0,0,0,0,0,0,0,0,2,2,2,2,1,1,0,2,1,0,3,0,1,1,0,2,2,5,3,0,1,2,3,3,1,1,5,1,1,7,3,8,4,5,4,1,6,5,6,1,2,3,2,3,1,4,5,1,3,1,3,4,3,2,2,4,2,0,1,1,0,0,0,0,1,0,0,0,0,0,0,0,0,0,0,0,0,0,0,0,0,0,0,0,0,0,0,0,0,0,0,0,0,0,0,0,0,0,0,0,0,0
B,"BUCUREŞTI SECTORUL 5","BUCUREŞTI SECTORUL 5",179187,876,"ȘCOALA GIMNAZIALĂ NR.2",U,1152,5,263,13,0,1,277,8,15,21,76,20,8,13,16,70,30,3,1,1,2,0,0,1,5,1,3,1,0,1,1,1,1,1,1,1,4,2,1,3,2,1,2,4,2,6,2,2,0,2,8,4,0,4,5,10,3,8,4,2,4,2,3,5,4,2,1,2,0,1,4,1,1,0,0,1,1,1,0,0,0,1,0,0,0,0,0,0,0,0,0,0,0,0,0,0,0,0,0,0,0,0,0,0,0,0,0,0,0,0,0,0,0,0,0,0,0,0,0,0,1,2,2,0,1,2,0,2,2,1,0,2,0,3,1,1,1,1,4,0,0,3,1,3,0,3,1,3,2,1,2,2,5,3,4,4,4,5,5,4,7,3,3,1,5,4,3,3,1,3,2,2,2,3,0,1,1,4,1,1,0,1,0,0,1,2,1,0,0,1,0,0,0,0,0,0,0,0,0,0,0,0,0,0,0,0,0,0,0,0,0,0,0,0,0,0,0,0,0,0,0,0,0
B,"BUCUREŞTI SECTORUL 5","BUCUREŞTI SECTORUL 5",179187,877,"ȘCOALA GIMNAZIALĂ NR.2",U,1006,3,201,6,0,0,207,6,14,19,50,16,8,15,15,38,26,1,1,0,2,1,1,0,1,1,0,2,1,1,0,1,2,5,2,0,0,2,2,8,1,1,1,2,3,4,2,5,3,1,1,3,2,3,3,3,5,6,0,1,1,0,2,2,0,1,1,3,3,0,1,0,2,1,0,0,1,1,0,1,0,0,1,0,0,0,0,0,0,0,0,0,0,0,0,0,0,0,0,0,0,0,0,0,0,0,0,0,0,0,0,0,0,0,0,0,0,0,0,0,2,0,0,1,2,2,1,0,2,3,3,1,1,1,1,3,0,0,0,1,5,1,1,2,3,1,1,3,1,3,1,2,1,1,0,4,2,3,4,3,4,1,1,1,1,2,0,1,4,1,3,2,1,4,1,1,2,3,0,1,0,1,1,0,0,0,0,0,0,0,0,0,0,0,0,0,0,0,0,0,0,0,0,0,0,0,0,0,0,0,0,0,0,0,0,0,0,0,0,0,0,0,0
B,"BUCUREŞTI SECTORUL 5","BUCUREŞTI SECTORUL 5",179187,878,"ȘCOALA GIMNAZIALĂ NR.2",U,1375,3,280,7,0,0,287,12,9,28,61,38,6,16,26,61,30,1,2,3,2,3,1,0,2,1,0,1,2,0,2,0,1,0,3,2,3,4,3,2,5,0,4,2,3,3,1,2,5,3,3,3,3,1,4,5,3,2,1,5,5,4,1,4,4,4,4,5,3,3,3,1,1,0,3,2,0,2,2,0,0,0,0,1,0,0,0,0,0,0,0,0,0,0,0,0,0,0,0,0,0,0,0,0,0,0,0,0,0,0,0,0,0,0,0,0,0,0,0,0,1,2,2,0,0,1,0,4,3,2,2,0,1,1,1,1,1,1,2,2,4,2,3,3,3,3,3,4,2,4,4,3,4,3,2,0,3,4,3,3,7,2,5,0,1,2,5,1,3,4,2,4,3,2,2,1,1,1,2,2,0,2,0,0,0,0,0,0,0,0,0,0,0,0,0,0,0,0,0,0,0,0,0,0,0,0,0,0,0,0,0,0,0,0,0,0,0,0,0,0,0,0,0
B,"BUCUREŞTI SECTORUL 5","BUCUREŞTI SECTORUL 5",179187,879,"ȘCOALA GIMNAZIALĂ NR.188",U,943,7,276,4,0,1,281,5,17,20,53,37,10,10,21,68,40,1,0,1,2,0,0,1,2,0,3,0,4,2,1,1,3,1,1,1,1,4,2,2,3,1,4,1,1,3,3,5,2,3,3,3,2,0,3,3,6,4,2,2,2,3,3,0,3,3,3,2,5,5,2,2,0,4,0,2,0,2,0,1,0,0,0,0,0,1,0,1,1,0,0,0,0,0,0,0,0,0,0,0,0,0,0,0,0,0,0,0,0,0,0,0,0,0,0,0,0,0,0,0,3,2,0,1,2,1,1,0,2,0,0,1,2,2,1,2,0,1,1,2,2,4,3,3,2,2,1,5,5,5,5,3,4,6,2,2,2,1,5,6,5,3,3,1,1,1,3,4,3,6,4,2,4,2,0,0,3,1,1,2,2,4,1,0,0,0,0,1,0,0,0,0,0,0,0,0,0,0,0,0,0,0,0,0,0,0,0,0,0,0,0,0,0,0,0,0,0,0,0,0,0,0,0
B,"BUCUREŞTI SECTORUL 5","BUCUREŞTI SECTORUL 5",179187,880,"ȘCOALA GIMNAZIALĂ NR.188",U,1309,27,445,6,0,0,451,14,32,41,84,54,14,18,46,96,52,5,0,1,2,2,3,1,5,3,3,1,2,2,3,6,3,4,3,2,7,7,6,3,2,3,6,2,4,4,3,9,5,7,9,2,3,3,3,3,8,7,3,1,2,6,1,1,2,1,2,8,3,4,0,5,4,4,1,5,4,0,2,1,0,2,1,1,1,0,2,0,0,1,0,0,0,0,0,0,0,0,0,0,0,0,0,0,0,0,0,0,0,0,0,0,0,0,0,0,0,0,0,0,0,2,2,4,2,3,1,0,2,1,1,1,2,4,6,0,1,4,1,7,8,11,3,3,5,4,0,5,4,6,9,4,9,2,3,5,6,8,6,10,3,2,5,1,3,2,3,7,1,4,5,6,5,3,2,1,2,4,2,2,3,0,1,2,0,0,2,0,0,0,0,0,0,0,0,0,0,0,0,0,0,0,0,0,0,0,0,0,0,0,0,0,0,0,0,0,0,0,0,0,0,0,0
B,"BUCUREŞTI SECTORUL 5","BUCUREŞTI SECTORUL 5",179187,881,"ȘCOALA GIMNAZIALĂ NR.188",U,847,0,291,6,0,0,297,12,11,29,63,32,11,8,25,56,50,4,1,1,3,1,1,1,1,0,1,2,2,1,2,0,2,0,2,1,1,1,5,6,2,5,2,4,0,6,4,11,5,2,2,5,2,1,1,4,4,6,2,2,1,0,3,2,2,1,1,1,1,1,1,3,2,2,3,7,1,4,0,0,1,0,0,0,0,1,0,0,0,0,0,0,0,0,0,0,0,0,0,0,0,0,0,0,0,0,0,0,0,0,0,0,0,0,0,0,0,0,0,0,3,0,3,0,1,2,2,0,1,1,0,2,0,1,2,0,1,0,1,2,5,1,1,5,1,2,7,5,3,2,7,5,2,5,1,3,3,1,2,2,4,4,2,0,1,1,3,2,2,2,3,3,6,5,5,3,5,1,3,5,2,2,0,1,0,0,0,0,0,0,0,0,0,0,0,0,0,0,0,0,0,0,0,0,0,0,0,0,0,0,0,0,0,0,0,0,0,0,0,0,0,0,0
B,"BUCUREŞTI SECTORUL 5","BUCUREŞTI SECTORUL 5",179187,882,"ȘCOALA GIMNAZIALĂ NR.188",U,967,200,295,11,0,1,307,7,16,32,65,36,10,14,28,56,43,1,0,1,1,1,1,2,1,0,3,4,1,6,0,0,0,1,3,2,6,3,2,5,5,2,2,2,1,1,5,3,7,1,3,3,4,3,4,4,9,6,0,2,2,4,1,2,2,3,1,5,3,6,1,2,3,2,1,1,2,1,1,0,1,0,0,0,1,0,0,0,0,0,0,0,0,0,0,0,0,0,0,0,0,0,0,0,0,0,0,0,0,0,0,0,0,0,0,0,0,0,0,0,2,1,0,2,1,0,4,1,1,1,4,2,2,2,0,0,1,2,3,1,4,4,4,3,2,2,3,2,2,3,4,4,2,4,4,3,2,3,5,3,7,0,0,2,2,2,2,1,4,2,4,3,5,8,2,2,0,2,3,1,1,1,0,1,2,0,1,0,0,0,0,0,0,0,0,0,0,0,0,0,0,0,0,0,0,0,0,0,0,0,0,0,0,0,0,0,0,0,0,0,0,0,0
B,"BUCUREŞTI SECTORUL 5","BUCUREŞTI SECTORUL 5",179187,883,"ȘCOALA GIMNAZIALĂ NR.188",U,759,2,206,9,0,0,215,6,9,20,39,24,8,5,24,51,29,2,0,0,1,1,2,0,0,1,1,2,1,0,1,0,3,0,0,1,1,1,4,3,0,2,2,6,3,0,1,1,3,3,1,2,2,8,2,2,1,3,0,1,1,1,2,2,1,1,3,0,4,2,1,3,1,1,2,1,0,2,0,0,1,1,0,0,0,0,0,0,0,0,0,0,0,0,0,0,0,0,0,0,0,0,0,0,0,0,0,0,0,0,0,0,0,0,0,0,0,0,0,0,0,2,1,1,2,1,1,0,0,1,1,1,1,0,0,0,1,1,5,2,3,2,0,4,3,2,2,2,4,3,3,4,4,3,2,2,1,2,3,4,2,2,1,4,0,1,4,2,1,5,3,0,2,2,1,1,0,2,0,4,2,2,0,0,1,1,0,0,0,0,0,0,0,0,0,0,0,0,0,0,0,0,0,0,0,0,0,0,0,0,0,0,0,0,0,0,0,0,0,0,0,0,0
B,"BUCUREŞTI SECTORUL 5","BUCUREŞTI SECTORUL 5",179187,884,"ȘCOALA GIMNAZIALĂ ”LUCEAFĂRUL”",U,1054,3,386,12,0,0,398,10,17,35,77,52,13,20,40,88,46,4,3,2,0,0,1,0,1,2,1,2,0,2,1,3,2,3,1,1,9,5,4,2,2,3,4,4,2,10,4,6,6,5,1,1,2,4,1,5,4,6,2,7,4,2,4,1,5,5,4,6,6,4,4,5,2,4,2,1,2,0,0,0,0,0,2,0,0,0,0,0,0,0,0,0,0,0,0,0,0,0,0,0,0,0,0,0,0,0,0,0,0,0,0,0,0,0,0,0,0,0,0,0,3,1,2,3,2,1,1,2,1,1,2,2,1,5,1,3,2,3,4,6,6,1,3,7,1,5,4,3,3,4,6,6,2,7,2,1,1,6,4,5,8,5,1,5,6,10,3,5,7,4,0,5,2,3,1,6,2,4,1,3,0,1,1,1,0,0,0,0,0,0,0,0,0,0,0,0,0,0,0,0,0,0,0,0,0,0,0,0,0,0,0,0,0,0,0,0,0,0,0,0,0,0,0
B,"BUCUREŞTI SECTORUL 5","BUCUREŞTI SECTORUL 5",179187,885,"ȘCOALA GIMNAZIALĂ ”LUCEAFĂRUL”",U,1396,46,498,18,0,0,516,12,39,50,88,51,25,37,57,101,56,5,0,0,3,1,2,1,4,5,5,3,2,2,7,5,3,3,3,4,9,6,4,8,2,7,0,7,6,7,9,8,4,4,4,4,1,4,7,2,5,8,2,3,1,5,3,1,3,7,6,5,5,1,7,1,1,3,0,3,4,1,1,2,1,0,0,0,0,0,0,0,0,0,0,0,0,0,0,0,0,0,0,0,0,0,0,0,0,0,0,0,0,0,0,0,0,0,0,0,0,0,0,0,5,4,6,4,3,2,1,3,6,4,5,2,3,4,3,3,4,8,7,4,4,8,3,5,10,3,5,8,4,3,5,7,4,8,4,1,3,6,6,6,5,3,6,7,6,5,4,4,7,4,5,11,1,6,4,3,1,2,1,2,4,0,0,0,0,1,0,0,0,0,0,0,0,0,0,0,0,0,0,0,0,0,0,0,0,0,0,0,0,0,0,0,0,0,0,0,0,0,0,0,0,0,0
B,"BUCUREŞTI SECTORUL 5","BUCUREŞTI SECTORUL 5",179187,886,"ȘCOALA GIMNAZIALĂ ”LUCEAFĂRUL”",U,1004,3,323,9,0,0,332,8,14,22,70,41,13,10,23,77,54,2,2,0,0,0,1,3,2,0,2,1,1,2,3,1,0,2,1,0,3,0,6,4,3,1,3,1,3,2,3,6,4,3,6,5,1,3,5,3,7,2,2,2,5,2,4,2,3,3,1,3,1,8,1,1,2,5,4,1,1,2,1,1,1,0,1,1,0,0,0,0,0,0,0,0,0,0,0,0,0,0,0,0,0,0,0,0,0,0,0,0,0,0,0,0,0,0,0,0,0,0,0,0,2,2,0,1,2,4,2,3,1,0,0,2,0,1,1,1,1,6,1,2,1,4,1,4,1,1,2,4,1,2,4,3,7,5,4,4,7,2,4,7,5,4,4,3,4,2,1,3,5,6,4,1,6,5,4,2,3,2,6,2,2,0,2,1,0,0,0,0,0,0,0,0,0,0,0,0,0,0,0,0,0,0,0,0,0,0,0,0,0,0,0,0,0,0,0,0,0,0,0,0,0,0,0
B,"BUCUREŞTI SECTORUL 5","BUCUREŞTI SECTORUL 5",179187,887,"ȘCOALA GIMNAZIALĂ ”LUCEAFĂRUL”",U,1135,7,356,7,0,0,363,6,17,44,71,35,8,14,37,83,48,0,0,4,0,2,0,0,0,0,2,3,0,3,2,3,1,3,1,6,4,5,2,8,5,4,5,4,5,1,3,6,8,0,3,2,2,4,1,5,3,7,1,5,7,3,2,3,4,5,2,4,1,2,1,1,1,4,3,1,1,2,0,0,1,0,1,0,0,0,1,0,0,0,0,0,0,0,0,0,0,0,0,0,0,0,0,0,0,0,0,0,0,0,0,0,0,0,0,0,0,0,0,0,0,0,1,0,3,3,1,1,0,2,2,2,1,2,1,0,3,4,1,4,6,3,7,3,4,4,1,5,4,5,1,5,5,3,1,1,6,11,3,4,5,5,4,3,2,6,4,7,3,2,4,7,6,2,1,5,1,1,0,1,2,2,0,2,1,0,0,0,1,0,0,0,0,0,0,0,0,0,0,0,0,0,0,0,0,0,0,0,0,0,0,0,0,0,0,0,0,0,0,0,0,0,0
B,"BUCUREŞTI SECTORUL 5","BUCUREŞTI SECTORUL 5",179187,888,"ȘCOALA GIMNAZIALĂ ”LUCEAFĂRUL”",U,1351,26,471,10,0,0,481,17,17,62,103,52,13,29,50,93,45,6,2,3,2,1,1,2,2,4,1,0,3,0,0,2,2,3,3,6,5,8,6,6,5,7,7,9,5,6,5,10,7,12,4,3,6,4,5,5,4,6,3,2,4,4,3,5,6,2,4,2,2,6,4,3,2,1,6,5,2,0,1,0,0,0,0,1,2,0,0,2,1,0,0,0,0,0,0,0,0,0,0,0,0,0,0,0,0,0,0,0,0,0,0,0,0,0,0,0,0,0,0,0,2,2,1,1,4,3,0,6,3,2,0,1,1,2,2,6,6,1,4,5,6,7,8,7,5,3,4,8,5,8,8,5,5,5,2,3,1,3,7,11,6,0,2,1,1,5,7,5,2,1,2,2,4,5,1,4,5,1,3,2,3,1,0,0,0,2,2,0,0,0,0,0,0,0,0,0,0,0,0,0,0,0,0,0,0,0,0,0,0,0,0,0,0,0,0,0,0,0,0,0,0,0,0
B,"BUCUREŞTI SECTORUL 5","BUCUREŞTI SECTORUL 5",179187,889,"ȘCOALA GIMNAZIALĂ ”LUCEAFĂRUL”",U,1260,14,383,5,0,1,389,8,28,33,90,33,18,22,31,88,38,1,1,0,2,1,2,1,2,2,2,5,3,3,7,1,2,1,5,2,4,4,4,2,3,4,3,2,3,5,2,3,2,4,5,7,5,2,4,8,5,10,3,4,3,7,1,7,5,1,5,2,2,6,2,2,2,2,1,0,1,0,0,1,0,0,0,0,0,0,0,0,1,0,0,0,0,0,0,0,0,0,0,0,0,0,0,0,0,0,0,0,0,0,0,0,0,0,0,0,0,0,0,0,5,1,2,6,3,1,0,2,1,2,2,2,4,4,3,1,1,2,2,6,1,7,2,1,3,4,3,4,1,3,3,2,3,7,6,3,6,7,9,8,10,5,1,2,1,3,4,1,3,9,5,2,1,3,0,2,2,5,1,1,1,0,0,0,0,1,0,0,0,0,0,0,0,0,0,1,0,0,0,0,0,0,0,0,0,0,0,0,0,0,0,0,0,0,0,0,0,0,0,0,0,0,0
B,"BUCUREŞTI SECTORUL 5","BUCUREŞTI SECTORUL 5",179187,890,"ȘCOALA GIMNAZIALĂ ”LUCEAFĂRUL”",U,1020,17,338,5,2,0,345,7,19,26,82,35,10,11,29,82,44,0,1,2,1,1,2,0,3,2,1,2,1,1,2,1,3,3,4,4,2,5,3,0,2,1,3,2,7,2,7,5,6,6,3,3,4,2,5,5,8,2,2,4,3,3,0,5,0,3,4,4,3,3,4,0,1,4,1,1,1,3,1,0,0,1,1,0,0,0,0,0,0,0,0,0,0,0,0,0,0,0,0,0,0,0,0,0,0,0,0,0,0,0,0,0,0,0,0,0,0,0,0,0,2,1,0,1,3,2,1,0,1,3,0,2,0,2,2,1,0,4,0,0,6,4,5,3,2,2,3,8,6,4,2,1,3,1,4,4,4,3,11,6,5,2,2,2,4,8,2,4,5,5,4,3,6,2,3,2,0,4,1,2,1,0,1,1,0,0,0,0,0,0,0,0,0,0,0,0,0,0,0,0,0,0,0,0,0,0,0,0,0,0,0,0,0,0,0,0,0,0,0,0,0,0,0
B,"BUCUREŞTI SECTORUL 5","BUCUREŞTI SECTORUL 5",179187,891,"ȘCOALA GIMNAZIALĂ NR.135",U,1060,3,375,10,0,0,385,11,14,40,84,35,11,20,38,88,44,2,1,2,2,0,2,2,1,1,4,2,0,2,0,1,1,2,3,3,2,7,4,4,3,7,4,3,7,3,2,5,7,5,4,4,5,4,5,6,7,7,1,4,3,0,3,2,6,4,3,0,4,1,5,3,2,1,1,3,1,0,0,0,0,0,0,1,0,0,0,0,0,0,0,0,0,0,0,0,0,0,0,0,0,0,0,0,0,0,0,0,0,0,0,0,0,0,0,0,0,0,0,0,3,3,2,0,1,0,2,0,1,0,2,1,3,4,3,3,3,5,3,3,2,7,2,2,7,4,3,5,3,8,6,8,3,4,7,4,4,5,4,7,4,3,2,2,3,4,2,6,6,3,2,6,3,3,4,1,1,0,4,2,1,0,1,0,0,0,0,0,0,0,1,0,0,0,0,0,0,0,0,0,0,0,0,0,0,0,0,0,0,0,0,0,0,0,0,0,0,0,0,0,0,0,0
B,"BUCUREŞTI SECTORUL 5","BUCUREŞTI SECTORUL 5",179187,892,"ȘCOALA GIMNAZIALĂ NR.135",U,1241,5,454,10,0,0,464,9,24,37,89,55,13,24,56,95,62,3,0,1,2,2,0,1,3,0,0,1,4,5,0,3,2,6,0,3,2,2,3,2,7,9,3,6,10,7,3,4,7,3,6,3,5,6,7,3,2,5,2,3,5,2,3,3,2,4,6,5,4,5,4,5,2,5,3,3,3,2,0,0,1,0,0,0,0,0,1,0,0,0,0,0,0,0,0,0,0,0,0,0,0,0,0,0,0,0,0,0,0,0,0,0,0,0,0,0,0,0,0,0,7,1,1,0,3,1,0,3,3,2,4,3,3,1,3,0,2,3,8,2,4,7,5,3,7,10,7,9,10,5,2,2,5,6,4,2,1,7,6,2,6,2,2,5,8,6,5,4,8,8,7,6,3,3,4,1,3,2,3,2,0,2,0,0,0,0,1,2,0,2,0,1,0,0,0,0,0,0,0,0,0,0,0,0,0,0,0,0,0,0,0,0,0,0,0,0,0,0,0,0,0,0,0
B,"BUCUREŞTI SECTORUL 5","BUCUREŞTI SECTORUL 5",179187,893,"ȘCOALA GIMNAZIALĂ NR.135",U,1180,2,338,7,0,0,345,6,17,39,77,35,5,11,38,78,39,1,1,1,1,0,1,1,1,1,4,0,4,2,0,3,2,0,3,4,2,7,8,6,2,1,3,3,6,5,5,3,3,6,6,1,4,4,5,4,1,3,3,3,4,2,2,7,5,3,6,3,4,1,0,2,4,1,3,1,1,1,0,0,0,0,0,0,0,0,0,0,0,0,0,0,0,0,0,0,0,0,0,0,0,0,0,0,0,0,0,0,0,0,0,0,0,0,0,0,0,0,0,0,0,2,1,1,1,0,0,0,2,0,2,0,1,1,2,2,1,3,7,5,3,3,5,8,2,1,1,4,3,1,1,4,3,4,3,5,3,3,3,6,7,5,4,8,4,3,4,4,4,7,2,2,3,6,2,3,1,2,0,0,0,0,3,0,0,0,0,0,0,0,0,0,0,0,0,0,0,0,0,0,0,0,0,0,0,0,0,0,0,0,0,0,0,0,0,0,0,0,0,0,0,0,0
B,"BUCUREŞTI SECTORUL 5","BUCUREŞTI SECTORUL 5",179187,894,"ȘCOALA GIMNAZIALĂ NR.135",U,1628,1,517,8,0,0,525,20,25,49,105,44,15,34,48,116,69,2,3,4,2,6,0,3,2,0,3,2,4,3,4,2,4,1,5,7,6,3,9,5,5,2,4,3,5,5,7,4,6,9,9,4,5,5,7,5,11,7,4,2,4,4,0,2,5,4,6,4,5,1,4,1,0,4,2,1,1,2,2,0,0,1,1,0,0,0,0,0,0,0,0,0,0,0,0,0,0,0,0,0,0,0,0,0,0,0,0,0,0,0,0,0,0,0,0,0,0,0,0,0,4,4,3,1,1,2,0,5,1,3,2,3,2,5,4,4,5,3,5,6,4,6,3,6,4,4,7,5,3,11,7,10,3,2,4,8,5,10,7,10,5,5,4,6,3,3,5,5,3,9,5,6,3,2,4,4,5,4,3,2,1,2,3,1,2,1,1,0,0,1,1,0,0,0,1,0,0,0,0,0,0,0,0,0,0,0,0,0,0,0,0,0,0,0,0,0,0,0,0,0,0,0,0
B,"BUCUREŞTI SECTORUL 5","BUCUREŞTI SECTORUL 5",179187,906,"ȘCOALA GIMNAZIALĂ ”GEORGE CĂLINESCU”",U,1288,3,279,10,0,0,289,5,13,26,66,24,6,17,31,69,32,0,0,1,0,1,3,0,1,1,0,3,1,3,0,2,1,1,1,3,1,2,2,3,4,5,3,2,5,3,2,2,1,2,5,1,7,4,12,2,8,3,1,2,2,2,0,2,1,3,4,4,3,3,3,1,0,1,0,0,0,0,0,0,0,0,0,0,1,0,0,0,0,0,0,0,0,0,0,0,0,0,0,0,0,0,0,0,0,0,0,0,0,0,0,0,0,0,0,0,0,0,0,0,1,2,2,1,0,0,0,1,1,1,1,2,0,3,0,4,4,1,3,4,2,4,3,2,1,2,9,1,4,3,3,5,2,1,4,3,5,3,2,10,7,2,2,3,6,2,1,3,1,3,3,4,1,5,1,3,2,3,0,0,2,0,0,0,1,0,0,0,0,0,0,0,0,0,0,0,0,0,0,0,0,0,0,0,0,0,0,0,0,0,0,0,0,0,0,0,0,0,0,0,0,0,0
B,"BUCUREŞTI SECTORUL 5","BUCUREŞTI SECTORUL 5",179187,907,"ȘCOALA GIMNAZIALĂ ”GEORGE CĂLINESCU”",U,1244,2,287,10,0,0,297,9,10,29,67,30,5,16,23,65,43,3,1,2,1,0,1,1,0,2,0,1,1,2,1,1,1,1,2,2,0,2,0,3,5,5,5,5,5,3,3,3,2,5,10,4,3,3,4,2,4,1,3,1,2,1,3,5,3,3,4,3,1,5,2,1,2,2,0,1,1,0,0,0,0,1,0,0,0,1,0,0,0,0,0,0,0,0,0,0,0,0,0,0,0,0,0,0,0,0,0,0,0,0,0,0,0,0,0,0,0,0,0,0,0,1,0,1,2,1,0,0,1,1,1,2,1,4,4,0,2,1,5,1,2,2,4,4,2,0,2,4,4,2,4,4,9,1,3,3,3,2,2,4,4,0,2,1,3,6,4,5,4,5,2,3,3,2,5,5,2,1,2,0,0,0,0,2,0,0,0,0,0,1,1,0,0,0,0,0,0,0,0,0,0,0,0,0,0,0,0,0,0,0,0,0,0,0,0,0,0,0,0,0,0,0,0
B,"BUCUREŞTI SECTORUL 5","BUCUREŞTI SECTORUL 5",179187,908,"ȘCOALA GIMNAZIALĂ ”GEORGE CĂLINESCU”",U,1517,1,348,6,0,0,354,11,17,30,78,48,10,19,24,73,44,3,1,0,3,3,0,1,4,1,0,1,1,2,2,1,2,3,1,2,6,3,1,2,3,4,3,5,4,6,4,4,1,4,6,2,4,5,7,5,2,5,3,4,3,2,2,5,4,4,4,6,2,4,7,2,2,5,2,1,2,1,0,0,1,0,0,0,1,0,0,0,0,0,0,0,0,0,0,0,0,0,0,0,0,0,0,0,0,0,0,0,0,0,0,0,0,0,0,0,0,0,0,0,0,0,0,4,2,0,4,3,2,2,0,1,1,2,0,2,6,1,2,4,4,3,2,2,0,4,2,0,3,3,5,5,5,2,3,4,3,5,3,4,5,4,3,4,4,3,5,3,6,4,5,4,4,4,2,0,2,3,2,1,0,2,0,0,0,0,0,0,1,0,0,0,0,0,0,0,1,0,0,0,0,0,0,0,0,0,0,0,0,0,0,0,0,0,0,0,0,0,0,0,0,0,0
B,"BUCUREŞTI SECTORUL 5","BUCUREŞTI SECTORUL 5",179187,909,"ȘCOALA GIMNAZIALĂ ”GEORGE CĂLINESCU”",U,1627,1,388,10,0,0,398,10,19,38,77,61,10,19,23,86,55,0,1,2,1,3,3,0,3,1,0,4,1,4,1,0,4,1,1,3,5,2,4,2,4,8,5,4,4,1,1,6,7,4,7,3,2,1,6,4,5,6,3,2,4,3,5,3,3,5,3,6,9,2,4,5,3,3,3,4,2,3,1,1,0,1,1,1,0,0,0,0,0,1,0,0,0,0,0,0,0,0,0,0,0,0,0,0,0,0,0,0,0,0,0,0,0,0,0,0,0,0,0,0,0,0,2,3,1,1,3,2,1,4,1,0,0,4,1,2,4,2,2,4,2,5,2,1,1,1,3,2,0,6,3,3,1,9,4,5,1,10,8,5,2,3,5,4,5,3,7,5,6,8,4,8,2,4,2,8,2,1,2,2,0,0,0,1,0,0,0,0,0,0,0,0,0,0,0,0,0,0,0,0,0,0,0,0,0,0,0,0,0,0,0,0,0,0,0,0,0,0,0,0,0,0,0
B,"BUCUREŞTI SECTORUL 5","BUCUREŞTI SECTORUL 5",179187,910,"ȘCOALA GIMNAZIALĂ ”GEORGE CĂLINESCU”",U,1538,2,373,6,0,0,379,6,16,35,90,45,13,17,29,84,44,0,0,3,0,2,1,0,1,2,0,5,2,1,2,0,2,1,4,4,2,5,5,1,5,2,3,4,6,4,7,4,4,3,3,4,3,4,3,7,5,5,4,5,8,7,2,2,3,3,7,3,5,1,3,4,3,3,1,3,1,2,1,0,2,0,0,0,0,0,0,0,0,0,0,0,0,0,0,0,0,0,0,0,0,0,0,0,0,0,0,0,0,0,0,0,0,0,0,0,0,0,0,0,1,2,2,1,3,4,0,2,0,2,1,3,2,4,0,1,2,1,2,2,3,4,5,5,2,1,4,2,4,2,3,4,1,5,3,3,2,6,4,13,5,8,5,4,2,5,3,2,5,7,3,4,4,0,4,2,2,3,1,1,3,0,1,0,0,0,0,0,1,0,0,0,1,0,0,0,0,0,0,0,0,0,0,0,0,0,0,0,0,0,0,0,0,0,0,0,0,0,0,0,0,0,0
B,"BUCUREŞTI SECTORUL 5","BUCUREŞTI SECTORUL 5",179187,911,"ȘCOALA GIMNAZIALĂ ”PETRACHE POENARU”",U,1600,1,295,7,0,0,302,12,11,28,63,46,16,12,24,49,41,5,2,2,0,1,2,0,1,2,1,1,2,0,0,2,1,1,3,1,1,4,5,2,3,3,4,2,4,4,5,4,5,2,5,2,1,2,1,7,4,4,0,2,4,2,1,4,6,5,3,4,5,3,0,2,4,2,4,1,3,1,1,1,1,0,0,0,0,0,0,0,0,0,0,0,0,0,0,0,0,0,0,0,0,0,0,0,0,0,0,0,0,0,0,0,0,0,0,0,0,0,0,0,3,2,1,1,3,2,4,0,3,2,2,0,0,1,1,0,3,7,5,3,2,0,3,2,1,0,1,1,3,3,1,4,3,4,1,0,2,5,3,1,3,3,1,4,6,1,0,4,4,10,4,0,1,3,4,2,2,2,3,1,0,0,0,1,0,0,0,0,0,0,0,0,0,0,0,0,0,0,0,0,0,0,0,0,0,0,0,0,0,0,0,0,0,0,0,0,0,0,0,0,0,0,0
B,"BUCUREŞTI SECTORUL 5","BUCUREŞTI SECTORUL 5",179187,912,"ȘCOALA GIMNAZIALĂ ”PETRACHE POENARU”",U,1650,3,282,6,0,0,288,12,18,19,75,37,9,9,7,63,39,1,1,1,3,3,2,1,2,1,5,3,1,2,0,1,2,1,2,4,3,3,0,2,1,2,2,0,3,1,1,1,3,6,1,6,3,6,2,2,6,11,5,2,5,3,6,2,4,2,5,2,5,1,6,3,2,1,0,1,0,2,2,0,0,0,1,0,0,0,0,0,0,0,0,0,0,0,0,0,0,0,0,0,0,0,0,0,0,0,0,0,0,0,0,0,0,0,0,0,0,0,0,0,2,4,1,1,1,0,0,0,0,1,1,2,1,1,1,1,1,1,0,0,2,0,0,2,1,1,0,0,4,1,4,5,4,3,3,3,3,5,3,6,2,1,5,1,1,6,3,6,3,2,7,1,1,2,2,4,1,1,2,3,1,0,0,2,0,0,0,1,0,0,0,0,0,0,0,0,0,0,0,0,0,0,0,0,0,0,0,0,0,0,0,0,0,0,0,0,0,0,0,0,0,0,0
B,"BUCUREŞTI SECTORUL 5","BUCUREŞTI SECTORUL 5",179187,913,"ȘCOALA GIMNAZIALĂ ”PETRACHE POENARU”",U,1929,3,433,10,0,0,443,10,26,53,86,23,13,33,51,109,39,3,2,1,0,3,1,0,1,2,2,1,3,2,6,0,2,7,9,1,4,7,8,10,7,2,2,3,5,5,7,9,5,2,4,3,3,5,4,7,11,5,3,3,2,2,1,0,3,3,1,1,1,4,4,0,2,0,0,1,0,0,0,0,0,0,0,0,1,0,0,2,0,0,0,0,0,0,0,0,0,0,0,0,0,0,0,0,0,0,0,0,0,0,0,0,0,0,0,0,0,0,0,0,4,0,4,1,1,2,1,3,4,5,2,3,3,5,1,2,5,8,3,4,6,6,5,7,5,4,3,5,4,4,6,10,5,7,1,7,4,2,8,12,10,3,1,3,3,7,7,6,2,1,3,7,4,5,4,1,2,1,1,2,0,0,0,0,0,0,0,0,0,0,0,0,0,0,0,0,0,0,0,0,0,0,0,0,0,0,0,0,0,0,0,0,0,0,0,0,0,0,0,0,0,0,0
B,"BUCUREŞTI SECTORUL 5","BUCUREŞTI SECTORUL 5",179187,914,"ȘCOALA GIMNAZIALĂ ”PETRACHE POENARU”",U,1704,2,418,11,0,0,429,7,20,105,49,26,8,30,104,56,24,1,2,2,1,0,1,0,4,2,2,0,2,1,3,1,2,3,4,8,14,19,12,14,10,9,7,8,6,5,7,4,1,3,3,2,1,2,3,2,3,3,0,2,0,1,1,0,2,3,3,3,0,1,3,1,0,3,1,3,0,1,0,0,1,0,1,0,0,0,0,0,0,0,0,0,0,0,0,0,0,0,0,0,0,0,0,0,0,0,0,0,0,0,0,0,0,0,0,0,0,0,0,0,1,2,3,1,1,0,0,1,1,0,1,3,3,3,4,5,9,13,17,9,13,10,12,6,7,12,5,6,5,5,7,3,3,2,0,3,2,4,2,3,5,2,1,1,0,2,0,2,1,4,2,3,2,1,3,3,0,0,2,1,0,0,0,0,0,0,0,0,0,0,0,0,0,0,0,0,0,0,0,0,0,0,0,0,0,0,0,0,0,0,0,0,0,0,0,0,0,0,0,0,0,0,0
B,"BUCUREŞTI SECTORUL 5","BUCUREŞTI SECTORUL 5",179187,915,"ȘCOALA GIMNAZIALĂ ”PETRACHE POENARU”",U,1850,2,407,6,0,0,413,18,21,43,96,27,11,30,27,101,39,7,2,4,3,1,0,1,3,1,0,3,1,1,2,6,2,2,4,4,2,4,6,8,3,3,7,2,3,4,3,9,6,5,8,2,9,3,5,4,9,6,3,2,3,5,1,6,4,2,0,2,3,3,0,0,2,1,2,1,0,0,0,2,1,1,0,0,2,1,0,0,0,0,0,0,0,0,0,0,0,0,0,0,0,0,0,0,0,0,0,0,0,0,0,0,0,0,0,0,0,0,0,0,2,2,1,0,3,1,2,3,1,3,4,3,2,5,2,5,2,3,2,2,3,4,1,3,3,3,3,6,8,4,3,6,11,8,2,7,2,3,6,6,7,2,4,6,4,2,4,2,5,6,3,3,2,1,1,2,4,3,1,2,1,1,2,0,0,0,0,0,0,0,0,0,0,0,0,0,0,0,0,0,0,0,0,0,0,0,0,0,0,0,0,0,0,0,0,0,0,0,0,0,0,0,0
B,"BUCUREŞTI SECTORUL 5","BUCUREŞTI SECTORUL 5",179187,916,"ȘCOALA GIMNAZIALĂ ”PETRACHE POENARU”",U,1828,14,409,8,0,0,417,15,29,38,78,33,13,26,42,91,52,1,2,3,3,2,2,2,3,5,1,2,5,1,4,3,5,0,7,9,1,3,2,4,3,2,5,2,6,2,2,3,0,7,3,1,3,2,7,9,7,10,5,0,4,1,1,5,1,6,3,1,1,3,1,2,1,5,0,2,2,0,1,1,1,0,0,0,0,1,0,0,0,1,0,0,0,0,0,0,0,0,0,0,0,0,0,0,0,0,0,0,0,0,0,0,0,0,0,0,0,0,0,0,1,1,3,4,0,2,2,1,4,2,1,4,5,1,0,2,6,6,9,5,3,3,2,1,6,2,5,4,6,2,3,5,4,7,4,2,5,11,6,11,6,3,2,1,2,2,5,4,4,3,4,5,3,1,5,0,4,4,2,3,1,2,1,2,0,2,1,0,0,0,0,0,0,0,0,1,0,0,0,0,0,0,0,0,0,0,0,0,0,0,0,0,0,0,0,0,0,0,0,0,0,0,0
B,"BUCUREŞTI SECTORUL 5","BUCUREŞTI SECTORUL 5",179187,917,"ȘCOALA GIMNAZIALĂ ”PETRACHE POENARU”",U,1631,3,273,6,0,0,279,8,14,26,57,28,13,19,23,63,28,1,2,1,1,1,0,2,3,1,0,0,3,0,2,3,0,2,5,5,2,2,4,1,1,2,3,1,1,5,6,2,3,3,2,3,3,3,2,3,2,3,3,4,5,1,1,2,4,4,4,3,1,1,0,1,0,1,2,2,1,0,0,1,0,0,1,1,0,0,0,0,1,0,0,0,0,0,0,0,0,0,0,0,0,0,0,0,0,0,0,0,0,0,0,0,0,0,0,0,0,0,0,0,3,3,0,1,1,3,2,2,3,1,1,2,2,0,0,4,4,1,1,1,4,3,2,4,1,2,4,6,6,5,1,1,1,4,5,1,1,1,3,4,10,0,0,3,5,1,5,4,3,3,1,3,3,1,1,1,1,2,1,0,2,1,1,0,0,0,0,0,0,0,0,0,0,0,0,0,0,0,0,0,0,0,0,0,0,0,0,0,0,0,0,0,0,0,0,0,0,0,0,0,0,0,0
B,"BUCUREŞTI SECTORUL 5","BUCUREŞTI SECTORUL 5",179187,918,"ȘCOALA GIMNAZIALĂ ”PETRACHE POENARU”",U,1937,2,389,6,0,0,395,17,24,43,76,37,17,30,38,72,41,5,2,1,1,3,1,4,1,6,3,2,3,2,2,3,1,1,0,3,7,7,2,2,3,5,5,9,2,5,5,3,7,3,4,5,2,4,8,3,7,7,1,0,0,2,3,5,5,4,3,1,3,2,0,1,3,2,6,1,1,0,1,1,1,1,0,0,0,0,0,1,0,0,0,0,0,0,0,0,0,0,0,0,0,0,0,0,0,0,0,0,0,0,0,0,0,0,0,0,0,0,0,0,3,2,3,4,0,1,4,2,2,2,2,4,6,2,3,3,4,3,8,4,3,4,4,2,2,2,6,5,5,2,4,3,6,4,4,6,1,2,5,6,2,1,4,2,3,5,2,3,4,3,5,3,4,0,3,3,2,4,1,0,1,0,1,1,1,0,1,0,1,0,0,0,0,0,0,0,0,0,0,0,0,0,0,0,0,0,0,0,0,0,0,0,0,0,0,0,0,0,0,0,0,0,0
B,"BUCUREŞTI SECTORUL 5","BUCUREŞTI SECTORUL 5",179187,919,"ȘCOALA GIMNAZIALĂ ”PETRACHE POENARU”",U,1693,7,402,4,0,0,406,10,25,33,95,40,9,25,33,86,50,3,3,0,0,2,0,2,2,4,4,4,3,1,1,1,2,3,3,3,2,3,4,4,3,2,6,3,8,4,4,5,6,9,4,4,6,1,8,4,7,8,5,4,2,3,2,1,4,2,6,4,1,0,3,2,2,2,1,3,0,4,2,1,0,1,0,0,0,0,1,0,0,1,0,0,0,0,0,0,0,0,0,0,0,0,0,0,0,0,0,0,0,0,0,0,0,0,0,0,0,0,0,0,4,1,1,0,0,2,1,0,3,4,3,2,4,2,3,3,1,2,0,8,1,4,1,4,7,1,5,7,3,2,1,3,9,3,6,5,3,5,3,13,9,4,0,3,4,2,1,4,4,3,3,3,3,4,5,5,3,4,2,1,1,0,2,1,0,0,1,0,0,1,0,0,0,0,0,0,0,0,0,0,0,0,0,0,0,0,0,0,0,0,0,0,0,0,0,0,0,0,0,0,0,0,0
B,"BUCUREŞTI SECTORUL 5","BUCUREŞTI SECTORUL 5",179187,920,"ȘCOALA GIMNAZIALĂ ”PRINCIPESA MARGARETA”",U,966,1,339,10,0,0,349,11,17,30,69,39,13,13,35,80,42,0,2,1,3,1,4,0,1,2,1,1,2,0,3,2,3,2,0,4,4,2,3,6,2,4,4,1,2,4,5,6,5,3,10,4,1,6,3,2,2,7,2,3,0,0,2,2,1,1,5,3,4,1,7,0,2,5,3,2,0,3,0,0,0,0,0,0,1,1,0,0,0,0,0,0,0,0,0,0,0,0,0,0,0,0,0,0,0,0,0,0,0,0,0,0,0,0,0,0,0,0,0,0,4,2,4,0,1,1,1,1,2,3,1,3,0,0,2,1,0,1,4,1,4,4,4,2,6,3,6,4,4,5,2,3,8,5,3,5,5,6,6,4,5,2,3,2,2,4,2,1,3,2,5,4,3,5,4,1,0,2,1,2,2,0,1,0,1,1,0,3,1,0,0,0,0,0,0,0,0,0,0,0,0,0,0,0,0,0,0,0,0,0,0,0,0,0,0,0,0,0,0,0,0,0,0
B,"BUCUREŞTI SECTORUL 5","BUCUREŞTI SECTORUL 5",179187,921,"ȘCOALA GIMNAZIALĂ ”PRINCIPESA MARGARETA”",U,1070,5,240,7,0,0,247,7,12,27,50,29,11,8,16,58,29,1,0,1,0,3,0,2,2,0,0,2,0,2,0,1,1,4,2,4,5,5,2,0,2,4,2,1,1,1,3,0,4,2,4,5,2,3,1,3,3,5,2,2,3,0,1,5,3,3,2,1,2,3,3,3,2,1,0,0,1,2,1,0,1,0,0,0,0,0,0,0,0,1,0,0,0,0,0,0,0,0,0,0,0,0,0,0,0,0,0,0,0,0,0,0,0,0,0,0,0,0,0,0,2,2,1,2,1,1,2,1,0,1,0,0,0,1,2,2,1,1,1,1,2,3,0,4,0,2,2,2,2,2,2,4,1,1,4,3,4,1,10,4,3,2,2,0,5,1,5,2,1,3,2,1,3,2,1,3,0,2,0,2,0,2,0,3,0,1,0,1,0,0,0,0,0,0,0,0,0,0,0,0,0,0,0,0,0,0,0,0,0,0,0,0,0,0,0,0,0,0,0,0,0,0,0
B,"BUCUREŞTI SECTORUL 5","BUCUREŞTI SECTORUL 5",179187,922,"ȘCOALA GIMNAZIALĂ ”PRINCIPESA MARGARETA”",U,1654,0,215,12,0,0,227,11,11,18,56,20,5,10,16,49,31,1,0,2,1,2,2,3,1,1,1,0,1,2,0,1,4,0,0,1,4,1,1,1,4,5,0,1,0,2,3,2,5,6,7,1,3,4,2,3,6,1,1,1,1,1,3,4,1,3,2,1,1,1,0,0,1,0,1,0,3,1,1,0,0,0,0,4,0,0,0,0,0,0,0,0,0,0,0,0,0,0,0,0,0,0,0,0,0,0,0,0,0,0,0,0,0,0,0,0,0,0,0,0,1,0,0,0,1,3,0,2,1,1,0,4,0,1,0,1,0,2,1,3,3,1,1,0,1,2,2,3,3,2,5,0,3,5,2,1,1,3,3,2,6,1,1,1,4,2,1,0,3,0,1,2,1,1,4,1,2,2,2,2,0,0,2,1,3,0,0,1,0,0,2,0,0,0,0,1,0,0,0,0,0,0,0,0,0,0,0,0,0,0,0,0,0,0,0,0,0,0,0,0,0,0,0
B,"BUCUREŞTI SECTORUL 5","BUCUREŞTI SECTORUL 5",179187,923,"ȘCOALA GIMNAZIALĂ ”PRINCIPESA MARGARETA”",U,1034,15,346,13,0,0,359,9,17,36,62,24,8,26,45,78,54,2,2,3,0,0,2,0,1,2,1,3,1,5,0,1,1,2,3,6,4,3,4,4,3,3,2,4,4,3,4,5,5,4,2,4,4,2,3,4,5,5,0,2,0,1,2,3,0,0,1,1,4,0,5,1,0,3,1,3,1,0,0,0,0,0,0,0,0,1,0,0,3,0,0,0,0,0,0,0,0,0,0,0,0,0,0,0,0,0,0,0,0,0,0,0,0,0,0,0,0,0,0,0,0,1,1,3,1,0,2,1,2,4,1,1,9,4,1,2,1,5,8,2,7,3,2,3,4,3,8,5,8,3,7,3,2,7,4,0,1,8,4,3,6,4,3,3,2,3,2,4,3,5,6,3,2,4,2,4,4,3,1,2,1,0,0,2,2,0,3,0,0,0,0,0,2,0,0,0,0,1,0,0,0,0,0,0,0,0,0,0,0,0,0,0,0,0,0,0,0,0,0,0,0,0,0
B,"BUCUREŞTI SECTORUL 5","BUCUREŞTI SECTORUL 5",179187,924,"GRĂDINIȚA NR.168",U,1338,15,493,15,0,0,508,11,27,81,79,41,8,40,75,88,58,5,0,2,2,1,1,0,2,2,3,1,3,0,4,6,5,1,5,11,9,6,18,6,7,9,4,6,3,7,3,2,6,4,8,2,5,4,3,6,6,9,0,1,3,1,3,3,2,2,2,0,3,6,4,5,2,1,3,2,2,2,0,1,0,3,0,0,0,1,0,0,0,0,0,0,0,0,0,0,0,0,0,0,0,0,0,0,0,0,0,0,0,0,0,0,0,0,0,0,0,0,0,0,0,0,3,0,1,2,2,4,3,3,1,4,4,3,2,8,8,12,9,8,11,8,10,6,3,5,3,6,6,3,8,4,6,9,1,5,4,0,2,9,6,2,0,3,6,3,5,2,2,5,3,4,6,4,3,2,6,4,2,8,3,0,1,1,0,0,0,0,1,0,1,0,0,0,0,0,0,0,0,0,0,0,0,0,0,0,0,0,0,0,0,0,0,0,0,0,0,0,0,0,0,0,0
B,"BUCUREŞTI SECTORUL 5","BUCUREŞTI SECTORUL 5",179187,925,"GRĂDINIȚA NR.168",U,1184,7,448,14,0,22,484,11,53,68,81,36,5,50,57,73,50,3,2,2,1,1,1,1,3,4,2,5,4,6,2,8,12,7,5,5,8,6,5,10,5,8,9,7,3,9,5,8,1,5,6,2,3,2,4,4,8,7,4,1,1,2,3,3,3,1,4,1,3,5,1,3,1,4,2,0,1,1,1,0,0,3,0,0,1,0,1,0,0,0,0,0,0,0,0,0,0,0,0,0,0,0,0,0,0,0,0,0,0,0,0,0,0,0,0,0,0,0,0,0,1,0,1,0,0,2,1,1,2,3,7,4,7,6,5,6,9,9,9,7,8,3,7,4,2,3,5,2,4,7,3,2,4,3,3,1,4,5,4,6,2,5,4,3,3,6,2,4,4,5,4,3,7,4,2,0,3,2,1,3,4,0,1,0,0,0,1,0,0,1,0,0,0,1,0,0,0,0,0,0,0,0,0,0,0,0,0,0,0,0,0,0,0,0,0,0,0,0,0,0,0,0,0
B,"BUCUREŞTI SECTORUL 5","BUCUREŞTI SECTORUL 5",179187,926,"GRĂDINIȚA DIN CADRUL COLEGIULUI TEHNIC DE INDUSTRIE ALIMENTARĂ”DUMITRU MOȚOC”",U,1214,8,379,6,0,0,385,14,13,47,69,41,5,22,51,74,49,4,0,3,2,4,0,1,0,2,0,0,1,2,2,0,2,4,3,6,3,7,5,4,5,3,3,8,5,3,8,2,3,7,2,2,5,4,6,6,5,5,1,1,1,2,1,0,1,6,1,2,3,4,4,3,6,2,2,1,2,1,1,0,2,0,0,0,0,0,0,0,0,0,0,0,0,0,0,0,0,0,0,0,0,0,0,0,0,0,0,0,0,0,0,0,0,0,0,0,0,0,0,0,3,0,0,0,0,0,2,0,1,2,2,5,1,1,1,5,4,5,2,5,3,8,6,8,7,3,4,4,7,2,6,0,0,3,2,1,3,5,5,4,5,0,4,5,5,5,8,4,4,6,6,3,5,3,4,4,2,2,1,1,0,1,0,0,1,1,1,0,0,0,0,0,0,0,0,0,0,0,0,0,0,0,0,0,0,0,0,0,0,0,0,0,0,0,0,0,0,0,0,0,0,0,0
B,"BUCUREŞTI SECTORUL 5","BUCUREŞTI SECTORUL 5",179187,927,"GRĂDINIȚA DIN CADRUL COLEGIULUI TEHNIC DE INDUSTRIE ALIMENTARĂ”DUMITRU MOȚOC”",U,1239,4,396,6,0,1,403,11,20,37,70,47,7,17,45,74,75,2,2,1,1,2,1,2,2,1,2,1,2,3,4,2,2,1,1,4,1,4,4,4,8,4,3,4,6,5,7,4,6,1,5,2,4,2,2,2,6,6,2,1,1,4,2,2,3,3,9,2,3,4,3,2,4,1,2,1,2,3,1,1,0,0,0,1,1,0,1,0,0,0,0,0,0,0,0,0,0,0,0,0,0,0,0,0,0,0,0,0,0,0,0,0,0,0,0,0,0,0,0,0,1,1,1,3,1,0,0,1,3,0,3,3,1,0,3,1,2,2,3,1,6,9,5,4,6,4,5,6,4,4,4,6,3,3,1,3,6,4,2,5,6,3,1,2,4,2,5,9,7,6,13,5,2,8,4,3,3,4,1,3,2,0,2,1,1,1,0,0,0,0,0,0,0,0,0,0,0,0,0,0,0,0,0,0,0,0,0,0,0,0,0,0,0,0,0,0,0,0,0,0,0,0,0
B,"BUCUREŞTI SECTORUL 5","BUCUREŞTI SECTORUL 5",179187,928,"ȘCOALA GIMNAZIALĂ NR.280",U,1304,0,443,8,0,0,451,10,27,48,87,52,12,13,50,98,54,1,2,1,3,1,0,2,5,1,3,4,4,1,4,1,2,2,2,5,5,2,8,4,6,5,4,7,5,3,2,4,6,3,4,4,3,6,4,5,3,10,3,5,3,6,3,5,7,4,6,5,8,1,10,1,4,0,2,1,2,1,0,0,0,0,0,0,0,0,0,0,0,0,0,0,0,0,0,0,0,0,0,0,0,0,0,0,0,0,0,0,0,0,0,0,0,0,0,0,0,0,0,0,3,0,4,1,0,4,0,1,2,1,1,2,0,2,1,1,2,2,5,3,6,6,6,7,6,4,5,3,6,4,4,7,5,9,5,3,4,2,2,11,9,3,2,5,6,3,5,7,4,7,8,5,3,3,2,3,1,4,3,1,0,1,2,0,0,0,0,0,0,0,0,0,0,0,0,0,0,0,0,0,0,0,0,0,0,0,0,0,0,0,0,0,0,0,0,0,0,0,0,0,0,0,0
B,"BUCUREŞTI SECTORUL 5","BUCUREŞTI SECTORUL 5",179187,929,"ȘCOALA GIMNAZIALĂ NR.280",U,1044,1,339,12,0,1,352,9,10,35,64,39,6,18,34,76,61,0,3,1,0,1,3,1,0,1,1,3,0,1,1,0,1,2,0,0,2,1,4,8,7,4,6,3,5,1,3,4,6,4,2,2,0,5,3,2,4,9,2,2,2,3,5,0,3,1,5,3,3,6,2,3,4,1,0,2,0,0,1,1,1,1,2,0,0,0,0,0,0,0,0,0,0,0,0,0,0,0,0,0,0,0,0,0,0,0,0,0,0,0,0,0,0,0,0,0,0,0,0,0,1,0,1,0,2,2,0,1,1,3,3,1,1,0,3,2,3,2,2,0,4,2,7,8,0,3,6,2,4,2,3,5,2,2,4,3,3,4,5,5,7,5,5,4,4,3,4,7,2,4,9,4,3,2,5,5,2,2,3,0,3,2,1,3,0,0,4,0,0,0,0,0,0,0,0,0,0,0,0,0,0,0,0,0,0,0,0,0,0,0,0,0,0,0,0,0,0,0,0,0,0,0,0
B,"BUCUREŞTI SECTORUL 5","BUCUREŞTI SECTORUL 5",179187,930,"ȘCOALA GIMNAZIALĂ NR.280",U,939,3,309,7,0,0,316,10,16,37,58,29,10,23,30,65,38,4,0,1,0,2,3,0,1,1,0,4,2,4,0,2,1,1,2,0,4,4,4,3,4,5,9,2,1,2,2,3,0,4,5,5,3,4,1,3,4,6,1,2,5,3,2,2,2,4,3,3,1,3,5,1,2,1,0,1,1,0,0,0,0,0,0,0,2,0,0,0,0,0,0,0,0,0,0,0,0,0,0,0,0,0,0,0,0,0,0,0,0,0,0,0,0,0,0,0,0,0,0,0,2,1,2,1,0,2,2,1,4,0,3,3,4,3,2,2,1,1,3,2,4,5,2,4,3,4,2,2,2,1,4,3,2,0,2,1,7,1,5,3,9,1,5,6,6,3,2,5,8,5,3,7,3,0,2,2,1,0,1,0,0,0,0,0,0,0,1,0,0,0,0,0,0,0,0,0,0,0,0,0,0,0,0,0,0,0,0,0,0,0,0,0,0,0,0,0,0,0,0,0,0,0,0
B,"BUCUREŞTI SECTORUL 5","BUCUREŞTI SECTORUL 5",179187,931,"ȘCOALA GIMNAZIALĂ NR.280",U,1016,5,380,10,0,0,390,11,16,42,78,48,10,13,37,101,34,4,1,0,1,0,3,2,1,1,0,0,3,1,2,2,3,3,5,3,5,2,3,4,8,4,2,6,6,5,4,3,5,6,1,6,3,5,2,2,6,4,1,3,7,4,4,1,8,7,6,2,1,4,5,5,6,1,0,2,0,0,0,0,0,0,0,0,0,0,1,0,0,0,0,0,0,0,0,0,0,0,0,0,0,0,0,0,0,0,0,0,0,0,0,0,0,0,0,0,0,0,0,0,1,2,2,3,1,1,0,1,1,0,3,0,1,2,2,2,1,6,2,4,2,3,4,3,2,7,4,8,5,4,7,3,2,9,2,3,2,5,8,4,12,5,4,6,7,3,2,3,4,2,3,2,5,6,3,0,1,1,2,1,0,1,0,0,0,0,0,0,0,0,0,0,0,0,0,0,0,0,0,0,0,0,0,0,0,0,0,0,0,0,0,0,0,0,0,0,0,0,0,0,0,0,0
B,"BUCUREŞTI SECTORUL 5","BUCUREŞTI SECTORUL 5",179187,932,"ȘCOALA GIMNAZIALĂ NR.280",U,967,2,342,10,1,0,353,9,14,49,64,25,12,26,46,81,27,2,4,0,2,0,0,1,0,0,3,1,0,1,3,1,2,3,2,8,3,4,4,6,6,6,6,4,5,1,5,7,4,4,3,2,4,4,5,4,1,5,0,3,3,2,1,1,2,1,4,0,3,2,4,1,4,0,0,0,1,1,0,1,0,0,0,0,1,0,0,0,0,0,0,0,0,0,0,0,0,0,0,0,0,0,0,0,0,0,0,0,0,0,0,0,0,0,0,0,0,0,0,0,1,1,3,1,2,2,2,2,2,2,1,2,6,2,3,4,2,3,3,6,5,6,5,4,2,6,6,1,3,6,8,10,6,6,4,4,2,6,3,5,3,1,3,4,2,1,3,1,3,4,2,4,2,1,0,0,0,3,2,1,2,0,0,1,1,0,0,0,0,0,0,0,0,0,0,0,0,0,0,0,0,0,0,0,0,0,0,0,0,0,0,0,0,0,0,0,0,0,0,0,0,0,0
B,"BUCUREŞTI SECTORUL 5","BUCUREŞTI SECTORUL 5",179187,933,"ȘCOALA GIMNAZIALĂ NR.280",U,1140,2,363,7,0,0,370,9,16,44,61,47,6,6,45,69,67,1,2,1,2,0,2,1,1,1,2,1,2,0,5,2,1,1,3,1,7,7,6,2,6,3,4,5,3,6,3,4,2,1,7,2,6,5,3,2,2,4,2,1,3,1,3,1,2,1,3,2,4,8,3,6,5,1,2,2,1,2,0,1,1,0,1,1,0,0,0,0,1,0,0,0,0,0,0,0,0,0,0,0,0,0,0,0,0,0,0,0,0,0,0,0,0,0,0,0,0,0,0,0,0,0,0,2,1,0,3,0,0,0,1,0,0,0,3,0,2,2,2,7,3,8,1,2,4,9,7,6,5,5,2,7,0,2,3,2,5,3,2,2,9,0,3,3,1,5,4,3,6,11,8,7,8,5,4,1,4,4,0,2,2,0,0,0,0,0,1,0,0,0,1,0,0,0,0,0,0,0,0,0,0,0,0,0,0,0,0,0,0,0,0,0,0,0,0,0,0,0,0,0,0,0,0
B,"BUCUREŞTI SECTORUL 5","BUCUREŞTI SECTORUL 5",179187,934,"ȘCOALA GIMNAZIALĂ NR.280",U,1107,6,335,9,0,1,345,8,13,32,50,43,6,19,37,71,66,1,1,1,0,0,1,4,1,1,1,4,3,0,1,0,0,2,2,4,2,3,2,2,2,7,6,2,2,3,5,4,5,4,4,1,2,1,4,4,2,2,1,1,1,1,2,1,2,0,2,4,2,2,6,6,1,5,5,2,1,1,0,0,0,1,1,0,0,0,0,1,0,1,0,0,0,0,0,0,0,0,0,0,0,0,0,0,0,0,0,0,0,0,0,0,0,0,0,0,0,0,0,0,3,1,1,1,0,0,0,2,2,1,2,2,4,2,2,2,0,1,2,3,3,3,4,6,4,4,7,9,5,6,3,6,1,5,2,5,3,4,4,2,2,0,2,1,3,3,5,1,1,3,11,10,5,5,4,6,2,4,2,4,2,2,0,1,1,2,0,0,0,0,0,0,0,0,0,0,0,0,0,0,0,0,0,0,0,0,0,0,0,0,0,0,0,0,0,0,0,0,0,0,0,0,0
B,"BUCUREŞTI SECTORUL 5","BUCUREŞTI SECTORUL 5",179187,935,"ȘCOALA GIMNAZIALĂ NR.280",U,965,2,274,9,0,0,283,8,15,19,53,34,10,11,32,59,42,3,0,1,2,0,2,0,0,2,3,2,1,0,2,1,2,2,4,3,2,1,3,1,0,0,0,5,2,4,1,3,4,7,1,1,5,1,1,5,4,5,1,3,1,2,0,2,1,1,0,4,3,2,4,3,4,2,3,3,1,1,1,0,0,0,0,0,0,1,0,0,0,0,0,0,0,0,0,0,0,0,0,0,0,0,0,0,0,0,0,0,0,0,0,0,0,0,0,0,0,0,0,0,1,2,1,2,1,1,2,3,0,2,0,2,0,2,0,1,1,2,6,4,2,4,1,5,3,2,3,2,4,3,3,2,1,4,5,4,4,3,4,4,5,1,5,2,1,0,2,4,2,3,5,4,5,3,1,3,1,1,1,3,1,1,1,1,1,0,0,1,0,0,0,0,0,0,0,0,0,0,0,0,0,0,0,0,0,0,0,0,0,0,0,0,0,0,0,0,0,0,0,0,0,0,0
B,"BUCUREŞTI SECTORUL 5","BUCUREŞTI SECTORUL 5",179187,936,"LICEUL TEHNOLOGIC ”DIMITRIE GUSTI”",U,1213,2,487,15,0,0,502,18,20,45,111,51,17,17,35,140,48,2,4,1,3,3,3,2,2,3,1,1,3,0,2,4,1,3,3,3,7,6,7,5,7,1,3,3,3,3,6,7,4,5,10,2,0,7,13,2,7,8,6,1,9,6,8,4,3,10,8,5,10,6,0,2,3,0,0,1,1,0,0,0,0,0,1,0,1,0,0,0,0,0,0,0,0,0,0,0,0,0,0,0,0,0,0,0,0,0,0,0,0,0,0,0,0,0,0,0,0,0,0,0,2,2,2,1,3,2,5,3,0,2,1,1,2,2,0,3,3,2,3,2,6,2,5,1,5,5,4,8,4,4,6,6,4,12,6,5,11,8,8,10,7,3,8,7,7,5,11,7,4,6,7,5,5,3,0,1,4,1,1,2,1,0,1,0,0,0,0,0,0,0,0,0,0,0,0,0,0,0,0,0,0,0,0,0,0,0,0,0,0,0,0,0,0,0,0,0,0,0,0,0,0,0,0
B,"BUCUREŞTI SECTORUL 5","BUCUREŞTI SECTORUL 5",179187,937,"LICEUL TEHNOLOGIC ”DIMITRIE GUSTI”",U,1178,8,436,11,0,0,447,11,18,53,93,41,14,15,56,99,47,1,3,2,1,3,0,1,3,1,1,1,0,3,2,0,2,5,0,1,7,3,10,10,4,7,5,6,5,7,5,6,7,2,3,1,4,5,2,7,7,9,5,5,3,2,3,5,8,4,4,1,3,6,0,1,3,1,2,2,1,1,2,1,1,0,0,0,0,0,0,0,0,0,0,0,0,0,0,0,0,0,0,0,0,0,0,0,0,0,0,0,0,0,0,0,0,0,0,0,0,0,0,0,1,4,4,1,1,3,0,0,3,0,1,3,2,1,0,3,2,4,4,6,1,9,5,6,7,5,9,4,10,2,3,3,3,4,7,8,6,6,4,8,8,1,5,4,3,6,4,3,5,2,3,7,1,3,3,2,3,2,0,4,2,1,1,2,0,1,0,1,1,0,0,0,0,0,0,0,0,0,0,0,0,0,0,0,0,0,0,0,0,0,0,0,0,0,0,0,0,0,0,0,0,0,0
B,"BUCUREŞTI SECTORUL 5","BUCUREŞTI SECTORUL 5",179187,938,"LICEUL TEHNOLOGIC ”DIMITRIE GUSTI”",U,1155,4,409,6,0,0,415,11,24,37,94,35,15,21,35,92,51,1,3,1,3,0,1,2,5,3,4,1,1,3,2,2,2,1,5,1,4,2,5,4,4,6,3,3,4,6,6,10,8,6,5,4,7,3,5,4,7,3,4,3,1,3,3,2,3,4,2,2,2,3,0,3,2,2,2,0,4,1,1,1,3,0,0,0,0,0,0,0,0,0,0,0,0,0,0,0,0,0,0,0,0,0,0,0,0,0,0,0,0,0,0,0,0,0,0,0,0,0,0,0,4,3,2,3,1,0,2,1,4,3,3,1,0,1,4,1,3,2,2,4,1,9,3,0,2,4,8,4,12,2,9,4,4,2,6,6,4,3,8,8,6,4,2,5,2,1,0,2,2,2,3,7,6,6,2,2,4,2,2,3,2,2,3,0,0,0,0,0,1,0,0,0,0,0,0,0,0,0,0,0,0,0,0,0,0,0,0,0,0,0,0,0,0,0,0,0,0,0,0,0,0,0,0
B,"BUCUREŞTI SECTORUL 5","BUCUREŞTI SECTORUL 5",179187,939,"GRĂDINIȚA NR.205",U,1249,0,455,5,0,0,460,9,25,47,97,49,16,15,43,111,48,1,1,0,1,1,2,3,1,1,5,1,2,4,2,0,3,6,4,6,4,6,4,5,6,2,8,2,3,2,6,2,9,4,6,2,1,9,5,3,9,11,4,2,7,4,3,5,6,4,4,5,6,5,4,3,2,2,2,4,0,1,0,1,0,0,0,0,0,0,0,0,0,0,0,0,0,0,0,0,0,0,0,0,0,0,0,0,0,0,0,0,0,0,0,0,0,0,0,0,0,0,0,0,5,3,1,2,2,2,1,2,1,0,2,2,0,2,2,1,3,5,4,5,3,2,6,3,4,7,4,4,4,8,2,4,5,6,6,7,5,5,11,9,9,5,5,5,2,4,5,3,7,5,7,2,2,3,3,3,1,2,2,1,1,2,0,1,0,0,1,0,0,1,0,0,0,0,0,1,0,0,0,0,0,0,0,0,0,0,0,0,0,0,0,0,0,0,0,0,0,0,0,0,0,0,0
B,"BUCUREŞTI SECTORUL 5","BUCUREŞTI SECTORUL 5",179187,940,"GRĂDINIȚA NR.205",U,1017,1,336,13,0,0,349,9,18,29,62,42,9,15,30,75,60,2,1,0,2,2,0,2,3,0,1,3,3,2,2,1,1,2,0,2,4,2,3,6,3,3,1,5,3,2,6,5,3,3,3,4,2,4,2,2,7,5,3,1,0,2,1,4,4,4,2,0,7,5,4,5,4,1,1,0,2,0,1,0,1,0,0,0,0,1,0,0,0,0,0,0,0,0,0,0,0,0,0,0,0,0,0,0,0,0,0,0,0,0,0,0,0,0,0,0,0,0,0,0,2,1,1,1,3,1,0,1,2,0,1,1,1,3,2,1,3,1,3,2,2,1,6,8,3,2,2,6,4,4,2,2,2,6,2,4,5,6,3,3,4,2,2,3,8,3,4,4,7,6,6,1,6,8,5,3,3,1,6,1,0,1,0,0,0,1,0,0,0,0,0,0,0,1,0,0,0,0,0,0,0,0,0,0,0,0,0,0,0,0,0,0,0,0,0,0,0,0,0,0,0,0,0
B,"BUCUREŞTI SECTORUL 5","BUCUREŞTI SECTORUL 5",179187,941,"GRĂDINIȚA NR.205",U,1179,5,430,11,0,0,441,10,25,49,81,54,6,15,48,97,56,1,3,0,2,2,1,1,0,4,2,5,1,2,2,3,2,4,2,7,7,2,7,6,1,6,7,4,7,12,2,2,5,2,2,2,6,0,4,2,4,6,4,2,9,5,3,2,5,2,5,3,5,8,6,1,3,5,0,3,4,0,1,0,0,1,0,1,0,0,0,0,1,0,0,0,0,0,0,0,0,0,0,0,0,0,0,0,0,0,0,0,0,0,0,0,0,0,0,0,0,0,0,0,3,0,0,0,1,2,0,1,1,0,3,1,1,2,0,4,2,5,3,2,4,5,11,2,4,10,2,7,3,5,8,5,8,4,1,3,5,4,5,6,8,3,5,5,5,3,4,2,5,6,7,7,4,4,7,1,1,1,1,3,1,1,1,0,3,0,1,0,0,0,0,0,0,0,0,0,0,0,0,0,0,0,0,0,0,0,0,0,0,0,0,0,0,0,0,0,0,0,0,0,0,0,0
B,"BUCUREŞTI SECTORUL 5","BUCUREŞTI SECTORUL 5",179187,942,"GRĂDINIȚA NR.205",U,968,1,350,8,0,0,358,6,8,35,72,45,15,17,35,70,55,0,0,2,0,4,0,0,3,1,0,1,0,1,0,0,2,0,3,3,5,2,3,1,4,6,4,4,5,5,8,6,5,3,5,4,1,3,5,2,3,4,1,2,0,5,2,3,6,3,5,2,1,5,4,5,3,2,3,3,0,1,1,0,1,0,0,0,0,0,0,0,0,0,0,0,0,0,0,0,0,0,0,0,0,0,0,0,0,0,0,0,0,0,0,0,0,0,0,0,0,0,0,0,5,2,2,3,0,2,1,3,0,3,2,2,2,1,0,1,3,1,3,4,4,3,3,4,4,5,4,7,2,7,7,3,3,4,4,1,5,3,3,4,6,0,1,1,6,2,1,5,6,6,7,4,6,5,2,2,4,4,1,0,1,0,0,1,1,0,0,0,0,0,0,0,0,0,0,0,0,0,0,0,0,0,0,0,0,0,0,0,0,0,0,0,0,0,0,0,0,0,0,0,0,0,0
B,"BUCUREŞTI SECTORUL 5","BUCUREŞTI SECTORUL 5",179187,943,"GRĂDINIȚA NR.205",U,1106,1,359,10,0,0,369,5,11,26,82,49,10,17,28,74,67,3,0,0,0,1,1,0,1,1,1,1,1,1,0,0,2,3,0,4,3,2,4,1,3,1,3,5,6,5,10,7,5,3,5,2,6,2,3,2,7,7,2,2,3,2,2,1,2,2,0,2,4,3,3,7,4,3,5,2,3,2,1,3,1,0,1,0,0,0,1,0,0,0,0,0,0,0,0,0,0,0,0,0,0,0,0,0,0,0,0,0,0,0,0,0,0,0,0,0,0,0,0,0,0,3,2,2,2,1,0,2,1,1,2,2,1,3,2,0,3,4,3,4,2,2,2,4,1,4,2,5,5,6,6,4,2,3,1,8,3,1,6,7,8,0,3,2,2,0,2,7,3,3,4,8,5,4,5,7,6,1,3,2,2,0,2,1,1,2,0,0,1,0,0,0,0,0,0,0,0,0,0,0,0,0,0,0,0,0,0,0,0,0,0,0,0,0,0,0,0,0,0,0,0,0,0
B,"BUCUREŞTI SECTORUL 5","BUCUREŞTI SECTORUL 5",179187,944,"LICEUL TEORETIC ”DIMITRIE BOLINTINEANU”",U,948,5,325,8,0,0,333,9,8,37,59,38,7,6,37,68,64,0,0,1,1,3,1,3,0,0,0,0,2,2,1,0,1,2,4,2,1,2,3,5,5,4,4,7,4,7,4,3,4,4,2,3,3,3,4,5,2,3,3,1,2,0,1,1,1,2,4,4,2,4,3,3,1,2,4,3,1,3,0,0,0,0,0,1,0,0,0,0,0,0,0,0,0,0,0,0,0,0,0,0,0,0,0,0,0,0,0,0,0,0,0,0,0,0,0,0,0,0,0,0,3,4,0,0,0,0,0,0,1,1,0,1,0,1,1,0,1,5,1,4,3,2,6,4,4,4,4,7,3,5,4,3,7,5,1,2,6,4,0,6,1,2,4,2,1,2,3,3,1,7,9,7,9,4,8,5,3,2,2,1,2,0,0,0,0,0,1,0,0,0,0,0,0,0,0,0,0,0,0,0,0,0,0,0,0,0,0,0,0,0,0,0,0,0,0,0,0,0,0,0,0,0,0
B,"BUCUREŞTI SECTORUL 5","BUCUREŞTI SECTORUL 5",179187,945,"LICEUL TEORETIC ”DIMITRIE BOLINTINEANU”",U,850,2,287,8,1,1,297,9,9,22,52,34,18,20,23,62,48,2,2,1,2,0,1,1,0,1,0,0,0,0,1,2,2,3,1,2,1,1,2,4,4,2,4,1,4,2,2,6,3,5,6,6,1,4,6,1,1,2,1,1,0,1,0,0,1,1,2,4,2,2,5,2,1,2,3,2,1,2,2,0,0,1,0,0,0,0,0,0,0,0,0,0,1,0,0,0,0,0,0,0,0,0,0,0,0,0,0,0,0,0,0,0,0,0,0,0,0,0,0,0,3,2,4,2,3,1,3,0,2,3,2,3,1,2,3,0,4,0,3,4,3,1,5,1,1,3,2,5,3,4,12,2,6,6,4,2,2,0,2,3,1,3,0,1,2,2,2,0,3,5,3,5,6,5,4,4,5,1,1,0,3,0,0,1,0,1,1,0,0,0,0,0,0,0,0,0,0,0,0,0,0,0,0,0,0,0,0,0,0,0,0,0,0,0,0,0,0,0,0,0,0,0,0
B,"BUCUREŞTI SECTORUL 5","BUCUREŞTI SECTORUL 5",179187,946,"LICEUL TEORETIC ”DIMITRIE BOLINTINEANU”",U,1033,0,341,7,0,0,348,12,15,35,52,47,10,15,26,68,68,1,3,2,2,1,2,1,1,0,1,0,4,0,0,1,4,4,2,3,3,1,2,5,3,4,8,4,5,1,3,5,3,4,3,2,1,1,4,3,1,3,0,0,3,4,4,2,1,5,3,3,1,6,0,4,7,7,2,3,1,1,0,0,1,0,1,0,0,1,0,0,0,0,0,0,0,0,0,0,0,0,0,0,0,0,0,0,0,0,0,0,0,0,0,0,0,0,0,0,0,0,0,0,0,1,3,0,1,3,2,2,0,1,3,1,1,1,0,3,3,3,2,3,1,2,0,3,3,2,7,0,3,3,4,6,2,1,3,4,5,3,4,4,6,4,1,2,4,4,5,4,3,5,8,7,8,7,4,3,6,2,0,2,2,1,1,1,2,0,0,0,1,0,0,0,1,0,0,0,0,0,0,0,0,0,0,0,0,0,0,0,0,0,0,0,0,0,0,0,0,0,0,0,0,0,0
B,"BUCUREŞTI SECTORUL 5","BUCUREŞTI SECTORUL 5",179187,947,"LICEUL TEORETIC ”DIMITRIE BOLINTINEANU”",U,1213,1,383,6,0,0,389,15,19,31,74,46,12,20,33,79,60,2,4,4,2,0,2,1,1,1,1,1,3,3,3,0,2,4,0,0,1,4,3,5,4,5,3,6,5,5,6,4,6,5,4,1,2,2,6,1,6,2,8,2,2,2,2,3,2,8,5,3,5,5,4,0,2,1,3,4,1,1,0,0,0,0,1,0,0,1,0,0,0,0,0,0,0,0,0,0,0,0,0,0,0,0,0,0,0,0,0,0,0,0,0,0,0,0,0,0,0,0,0,0,2,2,1,0,4,1,2,0,3,1,1,1,0,5,3,3,3,2,5,5,1,2,4,4,3,2,5,5,4,1,4,6,4,3,3,5,4,3,3,7,2,3,1,2,7,9,3,5,5,5,9,10,5,1,5,2,3,2,0,2,2,0,1,0,0,1,0,2,0,0,0,0,0,0,0,0,0,0,0,0,0,0,0,0,0,0,0,0,0,0,0,0,0,0,0,0,0,0,0,0,0,0,0
B,"BUCUREŞTI SECTORUL 5","BUCUREŞTI SECTORUL 5",179187,948,"LICEUL TEORETIC ”DIMITRIE BOLINTINEANU”",U,1139,3,376,8,0,0,384,11,21,25,56,58,13,11,31,82,76,3,1,3,1,1,1,1,0,4,3,1,3,2,4,0,1,3,0,4,1,1,2,0,5,3,5,4,1,3,2,3,9,2,3,2,3,4,5,6,2,2,2,1,2,2,2,0,2,4,3,11,4,5,4,3,4,2,3,4,1,0,1,2,0,0,2,0,1,0,2,0,0,0,0,0,0,0,0,0,0,0,0,0,0,0,0,0,0,0,0,0,0,0,0,0,0,0,0,0,0,0,0,0,3,1,1,1,3,2,2,2,2,2,0,1,0,1,1,0,2,2,1,4,2,5,2,1,5,3,6,4,6,3,7,8,4,3,3,4,3,4,6,2,1,6,4,2,3,3,6,3,12,5,7,9,5,11,4,4,2,1,1,2,2,0,2,1,1,1,1,1,0,1,0,0,0,0,0,0,0,0,0,0,0,0,0,0,0,0,0,0,0,0,0,0,0,0,0,0,0,0,0,0,0,0,0
B,"BUCUREŞTI SECTORUL 5","BUCUREŞTI SECTORUL 5",179187,949,"LICEUL TEORETIC ”DIMITRIE BOLINTINEANU”",U,1286,3,301,8,0,0,309,7,15,23,66,24,8,15,28,76,47,0,0,2,4,1,0,0,0,0,2,2,3,1,2,2,1,2,2,2,4,2,2,2,2,2,2,3,1,3,3,3,4,1,6,4,6,3,2,3,10,7,2,3,2,1,1,1,1,1,3,5,2,1,2,2,2,0,1,0,0,0,0,0,0,0,1,1,1,1,0,0,0,0,0,0,0,0,0,0,0,0,0,0,0,0,0,0,0,0,0,0,0,0,0,0,0,0,0,0,0,0,0,0,1,0,0,1,2,1,3,1,2,2,4,2,0,1,1,1,1,1,3,5,2,2,0,4,5,2,4,2,1,2,1,5,3,4,7,3,8,3,7,6,7,4,4,0,3,3,3,3,2,3,8,4,4,2,3,4,4,3,1,0,0,2,1,0,0,0,0,1,0,0,0,0,2,0,0,0,0,0,0,0,0,0,0,0,0,0,0,0,0,0,0,0,0,0,0,0,0,0,0,0,0,0,0
B,"BUCUREŞTI SECTORUL 5","BUCUREŞTI SECTORUL 5",179187,950,"LICEUL TEORETIC ”DIMITRIE BOLINTINEANU”",U,1127,1,362,8,0,0,370,8,23,36,67,52,5,17,35,72,55,1,0,3,3,0,1,0,3,4,5,2,3,0,2,2,2,0,4,5,2,1,1,2,8,3,5,5,3,5,3,8,2,6,2,2,3,4,4,2,7,4,2,2,1,3,3,1,4,4,8,3,6,5,3,2,2,5,1,0,2,0,0,2,2,0,1,0,0,1,0,0,1,0,0,0,0,0,0,0,0,0,0,0,0,0,0,0,0,0,0,0,0,0,0,0,0,0,0,0,0,0,0,0,1,0,0,1,0,1,2,2,2,1,2,1,2,4,2,0,1,2,4,0,2,6,2,5,4,6,4,4,4,1,2,3,2,4,2,2,3,4,5,9,3,2,4,2,7,6,3,1,5,8,3,1,4,4,5,6,2,4,5,2,3,0,0,1,0,1,0,0,0,0,0,0,0,0,0,0,0,0,0,0,0,0,0,0,0,0,0,0,0,0,0,0,0,0,0,0,0,0,0,0,0,0,0
B,"BUCUREŞTI SECTORUL 5","BUCUREŞTI SECTORUL 5",179187,951,"LICEUL TEORETIC ”DIMITRIE BOLINTINEANU”",U,1156,9,302,4,0,0,306,12,16,19,64,33,10,18,23,67,44,2,0,2,1,3,1,3,0,1,0,1,2,3,3,1,3,2,0,0,2,2,3,2,0,3,2,5,6,4,3,2,2,6,1,3,2,3,2,2,10,8,5,1,2,1,1,0,3,2,5,3,2,1,2,0,2,3,2,1,2,0,3,0,1,0,0,0,0,0,1,0,0,0,0,0,0,0,0,0,0,0,0,0,0,0,0,0,0,0,0,0,0,0,0,0,0,0,0,0,0,0,0,0,1,2,3,2,0,2,0,1,1,1,2,2,2,3,1,1,4,2,1,1,1,2,6,2,2,2,4,4,4,8,3,3,7,3,3,1,3,1,5,6,5,1,2,4,0,1,3,3,5,1,3,1,5,3,8,2,2,1,4,1,1,0,0,0,1,1,1,1,0,0,0,0,0,0,0,0,0,0,0,0,0,0,0,0,0,0,0,0,0,0,0,0,0,0,0,0,0,0,0,0,0,0,0
B,"BUCUREŞTI SECTORUL 5","BUCUREŞTI SECTORUL 5",179187,952,"LICEUL TEORETIC ”DIMITRIE BOLINTINEANU”",U,859,2,274,4,0,0,278,10,6,21,53,38,10,11,18,58,53,3,2,1,1,2,0,1,0,1,0,0,0,1,1,0,2,1,1,0,3,2,2,1,4,2,1,5,3,1,5,5,2,8,4,0,0,1,5,8,4,1,0,0,4,1,0,1,2,0,2,1,1,1,5,3,2,4,2,3,3,4,2,0,1,0,0,0,0,1,0,0,1,0,0,0,0,0,0,0,0,0,0,0,0,0,0,0,0,0,0,0,0,0,0,0,0,0,0,0,0,0,0,0,1,2,2,2,1,1,1,1,0,1,1,1,1,1,1,3,1,1,1,1,5,1,0,3,0,3,3,3,1,5,3,4,7,2,1,3,1,6,2,6,8,0,2,2,1,0,1,2,1,4,4,4,4,5,4,7,3,5,2,4,2,0,1,0,0,0,1,0,0,0,0,0,0,0,0,0,0,0,0,0,0,0,0,0,0,0,0,0,0,0,0,0,0,0,0,0,0,0,0,0,0,0,0
B,"BUCUREŞTI SECTORUL 5","BUCUREŞTI SECTORUL 5",179187,953,"FACULTATEA DE DREPT",U,620,8,243,8,1,1,253,9,11,24,51,27,8,16,25,46,36,1,1,1,2,1,1,2,2,1,1,1,0,3,0,2,1,0,2,2,1,2,3,3,3,4,2,2,1,4,5,4,6,2,2,5,0,1,2,2,4,6,2,0,1,1,1,2,1,0,1,1,3,2,1,1,2,4,4,2,1,1,0,0,1,1,0,1,0,0,0,0,0,0,0,0,0,0,0,0,0,0,0,0,0,0,0,0,0,0,0,0,0,0,0,0,0,0,0,0,0,0,0,0,2,1,2,0,0,1,2,1,0,1,1,0,2,2,3,3,3,1,3,2,1,5,2,5,3,2,1,2,1,4,2,6,5,2,0,2,0,2,1,6,4,0,1,2,1,4,1,1,5,2,2,1,3,5,0,1,2,3,3,2,2,0,0,1,0,0,0,0,1,1,1,0,0,0,0,0,0,0,0,0,0,0,0,0,0,0,0,0,0,0,0,0,0,0,0,0,0,0,0,0,0,0,0
B,"BUCUREŞTI SECTORUL 5","BUCUREŞTI SECTORUL 5",179187,954,"FACULTATEA DE DREPT",U,564,19,188,12,1,1,202,10,5,20,30,18,7,9,22,43,38,1,0,3,1,2,1,2,1,0,0,0,1,0,0,2,1,0,1,1,3,3,1,0,2,3,4,2,2,1,1,2,3,2,2,0,0,2,2,0,3,4,1,4,0,1,0,0,1,1,0,1,4,2,2,1,0,1,1,0,1,0,0,0,0,1,1,0,0,0,0,0,0,0,0,0,1,0,0,0,0,0,0,0,0,0,0,0,0,0,0,0,0,0,0,0,0,0,0,0,0,0,0,0,1,2,0,0,2,0,2,0,1,1,2,0,1,1,1,1,1,1,2,2,2,3,3,3,2,3,1,4,0,4,3,0,4,2,1,2,1,3,3,5,4,0,2,1,0,3,1,1,1,0,2,3,4,1,2,0,0,0,1,1,1,3,1,5,4,2,0,1,0,1,1,1,1,0,0,1,0,0,0,0,0,0,0,0,0,0,0,0,0,0,0,0,0,0,0,0,0,0,0,0,0,0,0
B,"BUCUREŞTI SECTORUL 5","BUCUREŞTI SECTORUL 5",179187,955,"FACULTATEA DE DREPT",U,553,59,182,3,0,2,187,2,8,15,34,24,8,12,23,37,24,0,0,0,0,0,1,1,0,1,1,1,1,0,0,2,1,1,2,1,1,2,3,2,2,0,0,2,4,0,4,1,3,3,0,1,1,2,0,2,3,2,2,0,3,0,1,2,0,2,3,2,2,3,1,2,1,0,0,1,0,0,2,1,2,0,0,0,0,0,0,0,2,0,0,0,0,0,0,0,0,0,0,0,0,0,0,0,0,0,0,0,0,0,0,0,0,0,0,0,0,0,0,0,1,2,1,1,1,1,1,1,1,3,0,1,1,0,0,2,3,5,1,2,1,1,3,2,4,3,1,2,0,1,4,0,3,3,2,1,0,5,0,5,2,3,2,1,2,1,0,1,0,0,4,1,4,1,2,1,1,1,2,0,0,0,0,1,0,0,0,1,0,2,0,1,1,0,0,0,0,0,0,0,0,0,0,0,0,0,0,0,0,0,0,0,0,0,0,0,0,0,0,0,0,0,0
B,"BUCUREŞTI SECTORUL 5","BUCUREŞTI SECTORUL 5",179187,956,"COLEGIUL NAȚIONAL ”GHEORGHE LAZĂR”",U,633,29,256,9,0,0,265,3,15,18,44,35,8,18,23,50,51,0,0,0,1,0,0,2,1,1,0,2,1,4,3,0,3,0,3,3,1,1,3,3,1,1,1,1,1,2,5,6,2,1,2,3,0,1,2,0,3,3,0,2,5,3,1,2,2,1,0,1,6,1,3,1,2,1,3,3,2,1,2,0,2,1,0,0,0,1,2,0,0,0,0,0,0,0,0,0,0,0,0,0,0,0,0,0,0,0,0,0,0,0,0,0,0,0,0,0,0,0,0,0,3,0,4,0,0,0,1,3,5,1,1,1,1,0,2,1,3,0,1,3,2,1,3,2,4,4,3,1,4,2,0,5,3,0,0,3,3,3,1,6,5,3,2,1,3,2,3,4,2,3,9,0,5,2,1,7,2,6,1,3,1,0,1,1,1,2,0,0,0,0,0,0,0,0,0,0,0,0,0,0,0,0,0,0,0,0,0,0,0,0,0,0,0,0,0,0,0,0,0,0,0,0,0
B,"BUCUREŞTI SECTORUL 5","BUCUREŞTI SECTORUL 5",179187,957,"COLEGIUL NAȚIONAL ”GHEORGHE LAZĂR”",U,788,55,255,7,0,0,262,5,13,35,41,29,5,12,28,52,42,3,1,0,0,1,0,0,0,2,0,0,1,0,4,3,2,1,5,5,4,6,5,3,2,2,2,1,2,1,0,1,5,0,1,4,2,0,2,5,4,4,1,2,1,1,2,3,0,2,1,3,2,2,3,0,1,1,3,2,0,1,2,1,0,1,1,0,1,0,0,1,1,0,0,0,0,0,0,0,0,0,0,0,0,0,0,0,0,0,0,0,0,0,0,0,0,0,0,0,0,0,0,0,0,3,0,1,0,1,0,3,2,1,0,0,0,4,0,2,0,3,4,4,3,4,2,3,1,0,4,2,2,3,2,5,6,2,1,3,4,2,4,3,3,2,3,2,0,2,1,1,1,3,2,1,2,3,1,2,3,5,2,2,1,2,1,0,1,3,0,2,0,2,0,0,0,0,0,1,1,0,0,0,0,0,0,0,0,0,0,0,0,0,0,0,0,0,0,0,0,0,0,0,0,0,0
B,"BUCUREŞTI SECTORUL 5","BUCUREŞTI SECTORUL 5",179187,958,"COLEGIUL NAȚIONAL ”GHEORGHE LAZĂR”",U,391,27,125,8,0,43,176,6,6,17,39,20,5,4,14,32,33,1,2,1,1,1,0,0,1,0,2,0,0,2,0,0,0,1,2,4,1,1,4,1,1,0,0,3,1,3,0,1,1,2,3,1,1,3,0,2,5,5,0,3,1,2,3,2,4,0,0,2,1,1,0,1,1,2,1,1,1,1,1,0,0,0,0,1,2,0,0,0,0,0,0,0,0,0,0,0,0,0,0,0,0,0,0,0,0,0,0,0,0,0,0,0,0,0,0,0,0,0,0,0,0,2,1,0,2,0,0,1,0,1,1,1,0,0,0,0,0,1,1,3,0,1,1,5,0,1,1,1,1,1,0,2,1,1,1,0,5,4,3,2,1,4,1,0,1,0,3,1,4,1,3,2,2,1,2,2,0,0,1,2,1,2,2,1,1,1,1,1,1,0,0,0,0,1,0,0,0,0,0,0,0,0,0,0,0,0,0,0,0,0,0,0,0,0,0,0,0,0,0,0,0,0,0
B,"BUCUREŞTI SECTORUL 5","BUCUREŞTI SECTORUL 5",179187,959,"COLEGIUL NAȚIONAL ”GHEORGHE LAZĂR”",U,682,35,235,9,1,1,246,8,11,22,44,28,9,15,24,54,31,1,2,1,0,2,0,2,1,1,1,0,3,1,0,0,1,3,1,1,5,6,3,4,0,0,2,0,4,3,2,2,2,1,1,2,2,5,1,2,3,1,1,1,1,4,2,4,1,3,3,3,3,0,2,1,0,1,1,0,2,2,0,1,1,2,0,0,0,1,0,0,0,0,0,1,0,0,0,0,0,0,0,0,0,0,0,0,0,0,0,0,0,0,0,0,0,0,0,0,0,0,0,0,2,1,3,1,2,0,0,3,0,1,1,1,3,2,1,1,2,4,2,4,1,3,3,4,0,1,2,3,5,2,4,4,3,6,2,2,0,2,0,8,4,2,1,4,1,0,1,1,3,1,1,4,2,1,0,1,4,3,1,1,1,1,1,0,0,0,2,1,0,1,0,1,0,0,0,0,0,0,0,0,0,0,0,0,0,0,0,0,0,0,0,0,0,0,0,0,0,0,0,0,0,0,0
B,"BUCUREŞTI SECTORUL 5","BUCUREŞTI SECTORUL 5",179187,960,"COLEGIUL NAȚIONAL ”GHEORGHE LAZĂR”",U,569,18,182,10,1,56,249,4,6,13,47,39,3,11,18,53,55,0,0,1,2,0,1,0,0,1,0,2,0,1,0,2,0,0,0,2,3,0,0,0,4,4,0,0,0,3,3,3,2,1,5,2,2,4,1,1,3,3,2,3,3,1,2,3,5,1,1,2,1,6,3,2,1,3,1,2,2,0,1,0,1,1,1,1,1,0,2,0,0,0,1,0,0,0,0,0,0,0,0,0,0,0,0,0,0,0,0,0,0,0,0,0,0,0,0,0,0,0,0,0,0,0,0,0,0,1,2,0,1,0,1,1,0,2,2,2,2,0,2,1,1,4,2,0,3,2,3,2,4,3,2,2,3,2,4,2,2,2,4,5,5,1,2,3,0,2,3,5,2,0,3,7,5,5,1,4,3,3,3,4,2,1,0,1,3,1,0,0,1,1,0,0,0,0,0,0,0,0,0,0,0,0,0,0,0,0,0,0,0,0,0,0,0,0,0,0,0,0,0,0,0,0,0
B,"BUCUREŞTI SECTORUL 5","BUCUREŞTI SECTORUL 5",179187,961,"GRĂDINȚA NR.178",U,1756,13,560,10,0,0,570,19,21,51,109,62,31,27,49,123,78,3,2,5,3,0,2,4,5,0,2,4,2,1,3,0,3,1,2,1,6,4,6,8,6,3,8,7,7,7,7,4,4,7,7,6,8,7,3,8,8,7,6,2,3,7,0,1,6,8,3,6,9,2,6,2,5,0,2,4,2,2,1,0,0,2,0,0,1,0,0,0,0,0,0,0,1,0,0,0,0,0,0,0,0,0,0,0,0,0,0,0,0,0,0,0,0,0,0,0,0,0,0,0,5,1,6,5,6,6,2,1,1,4,5,1,5,2,2,1,5,2,4,1,7,3,8,4,6,6,8,7,5,5,9,6,5,6,11,10,4,2,11,7,8,6,2,2,4,7,6,3,9,9,5,9,7,6,5,5,3,4,4,1,2,2,1,1,0,0,2,0,0,0,0,0,0,0,0,0,0,0,0,0,0,0,0,0,0,0,0,0,0,0,0,0,0,0,0,0,0,0,0,0,0,0,0
B,"BUCUREŞTI SECTORUL 5","BUCUREŞTI SECTORUL 5",179187,962,"GRĂDINȚA NR.178",U,919,3,234,8,0,1,243,11,8,26,42,27,8,9,28,57,27,1,1,2,2,3,2,0,0,0,0,1,2,1,0,0,1,3,0,2,1,2,5,3,1,3,3,6,1,1,2,1,1,5,0,2,2,2,5,4,3,3,1,2,2,2,0,3,3,4,5,3,3,2,1,1,0,1,1,0,0,0,0,0,1,1,0,0,0,0,0,0,0,0,0,0,0,1,0,0,0,0,0,0,0,0,0,0,0,0,0,0,0,0,0,0,0,0,0,0,0,0,0,0,4,1,0,1,0,1,1,1,0,2,1,1,1,2,0,1,0,4,1,0,3,3,4,2,5,0,6,2,4,2,8,4,3,1,4,2,4,3,3,4,1,3,0,1,1,1,6,0,2,2,4,3,2,2,2,0,2,3,1,1,0,1,0,0,1,0,0,0,0,0,0,1,0,0,0,0,0,0,0,0,0,0,0,0,0,0,0,0,0,0,0,0,0,0,0,0,0,0,0,0,0,0,0
B,"BUCUREŞTI SECTORUL 5","BUCUREŞTI SECTORUL 5",179187,963,"GRĂDINȚA NR.178",U,1771,0,514,11,0,0,525,21,29,65,112,43,15,33,44,111,52,3,4,3,3,2,2,4,4,1,2,2,5,3,4,2,4,2,4,6,4,9,13,9,6,9,2,3,6,4,5,9,7,4,7,3,3,2,6,8,8,10,5,7,4,2,6,6,3,3,4,6,5,5,6,2,1,1,1,0,2,2,0,0,1,0,0,0,0,1,0,0,0,0,0,0,0,0,0,0,0,0,0,0,0,0,0,0,0,0,0,0,0,0,0,0,0,0,0,0,0,0,0,0,5,0,2,1,2,3,2,2,2,3,3,3,3,1,7,6,3,4,2,3,7,7,3,6,4,4,4,4,2,7,2,3,12,8,4,3,4,8,6,14,7,5,3,6,6,6,1,5,3,6,8,6,2,5,3,4,0,2,2,3,1,1,0,0,1,0,0,0,0,0,0,0,0,0,0,0,0,0,0,0,0,0,0,0,0,0,0,0,0,0,0,0,0,0,0,0,0,0,0,0,0,0,0
B,"BUCUREŞTI SECTORUL 5","BUCUREŞTI SECTORUL 5",179187,964,"LICEUL TEORETIC ”ION BARBU”",U,1100,6,359,8,0,0,367,19,20,38,83,32,9,11,40,82,33,4,1,4,1,3,2,4,2,2,3,1,3,2,2,0,2,3,2,0,6,4,3,5,5,5,6,2,5,5,6,8,7,7,5,3,3,5,2,7,4,5,3,3,0,4,1,0,6,2,6,2,3,2,2,0,5,1,2,0,1,0,0,0,0,0,0,0,0,0,0,0,0,0,0,0,0,0,0,0,0,0,0,0,0,0,0,0,0,0,0,0,0,0,0,0,0,0,0,0,0,0,0,0,2,3,0,1,2,0,1,0,1,3,0,1,0,3,2,0,1,6,8,3,2,5,4,3,4,1,4,2,2,5,6,6,7,2,6,6,2,3,8,6,6,2,4,3,3,2,1,6,1,1,3,1,8,4,0,3,0,1,0,0,2,0,0,1,0,0,0,0,1,0,0,0,0,0,1,0,0,0,0,0,0,0,0,0,0,0,0,0,0,0,0,0,0,0,0,0,0,0,0,0,0,0,0
B,"BUCUREŞTI SECTORUL 5","BUCUREŞTI SECTORUL 5",179187,965,"LICEUL TEORETIC ”ION BARBU”",U,1238,8,410,5,0,0,415,15,20,42,82,39,16,24,38,94,45,2,3,2,2,1,2,3,1,1,3,0,1,6,0,2,3,3,2,3,7,5,3,4,7,3,1,7,4,7,4,3,4,4,9,5,1,4,3,5,1,10,3,5,2,1,2,5,5,4,5,5,6,4,1,3,4,0,0,1,0,0,0,0,1,0,0,0,0,0,0,0,0,0,0,0,0,0,0,0,0,0,0,0,0,0,0,0,0,0,0,0,0,0,0,0,0,0,0,0,0,0,0,0,4,1,4,2,2,3,0,1,2,3,4,3,1,1,2,2,5,4,6,9,3,3,3,3,1,3,3,5,4,7,2,5,5,7,5,1,3,4,7,5,6,2,3,6,9,3,5,7,2,6,3,5,1,3,5,2,3,1,1,1,1,0,0,0,0,1,1,1,0,1,0,0,0,0,0,0,0,0,0,0,0,0,0,0,0,0,0,0,0,0,0,0,0,0,0,0,0,0,0,0,0,0,0
B,"BUCUREŞTI SECTORUL 5","BUCUREŞTI SECTORUL 5",179187,966,"LICEUL TEORETIC ”ION BARBU”",U,926,3,417,5,0,1,423,17,18,36,73,50,17,16,44,106,46,3,2,2,2,2,3,3,1,3,0,1,2,0,1,1,4,5,4,3,2,2,3,5,7,2,3,5,3,5,9,1,1,2,3,9,3,4,5,4,4,3,4,4,0,5,1,3,6,3,6,1,3,6,4,2,3,2,3,1,3,2,2,1,0,0,1,0,1,0,0,0,0,0,0,0,0,0,0,0,0,0,0,0,0,0,0,0,0,0,0,0,0,0,0,0,0,0,0,0,0,0,0,0,4,2,1,2,1,6,1,1,1,2,1,3,1,1,1,2,3,6,5,4,5,4,2,6,2,3,7,7,3,6,10,5,4,5,3,7,3,4,6,4,9,6,5,4,4,4,7,7,3,6,6,3,1,3,1,4,1,2,2,2,0,0,2,1,0,0,0,1,0,0,1,0,0,0,0,0,0,0,0,0,0,0,0,0,0,0,0,0,0,0,0,0,0,0,0,0,0,0,0,0,0,0,0
B,"BUCUREŞTI SECTORUL 5","BUCUREŞTI SECTORUL 5",179187,967,"LICEUL TEORETIC ”ION BARBU”",U,1072,1,396,7,0,0,403,22,22,35,78,51,4,21,39,85,46,6,3,1,3,2,3,4,2,2,0,5,2,3,1,3,2,2,4,2,5,6,2,4,2,1,4,5,5,1,9,4,2,7,4,0,7,2,4,4,8,2,2,2,4,4,2,5,7,4,3,3,2,2,1,4,3,4,1,7,3,1,2,1,1,0,0,0,0,0,1,0,1,0,0,0,0,0,0,0,0,0,0,0,0,0,0,0,0,0,0,0,0,0,0,0,0,0,0,0,0,0,0,0,1,2,1,0,0,0,0,2,2,1,2,3,1,1,3,2,4,3,5,2,8,4,2,5,2,6,2,4,3,6,5,5,5,6,3,4,4,3,2,5,6,3,4,3,3,6,5,2,2,3,3,3,4,1,4,4,2,2,2,6,2,3,0,0,0,0,2,0,1,0,0,0,0,0,0,0,0,0,0,0,0,0,0,0,0,0,0,0,0,0,0,0,0,0,0,0,0,0,0,0,0,0,0
B,"BUCUREŞTI SECTORUL 5","BUCUREŞTI SECTORUL 5",179187,968,"LICEUL TEORETIC ”ION BARBU”",U,1163,4,460,7,0,0,467,18,18,45,78,60,9,25,50,103,61,1,5,5,1,4,1,1,3,5,2,1,0,0,2,2,3,0,1,6,6,3,3,6,6,2,4,8,6,5,5,4,5,4,6,4,4,0,5,2,7,5,3,3,2,4,3,1,9,7,7,3,6,1,6,5,5,0,0,1,1,5,0,0,1,1,0,1,1,0,0,0,0,0,0,0,0,0,0,0,0,0,0,0,0,0,0,0,0,0,0,0,0,0,0,0,0,0,0,0,0,0,0,0,0,2,1,3,0,2,1,0,5,2,1,2,2,2,6,4,1,5,5,4,8,6,7,5,3,3,4,6,6,5,9,2,6,7,5,3,2,4,3,9,9,0,5,4,8,6,4,4,8,3,7,6,5,6,3,3,1,3,2,3,1,1,0,1,0,1,1,1,0,0,0,0,1,0,0,0,0,0,0,0,0,0,0,0,0,0,0,0,0,0,0,0,0,0,0,0,0,0,0,0,0,0,0
B,"BUCUREŞTI SECTORUL 5","BUCUREŞTI SECTORUL 5",179187,969,"LICEUL TEORETIC ”ION BARBU”",U,1827,27,705,13,0,0,718,22,43,52,167,38,31,55,59,196,55,6,2,2,2,1,3,6,4,5,2,2,5,5,6,5,4,5,2,6,9,6,8,2,6,2,6,5,8,8,5,11,5,9,8,10,6,4,8,11,14,11,10,9,7,10,4,9,3,3,5,2,2,0,4,3,4,3,2,1,0,1,1,1,2,0,0,0,0,0,0,0,0,0,0,1,0,0,0,0,0,0,0,0,0,0,0,0,0,0,0,0,0,0,0,0,0,0,0,0,0,0,0,0,3,7,4,2,3,8,4,6,3,6,5,7,7,4,10,5,2,7,10,6,4,7,6,3,4,8,4,5,10,11,13,15,9,10,14,4,8,13,8,11,19,7,9,13,6,4,7,4,3,3,3,5,8,6,3,2,4,3,2,2,0,1,1,0,1,0,2,0,1,0,0,0,1,0,0,0,0,0,0,0,0,0,0,0,0,0,0,0,0,0,0,0,0,0,0,0,0,0,0,0,0,0,0
B,"BUCUREŞTI SECTORUL 5","BUCUREŞTI SECTORUL 5",179187,970,"LICEUL TEORETIC ”ION BARBU”",U,885,1,371,8,0,0,379,12,15,32,81,32,14,21,34,87,51,3,2,0,0,0,5,2,2,3,1,2,1,1,1,1,2,1,3,6,2,3,5,4,2,2,3,2,2,4,3,10,4,5,2,0,3,5,5,6,5,8,2,5,4,4,1,3,4,1,0,6,1,2,3,0,2,2,2,1,1,0,0,2,1,0,1,2,0,1,0,0,0,0,0,0,0,0,0,0,0,0,0,0,0,0,0,0,0,0,0,0,0,0,0,0,0,0,0,0,0,0,0,0,2,1,4,2,0,2,3,1,3,1,1,1,2,2,5,4,1,5,2,2,2,2,5,3,5,4,4,0,5,1,10,5,5,5,1,3,3,3,9,7,7,5,3,5,3,1,6,4,3,8,2,4,3,4,5,0,5,4,1,4,3,0,0,0,1,0,0,0,0,0,0,0,0,0,0,0,0,0,0,0,0,0,0,0,0,0,0,0,0,0,0,0,0,0,0,0,0,0,0,0,0,0,0
B,"BUCUREŞTI SECTORUL 5","BUCUREŞTI SECTORUL 5",179187,971,"LICEUL TEORETIC ”ION BARBU”",U,810,13,284,7,0,0,291,15,12,30,57,31,13,12,31,61,29,1,2,2,3,2,1,4,0,2,1,2,2,0,1,2,0,2,1,3,4,4,6,4,3,1,3,1,6,3,3,4,5,8,3,0,2,2,5,1,4,4,1,0,2,2,2,0,1,5,2,2,4,3,0,2,1,2,2,0,2,1,1,0,2,1,0,0,0,0,0,0,0,0,0,0,0,0,0,0,0,0,0,0,0,0,0,0,0,0,0,0,0,0,0,0,0,0,0,0,0,0,0,0,0,1,3,3,1,2,3,0,2,1,3,1,1,0,1,1,2,6,2,2,3,2,4,4,2,4,2,3,4,4,3,6,6,4,2,0,1,3,3,3,4,1,5,4,2,1,2,3,1,5,2,3,1,0,2,2,0,2,0,2,1,2,1,0,0,0,0,0,0,1,0,0,0,0,0,1,0,0,0,0,0,0,0,0,0,0,0,0,0,0,0,0,0,0,0,0,0,0,0,0,0,0,0
B,"BUCUREŞTI SECTORUL 5","BUCUREŞTI SECTORUL 5",179187,972,"LICEUL TEORETIC ”ION BARBU”",U,1366,19,548,15,0,0,563,19,38,63,104,46,24,47,62,106,54,3,5,2,1,4,3,1,6,0,1,7,2,3,4,6,3,6,9,4,10,5,10,5,6,7,2,5,6,5,7,7,7,5,6,8,4,5,5,7,3,5,6,4,1,6,2,5,5,7,1,2,3,5,2,5,1,1,3,4,0,3,0,1,1,1,1,0,0,0,0,0,0,0,0,0,0,0,0,0,0,0,0,0,0,0,0,0,0,0,0,0,0,0,0,0,0,0,0,0,0,0,0,0,5,3,2,2,3,6,3,3,5,4,8,6,5,2,4,3,7,5,6,15,2,7,5,8,5,1,8,9,4,5,4,4,1,6,5,5,9,1,5,11,5,8,9,4,2,6,3,6,6,3,6,7,6,5,4,3,1,3,0,1,1,2,0,0,0,0,0,0,0,0,0,0,0,0,0,0,0,0,0,0,0,0,0,0,0,0,0,0,0,0,0,0,0,0,0,0,0,0,0,0,0,0,0
B,"BUCUREŞTI SECTORUL 5","BUCUREŞTI SECTORUL 5",179187,973,"ȘCOALA GIMNAZIALĂ NR.115",U,1306,3,433,9,0,0,442,8,25,46,87,45,18,16,46,102,49,1,1,1,3,1,1,0,1,4,2,1,4,3,2,2,2,4,5,4,6,4,2,3,8,7,6,1,4,8,5,3,6,7,2,1,1,5,3,3,9,5,1,5,4,4,7,4,8,4,10,6,3,4,2,1,0,3,0,2,0,0,0,0,1,0,0,0,1,0,0,0,0,0,0,0,0,0,0,0,0,0,0,0,0,0,0,0,0,0,0,0,0,0,0,0,0,0,0,0,0,0,0,0,4,3,2,2,3,1,3,1,1,1,0,1,2,1,3,4,2,5,2,6,7,6,5,3,3,6,3,6,4,2,9,0,6,2,2,2,4,6,3,14,11,5,5,5,6,5,5,7,4,9,6,2,7,0,0,5,2,2,3,1,1,0,0,0,0,0,0,0,0,0,0,0,0,0,0,0,0,0,0,0,0,0,0,0,0,0,0,0,0,0,0,0,0,0,0,0,0,0,0,0,0,0,0
B,"BUCUREŞTI SECTORUL 5","BUCUREŞTI SECTORUL 5",179187,974,"ȘCOALA GIMNAZIALĂ NR.115",U,1126,22,450,6,0,1,457,13,20,42,90,43,13,28,45,111,52,2,3,0,2,1,4,1,3,0,1,2,2,1,2,2,4,3,2,2,4,2,7,6,5,7,1,6,3,1,3,7,6,5,5,6,7,3,3,2,9,3,4,5,6,4,4,4,6,6,4,3,4,3,2,2,0,2,5,1,2,1,0,0,0,1,0,0,0,0,1,0,0,0,0,0,0,0,0,0,0,0,0,0,0,0,0,0,0,0,0,0,0,0,0,0,0,0,0,0,0,0,0,0,2,2,4,0,2,1,2,0,3,4,2,3,4,1,3,6,2,3,6,5,9,3,7,3,4,3,2,5,5,8,6,3,7,4,5,6,4,9,5,7,6,6,5,6,6,4,4,2,9,6,3,3,2,6,0,3,5,2,2,2,2,0,1,2,1,1,0,0,0,0,0,0,0,0,0,0,0,0,0,0,0,0,0,0,0,0,0,0,0,0,0,0,0,0,0,0,0,0,0,0,0,0,0
B,"BUCUREŞTI SECTORUL 5","BUCUREŞTI SECTORUL 5",179187,975,"ȘCOALA GIMNAZIALĂ NR.115",U,1281,4,468,7,0,0,475,14,22,58,98,43,11,24,57,103,45,6,1,0,1,4,0,2,3,0,3,5,0,0,1,2,6,2,4,2,2,4,8,12,7,6,5,8,8,2,5,6,7,3,4,3,4,4,3,6,7,7,4,2,7,7,6,3,4,7,7,2,2,2,3,2,2,1,3,2,1,1,1,0,0,1,0,0,0,0,0,0,0,0,1,0,1,0,0,0,0,0,0,0,0,0,0,0,0,0,0,0,0,0,0,0,0,0,0,0,0,0,0,0,0,4,1,1,1,1,3,2,1,2,3,2,3,0,2,5,4,2,7,10,4,7,6,3,4,7,7,5,3,3,5,6,3,1,7,7,5,3,6,9,8,6,3,8,6,5,4,6,4,2,4,5,5,3,4,2,1,1,0,3,0,2,1,0,0,0,1,0,0,0,1,0,0,0,0,0,0,0,0,0,0,0,0,0,0,0,0,0,0,0,0,0,0,0,0,0,0,0,0,0,0,0,0
B,"BUCUREŞTI SECTORUL 5","BUCUREŞTI SECTORUL 5",179187,976,"ȘCOALA GIMNAZIALĂ NR.115",U,1076,9,420,9,0,0,429,5,23,41,91,50,14,19,44,102,40,0,1,1,0,1,0,2,1,1,0,5,7,1,1,2,3,2,3,5,3,4,5,9,2,5,1,4,3,5,8,9,0,4,7,3,1,1,6,7,9,6,5,4,2,1,2,8,3,8,7,8,3,2,4,4,3,1,2,0,1,3,0,1,0,0,0,0,0,0,0,0,0,0,0,0,0,0,0,0,0,0,0,0,0,0,0,0,0,0,0,0,0,0,0,0,0,0,0,0,0,0,0,0,4,3,1,1,2,2,1,0,3,3,1,1,1,3,3,2,2,5,2,6,3,3,7,7,2,1,8,1,4,8,6,2,2,4,4,3,1,6,3,12,10,6,7,4,9,4,6,7,1,3,1,6,2,5,5,3,1,1,2,1,0,0,0,0,2,0,0,0,0,0,0,0,0,0,0,0,0,0,0,0,0,0,0,0,0,0,0,0,0,0,0,0,0,0,0,0,0,0,0,0,0,0,0
B,"BUCUREŞTI SECTORUL 5","BUCUREŞTI SECTORUL 5",179187,977,"ȘCOALA GIMNAZIALĂ NR.115",U,1207,11,466,9,1,0,476,15,34,52,81,52,18,36,54,90,44,3,1,2,1,2,3,3,5,6,4,3,2,3,1,5,4,1,7,8,4,6,4,2,3,7,4,7,5,12,6,3,6,5,5,2,5,3,1,6,4,3,1,0,2,3,3,6,5,5,6,6,3,3,5,4,1,1,5,1,1,0,1,3,1,0,0,0,0,0,0,0,0,0,0,0,1,0,0,0,0,0,0,0,0,0,0,0,0,0,0,0,0,0,0,0,0,0,0,0,0,0,0,0,5,4,2,0,3,3,1,2,1,4,1,2,5,4,4,8,5,7,7,3,3,8,5,6,3,9,3,7,9,4,4,5,3,5,4,3,2,4,1,8,4,5,4,5,3,4,6,9,3,2,2,4,4,3,7,1,0,3,1,2,1,2,0,0,0,0,0,0,0,0,0,0,0,0,0,0,0,0,0,0,0,0,0,0,0,0,0,0,0,0,0,0,0,0,0,0,0,0,0,0,0,0,0
B,"BUCUREŞTI SECTORUL 5","BUCUREŞTI SECTORUL 5",179187,978,"ȘCOALA GIMNAZIALĂ NR.115",U,1117,3,384,13,0,0,397,10,25,41,84,38,9,13,37,101,39,2,1,1,0,4,0,2,1,5,2,3,4,3,2,2,1,2,4,4,6,4,6,3,5,5,2,2,3,5,5,2,2,2,2,3,7,1,5,5,6,9,3,2,2,5,10,5,7,7,3,4,5,1,2,3,1,0,3,0,0,1,0,0,0,0,0,0,0,0,0,1,0,0,0,0,0,0,0,0,0,0,0,0,0,0,0,0,0,0,0,0,0,0,0,0,0,0,0,0,0,0,0,0,6,0,0,1,0,2,0,0,0,1,2,3,1,1,2,2,1,1,7,5,2,3,4,3,4,6,2,1,4,3,2,6,5,3,6,3,4,6,3,10,10,6,6,4,7,9,3,1,5,3,2,5,2,4,6,2,3,0,1,3,0,1,0,0,0,0,0,0,0,0,0,0,0,0,1,0,0,0,0,0,0,0,0,0,0,0,0,0,0,0,0,0,0,0,0,0,0,0,0,0,0,0,0
B,"BUCUREŞTI SECTORUL 5","BUCUREŞTI SECTORUL 5",179187,991,"ȘCOALA GIMNAZIALĂ NR.150",U,626,5,243,12,0,0,255,13,11,12,57,28,7,8,23,55,41,2,1,0,3,2,2,3,1,2,3,0,2,0,0,0,1,2,1,0,0,2,1,1,1,0,2,4,5,2,5,3,5,4,2,1,1,1,4,4,3,6,1,1,2,1,3,3,1,2,0,0,3,2,0,0,0,4,2,1,2,1,3,0,1,2,0,0,1,0,1,0,1,0,0,1,0,0,0,0,0,0,0,0,0,0,0,0,0,0,0,0,0,0,0,0,0,0,0,0,0,0,0,0,2,3,0,1,1,0,0,1,1,1,1,0,1,1,0,0,2,2,2,4,1,2,2,2,3,3,2,3,3,3,4,3,3,4,1,4,5,1,1,4,5,0,1,3,0,2,5,3,0,4,0,0,4,3,5,0,5,2,4,3,1,3,1,0,1,1,0,0,0,0,1,0,0,0,0,0,0,0,0,0,0,0,0,0,0,0,0,0,0,0,0,0,0,0,0,0,0,0,0,0,0,0,0
B,"BUCUREŞTI SECTORUL 5","BUCUREŞTI SECTORUL 5",179187,992,"ȘCOALA GIMNAZIALĂ NR.150",U,651,8,271,15,1,0,287,9,11,26,56,25,10,10,33,64,43,0,0,1,4,1,0,3,0,0,2,0,1,2,2,1,1,2,2,3,2,5,6,2,2,1,1,2,5,2,6,3,3,6,6,3,3,2,0,2,6,4,1,1,0,1,0,2,2,2,2,3,1,1,2,3,0,3,1,0,0,1,0,0,1,0,0,0,1,0,0,0,0,0,0,1,0,0,0,0,0,0,0,1,0,0,0,0,0,0,0,0,0,0,0,0,0,0,0,0,0,0,0,0,2,0,1,3,2,2,0,2,0,0,1,1,0,2,1,2,1,5,3,2,2,3,5,2,1,2,8,6,4,6,5,2,1,5,1,2,6,2,3,8,6,1,1,1,1,3,0,1,4,3,2,6,4,2,2,1,2,3,0,1,2,0,0,3,2,0,2,0,1,1,0,0,0,0,1,0,0,0,0,0,0,0,0,0,0,0,0,0,0,0,0,0,0,0,0,0,0,0,0,0,0,0,0
B,"BUCUREŞTI SECTORUL 5","BUCUREŞTI SECTORUL 5",179187,993,"ȘCOALA GIMNAZIALĂ NR.150",U,685,12,276,11,0,0,287,11,13,19,55,39,7,7,30,58,48,2,0,3,4,0,1,1,3,3,0,1,2,1,0,1,1,1,2,2,0,0,5,2,0,3,1,4,3,3,2,5,7,2,6,4,3,0,3,1,2,3,1,1,3,2,3,1,3,2,3,2,2,0,2,2,2,1,2,1,0,1,2,3,2,3,1,1,0,1,3,0,0,0,0,0,0,0,0,0,0,0,0,0,0,0,0,0,0,0,0,0,0,0,0,0,0,0,0,0,0,0,0,0,2,1,1,0,2,0,1,0,1,1,2,0,0,0,0,2,1,1,1,4,4,3,1,2,4,5,5,4,2,4,2,4,4,4,1,3,1,1,3,4,4,5,2,2,6,2,0,1,5,1,2,2,3,3,1,4,2,1,5,1,2,2,3,1,1,1,2,1,0,1,2,0,0,0,0,0,1,0,0,0,0,0,0,0,0,0,0,0,0,0,0,0,0,0,0,0,0,0,0,0,0,0,0
B,"BUCUREŞTI SECTORUL 5","BUCUREŞTI SECTORUL 5",179187,994,"ȘCOALA GIMNAZIALĂ NR.150",U,645,17,283,11,0,0,294,4,11,30,55,35,10,16,30,61,42,2,1,0,0,0,0,1,1,1,1,2,0,0,2,1,1,2,2,3,2,4,6,2,5,1,3,2,2,6,4,0,5,4,1,3,1,2,2,4,2,5,4,0,3,3,2,2,3,0,0,3,1,4,3,3,1,3,5,0,0,0,2,3,0,3,0,0,0,0,0,0,1,0,0,0,0,0,0,0,0,0,0,0,0,0,0,0,0,0,0,0,0,0,0,0,0,0,0,0,0,0,0,0,5,1,0,1,1,2,0,2,2,0,2,1,1,2,1,2,3,3,0,2,2,6,7,4,2,4,0,2,4,3,8,5,0,4,1,2,2,2,4,7,5,0,2,2,2,3,3,2,2,4,2,2,4,2,1,3,1,5,1,2,1,2,0,2,2,1,0,0,0,1,2,0,0,0,0,0,0,0,0,0,0,0,0,0,0,0,0,0,0,0,0,0,0,0,0,0,0,0,0,0,0,0,0
B,"BUCUREŞTI SECTORUL 5","BUCUREŞTI SECTORUL 5",179187,995,"ȘCOALA GIMNAZIALĂ NR.150",U,641,4,282,11,0,0,293,15,12,23,65,30,13,14,17,65,39,3,1,2,4,2,2,1,1,1,1,1,2,1,1,0,3,1,0,3,1,5,6,2,1,2,0,3,5,2,5,2,2,6,3,6,7,2,2,2,7,4,3,3,1,2,1,0,3,2,1,3,5,1,3,3,1,1,1,3,1,0,1,0,0,0,0,0,0,0,0,0,0,0,0,0,0,0,0,0,0,0,1,0,0,0,0,0,0,0,0,0,0,0,0,0,0,0,0,0,0,0,0,0,2,3,4,2,1,1,0,1,1,1,1,1,3,1,1,1,3,1,0,1,6,1,0,3,1,4,0,4,2,5,2,3,3,7,3,2,4,4,2,6,2,5,3,0,3,1,4,2,2,3,4,2,2,5,3,3,3,2,1,2,1,1,0,1,1,0,0,0,0,0,0,0,1,0,0,0,0,0,0,0,0,0,0,0,0,0,0,0,0,0,0,0,0,0,0,0,0,0,0,0,0,0,0
B,"BUCUREŞTI SECTORUL 5","BUCUREŞTI SECTORUL 5",179187,996,"ȘCOALA GIMNAZIALĂ NR.150",U,721,10,309,12,0,0,321,7,10,26,67,38,13,16,30,63,51,1,2,1,1,0,2,0,4,1,0,2,0,2,1,0,0,0,3,2,3,1,2,0,6,2,4,3,5,8,6,4,7,3,3,3,1,2,2,1,6,5,1,1,1,2,5,1,2,3,0,0,2,4,3,4,0,2,1,2,1,0,3,1,1,0,3,3,0,1,1,0,0,0,0,0,0,0,0,0,0,1,0,0,0,0,0,0,0,0,0,0,0,0,0,0,0,0,0,0,0,0,0,0,4,1,2,2,1,2,1,2,1,2,2,0,2,2,2,1,2,2,2,6,4,3,1,3,4,1,4,2,9,2,7,5,1,2,1,3,3,3,4,2,6,0,1,3,6,1,2,2,2,2,3,4,8,0,4,2,2,1,0,3,2,3,4,2,0,0,0,2,1,1,1,0,0,0,1,0,1,0,0,0,0,0,0,0,0,0,0,0,0,0,0,0,0,0,0,0,0,0,0,0,0,0,0
B,"BUCUREŞTI SECTORUL 5","BUCUREŞTI SECTORUL 5",179187,979,"ȘCOALA GIMNAZIALĂ NR.128",U,1013,15,412,9,0,0,421,7,17,40,66,62,11,13,41,101,63,0,1,0,2,2,1,1,1,2,1,1,1,3,5,1,2,0,1,0,3,1,9,3,6,3,6,8,3,3,7,3,5,4,4,2,4,4,4,4,3,1,3,1,2,2,3,4,4,1,4,6,7,5,1,5,3,3,1,0,3,5,1,2,0,2,4,1,0,0,3,0,1,0,0,0,0,0,0,0,0,0,0,0,0,0,0,0,0,0,0,0,0,0,0,0,0,0,0,0,0,0,0,0,3,1,1,2,3,0,1,1,0,1,1,1,2,1,1,2,3,0,1,0,10,7,6,5,5,4,3,4,5,5,10,5,7,6,3,6,3,5,5,10,5,3,3,3,5,4,4,1,5,6,5,2,2,5,2,5,6,2,4,2,1,1,2,3,1,1,1,1,0,1,0,1,0,2,0,0,0,0,0,1,0,0,0,0,0,0,0,0,0,0,0,0,0,0,0,0,0,0,0,0,0,0,0
B,"BUCUREŞTI SECTORUL 5","BUCUREŞTI SECTORUL 5",179187,980,"ȘCOALA GIMNAZIALĂ NR.128",U,905,9,339,9,0,0,348,14,19,33,71,36,7,15,38,75,40,2,0,1,3,2,1,5,3,0,1,1,0,3,2,1,1,7,1,3,5,3,3,3,4,1,1,9,1,5,4,4,5,11,2,4,2,3,4,1,4,5,1,5,4,4,1,1,3,2,2,5,3,4,1,1,1,2,1,2,2,0,3,3,0,0,0,0,1,0,0,0,0,0,0,0,0,0,0,0,0,0,0,0,0,0,0,0,0,0,0,0,0,0,0,0,0,0,0,0,0,0,0,0,0,1,3,1,0,0,2,0,2,3,1,2,1,2,2,2,0,3,10,3,2,1,2,1,2,4,10,9,4,4,2,4,3,4,1,5,2,2,3,6,6,4,2,6,3,2,3,4,2,2,4,3,7,3,1,3,2,2,0,2,2,0,0,1,0,0,1,0,0,1,0,0,0,0,0,0,0,0,0,0,0,0,0,0,0,0,0,0,0,0,0,0,0,0,0,0,0,0,0,0,0,0,0
B,"BUCUREŞTI SECTORUL 5","BUCUREŞTI SECTORUL 5",179187,981,"ȘCOALA GIMNAZIALĂ NR.128",U,1033,14,356,7,0,13,376,7,15,43,64,40,13,14,53,82,45,1,2,2,0,1,1,0,2,0,2,2,0,3,1,2,2,1,2,4,5,4,5,3,6,4,8,2,5,6,6,5,6,2,5,1,6,2,3,1,4,3,2,3,2,2,0,0,5,3,3,0,4,0,6,1,4,0,2,2,1,2,0,2,0,2,1,2,0,0,0,0,0,0,0,0,0,0,0,0,0,0,0,0,0,0,0,0,0,0,0,0,0,0,0,0,0,0,0,0,0,0,0,0,2,2,2,0,3,3,1,0,0,0,2,3,2,1,1,3,2,3,2,7,6,6,4,10,6,7,2,2,7,4,3,2,7,7,3,6,5,3,2,4,8,5,2,2,3,4,3,2,3,4,2,5,5,3,3,3,3,1,1,1,1,0,1,1,3,0,1,1,0,1,0,0,0,0,0,0,0,0,0,0,0,0,0,0,0,0,0,0,0,0,0,0,0,0,0,0,0,0,0,0,0,0,0
B,"BUCUREŞTI SECTORUL 5","BUCUREŞTI SECTORUL 5",179187,982,"ȘCOALA GIMNAZIALĂ NR.128",U,836,6,308,10,0,0,318,6,8,44,48,39,7,12,38,71,45,2,1,1,1,0,1,0,0,3,2,1,0,1,0,0,0,1,3,8,2,2,4,3,8,6,3,5,6,2,2,2,2,4,2,0,3,1,6,2,2,2,1,2,0,2,3,4,4,2,1,3,3,1,5,4,2,3,1,3,2,1,0,1,0,0,0,1,1,0,0,0,1,0,0,0,0,0,0,0,0,0,0,0,0,0,0,0,0,0,0,0,0,0,0,0,0,0,0,0,0,0,0,0,2,2,1,0,1,1,0,0,1,1,1,2,2,1,0,1,3,3,5,5,5,1,4,4,2,4,5,9,6,4,6,3,5,1,0,4,5,2,5,6,1,1,3,1,2,3,4,5,6,5,3,5,3,3,1,0,3,3,1,1,2,0,1,2,0,0,0,1,0,0,0,0,0,0,0,0,0,0,0,0,0,0,0,0,0,0,0,0,0,0,0,0,0,0,0,0,0,0,0,0,0,0,0
B,"BUCUREŞTI SECTORUL 5","BUCUREŞTI SECTORUL 5",179187,983,"ȘCOALA GIMNAZIALĂ NR.128",U,1072,11,468,8,0,0,476,15,14,55,80,49,19,21,59,99,65,2,3,3,2,3,1,1,1,0,1,2,0,2,2,3,1,2,8,3,5,4,7,5,7,6,5,5,5,8,6,5,3,9,2,2,3,3,8,2,3,6,1,1,4,3,3,3,2,5,4,2,3,3,6,5,3,1,4,2,1,2,0,0,1,0,0,1,1,0,0,1,1,0,0,0,1,0,0,0,0,0,0,0,0,0,0,0,0,0,0,0,0,0,0,0,0,0,0,0,0,0,0,0,7,1,4,1,2,2,2,2,0,2,3,4,4,1,0,0,5,2,9,7,3,8,10,9,2,2,7,6,9,10,9,3,4,4,5,2,5,4,4,7,5,5,7,2,1,2,5,5,8,6,6,3,4,5,4,1,6,3,1,2,3,2,1,0,2,2,0,0,0,0,0,0,0,0,1,0,0,0,0,0,0,0,0,0,0,0,0,0,0,0,0,0,0,0,0,0,0,0,0,0,0,0,0
B,"BUCUREŞTI SECTORUL 5","BUCUREŞTI SECTORUL 5",179187,984,"ȘCOALA GIMNAZIALĂ NR.128",U,902,12,329,21,0,0,350,10,20,41,65,32,10,24,41,59,48,1,0,1,5,1,1,1,1,3,0,2,2,2,1,3,0,6,8,7,3,3,1,0,6,8,4,1,6,1,4,5,3,3,5,2,4,4,3,2,6,4,4,3,2,2,1,1,2,2,2,2,3,2,3,3,1,1,0,3,2,1,0,1,0,1,0,1,0,0,0,1,0,0,1,0,0,0,0,0,0,0,0,0,0,0,0,0,0,0,0,0,0,0,0,0,0,0,0,0,0,0,0,0,2,2,0,1,2,1,2,3,2,2,3,1,0,4,6,3,0,3,4,4,4,5,5,3,2,5,6,3,5,6,2,1,4,3,1,0,1,4,1,6,5,4,3,5,1,2,2,4,3,2,3,2,2,7,2,4,1,4,3,4,0,0,1,0,0,1,1,0,2,1,1,0,0,0,0,0,0,0,0,0,0,0,0,0,0,0,0,0,0,0,0,0,0,0,0,0,0,0,0,0,0,0,0
B,"BUCUREŞTI SECTORUL 5","BUCUREŞTI SECTORUL 5",179187,985,"ȘCOALA GIMNAZIALĂ NR.128",U,852,41,217,8,0,0,225,15,14,21,45,20,2,16,20,53,19,2,2,1,1,2,3,4,3,3,0,0,2,1,1,2,1,1,2,5,1,1,0,2,3,5,0,2,7,2,4,2,4,5,1,1,1,0,1,1,3,4,2,1,0,2,1,3,1,1,1,3,1,0,2,4,1,0,0,1,0,2,1,0,0,0,0,1,0,0,0,1,0,0,0,0,0,0,0,0,0,0,0,0,0,0,0,0,0,0,0,0,0,0,0,0,0,0,0,0,0,0,0,0,0,0,1,0,0,0,1,1,4,1,1,1,3,0,3,1,1,3,3,1,0,0,2,3,1,3,4,1,1,4,1,2,1,0,5,4,0,3,4,5,4,3,2,2,4,4,3,0,1,1,2,0,2,0,1,2,0,3,2,2,0,2,0,1,0,0,0,0,0,0,0,0,0,0,0,0,0,0,0,0,0,0,0,0,0,0,0,0,0,0,0,0,0,0,0,0,0,0,0,0,0,0,0
B,"BUCUREŞTI SECTORUL 5","BUCUREŞTI SECTORUL 5",179187,1002,"ȘCOALA GIMNAZIALĂ NR.125",U,1851,4,564,12,0,35,611,25,28,69,151,64,22,25,39,123,65,2,5,2,1,4,7,4,3,3,1,4,3,1,6,1,2,4,5,6,15,4,7,5,6,8,10,3,5,12,7,17,10,8,7,9,8,5,10,7,10,8,5,4,4,5,6,4,5,7,2,6,8,4,4,4,5,4,2,1,1,3,5,0,0,0,1,0,1,1,0,0,0,0,0,0,0,0,0,0,0,0,0,0,0,0,0,0,0,0,0,0,0,0,0,0,0,0,0,0,0,0,0,0,8,3,5,1,1,2,2,2,3,3,2,2,1,2,2,1,7,1,1,4,6,7,2,5,5,3,5,9,13,4,7,9,7,4,6,5,8,2,11,8,11,5,3,5,2,2,2,6,8,3,5,4,5,4,4,5,6,1,4,2,3,1,0,3,0,0,0,0,1,0,0,0,0,0,0,0,0,0,0,0,0,0,0,0,0,0,0,0,0,0,0,0,0,0,0,0,0,0,0,0,0,0,0
B,"BUCUREŞTI SECTORUL 5","BUCUREŞTI SECTORUL 5",179187,1003,"ȘCOALA GIMNAZIALĂ NR.125",U,1902,3,450,7,0,19,476,20,27,44,126,50,14,19,31,98,47,6,5,1,1,2,1,4,2,3,5,4,0,0,1,4,4,4,3,3,5,7,6,1,4,5,2,8,4,7,7,4,6,3,12,5,8,10,6,11,6,10,8,4,1,5,7,2,1,5,7,4,2,10,2,5,1,6,1,1,0,1,2,1,0,1,0,0,0,0,0,0,0,0,0,0,0,0,0,0,0,0,0,0,0,0,0,0,0,0,0,0,0,0,0,0,0,0,0,0,0,0,0,0,5,3,2,1,0,1,2,1,1,3,2,2,1,3,4,1,1,1,2,2,3,3,4,5,1,2,8,7,3,7,7,7,8,6,3,4,6,5,10,7,6,4,4,1,1,1,1,4,7,6,4,7,2,4,1,2,2,2,2,1,0,0,1,1,0,0,0,0,1,0,0,0,0,0,0,0,0,0,0,0,0,0,0,0,0,0,0,0,0,0,0,0,0,0,0,0,0,0,0,0,0,0,0
B,"BUCUREŞTI SECTORUL 5","BUCUREŞTI SECTORUL 5",179187,1004,"ȘCOALA GIMNAZIALĂ NR.125",U,1515,1,347,6,0,59,412,9,26,58,102,40,9,16,34,82,36,0,1,1,2,1,1,3,3,1,2,2,4,2,2,5,2,3,2,6,8,10,8,5,5,5,5,4,2,6,8,5,5,8,1,6,7,4,3,8,12,11,2,2,4,2,3,3,4,3,4,3,6,3,2,5,0,0,5,1,0,0,2,1,0,0,0,1,0,0,0,0,0,0,0,0,0,0,0,0,0,0,0,0,0,0,0,0,0,0,0,0,0,0,0,0,0,0,0,0,0,0,0,0,0,2,4,0,1,1,1,1,0,0,1,2,2,3,0,2,5,1,2,5,5,4,3,3,3,1,7,4,4,5,2,9,2,3,4,2,2,3,7,6,8,3,3,8,3,2,2,1,3,4,2,3,1,2,4,2,0,3,4,2,1,1,0,2,0,1,0,0,0,0,0,0,0,0,0,0,0,0,0,0,0,0,0,0,0,0,0,0,0,0,0,0,0,0,0,0,0,0,0,0,0,0,0
B,"BUCUREŞTI SECTORUL 5","BUCUREŞTI SECTORUL 5",179187,1005,"ȘCOALA GIMNAZIALĂ NR.131",U,1416,1,351,7,0,46,404,12,36,41,105,29,9,20,34,84,34,2,1,0,0,5,2,2,5,3,0,10,3,2,4,3,2,4,7,2,2,3,5,3,4,7,6,2,4,5,9,6,9,4,5,4,4,5,2,11,7,5,5,4,1,9,4,2,1,1,2,2,1,4,1,2,2,4,1,2,0,0,1,2,1,0,0,0,1,1,0,0,0,0,0,0,0,0,0,0,0,0,0,0,0,0,0,0,0,0,0,0,0,0,0,0,0,0,0,0,0,0,0,0,0,1,1,3,1,1,2,5,1,2,2,1,1,1,1,3,3,2,2,2,5,1,1,5,5,7,4,3,0,5,4,5,5,6,4,9,6,2,6,7,6,1,4,2,3,3,3,2,2,2,0,2,5,3,5,3,2,3,1,3,0,0,0,0,0,0,0,0,1,0,0,0,0,0,0,0,0,0,0,0,0,0,0,0,0,0,0,0,0,0,0,0,0,0,0,0,0,0,0,0,0,0,0
B,"BUCUREŞTI SECTORUL 5","BUCUREŞTI SECTORUL 5",179187,1006,"ȘCOALA GIMNAZIALĂ NR.131",U,1609,2,357,9,0,40,406,10,28,52,103,41,12,21,32,78,29,1,2,1,4,2,0,0,2,3,4,2,2,1,6,4,2,2,8,6,6,4,6,3,9,4,0,6,3,4,7,10,7,6,8,6,1,5,7,7,7,10,1,3,2,2,2,5,3,3,4,4,2,4,3,2,2,2,0,4,2,1,0,0,1,0,1,0,1,0,2,0,0,0,0,0,0,0,0,0,0,0,0,0,0,0,0,0,0,0,0,0,0,0,0,0,0,0,0,0,0,0,0,0,2,2,2,1,1,1,3,1,4,4,3,0,1,3,1,1,3,3,4,2,4,4,1,6,2,4,2,1,7,5,7,4,1,3,6,2,7,4,3,5,0,3,7,3,3,3,4,6,0,1,2,5,2,3,2,1,0,0,2,1,0,1,0,0,1,0,0,1,1,0,0,0,0,0,0,0,0,0,0,0,0,0,0,0,0,0,0,0,0,0,0,0,0,0,0,0,0,0,0,0,0,0,0
B,"BUCUREŞTI SECTORUL 5","BUCUREŞTI SECTORUL 5",179187,1007,"ȘCOALA GIMNAZIALĂ NR.131",U,1349,3,254,9,0,52,315,16,28,36,80,30,9,11,17,65,23,5,3,0,1,4,3,0,3,1,4,2,6,4,3,2,0,3,2,5,2,5,2,2,3,5,5,5,2,5,3,7,5,4,6,3,3,4,4,8,7,6,0,6,2,4,1,0,4,1,1,0,3,2,2,2,1,1,3,3,2,2,0,1,1,1,0,0,0,0,0,0,0,0,0,0,0,0,0,0,0,0,0,0,0,0,0,0,0,0,0,0,0,0,0,0,0,0,0,0,0,0,0,0,2,2,1,2,1,0,1,0,2,2,2,2,2,0,0,1,0,2,2,1,3,1,2,1,0,2,3,2,7,4,2,3,2,7,3,3,7,1,4,3,3,2,5,2,1,2,2,1,2,3,3,0,6,1,0,0,1,2,0,2,0,0,1,1,0,0,0,0,0,0,0,0,0,0,0,0,0,0,0,0,0,0,0,0,0,0,0,0,0,0,0,0,0,0,0,0,0,0,0,0,0,0,0
B,"BUCUREŞTI SECTORUL 5","BUCUREŞTI SECTORUL 5",179187,1008,"ȘCOALA GIMNAZIALĂ NR.131",U,1846,33,456,4,0,6,466,9,22,42,97,65,16,25,46,92,52,2,4,1,1,0,0,1,2,4,1,2,0,1,6,1,2,3,3,1,2,6,5,4,5,4,6,6,6,7,7,3,3,5,6,1,7,9,3,5,6,9,3,5,3,2,3,4,5,4,8,2,7,3,4,4,5,4,3,3,3,1,2,2,2,1,0,1,0,0,1,0,0,0,0,0,0,0,0,0,0,0,0,0,0,0,0,0,0,0,0,0,0,0,0,0,0,0,0,0,0,0,0,0,1,2,1,3,2,4,3,1,1,2,2,4,1,2,5,1,6,5,8,6,6,3,4,6,3,0,5,7,9,3,5,5,5,5,7,5,3,5,5,11,2,4,2,2,2,2,3,6,5,2,5,6,5,4,2,3,1,1,0,4,2,2,0,1,0,0,0,0,1,0,2,0,0,0,0,0,0,0,0,0,0,0,0,0,0,0,0,0,0,0,0,0,0,0,0,0,0,0,0,0,0,0,0
B,"BUCUREŞTI SECTORUL 5","BUCUREŞTI SECTORUL 5",179187,1009,"ȘCOALA GIMNAZIALĂ NR.131",U,1500,1,431,4,0,68,503,15,39,62,112,49,21,15,27,97,66,2,1,2,2,3,3,2,1,0,5,2,3,6,4,9,5,4,7,11,6,3,7,7,6,8,5,2,6,7,4,4,8,11,6,7,1,4,4,7,10,10,3,2,3,3,7,5,4,4,8,5,4,3,1,7,5,2,1,2,1,0,0,0,0,0,0,1,0,1,0,0,0,0,0,0,0,0,0,0,0,0,0,0,0,0,0,0,0,0,0,0,0,0,0,0,0,0,0,0,0,0,0,0,2,4,5,2,2,2,4,3,1,1,1,4,1,2,2,0,0,3,3,1,2,5,4,2,1,3,3,6,7,8,4,8,4,3,1,3,8,3,9,8,7,1,3,3,2,3,6,7,5,8,5,6,3,4,6,6,5,1,1,1,1,1,1,2,0,0,1,1,0,0,1,0,0,0,0,0,0,0,0,0,0,0,0,0,0,0,0,0,0,0,0,0,0,0,0,0,0,0,0,0,0,0,0
B,"BUCUREŞTI SECTORUL 5","BUCUREŞTI SECTORUL 5",179187,1010,"ȘCOALA GIMNAZIALĂ NR.131",U,1962,2,445,7,0,0,452,12,25,41,92,51,7,29,46,98,51,1,4,1,1,1,1,3,2,3,1,0,4,3,1,4,4,3,0,3,4,4,7,4,8,3,4,4,2,8,2,8,5,4,5,5,8,2,6,10,6,8,2,2,4,0,0,5,3,7,1,3,2,6,9,1,2,2,0,4,2,2,0,2,2,1,1,1,0,0,0,0,0,0,0,0,0,0,0,0,0,0,0,0,0,0,0,0,0,0,0,0,0,0,0,0,0,0,0,0,0,0,0,0,1,1,2,1,0,2,0,2,3,3,2,3,2,3,2,4,5,5,5,5,5,5,3,3,7,6,2,3,2,2,6,9,6,5,3,3,8,6,8,4,7,2,5,2,6,5,6,1,5,5,4,1,6,7,2,4,1,3,3,1,3,2,0,1,0,0,0,1,0,1,0,0,0,0,0,0,0,0,0,0,0,0,0,0,0,0,0,0,0,0,0,0,0,0,0,0,0,0,0,0,0,0,0
B,"BUCUREŞTI SECTORUL 5","BUCUREŞTI SECTORUL 5",179187,1011,"ȘCOALA GIMNAZIALĂ NR.126",U,1893,3,703,11,0,0,714,16,32,80,171,55,26,36,57,163,78,1,3,3,2,1,2,4,2,3,0,4,1,2,7,3,5,5,12,7,10,11,5,5,9,8,3,10,4,6,5,9,7,11,15,15,8,6,6,8,17,11,9,7,10,5,8,4,5,1,5,3,2,3,4,4,4,6,2,2,1,1,1,1,1,1,2,3,0,1,0,1,0,0,1,0,0,0,0,0,0,0,0,0,0,0,0,0,0,0,0,0,0,0,0,0,0,0,0,0,0,0,0,0,8,7,4,1,3,2,1,0,1,4,1,3,6,7,4,5,5,6,8,4,4,2,5,9,7,3,9,12,7,2,6,7,9,9,11,12,6,13,10,15,10,8,5,3,9,3,6,8,7,3,3,3,3,6,1,6,2,5,8,3,5,3,3,3,1,1,0,2,1,0,0,0,1,0,0,0,0,0,0,0,0,0,0,0,0,0,0,0,0,0,0,0,0,0,0,0,0,0,0,0,0,0,0
B,"BUCUREŞTI SECTORUL 5","BUCUREŞTI SECTORUL 5",179187,1012,"ȘCOALA GIMNAZIALĂ NR.126",U,1256,1,338,6,0,95,439,20,39,55,114,28,10,21,18,79,55,2,2,3,4,5,4,0,2,6,4,4,2,3,2,3,6,7,4,7,8,8,9,4,2,7,3,3,11,8,11,7,9,5,6,3,11,8,4,2,6,5,3,6,1,2,3,3,3,0,2,2,2,1,5,0,0,3,0,3,0,0,2,0,2,1,0,0,0,0,1,0,0,1,0,0,0,0,0,0,0,0,0,0,0,0,0,0,0,0,0,0,0,0,0,0,0,0,0,0,0,0,0,0,4,1,2,0,2,0,1,0,2,0,5,2,3,1,2,1,5,2,3,1,1,1,0,2,2,3,3,2,6,5,8,2,4,2,9,2,5,5,4,7,6,1,3,2,1,2,3,2,5,2,5,5,3,1,3,1,1,2,1,3,7,3,2,2,0,2,1,2,1,0,1,0,0,0,0,0,0,0,0,0,0,0,0,0,0,0,0,0,0,0,0,0,0,0,0,0,0,0,0,0,0,0,0
B,"BUCUREŞTI SECTORUL 5","BUCUREŞTI SECTORUL 5",179187,1013,"ȘCOALA GIMNAZIALĂ NR.126",U,1186,3,326,9,0,69,404,22,30,44,101,35,10,17,22,70,53,2,5,2,5,4,1,3,1,0,5,3,6,1,5,3,4,2,1,3,6,4,1,6,8,4,6,5,5,7,12,6,9,4,5,0,4,9,5,8,8,10,0,1,3,2,0,3,3,2,1,1,2,3,1,6,1,2,4,1,3,0,3,0,0,0,1,1,0,0,0,0,0,0,0,0,0,0,0,0,0,0,0,0,0,0,0,0,0,0,0,0,0,0,0,0,0,0,0,0,0,0,0,0,1,5,1,1,2,0,0,4,1,1,1,1,1,1,0,4,3,1,5,3,1,2,1,0,1,3,5,4,4,8,7,5,3,4,6,6,1,3,4,3,6,1,1,0,1,2,1,1,3,7,4,1,6,5,4,1,3,4,2,4,1,0,0,1,1,2,1,1,0,0,0,1,0,0,0,0,0,0,0,0,0,0,0,0,0,0,0,0,0,0,0,0,0,0,0,0,0,0,0,0,0,0,0
B,"BUCUREŞTI SECTORUL 5","BUCUREŞTI SECTORUL 5",179187,1014,"ȘCOALA GIMNAZIALĂ NR.126",U,1539,0,272,6,0,0,278,6,21,14,73,25,6,11,18,70,34,0,1,1,1,1,1,1,3,0,1,4,0,3,2,1,1,6,0,1,1,1,0,0,3,2,3,3,3,3,4,2,2,3,3,2,6,4,6,1,7,10,2,5,2,4,2,2,3,5,2,4,2,3,1,0,1,0,1,1,0,0,2,0,0,0,0,0,0,0,0,0,0,0,0,0,0,0,0,0,0,0,0,0,0,0,0,0,0,0,0,0,0,0,0,0,0,0,0,0,0,0,0,0,1,0,2,1,0,0,2,1,0,1,3,0,1,1,1,2,1,0,2,1,2,1,3,3,3,0,3,2,3,3,1,2,3,6,3,4,4,6,2,7,5,6,1,2,2,4,4,5,6,3,7,2,3,2,1,0,2,1,0,0,1,1,0,0,0,0,0,0,0,0,0,0,0,0,0,0,0,0,0,0,0,0,0,0,0,0,0,0,0,0,0,0,0,0,0,0,0,0,0,0,0,0,0
B,"BUCUREŞTI SECTORUL 5","BUCUREŞTI SECTORUL 5",179187,1015,"ȘCOALA GIMNAZIALĂ ”MIRCEA SÂNTIMBREANU”",U,932,7,352,6,0,0,358,18,16,25,87,25,8,14,21,76,68,3,2,5,2,3,3,0,2,0,2,3,1,4,2,1,1,0,1,4,3,4,5,2,0,0,4,2,9,5,3,5,8,5,10,3,5,5,4,4,6,4,3,2,1,1,2,2,1,1,0,2,1,0,0,0,3,3,4,1,3,2,0,0,0,0,1,0,1,0,0,0,1,0,1,0,0,0,0,0,0,0,0,0,0,0,0,0,0,0,0,0,0,0,0,0,0,0,0,0,0,0,0,0,0,2,1,2,0,0,3,1,0,2,0,1,1,3,2,3,1,2,3,2,2,2,3,0,4,1,2,4,6,11,6,9,5,4,1,4,4,5,2,3,4,2,3,1,0,1,1,2,2,2,3,4,5,4,9,6,6,5,2,3,4,3,1,3,0,2,1,0,0,0,0,0,0,0,0,0,0,0,0,1,0,0,0,0,0,0,0,0,0,0,0,0,0,0,0,0,0,0,0,0,0,0,0
B,"BUCUREŞTI SECTORUL 5","BUCUREŞTI SECTORUL 5",179187,1016,"ȘCOALA GIMNAZIALĂ ”MIRCEA SÂNTIMBREANU”",U,899,0,276,9,0,0,285,16,14,19,71,22,9,15,22,62,35,2,0,1,4,5,2,2,2,5,1,1,2,0,0,0,2,1,0,0,1,6,1,2,3,2,1,3,5,6,2,5,4,3,2,5,2,6,4,4,8,8,3,0,1,1,1,1,0,2,1,3,2,2,1,1,3,2,0,0,1,1,1,0,0,0,0,1,0,0,0,0,0,1,0,0,0,0,0,0,0,0,0,0,0,0,0,0,0,0,0,0,0,0,0,0,0,0,0,0,0,0,0,0,2,2,1,1,1,2,0,0,1,4,1,1,1,0,2,2,3,1,4,1,4,3,4,0,2,1,2,5,3,3,3,2,5,5,6,3,4,2,6,3,3,3,0,3,1,2,0,1,2,3,2,2,2,0,1,4,3,4,4,2,0,2,0,2,0,0,1,0,0,0,0,0,0,0,0,0,0,0,0,0,0,0,0,0,0,0,0,0,0,0,0,0,0,0,0,0,0,0,0,0,0,0,0
B,"BUCUREŞTI SECTORUL 5","BUCUREŞTI SECTORUL 5",179187,1017,"ȘCOALA GIMNAZIALĂ ”MIRCEA SÂNTIMBREANU”",U,870,0,335,8,0,0,343,16,12,23,74,27,14,16,28,86,47,1,2,1,3,5,0,4,1,0,6,1,0,3,0,0,1,0,3,2,1,2,4,4,2,5,0,0,1,5,2,7,2,6,7,4,5,1,5,7,4,5,2,1,4,3,2,1,1,2,0,1,1,1,0,0,0,0,3,2,1,2,3,3,0,2,2,0,1,1,0,0,0,1,0,0,0,0,0,0,0,0,0,0,0,0,0,0,0,0,0,0,0,0,0,0,0,0,0,0,0,0,0,0,3,1,2,4,1,2,1,2,3,1,1,2,3,1,0,3,0,2,2,6,1,5,2,4,0,4,2,0,4,2,4,6,9,10,6,4,9,2,5,7,6,2,5,2,1,0,2,0,0,3,2,0,2,2,4,1,3,7,4,3,1,4,0,3,1,3,2,0,0,1,1,0,0,0,0,0,0,0,0,0,0,0,0,0,0,0,0,0,0,0,0,0,0,0,0,0,0,0,0,0,0,0,0
B,"BUCUREŞTI SECTORUL 5","BUCUREŞTI SECTORUL 5",179187,1018,"ȘCOALA GIMNAZIALĂ ”MIRCEA SÂNTIMBREANU”",U,911,4,343,5,0,0,348,11,10,26,84,48,11,9,17,75,57,1,1,0,3,2,2,2,1,0,1,2,0,1,0,1,0,4,3,2,2,1,3,4,2,3,1,5,3,5,2,5,7,9,9,3,6,4,2,6,6,4,1,3,5,1,1,2,3,1,2,0,1,1,6,3,2,5,7,3,2,4,0,2,2,0,1,0,0,0,0,1,0,0,1,0,1,0,0,0,0,0,0,0,0,0,0,0,0,0,0,0,0,0,0,0,0,0,0,0,0,0,0,0,3,2,1,1,1,1,2,0,0,1,1,1,1,1,2,2,0,2,3,0,1,3,2,0,2,3,1,5,4,2,3,9,7,2,2,5,2,5,7,3,7,1,3,2,3,0,3,0,3,2,3,2,3,4,2,9,3,6,2,2,2,6,1,0,1,2,3,1,0,0,0,0,0,0,0,0,0,0,0,0,0,0,0,0,0,0,0,0,0,0,0,0,0,0,0,0,0,0,0,0,0,0,0
B,"BUCUREŞTI SECTORUL 5","BUCUREŞTI SECTORUL 5",179187,1019,"ȘCOALA GIMNAZIALĂ ”MIRCEA SÂNTIMBREANU”",U,901,0,271,5,0,0,276,5,10,26,51,36,3,10,22,49,64,2,0,1,0,0,1,1,1,1,1,2,1,1,2,0,1,0,0,6,2,3,0,3,2,4,4,2,5,2,5,3,2,4,1,3,2,0,4,1,7,5,0,2,0,2,2,1,2,1,1,1,2,0,2,1,2,0,5,4,4,2,2,1,0,3,0,1,0,1,0,0,1,0,0,0,0,0,0,0,0,0,0,0,0,0,0,0,0,0,0,0,0,0,0,0,0,0,0,0,0,0,0,0,2,0,0,0,0,1,0,2,0,0,0,1,1,2,1,2,1,0,1,2,5,2,3,0,5,3,1,0,1,3,1,3,3,1,3,4,3,4,6,3,6,5,1,0,0,0,2,1,2,3,2,4,3,4,7,7,4,5,5,7,3,2,1,0,0,0,1,0,1,0,1,0,0,0,0,1,0,0,0,0,0,0,0,0,0,0,0,0,0,0,0,0,0,0,0,0,0,0,0,0,0,0,0
B,"BUCUREŞTI SECTORUL 5","BUCUREŞTI SECTORUL 5",179187,1032,"ȘCOALA GIMNAZIALĂ NR.144",U,1597,2,585,11,0,0,596,23,37,51,134,46,26,20,54,142,63,6,3,1,4,3,3,3,7,4,1,4,3,4,3,4,4,3,1,6,5,4,6,9,6,8,3,3,10,14,8,11,3,8,11,7,9,7,5,10,3,8,7,3,2,2,3,3,2,1,2,4,5,4,0,4,4,2,5,2,5,1,2,2,0,0,0,1,0,0,0,0,0,0,0,0,0,0,0,0,0,0,0,0,0,0,0,0,0,0,0,0,0,0,0,0,0,0,0,0,0,0,0,0,5,2,4,5,2,4,4,1,1,1,2,5,0,3,3,2,2,3,5,3,5,11,7,6,1,4,9,12,8,8,12,9,12,8,11,4,11,8,4,7,11,4,2,2,6,2,1,5,3,5,5,4,5,3,4,6,6,1,3,3,4,2,0,2,1,1,0,0,0,0,0,0,0,0,0,0,0,0,0,0,0,0,0,0,0,0,0,0,0,0,0,0,0,0,0,0,0,0,0,0,0,0,0
B,"BUCUREŞTI SECTORUL 5","BUCUREŞTI SECTORUL 5",179187,1033,"ȘCOALA GIMNAZIALĂ NR.144",U,1891,9,589,7,0,0,596,19,42,49,126,46,26,38,61,139,50,2,3,3,5,0,2,4,5,4,3,3,4,9,3,4,3,4,2,2,6,4,8,7,5,3,4,8,8,6,4,10,11,5,6,13,4,1,9,8,10,13,3,5,3,1,5,1,7,2,1,2,5,5,2,4,3,6,0,3,1,2,0,1,0,1,1,0,0,0,0,0,0,0,0,0,0,0,0,0,0,0,0,0,0,0,0,0,0,0,0,0,0,0,0,0,0,0,0,0,0,0,0,0,6,3,7,3,2,2,3,2,4,2,5,5,3,3,3,5,6,4,10,7,5,5,6,7,1,9,7,11,10,9,12,9,4,8,10,13,5,9,5,9,8,1,4,2,3,3,4,2,3,8,2,5,3,6,2,4,2,1,2,1,3,0,1,1,2,0,1,1,0,0,0,0,0,0,0,0,0,0,0,0,0,0,0,0,0,0,0,0,0,0,0,0,0,0,0,0,0,0,0,0,0,0,0
B,"BUCUREŞTI SECTORUL 5","BUCUREŞTI SECTORUL 5",179187,1034,"ȘCOALA GIMNAZIALĂ NR.144",U,1727,5,568,14,0,0,582,23,54,57,108,27,16,51,69,125,52,3,2,3,4,2,4,5,4,4,3,4,7,3,8,6,8,7,9,5,6,7,7,4,5,2,4,8,9,7,9,6,10,11,5,7,3,5,5,6,6,6,1,5,2,4,1,0,1,2,3,1,5,2,0,1,1,3,1,1,0,0,2,1,0,1,0,0,1,0,1,0,0,0,0,0,0,0,0,0,0,0,0,0,0,0,0,0,0,0,0,0,0,0,0,0,0,0,0,0,0,0,0,0,3,5,3,0,1,2,2,1,5,4,4,4,3,11,7,6,6,7,6,8,8,12,2,3,7,11,5,6,9,8,10,6,8,7,6,7,4,12,7,8,9,3,4,0,3,5,3,4,3,4,3,3,1,4,4,2,3,4,5,2,1,2,2,2,0,0,0,1,0,2,0,0,0,0,0,0,0,0,0,0,0,0,0,0,0,0,0,0,0,0,0,0,0,0,0,0,0,0,0,0,0,0,0
B,"BUCUREŞTI SECTORUL 5","BUCUREŞTI SECTORUL 5",179187,1036,"ȘCOALA GIMNAZIALĂ NR.143",U,1005,1,319,8,0,0,327,12,17,32,56,42,2,15,35,60,56,4,2,2,2,0,0,2,1,0,1,4,2,0,2,1,1,5,2,0,4,1,1,3,5,7,6,3,4,5,3,4,3,3,3,2,2,2,1,3,4,3,0,1,5,2,4,2,2,3,6,5,3,2,1,2,1,2,4,2,1,1,1,0,0,1,0,0,0,2,0,1,1,0,1,0,0,0,0,0,0,0,0,0,0,0,0,0,0,0,0,0,0,0,0,0,0,0,0,0,0,0,0,0,0,0,1,0,0,0,1,3,1,1,1,2,1,1,3,0,2,0,6,5,3,2,4,3,3,4,5,4,0,2,2,3,0,5,2,2,5,2,4,4,5,1,2,7,2,6,2,5,6,4,5,5,3,4,5,2,3,4,2,2,3,1,1,0,0,0,0,0,0,0,0,1,0,0,0,0,0,0,0,0,0,0,0,0,0,0,0,0,0,0,0,0,0,0,0,0,0,0,0,0,0,0,0
B,"BUCUREŞTI SECTORUL 5","BUCUREŞTI SECTORUL 5",179187,1037,"ȘCOALA GIMNAZIALĂ NR.143",U,1113,2,294,11,0,0,305,4,9,28,63,43,13,11,31,58,45,0,0,0,1,1,2,0,1,1,2,0,1,0,1,0,2,1,1,2,1,1,2,3,4,6,2,6,5,3,8,4,4,4,7,3,3,4,2,1,5,2,0,2,5,0,1,0,3,2,5,1,5,4,4,6,0,5,2,3,0,0,1,2,0,0,0,0,0,0,0,0,0,0,0,0,0,0,0,0,0,0,0,0,0,0,0,0,0,0,0,0,0,0,0,0,0,0,0,0,0,0,0,0,1,2,0,5,3,1,1,0,1,1,2,5,0,0,1,1,0,0,3,2,5,2,3,3,2,8,3,5,5,8,4,4,2,0,1,3,5,6,3,1,4,0,2,1,1,2,1,3,2,5,2,6,6,3,4,3,2,4,2,0,0,1,1,1,0,0,0,0,0,0,0,0,0,0,0,0,0,0,0,0,0,0,0,0,0,0,0,0,0,0,0,0,0,0,0,0,0,0,0,0,0,0,0
B,"BUCUREŞTI SECTORUL 5","BUCUREŞTI SECTORUL 5",179187,1038,"ȘCOALA GIMNAZIALĂ NR.143",U,1049,1,306,12,0,0,318,12,10,39,66,32,10,16,31,56,46,4,0,3,2,0,2,1,0,0,1,1,0,3,2,1,1,1,2,2,3,3,5,3,8,3,6,4,2,4,5,3,7,8,4,1,5,4,3,4,5,3,1,2,2,2,1,0,5,5,0,1,2,1,3,4,4,1,2,3,0,0,0,1,0,0,0,0,0,0,0,0,0,0,0,0,0,0,0,0,0,0,0,0,0,0,0,0,0,0,0,0,0,0,0,0,0,0,0,0,0,0,0,0,2,0,0,2,2,1,3,2,0,1,1,1,2,4,0,2,3,1,3,4,2,3,4,1,3,4,6,5,2,1,4,4,6,2,0,2,3,2,4,1,4,3,1,3,3,2,4,5,1,4,4,7,5,2,5,5,1,2,1,1,0,3,0,0,0,0,0,0,0,0,0,0,0,0,0,0,0,0,0,0,0,0,0,0,0,0,0,0,0,0,0,0,0,0,0,0,0,0,0,0,0,0,0
B,"BUCUREŞTI SECTORUL 5","BUCUREŞTI SECTORUL 5",179187,1039,"ȘCOALA GIMNAZIALĂ NR.143",U,1045,0,353,11,0,0,364,5,14,38,63,42,13,18,33,71,67,2,1,0,1,0,1,0,1,1,2,1,2,2,2,1,1,1,1,6,4,1,5,5,4,4,4,4,3,3,6,3,7,3,1,4,4,3,2,6,6,2,0,0,1,3,5,1,3,2,6,4,2,3,5,1,4,2,2,2,2,1,0,1,0,1,1,0,0,0,0,0,0,0,0,0,0,0,0,0,0,0,0,0,0,0,0,0,0,0,0,0,0,0,0,0,0,0,0,0,0,0,0,0,4,1,1,3,0,1,3,3,2,1,1,1,0,0,3,1,6,1,4,3,1,4,3,6,1,5,5,1,8,8,3,2,3,4,4,1,3,6,4,7,6,2,1,3,3,1,1,5,3,10,5,3,8,7,5,2,2,5,4,0,1,2,0,3,0,1,1,0,0,0,0,0,0,0,0,0,0,0,0,0,0,0,0,0,0,0,0,0,0,0,0,0,0,0,0,0,0,0,0,0,0,0,0
B,"BUCUREŞTI SECTORUL 5","BUCUREŞTI SECTORUL 5",179187,1040,"ȘCOALA GIMNAZIALĂ NR.143",U,917,11,317,6,0,1,324,13,16,31,60,36,8,14,32,63,51,1,3,1,2,4,1,1,1,1,3,2,2,1,2,3,0,1,3,1,5,3,6,1,1,2,4,5,4,6,0,5,2,1,5,2,3,2,4,4,2,5,7,0,1,3,2,2,1,3,5,3,7,1,1,1,4,2,3,2,0,0,0,1,0,1,0,1,0,0,0,0,0,0,0,0,0,0,0,0,0,0,0,0,0,0,0,0,0,0,0,0,0,0,0,0,0,0,0,0,0,0,0,0,2,1,1,1,1,0,2,1,0,2,1,1,0,0,2,4,3,1,1,6,2,2,5,8,2,5,0,4,5,4,2,2,3,5,2,6,4,0,2,4,6,1,2,1,2,3,5,2,3,6,6,4,2,3,2,5,4,6,2,1,3,1,0,0,0,1,0,0,0,0,0,0,0,0,0,0,0,0,0,0,0,0,0,0,0,0,0,0,0,0,0,0,0,0,0,0,0,0,0,0,0,0,0
B,"BUCUREŞTI SECTORUL 5","BUCUREŞTI SECTORUL 5",179187,1041,"ȘCOALA GIMNAZIALĂ NR.143",U,1166,2,346,6,0,0,352,11,12,28,67,46,12,13,30,81,52,1,2,3,2,2,0,1,2,2,0,0,0,1,3,2,1,1,1,3,5,1,5,4,2,4,1,2,4,4,6,5,7,4,2,5,5,4,2,0,3,3,2,2,6,1,1,1,2,6,5,1,2,9,4,3,2,1,3,3,0,2,1,1,0,1,0,0,0,0,0,0,0,0,0,0,0,0,0,0,0,0,0,0,0,0,0,0,0,0,0,0,0,0,0,0,0,0,0,0,0,0,0,0,2,4,2,3,1,0,0,0,1,1,2,2,3,2,0,1,1,3,2,4,1,2,3,3,2,7,3,8,9,4,6,4,4,5,4,4,3,4,3,3,5,4,2,2,2,2,3,3,2,6,5,5,6,5,3,5,4,4,2,0,0,1,0,0,0,0,0,0,0,0,1,0,0,0,0,0,0,0,0,0,0,0,0,0,0,0,0,0,0,0,0,0,0,0,0,0,0,0,0,0,0,0,0
B,"BUCUREŞTI SECTORUL 5","BUCUREŞTI SECTORUL 5",179187,1042,"ȘCOALA GIMNAZIALĂ NR.143",U,986,3,326,4,0,0,330,8,12,26,62,51,9,13,35,61,53,2,1,1,2,0,2,0,1,2,0,2,1,1,1,1,2,1,1,1,6,2,4,2,2,1,2,5,8,2,5,7,6,3,3,3,4,3,3,2,5,1,0,0,0,4,1,2,2,4,5,2,7,6,4,2,3,2,1,3,3,3,1,0,1,0,1,0,0,1,0,0,0,0,0,0,0,0,0,0,0,0,0,0,0,0,0,0,0,0,0,0,0,0,0,0,0,0,0,0,0,0,0,0,2,1,1,1,0,1,3,0,1,2,1,4,2,0,1,2,0,2,2,2,2,3,4,2,9,4,5,6,5,2,6,4,1,2,3,0,4,0,2,2,3,2,3,4,5,4,3,7,2,2,4,8,7,7,0,4,1,2,4,0,1,1,0,0,1,0,1,0,0,1,0,0,0,0,0,0,0,0,0,0,0,0,0,0,0,0,0,0,0,0,0,0,0,0,0,0,0,0,0,0,0,0,0
B,"BUCUREŞTI SECTORUL 5","BUCUREŞTI SECTORUL 5",179187,1043,"ȘCOALA GIMNAZIALĂ NR.143",U,966,3,312,5,0,0,317,10,17,32,65,31,11,14,35,70,32,2,1,0,2,0,4,1,1,0,2,5,4,0,1,1,1,2,4,3,2,1,2,1,6,4,5,4,8,5,2,1,5,3,4,1,4,1,4,2,4,4,1,2,3,4,2,5,1,2,5,1,4,5,0,2,3,2,2,2,1,0,1,0,0,0,0,0,0,0,0,0,0,0,0,0,0,0,0,0,0,0,0,0,0,0,0,0,0,0,0,0,0,0,0,0,0,0,0,0,0,0,0,0,4,1,0,1,5,0,0,1,1,2,1,2,0,0,1,3,3,3,2,2,4,5,2,6,3,5,3,5,6,8,4,4,2,2,2,2,1,6,8,4,4,1,1,1,4,2,3,5,2,2,2,5,3,2,2,0,3,1,1,1,1,0,1,0,0,0,1,0,0,0,0,0,0,0,0,0,0,0,0,0,0,0,0,0,0,0,0,0,0,0,0,0,0,0,0,0,0,0,0,0,0,0,0
B,"BUCUREŞTI SECTORUL 5","BUCUREŞTI SECTORUL 5",179187,1044,"ȘCOALA GIMNAZIALĂ NR.143",U,1192,3,378,8,0,0,386,7,17,39,82,36,15,16,44,84,46,2,0,1,0,2,1,1,1,2,1,2,3,1,3,1,1,2,3,3,4,4,8,0,2,5,6,4,5,3,4,8,6,6,8,1,3,2,3,4,9,6,2,3,4,1,2,2,5,6,3,0,4,5,2,1,2,2,0,3,0,0,1,1,0,0,0,0,0,1,0,0,0,0,0,0,0,0,0,0,0,0,0,0,0,0,0,0,0,0,0,0,0,0,0,0,0,0,0,0,0,0,0,0,2,2,3,3,2,1,2,1,1,0,0,2,2,4,1,2,3,5,3,1,5,7,4,6,4,3,6,3,4,7,7,3,4,2,5,3,3,2,3,6,7,6,4,3,4,6,2,4,2,2,3,4,7,5,1,0,5,4,4,2,1,1,0,0,0,0,0,0,0,1,0,0,0,0,0,0,0,0,0,0,0,0,0,0,0,0,0,0,0,0,0,0,0,0,0,0,0,0,0,0,0,0,0
B,"BUCUREŞTI SECTORUL 5","BUCUREŞTI SECTORUL 5",179187,1045,"ȘCOALA GIMNAZIALĂ NR.143",U,1026,1,304,6,0,0,310,15,11,21,71,28,10,19,26,71,38,3,1,0,4,1,0,6,4,1,1,1,2,1,0,1,0,0,3,1,0,0,4,5,2,2,3,1,7,7,2,4,4,4,1,3,3,1,9,3,9,6,3,0,2,2,1,0,1,6,2,2,2,2,1,2,3,3,0,2,0,2,0,0,0,0,0,0,0,0,0,0,0,0,0,0,0,0,0,0,0,0,0,0,0,0,0,0,0,0,0,0,0,0,0,0,0,0,0,0,0,0,0,0,0,0,3,3,2,1,1,1,1,1,7,4,2,1,2,0,0,2,1,3,1,4,3,2,0,3,7,0,7,10,5,3,1,4,1,2,3,5,2,5,10,2,2,3,1,1,4,2,4,3,7,2,3,2,5,1,2,0,1,0,0,1,1,0,2,1,0,0,0,0,1,0,0,0,0,0,0,0,0,0,0,0,0,0,0,0,0,0,0,0,0,0,0,0,0,0,0,0,0,0,0,0,0
B,"BUCUREŞTI SECTORUL 5","BUCUREŞTI SECTORUL 5",179187,1046,"ȘCOALA GIMNAZIALĂ NR.143",U,1085,1,338,7,0,0,345,10,11,28,69,41,8,11,30,82,55,1,2,3,3,0,0,1,0,1,3,1,2,1,1,0,2,0,3,2,1,4,1,3,4,4,2,4,5,2,7,2,6,6,4,4,2,4,0,5,6,6,0,2,5,1,1,1,4,3,6,8,3,8,1,1,1,0,1,2,1,0,1,0,0,0,0,0,0,0,1,0,0,0,0,0,0,0,0,0,0,0,0,0,0,0,0,0,0,0,0,0,0,0,0,0,0,0,0,0,0,0,0,0,0,0,2,2,1,1,2,0,1,1,2,0,1,1,1,1,3,1,4,3,4,4,5,2,4,3,0,2,5,4,2,4,4,2,5,3,2,7,4,9,5,1,4,2,5,6,6,6,7,5,5,6,4,3,1,6,3,3,1,1,0,2,0,1,1,0,0,0,0,0,0,0,0,0,0,0,0,0,0,0,0,0,0,0,0,0,0,0,0,0,0,0,0,0,0,0,0,0,0,0,0,0,0
B,"BUCUREŞTI SECTORUL 5","BUCUREŞTI SECTORUL 5",179187,1047,"ȘCOALA GIMNAZIALĂ NR.143",U,879,0,262,6,0,0,268,6,10,28,49,34,7,14,24,62,34,2,1,0,2,0,1,0,0,3,0,2,1,1,0,2,0,1,1,1,2,4,6,6,0,4,1,3,3,6,5,1,4,1,3,4,2,4,5,0,1,4,0,1,2,2,0,1,5,7,2,1,4,2,3,2,2,1,1,2,1,0,1,0,0,0,0,0,0,0,0,0,0,0,0,0,0,0,0,0,0,0,0,0,0,0,0,0,0,0,0,0,0,0,0,0,0,0,0,0,0,0,0,0,3,1,1,1,0,1,0,1,1,1,3,2,1,1,2,1,1,3,3,6,3,0,5,0,0,2,2,4,5,4,3,1,2,1,5,1,4,3,4,3,5,4,5,1,2,1,4,4,6,4,2,2,4,4,1,1,3,0,0,0,0,0,0,0,0,1,0,0,1,0,0,0,0,1,0,0,0,0,0,0,0,0,0,0,0,0,0,0,0,0,0,0,0,0,0,0,0,0,0,0,0,0,0
B,"BUCUREŞTI SECTORUL 5","BUCUREŞTI SECTORUL 5",179187,1048,"ȘCOALA GIMNAZIALĂ NR.143",U,1041,2,251,8,0,0,259,2,12,22,57,31,9,9,21,53,43,0,0,0,0,0,2,0,1,1,1,1,1,1,2,4,0,0,0,3,1,1,3,3,2,2,3,4,2,6,6,2,4,3,3,2,6,4,2,2,3,2,1,1,1,1,5,1,1,2,2,6,3,2,3,2,1,2,0,0,1,1,0,1,0,1,0,1,0,0,2,0,0,0,0,0,0,0,0,0,0,0,0,0,0,0,0,0,0,0,0,0,0,0,0,0,0,0,0,0,0,0,0,0,2,0,1,1,0,2,3,0,2,1,3,0,0,0,1,2,0,3,0,0,2,3,2,3,5,1,2,3,3,4,5,1,4,4,2,4,1,1,6,3,6,2,0,2,1,0,1,3,5,9,3,4,3,2,4,2,2,2,1,0,1,1,1,0,0,0,0,0,0,0,0,0,0,0,0,0,0,0,0,0,0,0,0,0,0,0,0,0,0,0,0,0,0,0,0,0,0,0,0,0,0,0,0
B,"BUCUREŞTI SECTORUL 5","BUCUREŞTI SECTORUL 5",179187,1049,"ȘCOALA GIMNAZIALĂ NR.143",U,927,2,297,6,0,0,303,6,11,39,55,46,11,12,24,51,48,2,1,0,1,0,1,1,0,1,0,1,3,2,1,1,1,1,4,3,2,6,1,4,1,6,5,7,4,3,5,5,2,3,4,2,1,4,3,4,2,5,2,3,1,0,0,2,1,3,1,5,5,3,4,2,3,3,6,1,3,2,1,0,1,1,0,0,0,0,0,0,0,1,0,0,0,0,0,0,0,0,0,0,0,0,0,0,0,0,0,0,0,0,0,0,0,0,0,0,0,0,0,0,0,3,0,2,3,1,2,1,1,1,2,0,2,3,0,2,0,0,2,1,1,3,3,5,3,1,5,7,5,1,2,4,5,1,3,1,1,2,1,2,4,1,1,1,4,3,2,3,4,6,6,3,4,6,3,4,0,3,1,1,1,1,1,1,0,0,0,0,0,0,0,0,0,0,0,0,0,0,0,0,0,0,0,0,0,0,0,0,0,0,0,0,0,0,0,0,0,0,0,0,0,0,0
B,"BUCUREŞTI SECTORUL 6","BUCUREŞTI SECTORUL 6",179196,1051,"SERVICIUL STARE CIVILĂ SECTOR 6",U,864,2,345,10,0,0,355,13,26,35,58,42,11,15,33,78,44,3,1,4,1,0,2,2,1,3,4,3,5,3,3,1,2,1,3,2,4,4,5,2,3,5,3,4,6,2,2,7,4,2,3,3,3,1,0,3,2,6,2,2,2,3,3,2,0,7,2,1,4,2,1,2,0,3,2,5,1,3,2,0,1,2,1,0,0,1,1,0,0,0,0,1,0,0,0,0,0,0,0,0,0,0,0,0,0,0,0,0,0,0,0,0,0,0,0,0,0,0,0,0,1,2,1,0,1,3,3,2,2,1,2,2,2,0,0,2,2,1,1,4,6,4,2,2,4,3,6,7,7,4,3,7,4,2,2,3,1,3,6,5,6,1,4,2,3,2,6,1,4,8,2,6,2,1,4,1,2,1,1,2,1,0,2,0,1,0,0,2,0,2,0,1,0,0,0,0,0,0,0,0,0,0,0,0,0,0,0,0,0,0,0,0,0,0,0,0,0,0,0,0,0,0,0
B,"BUCUREŞTI SECTORUL 6","BUCUREŞTI SECTORUL 6",179196,1052,"SERVICIUL STARE CIVILĂ SECTOR 6",U,1183,17,510,8,1,1,520,15,18,44,116,63,15,15,35,132,67,2,0,2,6,2,0,3,3,1,2,1,1,1,3,2,2,2,2,3,5,5,4,3,5,5,7,5,5,12,7,7,4,2,16,5,0,6,5,6,14,10,4,2,1,3,1,6,2,6,3,4,3,5,2,6,0,5,1,3,4,5,3,5,1,1,0,0,1,0,0,2,0,0,0,0,1,0,0,0,0,0,0,0,0,0,0,0,0,0,0,0,0,0,0,0,0,0,0,0,0,0,0,0,4,2,2,2,2,1,2,2,1,1,0,1,1,2,2,2,3,2,1,3,3,6,5,3,3,8,1,3,8,9,10,4,4,7,7,6,5,6,13,16,8,2,2,4,5,6,7,3,2,5,4,6,4,9,3,3,9,3,3,3,1,3,1,0,0,0,0,1,2,1,1,0,0,0,0,0,0,0,0,0,0,0,0,0,0,0,0,0,0,0,0,0,0,0,0,0,0,0,0,0,0,0,0
B,"BUCUREŞTI SECTORUL 6","BUCUREŞTI SECTORUL 6",179196,1053,"ŞCOALA GIMNAZIALĂ NR.311",U,1390,4,585,9,0,0,594,11,23,59,102,72,14,26,62,124,101,0,2,3,1,3,1,1,3,3,1,3,2,0,1,1,3,6,11,5,4,5,5,12,3,3,9,2,7,10,5,3,7,8,3,3,4,6,3,9,12,4,2,1,4,3,4,4,5,6,7,3,4,8,7,1,5,5,5,2,3,3,4,1,0,0,1,0,0,0,0,1,0,0,0,0,0,0,1,0,0,0,0,0,0,0,0,0,0,0,0,0,0,0,0,0,0,0,0,0,0,0,0,0,1,2,2,5,0,2,2,1,5,4,1,2,1,2,0,4,6,2,9,9,5,8,4,8,6,6,5,9,8,7,10,3,6,3,8,6,0,8,2,12,7,6,6,4,6,3,10,7,10,12,10,10,4,5,7,6,8,4,2,2,0,4,2,2,0,2,0,0,0,0,0,4,0,0,0,0,0,0,0,0,0,0,0,0,0,0,0,0,0,0,0,0,0,0,0,0,0,0,0,0,0,0,0
B,"BUCUREŞTI SECTORUL 6","BUCUREŞTI SECTORUL 6",179196,1054,"ŞCOALA GIMNAZIALĂ NR.311",U,1310,1,458,11,0,0,469,6,24,52,89,52,10,22,47,93,74,1,0,2,1,0,2,0,3,2,1,2,2,4,1,3,4,2,4,2,7,5,3,9,3,9,5,5,5,10,4,7,6,5,9,3,4,3,5,6,6,6,1,3,4,0,1,1,3,3,4,7,1,2,2,5,3,5,0,4,3,4,1,1,1,1,1,0,0,1,0,0,0,0,0,0,0,0,0,0,0,0,0,0,0,0,0,0,0,0,0,0,0,0,0,0,0,0,0,0,0,0,0,0,2,2,0,1,1,2,2,0,3,0,1,5,3,1,2,4,3,2,6,4,3,6,2,9,1,6,8,7,3,5,6,6,3,7,1,3,6,6,5,15,5,3,1,2,1,3,5,6,5,5,3,4,8,7,6,6,5,2,4,5,1,1,0,0,1,1,0,1,2,0,1,0,0,0,0,0,0,0,0,0,0,0,0,0,0,0,0,0,0,0,0,0,0,0,0,0,0,0,0,0,0,0,0
B,"BUCUREŞTI SECTORUL 6","BUCUREŞTI SECTORUL 6",179196,1055,"ŞCOALA GIMNAZIALĂ NR.311",U,1368,3,583,6,0,0,589,12,27,63,97,79,19,19,60,100,113,2,1,2,1,2,1,3,3,5,1,1,1,2,1,2,6,5,4,5,5,7,6,4,9,5,12,6,7,10,13,7,6,3,5,6,8,1,3,7,6,3,1,4,0,4,0,3,3,5,5,6,8,7,6,8,7,4,3,5,1,4,1,0,1,1,1,2,0,0,0,0,1,0,0,0,0,0,0,0,0,0,0,0,0,0,0,0,0,0,0,0,0,0,0,0,0,0,0,0,0,0,0,0,4,5,1,3,2,2,2,2,2,1,2,3,3,1,2,1,2,1,2,6,6,3,8,7,4,13,10,6,8,10,6,10,3,7,4,2,9,4,8,5,6,0,1,0,3,5,3,12,5,15,8,10,7,7,8,8,3,9,7,2,1,0,3,2,2,0,0,1,1,1,0,0,1,0,0,0,0,0,0,0,0,0,0,0,0,0,0,0,0,0,0,0,0,0,0,0,0,0,0,0,0,0,0
B,"BUCUREŞTI SECTORUL 6","BUCUREŞTI SECTORUL 6",179196,1056,"ŞCOALA GIMNAZIALĂ NR.311",U,1349,5,581,6,0,0,587,17,22,77,113,55,16,22,58,112,95,3,3,2,1,2,3,3,0,3,1,2,0,3,3,3,5,2,4,10,6,4,5,6,5,10,11,16,6,6,13,8,7,8,8,6,5,3,7,7,5,8,3,3,1,4,3,2,1,4,4,7,6,4,3,2,6,4,6,4,1,1,0,1,0,0,1,0,0,0,0,0,0,0,0,0,0,0,0,0,0,0,0,0,0,0,0,0,0,0,0,0,0,0,0,0,0,0,0,0,0,0,0,0,2,3,1,2,1,4,3,0,2,2,1,3,2,1,5,3,3,6,2,6,7,4,5,7,10,4,7,8,7,5,10,5,5,7,7,4,8,3,7,8,5,0,2,5,4,5,7,6,4,7,7,14,10,10,5,6,8,3,3,2,3,1,0,1,1,0,1,1,1,1,0,0,0,0,0,0,0,0,0,0,0,0,0,0,0,0,0,0,0,0,0,0,0,0,0,0,0,0,0,0,0,0,0
B,"BUCUREŞTI SECTORUL 6","BUCUREŞTI SECTORUL 6",179196,1057,"ŞCOALA GIMNAZIALĂ NR.311",U,1202,1,476,5,0,0,481,15,19,52,80,56,18,18,52,91,80,6,3,0,3,1,1,1,1,0,1,2,2,6,2,3,0,2,4,5,4,3,6,7,2,6,8,7,5,5,6,2,7,8,4,4,1,3,5,5,2,5,3,2,3,5,2,3,2,4,3,6,13,3,8,3,4,3,1,1,1,0,0,0,1,0,0,0,0,0,2,0,0,0,0,0,1,0,0,0,0,0,0,0,0,0,0,0,0,0,0,0,0,0,0,0,0,0,0,0,0,0,0,0,1,3,6,1,3,1,3,1,1,2,2,2,3,5,0,2,0,2,7,4,3,11,9,5,6,1,4,2,7,5,5,9,6,3,4,2,2,0,6,4,10,1,5,5,4,4,7,9,5,5,7,8,11,9,4,3,3,3,2,4,3,1,1,1,0,1,0,0,0,0,0,0,0,0,0,0,0,0,0,0,0,0,0,0,0,0,0,0,0,0,0,0,0,0,0,0,0,0,0,0,0,0,0
B,"BUCUREŞTI SECTORUL 6","BUCUREŞTI SECTORUL 6",179196,1058,"ŞCOALA GIMNAZIALĂ NR.311",U,1080,11,475,4,0,0,479,10,22,51,90,47,16,22,46,104,71,1,2,2,5,0,0,0,2,2,1,2,4,4,5,0,0,2,3,2,2,7,6,8,5,4,4,10,5,4,2,7,6,5,10,1,6,7,8,3,7,6,4,3,2,2,1,1,2,0,1,3,3,1,3,2,2,4,2,3,2,4,4,3,0,1,2,0,2,1,1,0,0,1,0,0,0,0,0,0,0,0,0,0,0,0,0,0,0,0,0,0,0,0,0,0,0,0,0,0,0,0,0,0,3,1,4,5,0,0,3,0,1,1,3,3,1,3,3,3,4,0,1,5,4,7,5,4,7,9,4,5,7,6,4,5,2,8,7,6,2,4,11,10,8,1,0,4,3,6,5,2,4,5,7,3,8,3,6,3,2,4,4,4,3,2,1,0,3,1,1,1,2,1,0,1,0,0,0,0,0,0,0,0,0,0,0,0,0,0,0,0,0,0,0,0,0,0,0,0,0,0,0,0,0,0,0
B,"BUCUREŞTI SECTORUL 6","BUCUREŞTI SECTORUL 6",179196,1059,"ŞCOALA GIMNAZIALĂ NR.59",U,888,5,389,3,0,0,392,5,12,37,64,38,10,21,49,83,73,1,1,1,0,2,0,0,1,3,0,1,2,0,0,2,1,2,5,5,2,2,1,5,5,3,3,6,3,11,6,5,5,4,6,1,3,1,2,2,5,3,0,2,0,2,1,2,1,3,1,0,4,3,3,5,3,2,2,1,4,0,1,1,0,0,1,1,0,1,0,0,0,0,0,0,1,0,0,0,0,0,0,0,0,0,0,0,0,0,0,0,0,0,0,0,0,0,0,0,0,0,0,0,0,2,2,1,2,2,1,1,4,2,3,0,2,2,1,5,1,3,2,5,9,4,8,2,3,9,4,10,3,6,2,9,2,0,1,3,3,6,5,9,9,1,3,2,2,4,3,7,1,4,2,7,5,5,7,5,5,2,4,3,4,1,2,2,4,0,0,0,2,0,1,0,0,0,0,0,0,0,0,0,0,0,0,0,0,0,0,0,0,0,0,0,0,0,0,0,0,0,0,0,0,0,0
B,"BUCUREŞTI SECTORUL 6","BUCUREŞTI SECTORUL 6",179196,1060,"ŞCOALA GIMNAZIALĂ NR.59",U,1104,6,486,3,0,0,489,8,19,54,69,68,10,17,45,85,114,0,3,2,1,1,1,0,0,1,3,3,2,1,3,3,1,2,3,6,3,4,7,5,6,9,7,4,8,6,7,5,2,5,3,3,2,2,1,2,4,5,2,2,4,0,3,3,1,4,2,2,6,12,9,4,5,5,7,2,1,3,2,1,1,0,1,0,0,0,0,0,0,0,0,0,0,0,0,0,0,0,0,0,0,0,0,0,0,0,0,0,0,0,0,0,0,0,0,0,0,0,0,0,2,1,2,2,1,1,1,1,1,1,0,1,1,3,4,2,3,3,3,7,3,1,6,5,2,6,9,7,8,12,8,4,7,6,1,2,5,4,3,4,0,2,2,0,2,2,6,5,5,13,11,15,10,12,8,5,6,5,6,4,3,1,0,0,1,0,0,1,0,0,2,0,0,1,0,0,0,0,0,0,0,0,0,0,0,0,0,0,0,0,0,0,0,0,0,0,0,0,0,0,0,0,0
B,"BUCUREŞTI SECTORUL 6","BUCUREŞTI SECTORUL 6",179196,1061,"ŞCOALA GIMNAZIALĂ NR.59",U,1139,17,448,8,0,0,456,11,22,57,66,46,16,37,55,91,55,2,0,2,3,3,1,0,2,2,2,2,2,3,1,2,4,2,7,3,5,4,4,8,4,5,6,11,1,4,7,6,2,3,3,3,2,6,5,3,8,4,0,3,1,2,0,3,2,6,3,2,4,4,5,1,2,5,3,3,1,0,1,1,0,0,0,1,0,1,0,1,0,0,0,0,0,0,0,0,0,0,0,0,0,0,0,0,0,0,0,0,0,0,0,0,0,0,0,0,0,0,0,0,3,2,2,3,3,1,2,3,2,3,5,4,3,2,2,8,5,3,6,6,5,6,5,7,4,3,10,6,3,7,5,6,3,7,5,3,6,3,9,8,1,4,2,3,1,5,4,4,5,3,4,7,4,5,5,2,6,4,2,2,0,0,0,0,0,0,0,1,0,1,0,0,0,0,0,0,0,0,0,0,0,0,0,0,0,0,0,0,0,0,0,0,0,0,0,0,0,0,0,0,0,0,0
B,"BUCUREŞTI SECTORUL 6","BUCUREŞTI SECTORUL 6",179196,1062,"ŞCOALA GIMNAZIALĂ NR.59",U,1344,2,527,5,0,0,532,22,22,58,76,68,12,24,62,90,98,8,3,3,3,2,1,2,1,2,2,0,2,4,1,4,1,5,2,4,7,7,4,11,7,2,5,9,5,6,4,6,5,6,4,3,6,4,2,6,2,5,2,1,1,3,4,1,5,3,7,6,7,9,3,1,4,4,5,2,4,3,0,0,0,0,2,1,1,1,0,0,0,0,0,0,0,0,0,0,0,0,0,0,0,0,0,0,0,0,0,0,0,0,0,0,0,0,0,0,0,0,0,0,1,0,2,2,3,2,2,0,1,2,4,1,1,4,3,6,2,4,7,12,7,3,7,4,6,5,7,6,4,2,6,5,7,7,1,8,7,4,7,4,4,1,3,1,5,4,4,8,7,18,9,5,12,5,8,6,5,3,0,1,0,5,1,0,0,0,1,2,0,0,1,0,1,0,0,0,0,0,0,0,0,0,0,0,0,0,0,0,0,0,0,0,0,0,0,0,0,0,0,0,0,0,0
B,"BUCUREŞTI SECTORUL 6","BUCUREŞTI SECTORUL 6",179196,1063,"ŞCOALA GIMNAZIALĂ NR.59",U,1319,33,555,12,0,1,568,12,34,61,71,71,13,44,54,109,99,4,1,2,1,2,2,0,1,3,3,5,4,6,1,5,5,1,5,6,4,6,4,5,10,7,10,4,8,1,8,3,5,1,4,5,2,5,3,3,3,4,3,4,1,2,3,3,5,4,6,7,12,5,3,3,3,6,2,1,5,1,4,0,0,0,1,0,1,0,2,0,0,0,0,0,0,0,0,0,0,0,0,0,0,0,0,0,0,0,0,0,0,0,0,0,0,0,0,0,0,0,0,0,2,1,0,3,6,0,1,2,3,5,8,5,6,3,3,5,4,4,1,4,6,6,10,3,6,7,7,9,7,8,7,5,9,7,4,3,3,1,4,8,6,0,6,4,4,7,7,3,10,9,10,9,13,13,7,4,4,3,5,2,0,1,0,1,1,2,0,0,2,0,0,0,0,0,0,0,0,0,0,0,0,0,0,0,0,0,0,0,0,0,0,0,0,0,0,0,0,0,0,0,0,0,0
B,"BUCUREŞTI SECTORUL 6","BUCUREŞTI SECTORUL 6",179196,1064,"ŞCOALA GIMNAZIALĂ NR.59",U,1166,4,502,6,0,1,509,16,19,59,72,75,11,10,62,79,106,5,4,2,1,1,2,1,2,1,2,2,0,2,3,1,3,3,0,4,6,4,7,6,5,10,11,6,10,4,6,6,2,5,8,3,2,1,1,3,5,6,2,2,2,1,1,2,3,4,10,6,7,8,8,9,6,3,1,1,1,2,1,0,2,0,0,0,1,1,0,0,0,0,0,0,0,0,0,0,0,0,0,0,0,0,1,0,0,0,0,0,0,0,0,0,0,0,0,0,0,0,0,0,5,1,3,0,1,1,0,1,2,1,0,0,1,3,0,0,2,3,7,5,7,3,7,6,10,7,7,9,4,5,8,4,0,3,5,3,2,1,7,3,6,1,4,4,3,4,3,6,5,15,10,16,14,11,7,6,2,2,4,4,1,0,1,1,1,0,0,0,0,0,0,0,0,0,0,0,0,0,0,0,0,0,0,0,0,0,0,0,0,0,0,0,0,0,0,0,0,0,0,0,0,0,0
B,"BUCUREŞTI SECTORUL 6","BUCUREŞTI SECTORUL 6",179196,1065,"ŞCOALA GIMNAZIALĂ ”ADRIAN PĂUNESCU”",U,1111,17,437,10,0,0,447,11,24,37,75,45,14,26,41,90,84,0,2,1,3,0,1,4,0,2,2,6,1,3,4,1,3,2,0,5,3,4,4,3,6,6,2,4,6,7,2,4,0,5,3,5,7,3,4,4,5,4,5,0,5,1,3,2,4,2,4,2,3,6,4,3,1,1,2,1,4,0,1,1,1,1,0,2,1,0,0,0,0,0,0,0,0,0,1,0,0,0,0,0,0,0,0,0,0,0,0,0,0,0,0,0,0,0,0,0,0,0,0,0,3,1,1,3,3,1,2,2,3,1,2,3,6,3,4,2,0,0,2,3,5,3,4,5,7,6,6,6,8,7,1,6,4,4,2,6,6,1,7,9,9,2,3,3,2,1,3,1,2,6,4,15,6,10,4,4,2,6,4,1,4,2,0,2,0,2,1,2,3,1,1,0,0,0,1,0,0,0,0,0,0,0,0,0,0,0,0,0,0,0,0,0,0,0,0,0,0,0,0,0,0,0,0
B,"BUCUREŞTI SECTORUL 6","BUCUREŞTI SECTORUL 6",179196,1066,"ŞCOALA GIMNAZIALĂ ”ADRIAN PĂUNESCU”",U,1247,7,486,4,0,0,490,15,16,44,100,58,10,27,42,97,81,5,2,3,0,1,1,3,2,0,1,3,2,0,4,3,1,0,2,6,2,7,5,2,7,3,4,6,10,3,10,12,4,5,4,7,6,3,7,2,7,8,2,1,0,5,2,2,4,4,2,2,7,13,3,3,4,3,1,3,0,2,1,1,0,3,1,0,0,0,0,0,0,0,1,0,0,0,0,0,0,0,0,0,0,0,0,0,0,0,0,0,0,0,0,0,0,0,0,0,0,0,0,0,2,2,0,1,3,2,0,3,2,1,4,3,4,2,2,1,5,3,5,5,5,5,3,5,5,5,1,6,6,4,5,7,6,5,5,2,5,6,9,6,7,1,2,0,8,4,3,1,12,5,9,4,10,5,6,2,3,6,2,4,3,2,1,1,1,2,0,0,1,0,1,0,0,0,0,0,0,0,0,0,0,0,0,0,0,0,0,0,0,0,0,0,0,0,0,0,0,0,0,0,0,0,0
B,"BUCUREŞTI SECTORUL 6","BUCUREŞTI SECTORUL 6",179196,1067,"ŞCOALA GIMNAZIALĂ ”ADRIAN PĂUNESCU”",U,711,9,220,7,0,0,227,5,7,20,46,25,6,10,18,54,36,1,0,1,1,1,0,1,0,1,1,2,0,2,1,0,0,0,0,1,0,3,4,5,3,4,0,0,4,3,3,3,2,4,3,3,2,0,3,2,3,7,1,0,0,0,2,1,0,1,1,1,1,1,1,3,1,3,1,2,0,1,2,2,0,1,1,0,0,0,0,0,1,0,0,0,0,0,1,0,0,0,0,0,0,0,0,0,0,0,0,0,0,0,0,0,0,0,0,0,0,0,0,0,2,0,0,1,2,1,0,2,0,2,1,1,1,1,0,0,2,0,1,2,0,0,2,6,0,2,5,2,4,2,6,4,1,2,1,2,3,2,1,4,3,1,5,4,2,1,4,4,3,1,4,0,0,2,2,2,2,2,0,1,3,1,3,0,1,2,1,0,1,1,0,0,0,0,0,0,0,0,0,0,0,0,0,0,0,0,0,0,0,0,0,0,0,0,0,0,0,0,0,0,0,0,0
B,"BUCUREŞTI SECTORUL 6","BUCUREŞTI SECTORUL 6",179196,1068,"ŞCOALA GIMNAZIALĂ ”ADRIAN PĂUNESCU”",U,1225,6,470,5,0,0,475,15,15,47,82,39,10,25,45,111,86,2,0,2,2,4,2,3,3,0,0,0,3,0,1,0,4,4,11,7,3,6,4,3,3,4,3,3,4,4,6,4,4,9,8,5,3,2,1,6,9,6,0,3,1,4,2,1,1,1,3,1,5,3,1,1,3,4,5,2,1,1,0,0,0,0,1,1,1,1,1,0,1,1,0,0,0,0,0,0,0,0,0,0,0,0,0,0,0,0,0,0,0,0,0,0,0,0,0,0,0,0,0,0,2,1,0,3,1,1,2,1,1,0,0,3,4,4,2,7,3,4,6,6,1,2,6,5,7,5,3,4,5,6,6,9,5,5,7,9,5,2,5,6,11,4,3,7,2,5,5,2,2,3,10,4,8,6,5,4,6,6,6,4,1,3,2,3,0,2,2,1,0,1,2,0,1,2,0,0,0,0,0,0,0,0,0,0,0,0,0,0,0,0,0,0,0,0,0,0,0,0,0,0,0,0,0
B,"BUCUREŞTI SECTORUL 6","BUCUREŞTI SECTORUL 6",179196,1069,"ŞCOALA GIMNAZIALĂ ”ADRIAN PĂUNESCU”",U,1296,1,531,8,0,0,539,17,28,61,89,47,13,27,76,99,82,4,3,2,3,4,0,1,3,2,3,4,1,2,2,5,2,4,7,5,9,4,7,5,9,2,8,5,5,9,9,9,4,2,6,5,4,1,2,2,6,5,5,2,1,5,5,2,3,1,2,1,1,3,5,1,3,4,2,2,1,2,2,3,1,0,0,0,3,2,3,1,0,0,0,0,0,0,0,1,0,0,0,0,0,0,0,0,0,0,0,0,0,0,0,0,0,0,0,0,0,0,0,0,3,2,3,0,2,1,2,2,2,6,1,1,2,1,5,3,4,4,6,7,12,5,5,11,5,8,13,8,4,2,6,7,9,6,3,6,5,1,7,9,6,7,4,5,2,0,2,6,5,2,7,4,10,1,2,5,4,3,3,2,4,2,2,2,3,1,4,2,1,2,3,1,1,0,0,0,0,0,0,0,0,0,0,0,0,0,0,0,0,0,0,0,0,0,0,0,0,0,0,0,0,0,0
B,"BUCUREŞTI SECTORUL 6","BUCUREŞTI SECTORUL 6",179196,1070,"ŞCOALA GIMNAZIALĂ ”ADRIAN PĂUNESCU”",U,1122,7,413,7,0,0,420,9,15,32,79,39,11,23,38,105,69,0,2,2,1,2,2,0,0,0,0,2,0,1,3,1,3,5,5,1,2,3,2,3,4,4,6,2,4,1,6,2,5,7,5,4,6,4,6,3,6,3,4,3,3,1,1,5,2,2,3,4,2,4,2,2,3,0,1,1,2,1,1,1,0,1,0,1,2,1,0,0,0,1,1,1,0,0,0,0,0,0,0,0,0,0,0,0,0,0,0,0,0,0,0,0,0,0,0,0,0,0,0,0,2,2,2,2,0,2,1,2,3,0,4,3,1,2,1,4,3,4,2,3,5,4,4,4,4,5,3,5,2,9,3,6,12,6,5,2,4,6,7,6,10,2,3,4,4,5,4,2,8,6,3,7,8,3,3,2,1,3,4,1,1,2,1,1,3,2,1,0,1,2,0,2,0,1,0,1,0,0,0,0,0,0,0,0,0,0,0,0,0,0,0,0,0,0,0,0,0,0,0,0,0,0,0
B,"BUCUREŞTI SECTORUL 6","BUCUREŞTI SECTORUL 6",179196,1071,"ŞCOALA GIMNAZIALĂ NR.197",U,1474,14,660,7,0,0,667,26,37,54,128,61,23,29,57,151,101,4,5,3,5,3,2,4,3,1,2,4,2,7,2,3,8,5,4,4,3,4,8,4,6,7,6,8,4,10,7,6,5,7,13,5,5,12,8,6,14,9,4,6,2,2,1,2,4,1,5,3,4,4,3,4,2,2,2,3,2,1,3,1,0,2,3,1,0,3,1,4,1,0,0,2,0,0,0,0,0,0,0,0,0,0,0,0,0,0,0,0,0,0,0,0,0,0,0,0,0,0,0,0,3,6,4,2,4,2,2,3,1,0,5,2,3,4,7,2,2,2,8,8,3,9,5,8,6,6,2,8,12,9,9,4,7,11,19,10,8,8,5,7,11,2,5,7,1,5,3,3,3,5,11,5,6,7,6,3,6,1,9,6,5,6,0,4,3,4,2,2,0,0,1,2,0,0,0,0,1,0,0,0,0,0,0,0,0,0,0,0,0,0,0,0,0,0,0,0,0,0,0,0,0,0,0
B,"BUCUREŞTI SECTORUL 6","BUCUREŞTI SECTORUL 6",179196,1072,"ŞCOALA GIMNAZIALĂ NR.197",U,978,12,400,6,0,0,406,12,19,32,82,40,13,29,43,90,46,3,1,1,2,1,3,1,1,2,1,3,1,1,2,3,3,2,2,2,2,2,3,6,4,4,4,3,9,2,6,9,3,4,4,8,5,3,4,5,3,4,0,1,2,2,6,2,2,3,3,1,5,1,1,0,2,3,1,0,3,3,1,1,3,0,0,2,0,2,1,0,2,0,0,0,0,0,0,0,0,0,0,0,0,0,0,0,0,0,0,0,0,0,0,0,0,0,0,0,0,0,0,0,0,3,2,0,3,4,1,3,2,3,2,2,0,4,5,0,8,2,1,6,8,5,3,4,5,5,4,4,5,6,4,7,6,3,2,5,6,5,7,5,7,1,3,5,2,4,3,2,3,0,8,3,2,2,2,1,1,3,4,2,0,1,0,3,3,1,0,1,1,1,0,0,0,0,2,0,0,0,0,0,0,0,0,0,0,0,0,0,0,0,0,0,0,0,0,0,0,0,0,0,0,0,0
B,"BUCUREŞTI SECTORUL 6","BUCUREŞTI SECTORUL 6",179196,1073,"ŞCOALA GIMNAZIALĂ NR.197",U,918,2,383,10,0,0,393,8,11,32,79,42,17,21,39,79,65,1,0,3,0,2,2,0,1,2,0,0,0,0,2,3,2,1,5,1,1,4,6,4,6,2,2,1,4,4,7,7,3,4,4,5,4,2,4,5,7,3,1,3,3,3,4,2,1,1,1,2,4,1,3,2,3,1,1,3,0,1,2,3,3,2,0,2,0,0,0,1,1,0,1,2,0,0,0,0,0,0,1,0,0,0,0,0,0,0,0,0,0,0,0,0,0,0,0,0,0,0,0,0,5,3,2,1,5,0,1,1,4,0,2,3,4,1,3,2,1,2,6,1,9,3,1,2,5,7,3,2,7,3,11,2,4,5,1,8,2,7,5,3,4,3,3,1,2,2,4,3,2,3,8,2,4,5,5,5,3,5,3,1,3,1,2,0,0,3,1,1,1,3,0,1,0,0,0,0,0,0,0,0,0,0,0,0,0,0,0,0,0,0,0,0,0,0,0,0,0,0,0,0,0,0,0
B,"BUCUREŞTI SECTORUL 6","BUCUREŞTI SECTORUL 6",179196,1074,"ŞCOALA GIMNAZIALĂ NR.197",U,1257,1,562,15,0,0,577,26,28,56,84,64,12,29,58,115,105,6,3,3,1,6,2,5,5,0,1,3,3,7,4,1,0,4,5,4,3,6,3,6,6,4,6,13,6,5,4,6,5,5,6,5,6,0,2,6,5,6,4,4,1,6,1,1,1,4,7,3,6,3,1,5,4,2,6,1,4,4,2,2,1,1,1,2,1,0,0,1,0,1,1,0,0,0,0,0,0,0,0,0,0,0,0,0,0,0,0,0,0,0,0,0,0,0,0,0,0,0,0,0,4,1,1,1,1,4,0,2,2,3,2,6,2,3,2,2,5,4,5,2,5,8,9,8,6,2,9,10,10,7,5,11,4,7,6,4,5,5,6,7,6,2,3,2,5,5,5,2,4,9,2,5,7,8,12,1,4,6,7,7,3,7,2,5,2,3,0,2,2,0,1,1,1,0,0,1,1,0,0,0,0,0,0,0,0,0,0,0,0,0,0,0,0,0,0,0,0,0,0,0,0,0,0
B,"BUCUREŞTI SECTORUL 6","BUCUREŞTI SECTORUL 6",179196,1075,"ŞCOALA GIMNAZIALĂ NR.197",U,1054,20,398,10,1,0,409,14,23,29,73,42,13,18,38,93,66,1,2,0,3,1,3,4,3,0,3,2,3,1,3,4,3,1,2,4,1,1,1,3,5,1,7,4,5,3,7,4,3,7,4,3,1,3,5,7,3,5,3,1,5,2,2,0,2,2,0,2,5,1,4,5,1,0,2,1,2,2,0,1,3,1,0,1,0,0,1,0,2,0,0,0,1,1,1,1,0,0,0,0,0,0,0,0,0,0,0,0,0,0,0,0,0,0,0,0,0,0,0,0,2,1,4,5,0,0,1,1,1,4,2,3,3,1,1,0,2,1,2,1,1,6,4,6,4,6,7,9,4,5,6,8,5,3,5,1,4,8,5,6,10,3,2,0,1,3,5,3,5,1,3,3,5,3,5,4,2,3,2,3,3,4,3,3,3,2,1,0,0,2,2,0,0,0,1,0,0,0,0,0,0,0,0,0,0,0,0,0,0,0,0,0,0,0,0,0,0,0,0,0,0,0,0
B,"BUCUREŞTI SECTORUL 6","BUCUREŞTI SECTORUL 6",179196,1076,"ŞCOALA GIMNAZIALĂ NR.197",U,1004,2,420,7,0,0,427,17,17,32,76,62,6,19,26,97,75,2,2,3,4,2,3,1,3,3,2,2,0,1,2,0,2,2,2,4,4,4,2,1,2,3,4,6,6,7,2,1,4,6,7,5,4,2,5,6,6,4,0,3,2,1,4,1,4,3,2,2,2,3,2,2,3,7,6,2,2,4,1,3,0,1,2,1,4,4,1,1,0,0,0,0,0,0,0,0,0,0,0,0,0,0,0,0,0,0,0,0,0,0,0,0,0,0,0,0,0,0,0,0,2,0,0,0,2,1,1,4,1,1,0,2,1,2,4,2,2,5,0,1,5,4,4,1,2,2,2,9,4,6,5,7,8,9,6,3,2,3,3,7,6,2,4,3,1,4,5,7,3,1,1,0,5,4,4,7,2,2,5,4,4,3,2,4,2,3,2,1,1,5,1,1,1,0,0,0,0,0,0,0,0,0,0,0,0,0,0,0,0,0,0,0,0,0,0,0,0,0,0,0,0,0,0
B,"BUCUREŞTI SECTORUL 6","BUCUREŞTI SECTORUL 6",179196,1077,"ŞCOALA GIMNAZIALĂ NR.197",U,863,11,326,6,0,0,332,12,14,37,61,22,8,22,30,79,47,0,1,5,2,2,1,1,0,0,2,0,0,2,3,3,0,4,4,3,3,1,8,6,2,6,0,4,2,6,5,4,3,7,5,4,2,1,5,3,1,3,0,6,0,2,2,0,2,1,2,1,2,0,1,3,1,1,2,0,1,2,0,0,2,0,0,0,0,0,0,1,0,0,0,0,0,0,0,0,0,0,0,0,0,0,0,0,0,0,0,0,0,0,0,0,0,0,0,0,0,0,0,0,2,1,1,3,1,0,0,2,1,1,0,3,1,3,2,5,4,1,3,3,6,5,2,3,0,3,4,5,3,3,5,8,2,5,3,5,4,5,11,4,4,1,1,4,0,3,3,1,2,2,2,3,4,2,4,2,3,2,3,2,4,1,2,1,1,1,2,1,1,1,0,0,0,0,0,0,0,0,0,0,0,0,0,0,0,0,0,0,0,0,0,0,0,0,0,0,0,0,0,0,0,0,0
B,"BUCUREŞTI SECTORUL 6","BUCUREŞTI SECTORUL 6",179196,1078,"A.D.P.D.U. SECTOR 6",U,1086,101,447,12,1,0,460,12,22,50,79,49,15,20,47,94,72,2,1,3,3,1,1,1,2,2,2,3,2,3,4,0,2,2,4,3,8,4,5,7,6,4,5,4,4,2,8,4,2,4,1,3,11,4,0,4,8,6,5,1,6,1,3,2,1,3,1,4,4,6,0,1,3,5,3,1,3,1,2,0,0,0,0,1,2,0,1,1,1,2,0,1,0,0,0,0,1,0,1,0,0,0,0,0,0,0,0,0,0,0,0,0,0,0,0,0,0,0,0,0,3,1,3,4,1,1,2,0,3,1,6,0,1,1,5,1,2,5,2,6,6,5,4,4,4,3,8,4,3,4,8,3,4,4,4,8,5,8,3,9,6,0,4,3,4,3,7,2,5,4,8,7,3,7,5,2,3,6,2,4,1,1,1,1,2,1,0,1,1,2,0,2,0,0,0,0,1,0,0,0,0,0,0,0,0,0,0,0,0,0,0,0,0,0,0,0,0,0,0,0,0,0,0
B,"BUCUREŞTI SECTORUL 6","BUCUREŞTI SECTORUL 6",179196,1079,"ŞCOALA GIMNAZIALĂ NR.193",U,996,12,405,8,0,0,413,21,16,32,96,34,5,25,40,83,61,3,4,3,3,0,5,3,0,0,3,2,3,1,2,2,2,1,2,1,2,3,3,5,6,2,6,2,5,4,10,5,9,5,8,1,4,5,4,4,7,4,1,3,6,1,3,7,3,0,3,2,2,3,3,3,1,2,0,1,0,3,0,0,2,0,0,1,0,0,1,0,2,0,0,1,0,0,1,0,0,0,0,0,0,0,0,0,0,0,0,0,0,0,0,0,0,0,0,0,0,0,0,0,1,1,1,1,1,0,0,0,2,2,3,3,1,7,3,2,2,3,2,4,4,8,1,3,5,4,6,5,3,4,1,5,7,6,4,4,3,6,6,7,9,0,5,1,1,4,2,6,5,6,4,1,5,4,4,3,2,0,3,2,2,1,3,1,0,0,1,1,2,2,1,0,0,0,1,1,0,0,0,0,0,0,0,0,0,0,0,0,0,0,0,0,0,0,0,0,0,0,0,0,0,0,0
B,"BUCUREŞTI SECTORUL 6","BUCUREŞTI SECTORUL 6",179196,1080,"ŞCOALA GIMNAZIALĂ NR.193",U,1029,6,448,5,0,0,453,13,16,42,84,55,15,21,48,81,78,3,1,1,3,0,2,3,0,2,1,0,1,3,1,0,5,3,5,0,2,4,5,4,3,6,7,6,4,6,3,6,11,8,8,4,3,1,3,6,3,4,2,3,0,1,5,3,3,2,3,6,7,2,5,7,2,3,3,2,0,3,1,0,1,1,1,0,0,1,1,0,0,0,1,0,0,0,0,0,0,0,0,0,0,0,0,0,0,0,0,0,0,0,0,0,0,0,0,0,0,0,0,0,2,2,3,4,3,1,0,3,3,1,1,0,4,0,1,5,3,1,4,5,2,6,6,7,6,7,4,6,5,4,9,5,5,6,3,8,1,1,2,4,3,4,3,4,4,1,3,4,6,5,4,9,6,4,7,7,1,5,2,5,3,2,1,1,2,2,0,0,1,0,0,0,0,0,0,0,0,0,0,1,0,0,0,0,0,0,0,0,0,0,0,0,0,0,0,0,0,0,0,0,0,0,0
B,"BUCUREŞTI SECTORUL 6","BUCUREŞTI SECTORUL 6",179196,1081,"ŞCOALA GIMNAZIALĂ NR.193",U,866,3,329,10,0,0,339,8,15,35,60,35,6,24,35,75,46,1,0,1,0,2,3,1,1,2,1,0,0,3,2,2,3,1,3,3,4,4,5,4,2,5,2,3,1,5,4,5,3,3,6,2,2,1,2,4,6,5,0,0,3,2,4,2,1,2,3,2,2,5,1,0,4,0,2,2,1,1,0,0,1,4,1,0,1,0,1,1,0,0,0,0,0,0,0,0,0,0,0,0,0,0,0,0,0,0,0,0,0,0,0,0,0,0,0,0,0,0,0,0,2,2,0,0,1,1,0,2,1,2,0,2,4,5,2,4,2,0,3,1,2,5,8,5,4,4,3,2,5,1,8,4,3,5,1,6,2,2,8,9,8,0,0,2,3,3,3,1,4,0,3,4,4,2,3,4,2,2,3,2,0,2,1,0,2,2,0,0,3,0,0,1,0,0,0,1,0,0,0,0,0,0,0,0,0,0,0,0,0,0,0,0,0,0,0,0,0,0,0,0,0,0,0
B,"BUCUREŞTI SECTORUL 6","BUCUREŞTI SECTORUL 6",179196,1082,"ŞCOALA GIMNAZIALĂ NR.193",U,1099,4,443,5,0,0,448,10,22,33,87,52,7,18,47,96,76,3,2,3,1,1,0,0,3,1,5,3,0,2,2,1,3,2,2,5,0,2,4,5,6,2,3,4,12,7,7,3,4,5,1,2,1,3,3,5,6,4,3,2,7,7,0,5,4,7,3,4,6,2,2,2,3,1,1,3,2,1,2,3,1,0,0,3,0,0,0,0,0,1,0,0,0,1,0,0,0,0,0,0,0,0,0,0,0,0,0,0,0,0,0,0,0,0,0,0,0,0,0,0,1,1,0,4,1,0,0,3,3,2,0,2,1,2,2,2,1,5,5,0,7,6,3,3,6,6,6,7,5,6,2,6,7,6,1,4,2,3,9,10,8,4,1,2,3,5,5,6,7,3,7,6,3,9,7,3,3,2,5,2,1,3,0,1,1,1,2,2,0,1,0,0,1,0,0,0,0,0,0,0,0,0,0,0,0,0,0,0,0,0,0,0,0,0,0,0,0,0,0,0,0,0,0
B,"BUCUREŞTI SECTORUL 6","BUCUREŞTI SECTORUL 6",179196,1083,"COLEGIUL NAŢIONAL ”GRIGORE MOISIL”",U,1834,7,786,15,0,0,801,22,75,94,127,52,27,99,60,144,101,5,1,1,3,3,5,4,3,3,9,7,6,8,8,15,8,8,14,8,12,7,9,10,9,6,7,12,4,5,6,6,9,9,6,7,10,10,6,6,10,10,2,3,6,4,3,5,3,3,4,2,1,3,2,1,3,6,2,4,2,3,2,0,2,1,0,2,1,1,0,0,2,1,0,0,0,1,0,0,0,0,0,0,0,0,0,0,0,0,0,0,0,0,0,0,0,0,0,0,0,0,0,0,7,3,3,3,4,3,4,7,9,11,7,13,6,10,23,5,8,9,4,4,10,8,3,8,4,7,3,6,7,7,13,11,11,7,9,7,8,6,8,8,15,3,4,3,4,3,4,5,10,3,4,7,3,10,4,4,5,6,5,6,3,2,1,4,1,2,3,0,2,2,2,2,1,2,2,0,0,0,0,0,0,0,0,0,0,0,0,0,0,0,0,0,0,0,0,0,0,0,0,0,0,0,0
B,"BUCUREŞTI SECTORUL 6","BUCUREŞTI SECTORUL 6",179196,1084,"COLEGIUL NAŢIONAL ”GRIGORE MOISIL”",U,1585,55,690,17,0,0,707,14,116,108,65,24,12,172,113,62,21,1,1,2,1,1,4,4,7,8,4,8,6,15,19,16,15,18,23,14,16,14,13,6,8,7,5,2,5,7,4,3,4,3,5,1,5,6,1,5,3,4,2,1,2,0,3,1,2,0,2,1,1,1,0,3,4,0,2,0,0,1,1,2,1,1,0,0,1,0,0,0,0,0,0,0,0,1,0,0,0,0,0,0,0,0,0,0,0,0,0,0,0,0,0,0,0,0,0,0,0,0,0,0,0,3,4,1,1,1,2,7,14,11,18,13,20,17,18,23,31,21,16,17,18,11,8,2,8,4,8,7,6,3,1,2,5,5,6,3,7,4,2,1,2,1,1,0,5,1,0,2,2,2,2,2,0,4,2,0,2,1,2,0,0,0,0,0,0,0,0,0,0,0,0,0,0,0,0,0,0,0,0,0,0,0,0,0,0,0,0,0,0,0,0,0,0,0,0,0,0,0,0,0,0,0,0
B,"BUCUREŞTI SECTORUL 6","BUCUREŞTI SECTORUL 6",179196,1085,"COLEGIUL NAŢIONAL ”GRIGORE MOISIL”",U,1912,37,826,24,0,1,851,26,170,92,93,31,25,172,74,106,62,3,2,2,4,3,5,7,18,12,19,19,16,13,18,20,27,8,10,15,13,4,8,12,10,6,6,8,6,4,11,11,4,1,4,4,4,3,4,4,2,7,2,5,3,2,5,7,2,1,3,0,3,2,2,2,3,2,1,0,1,0,1,0,1,1,0,0,0,1,0,3,0,1,1,0,0,0,0,0,0,0,0,0,0,0,0,0,0,0,0,0,0,0,0,0,0,0,0,0,0,0,0,0,1,2,2,6,1,9,4,14,17,18,21,19,23,9,26,17,8,12,10,7,7,7,5,11,6,4,5,9,6,10,8,7,5,8,5,7,2,6,7,8,5,1,3,3,2,2,2,5,7,3,7,2,4,4,6,1,3,5,1,5,3,1,0,1,1,0,0,0,1,1,0,0,0,0,0,1,0,0,0,0,0,0,0,0,0,0,0,0,0,0,0,0,0,0,0,0,0,0,0,0,0,0,0
B,"BUCUREŞTI SECTORUL 6","BUCUREŞTI SECTORUL 6",179196,1086,"COLEGIUL NAŢIONAL ”GRIGORE MOISIL”",U,1725,21,669,8,0,0,677,21,41,53,131,65,15,35,71,141,104,4,5,2,3,2,2,3,3,2,3,4,5,4,8,4,4,4,9,4,8,6,3,4,6,5,5,3,5,7,11,14,11,10,9,2,4,5,7,10,10,9,1,3,5,3,4,1,1,6,5,3,3,5,3,3,6,3,3,3,3,3,1,0,1,2,2,1,2,1,0,0,2,1,0,0,2,0,0,0,0,0,0,0,0,0,0,0,0,0,0,0,0,0,0,0,0,0,0,0,0,0,0,0,4,1,1,1,1,3,4,3,4,2,4,3,3,4,5,2,5,4,11,8,7,8,7,4,8,4,10,10,6,11,11,5,6,10,4,4,9,10,9,12,10,4,4,4,5,3,4,12,5,4,9,6,9,8,4,8,8,2,5,3,4,2,3,0,1,1,5,0,2,1,1,0,0,0,1,0,0,0,0,0,0,0,0,0,0,0,0,0,0,0,0,0,0,0,0,0,0,0,0,0,0,0,0
B,"BUCUREŞTI SECTORUL 6","BUCUREŞTI SECTORUL 6",179196,1087,"ŞCOALA GIMNAZIALĂ NR.164",U,928,5,375,7,0,0,382,16,26,25,65,41,8,17,28,89,67,0,5,3,3,3,0,2,3,3,2,2,1,1,1,5,3,5,2,2,4,2,1,4,2,3,2,3,5,1,6,3,0,8,5,3,2,5,3,5,4,6,0,2,3,1,3,0,2,2,8,1,5,2,0,4,0,2,1,3,2,2,1,3,0,0,0,0,1,0,0,0,1,0,1,0,0,0,0,0,0,0,0,0,0,0,0,0,0,0,0,0,0,0,0,0,0,0,0,0,0,0,0,0,2,2,3,0,1,0,0,1,1,2,5,1,4,1,0,0,2,2,3,4,1,5,0,4,3,3,3,4,7,7,4,6,3,8,2,3,4,3,5,6,5,2,2,6,4,5,3,3,2,8,1,4,1,2,5,6,4,3,6,2,3,1,5,2,0,0,2,4,1,1,1,0,0,0,0,0,0,0,0,0,0,0,0,0,0,0,0,0,0,0,0,0,0,0,0,0,0,0,0,0,0,0,0
B,"BUCUREŞTI SECTORUL 6","BUCUREŞTI SECTORUL 6",179196,1088,"ŞCOALA GIMNAZIALĂ NR.164",U,1047,5,411,6,0,0,417,13,20,35,76,46,12,22,46,82,65,1,2,3,1,4,2,0,2,3,0,1,1,4,3,3,1,2,3,6,2,5,2,2,7,1,5,2,6,3,2,5,9,4,8,0,0,3,4,1,11,9,5,0,0,4,0,2,3,4,6,2,4,4,2,1,2,1,3,2,1,0,1,0,3,1,2,0,1,0,0,1,1,0,0,0,0,0,0,1,0,0,0,0,0,0,0,0,0,0,0,0,0,0,0,0,0,0,0,0,0,0,0,0,2,3,1,2,3,1,0,1,2,4,1,1,5,2,2,2,2,2,4,1,1,6,4,9,6,5,8,5,4,5,4,4,3,3,3,4,4,4,8,10,7,3,4,2,3,0,2,4,5,2,5,8,7,1,6,7,4,2,2,0,3,0,0,1,2,3,0,0,2,0,1,0,0,0,0,0,0,0,0,0,0,0,0,0,0,0,0,0,0,0,0,0,0,0,0,0,0,0,0,0,0,0,0
B,"BUCUREŞTI SECTORUL 6","BUCUREŞTI SECTORUL 6",179196,1089,"ŞCOALA GIMNAZIALĂ NR.164",U,876,13,341,9,0,0,350,4,16,33,64,38,11,17,39,68,60,0,0,1,1,1,0,1,0,1,1,1,0,4,2,0,5,2,3,5,3,2,3,5,5,3,2,2,3,3,2,1,3,5,6,3,1,2,2,5,6,7,2,1,1,1,6,4,0,4,2,2,1,2,3,1,3,1,3,5,2,1,2,2,0,0,0,1,0,1,1,0,0,0,0,1,0,0,0,0,0,0,0,0,0,0,0,0,0,0,0,0,0,0,0,0,0,0,0,0,0,0,0,0,3,2,4,0,0,0,2,0,4,0,2,2,0,0,1,5,3,5,7,5,1,5,5,3,1,3,4,6,5,4,2,5,2,4,2,6,3,1,5,9,4,1,1,0,2,2,4,2,3,5,3,1,4,1,2,3,5,3,3,2,4,3,4,1,0,3,2,2,0,0,2,0,0,2,0,0,0,0,0,0,0,0,0,0,0,0,0,0,0,0,0,0,0,0,0,0,0,0,0,0,0,0,0
B,"BUCUREŞTI SECTORUL 6","BUCUREŞTI SECTORUL 6",179196,1090,"COLEGIUL TEHNIC ”GHEORGHE ASACHI”",U,1245,10,460,5,0,0,465,9,22,40,80,66,12,21,44,88,83,1,0,2,0,2,3,1,0,2,2,3,3,5,3,1,2,1,2,3,3,2,4,6,7,3,3,7,5,4,7,4,3,5,2,1,4,5,3,8,9,4,1,2,1,4,5,3,6,3,3,6,1,5,3,6,6,5,3,7,3,1,1,0,1,2,1,0,1,0,0,0,2,0,0,0,0,0,0,0,0,0,0,0,0,0,0,0,0,0,0,0,0,0,0,0,0,0,0,0,0,0,0,0,3,1,2,1,3,1,1,3,1,2,4,0,0,4,2,2,3,3,6,1,7,2,10,3,5,4,3,6,10,7,5,6,4,1,5,1,3,6,3,9,4,2,4,2,3,3,4,4,2,7,9,7,7,3,6,6,3,4,6,4,4,1,2,1,1,1,1,1,0,2,0,0,0,0,0,1,0,0,0,0,0,0,0,0,0,0,0,0,0,0,0,0,0,0,0,0,0,0,0,0,0,0,0
B,"BUCUREŞTI SECTORUL 6","BUCUREŞTI SECTORUL 6",179196,1091,"COLEGIUL TEHNIC ”GHEORGHE ASACHI”",U,1030,2,407,8,0,0,415,15,17,32,70,43,13,21,36,88,80,1,2,1,4,4,1,2,2,1,1,3,1,1,1,0,1,6,2,4,4,3,3,2,5,1,2,6,7,6,1,5,5,1,5,3,7,2,2,4,6,1,0,4,7,1,2,1,1,1,0,4,2,1,3,2,8,2,0,4,1,3,1,1,2,1,2,1,0,1,2,0,0,0,0,0,0,0,0,0,0,0,0,0,0,0,0,0,0,0,0,0,0,0,0,0,0,0,0,0,0,0,0,0,2,3,2,0,2,1,3,2,3,1,2,1,4,1,4,2,1,0,6,3,6,2,2,7,3,5,2,5,7,5,8,4,5,7,4,4,3,4,4,8,2,2,5,3,1,3,4,2,0,3,7,5,3,8,8,3,7,5,6,6,2,3,2,1,2,1,3,0,2,1,0,0,0,0,0,0,0,0,0,0,0,0,0,0,0,0,0,0,0,0,0,0,0,0,0,0,0,0,0,0,0,0,0
B,"BUCUREŞTI SECTORUL 6","BUCUREŞTI SECTORUL 6",179196,1092,"COLEGIUL TEHNIC ”GHEORGHE ASACHI”",U,2002,38,872,13,0,4,889,24,106,139,106,53,20,114,124,130,73,3,3,7,3,0,4,4,5,4,7,8,10,8,23,15,12,14,19,12,22,11,14,17,13,10,4,17,14,12,10,8,6,4,6,5,3,1,3,8,5,9,0,2,2,2,3,3,6,1,6,1,3,2,5,3,3,2,5,3,0,0,0,0,3,0,1,0,1,3,0,1,3,0,0,0,0,1,0,0,0,0,0,0,0,0,0,0,0,0,0,0,0,0,0,0,0,0,0,0,0,0,0,0,6,5,0,2,1,2,4,4,9,9,12,12,12,16,16,12,12,19,17,11,10,10,9,9,9,16,14,16,11,9,12,11,7,9,2,4,9,2,5,4,8,6,3,0,6,2,4,5,4,6,5,2,2,6,3,2,4,7,3,1,2,4,0,2,3,3,1,1,1,3,1,0,1,0,1,0,0,0,0,0,0,0,0,0,0,0,0,0,0,0,0,0,0,0,0,0,0,0,0,0,0,0,0
B,"BUCUREŞTI SECTORUL 6","BUCUREŞTI SECTORUL 6",179196,1093,"COLEGIUL TEHNIC ”GHEORGHE ASACHI”",U,1058,3,397,11,0,0,408,10,29,36,72,43,7,22,36,84,69,2,4,0,1,1,1,1,3,2,2,3,5,2,2,2,2,6,1,2,5,6,1,2,3,5,7,4,4,2,6,5,1,6,3,4,2,3,5,4,7,4,4,1,6,2,2,1,4,1,2,3,2,6,1,2,2,3,5,1,2,3,1,0,0,1,2,0,1,0,0,0,1,0,0,0,0,0,0,0,0,0,0,0,0,0,0,0,0,0,0,0,0,0,0,0,0,0,0,0,0,0,0,0,1,2,0,0,0,2,2,3,3,1,5,0,0,2,1,2,5,0,2,1,6,3,4,6,5,3,6,8,4,6,6,2,7,5,4,0,1,3,7,6,7,4,2,2,2,5,3,4,6,6,5,2,8,5,3,1,4,4,2,3,2,1,0,1,3,0,3,3,0,1,2,0,0,0,0,0,0,0,0,0,0,0,0,0,0,0,0,0,0,0,0,0,0,0,0,0,0,0,0,0,0,0,0
B,"BUCUREŞTI SECTORUL 6","BUCUREŞTI SECTORUL 6",179196,1094,"LICEUL TEHNOLOGIC ”ANTIM IVIREANU”",U,1126,3,393,10,0,0,403,15,17,34,78,41,16,19,47,86,50,1,2,0,5,3,3,1,2,2,1,1,3,0,4,2,2,0,3,5,3,4,3,2,7,4,0,3,5,4,4,6,1,5,2,2,7,5,5,6,5,7,2,4,2,0,5,1,5,3,2,0,3,2,3,3,5,2,2,3,2,0,0,1,1,0,0,1,0,0,0,0,1,1,0,1,0,0,0,0,0,0,0,0,0,0,0,0,0,0,0,0,0,0,0,0,0,0,0,0,0,0,0,0,3,2,0,3,2,2,4,1,0,1,2,2,4,3,1,4,1,5,9,3,6,2,1,4,5,6,6,4,2,6,6,5,8,6,5,6,4,3,3,3,7,5,3,4,3,1,2,3,1,3,3,2,9,2,2,4,0,1,3,0,1,2,4,0,1,0,4,1,0,1,1,1,1,0,0,0,0,0,0,0,0,0,0,0,0,0,0,0,0,0,0,0,0,0,0,0,0,0,0,0,0,0,0
B,"BUCUREŞTI SECTORUL 6","BUCUREŞTI SECTORUL 6",179196,1095,"LICEUL TEHNOLOGIC ”ANTIM IVIREANU”",U,1085,1,472,6,0,0,478,17,14,39,101,48,18,33,49,94,65,3,1,7,0,2,2,2,0,1,3,2,2,2,0,1,2,1,2,1,2,3,7,4,2,5,5,8,6,7,9,6,3,8,3,6,4,7,7,7,5,6,4,2,2,3,6,0,2,0,5,2,5,4,4,2,0,3,3,3,2,2,1,1,2,1,0,1,1,1,1,0,1,0,0,0,0,0,1,0,0,0,0,0,0,0,0,0,0,0,0,0,0,0,0,0,0,0,0,0,0,0,0,0,4,3,2,2,3,1,3,1,3,1,4,5,4,3,5,3,4,2,1,3,9,8,5,3,7,4,7,5,4,8,6,4,6,8,3,7,3,6,8,7,6,1,3,1,2,1,5,2,0,3,5,3,4,8,9,2,2,2,3,2,1,2,1,2,2,2,2,1,1,1,0,3,0,2,0,0,0,0,0,0,0,0,0,0,0,0,0,0,0,0,0,0,0,0,0,0,0,0,0,0,0,0,0
B,"BUCUREŞTI SECTORUL 6","BUCUREŞTI SECTORUL 6",179196,1096,"LICEUL TEHNOLOGIC ”ANTIM IVIREANU”",U,1034,18,426,8,1,0,435,9,24,32,88,49,14,27,32,93,67,1,1,1,2,1,2,1,1,2,2,0,3,1,6,2,3,4,7,4,2,3,3,2,4,1,3,3,6,10,4,4,5,5,6,4,1,3,5,3,6,4,1,2,8,3,1,7,1,0,5,2,1,0,3,4,4,2,2,1,1,5,2,0,1,2,4,2,0,2,2,0,1,0,2,0,0,0,0,0,0,0,0,0,0,0,0,0,0,0,0,0,0,0,0,0,0,0,0,0,0,0,0,0,1,3,4,2,1,2,1,1,2,6,2,2,1,2,4,4,3,3,3,2,2,4,3,5,3,3,4,6,7,5,4,5,4,5,3,3,2,6,7,7,6,7,1,7,2,3,3,3,4,2,2,5,1,4,2,1,3,5,5,2,1,1,2,4,5,1,2,3,1,0,3,3,0,0,0,1,1,0,0,0,0,0,0,0,0,0,0,0,0,0,0,0,0,0,0,0,0,0,0,0,0,0,0
B,"BUCUREŞTI SECTORUL 6","BUCUREŞTI SECTORUL 6",179196,1097,"LICEUL TEHNOLOGIC ”ANTIM IVIREANU”",U,991,5,287,11,0,0,298,6,15,22,62,25,7,12,28,71,50,3,0,0,1,0,1,1,2,1,0,0,1,2,1,0,4,4,1,0,2,2,8,4,1,1,1,2,5,0,2,5,3,3,1,3,3,2,9,3,3,5,1,6,2,1,2,3,1,3,0,1,2,5,2,3,2,0,3,0,0,1,1,0,0,0,0,0,0,1,0,0,0,0,0,0,0,0,0,0,0,0,0,0,0,0,0,0,0,0,0,0,0,0,0,0,0,0,0,0,0,0,0,0,2,0,0,1,1,1,2,4,0,0,1,2,2,0,1,2,0,1,2,2,4,2,4,4,3,4,2,5,4,3,4,2,2,2,2,7,3,4,4,9,2,4,5,0,3,3,3,1,4,6,5,5,5,1,3,3,4,3,3,1,1,1,1,1,1,0,0,0,0,0,1,0,0,0,0,0,0,0,0,0,0,0,0,0,0,0,0,0,0,0,0,0,0,0,0,0,0,0,0,0,0,0,0
B,"BUCUREŞTI SECTORUL 6","BUCUREŞTI SECTORUL 6",179196,1098,"LICEUL TEHNOLOGIC ”ANTIM IVIREANU”",U,1890,13,699,14,0,0,713,18,40,71,125,68,14,38,79,161,99,3,2,3,2,2,3,3,3,5,3,6,5,1,5,5,5,2,7,7,7,9,6,8,7,10,4,6,5,9,3,6,10,4,8,9,4,8,4,12,5,11,6,7,3,5,1,5,4,10,2,5,4,3,6,2,2,4,3,3,4,3,1,2,4,1,1,2,0,0,0,0,0,1,0,1,0,0,0,0,0,0,0,0,0,0,0,0,0,0,0,0,0,0,0,0,0,0,0,0,0,0,0,0,0,4,2,1,1,2,4,6,2,3,4,4,4,6,2,4,3,6,12,6,10,5,7,8,7,8,10,11,13,9,8,10,8,4,8,9,4,8,9,10,15,7,3,4,5,10,6,1,4,5,8,5,7,6,4,12,7,4,3,4,3,1,3,3,1,3,4,4,1,3,1,2,0,0,0,0,0,0,0,0,0,0,0,0,0,0,0,0,0,0,0,0,0,0,0,0,0,0,0,0,0,0,0
B,"BUCUREŞTI SECTORUL 6","BUCUREŞTI SECTORUL 6",179196,1099,"LICEUL TEHNOLOGIC ”ANTIM IVIREANU”",U,1070,7,397,3,0,0,400,12,27,27,82,40,8,21,31,88,64,3,0,0,2,3,4,0,4,1,1,2,3,4,3,2,4,3,5,1,3,3,4,0,2,0,3,6,4,4,2,5,6,5,8,6,3,6,5,6,5,3,3,1,6,0,3,1,2,2,2,4,3,3,1,2,3,3,2,4,3,0,1,2,0,0,0,1,0,0,0,1,0,0,1,0,0,0,0,0,0,0,0,0,0,0,0,0,0,0,0,0,0,0,0,0,0,0,0,0,0,0,0,0,0,4,0,1,1,0,2,2,3,4,2,4,1,2,1,2,0,2,4,2,6,2,4,5,1,2,3,2,5,2,8,5,4,2,4,3,5,5,7,8,9,4,3,2,4,3,3,4,2,5,8,4,6,4,2,4,2,6,2,2,2,3,3,2,1,0,0,0,0,1,0,0,0,1,0,0,0,0,0,0,0,0,0,0,0,0,0,0,0,0,0,0,0,0,0,0,0,0,0,0,0,0,0
B,"BUCUREŞTI SECTORUL 6","BUCUREŞTI SECTORUL 6",179196,1100,"LICEUL TEHNOLOGIC ”ANTIM IVIREANU”",U,1316,10,701,11,0,0,712,12,106,137,82,27,13,93,127,91,24,5,3,1,0,1,1,1,5,7,5,7,8,6,11,23,15,19,18,18,24,14,13,9,12,13,6,10,11,8,10,12,5,6,2,4,3,3,4,2,3,3,0,0,2,1,3,0,4,1,0,1,4,2,4,2,1,1,2,0,0,1,1,0,0,0,1,1,0,0,0,1,0,0,0,0,0,0,0,0,0,0,0,0,0,0,0,0,0,0,0,0,0,0,0,0,0,0,0,0,0,0,0,0,2,3,1,2,1,3,1,3,3,5,4,5,12,10,12,20,19,15,22,13,10,14,9,10,11,8,15,11,6,2,5,2,10,6,7,6,3,5,2,5,7,2,0,2,3,3,4,2,1,1,3,2,1,4,2,1,3,0,2,0,0,1,0,0,0,0,0,0,1,0,0,0,0,0,0,0,0,0,0,0,0,0,0,0,0,0,0,0,0,0,0,0,0,0,0,0,0,0,0,0,0,0,0
B,"BUCUREŞTI SECTORUL 6","BUCUREŞTI SECTORUL 6",179196,1101,"LICEUL TEHNOLOGIC ”ANTIM IVIREANU”",U,1593,5,521,9,0,0,530,19,21,49,110,43,17,23,61,125,62,1,3,2,2,2,4,5,1,3,4,3,1,4,1,0,3,1,2,2,7,6,5,4,6,4,6,7,7,8,4,6,11,8,9,4,3,4,9,3,8,9,2,3,4,1,2,5,6,5,4,1,1,2,2,4,2,3,0,2,1,1,5,0,1,1,1,0,0,0,0,0,0,0,0,1,0,0,0,0,0,0,0,0,0,0,0,0,0,0,0,0,0,0,0,0,0,0,0,0,0,0,0,0,4,4,2,5,0,2,0,3,1,5,2,3,1,0,3,3,2,5,3,7,2,9,7,9,5,6,8,6,13,12,7,10,5,10,2,0,8,5,4,9,10,3,7,5,1,3,5,7,3,0,1,2,0,2,3,5,8,1,7,7,5,3,2,1,1,1,0,2,0,0,0,1,0,0,0,0,0,0,0,0,0,0,0,0,0,0,0,0,0,0,0,0,0,0,0,0,0,0,0,0,0,0,0
B,"BUCUREŞTI SECTORUL 6","BUCUREŞTI SECTORUL 6",179196,1102,"ŞCOALA GIMNAZIALĂ NR.169 CORPII",U,1086,8,416,6,0,0,422,12,22,39,73,37,11,29,39,86,74,2,1,1,4,1,0,3,2,0,3,3,2,4,2,3,3,0,1,3,3,3,2,2,1,7,12,5,5,4,4,6,6,4,5,4,3,2,4,5,6,4,3,3,2,0,2,1,2,2,0,1,1,4,3,2,0,2,2,5,0,1,2,0,3,1,2,2,1,0,0,0,0,1,0,0,0,0,0,0,0,0,0,0,0,0,0,0,0,0,0,0,0,0,0,0,0,0,0,0,0,0,0,0,3,2,0,1,3,1,1,3,2,4,1,1,4,3,5,0,6,5,0,4,2,2,7,7,6,3,3,7,5,5,6,4,2,10,7,2,1,2,7,4,4,2,2,4,3,3,6,1,4,1,3,2,3,5,0,5,3,3,6,3,4,5,2,4,5,5,2,3,3,1,0,0,1,0,0,0,0,0,0,0,0,0,0,0,0,0,0,0,0,0,0,0,0,0,0,0,0,0,0,0,0,0,0
B,"BUCUREŞTI SECTORUL 6","BUCUREŞTI SECTORUL 6",179196,1103,"ŞCOALA GIMNAZIALĂ NR.169 CORPII",U,1021,1,356,4,0,0,360,8,20,34,51,42,17,14,26,76,72,3,0,0,2,1,2,0,5,1,1,2,2,0,1,2,0,6,2,4,0,3,1,7,6,4,4,3,0,3,4,5,5,3,0,1,4,2,1,4,7,5,1,0,2,3,1,0,2,2,1,1,4,4,3,1,4,2,2,1,6,3,0,2,0,0,1,1,0,1,1,0,0,0,0,0,0,0,0,0,0,0,0,0,0,0,0,0,0,0,0,0,0,0,0,0,0,0,0,0,0,0,0,0,5,2,5,1,1,2,1,0,0,3,0,0,2,5,1,1,2,3,5,2,4,2,2,2,1,4,1,4,4,2,5,5,5,5,3,4,1,5,4,7,5,2,4,2,3,5,1,2,4,5,2,6,3,5,7,4,8,3,6,3,7,0,2,1,2,1,0,0,0,0,0,0,0,1,0,0,0,0,0,0,0,0,0,0,0,0,0,0,0,0,0,0,0,0,0,0,0,0,0,0,0,0,0
B,"BUCUREŞTI SECTORUL 6","BUCUREŞTI SECTORUL 6",179196,1104,"ŞCOALA GIMNAZIALĂ NR.169 CORPII",U,1277,4,523,10,0,0,533,14,32,50,96,58,19,32,49,95,88,3,1,3,5,1,0,1,1,2,3,2,6,5,1,4,5,3,6,5,3,7,5,5,6,4,4,5,4,8,6,9,4,4,5,6,4,7,3,11,6,8,1,1,1,3,2,3,1,5,4,2,2,4,2,0,2,2,1,4,5,4,3,3,4,2,2,1,2,1,0,1,0,0,0,1,0,0,0,0,0,0,0,0,0,0,0,0,0,0,0,0,0,0,0,0,0,0,0,0,0,0,0,0,1,1,3,2,4,2,6,3,3,1,4,1,3,4,6,3,4,6,4,7,5,5,5,7,2,2,6,6,2,8,4,7,8,6,3,6,5,4,7,6,8,6,0,4,2,1,2,3,3,1,6,4,6,5,2,2,9,8,4,8,5,1,4,4,4,1,1,1,3,1,1,1,0,0,0,0,0,0,0,0,0,0,0,0,0,0,0,0,0,0,0,0,0,0,0,0,0,0,0,0,0,0,0
B,"BUCUREŞTI SECTORUL 6","BUCUREŞTI SECTORUL 6",179196,1105,"ŞCOALA GIMNAZIALĂ NR.169 CORPII",U,1175,17,482,5,0,0,487,16,26,37,95,62,14,22,28,110,77,3,2,3,4,2,0,2,0,2,4,5,3,3,4,2,1,2,8,5,6,3,1,1,4,1,5,3,6,4,7,7,7,7,8,5,7,6,7,9,4,4,2,0,0,3,1,1,2,4,3,3,4,6,0,2,2,0,3,4,2,3,3,1,3,4,3,2,4,1,1,0,2,0,0,0,0,0,0,0,0,0,0,0,0,0,0,0,0,0,0,0,0,0,0,0,0,0,0,0,0,0,0,0,4,2,1,0,3,2,2,1,0,2,2,3,3,3,2,4,2,3,3,4,0,3,5,1,1,4,4,5,4,8,6,6,8,9,6,10,3,4,8,10,7,3,4,0,2,5,2,1,3,2,5,6,3,2,4,5,4,4,6,7,5,4,2,6,1,2,3,0,0,1,1,0,0,0,0,0,0,0,0,0,0,0,0,0,0,0,0,0,0,0,0,0,0,0,0,0,0,0,0,0,0,0,0
B,"BUCUREŞTI SECTORUL 6","BUCUREŞTI SECTORUL 6",179196,1106,"ŞCOALA GIMNAZIALĂ NR.169 CORPII",U,1064,3,410,7,1,1,419,13,22,27,97,37,15,24,27,89,68,3,3,3,1,1,0,2,4,5,0,0,4,1,2,2,1,3,2,3,3,6,3,3,2,2,1,2,5,4,4,7,8,4,7,3,5,6,2,7,8,10,4,3,2,3,1,4,2,6,4,1,0,3,0,0,2,0,3,1,3,0,3,2,2,1,1,0,0,2,0,1,0,0,0,0,0,0,0,0,0,0,0,0,0,0,0,0,0,0,0,0,0,0,0,0,0,0,0,0,0,0,0,0,2,1,1,0,3,4,4,1,1,3,2,2,6,4,0,4,1,2,3,2,1,5,4,2,1,2,5,5,6,4,7,5,7,4,4,6,4,5,6,5,9,2,3,1,3,1,2,1,4,0,1,1,2,2,3,6,5,7,10,4,4,3,3,3,3,1,1,1,1,2,0,0,0,0,0,0,0,0,0,0,0,0,0,0,0,0,0,0,0,0,0,0,0,0,0,0,0,0,0,0,0,0,0
B,"BUCUREŞTI SECTORUL 6","BUCUREŞTI SECTORUL 6",179196,1107,"ŞCOALA GIMNAZIALĂ NR.169 CORPII",U,1085,58,394,6,0,2,402,7,23,34,83,26,16,21,36,102,54,2,1,2,0,0,1,1,3,1,2,0,2,1,2,2,4,6,5,4,2,1,4,4,6,1,3,4,5,3,3,8,6,6,3,7,4,6,7,1,4,7,0,1,2,3,3,4,1,1,3,2,1,1,0,1,4,1,1,2,1,1,1,0,0,2,1,0,0,1,0,1,0,0,0,0,0,0,0,0,0,0,0,0,0,0,0,0,0,0,0,0,0,0,0,0,0,0,0,0,0,0,0,0,0,2,4,5,1,1,3,2,1,2,3,1,2,3,3,2,2,2,4,3,4,4,5,4,4,2,4,9,5,6,4,8,7,6,1,1,8,9,6,11,5,1,3,2,5,5,0,1,2,4,1,4,4,5,2,2,4,0,5,3,2,2,1,2,5,0,1,2,0,1,0,1,0,0,0,0,0,0,0,0,0,0,0,0,0,0,0,0,0,0,0,0,0,0,0,0,0,0,0,0,0,0,0
B,"BUCUREŞTI SECTORUL 6","BUCUREŞTI SECTORUL 6",179196,1108,"ŞCOALA GIMNAZIALĂ NR.169 SALA DE SPORT",U,1275,4,492,7,1,0,500,17,25,48,104,43,17,32,34,114,66,2,3,1,2,4,4,1,2,1,2,6,3,2,3,1,3,2,3,3,8,5,5,3,11,5,3,2,7,2,4,9,8,7,7,1,9,6,2,10,8,10,3,2,3,1,3,2,4,3,4,4,3,3,2,1,3,1,1,1,1,2,2,1,1,0,2,0,2,0,0,0,0,1,0,1,0,0,0,0,0,0,0,0,0,0,0,0,0,0,0,0,0,0,0,0,0,0,0,0,0,0,0,0,1,5,2,2,3,3,1,1,4,3,4,4,0,4,3,4,5,4,2,4,1,4,5,6,0,4,4,4,9,9,9,5,7,6,4,5,3,6,7,10,8,3,4,6,3,3,3,4,4,7,6,1,3,4,4,1,3,2,4,1,2,6,0,4,3,3,2,0,0,0,0,2,0,0,0,0,0,0,0,0,0,0,0,0,0,0,0,0,0,0,0,0,0,0,0,0,0,0,0,0,0,0,0
B,"BUCUREŞTI SECTORUL 6","BUCUREŞTI SECTORUL 6",179196,1109,"ŞCOALA GIMNAZIALĂ NR.169 SALA DE SPORT",U,1220,4,502,10,0,0,512,12,25,52,100,52,15,34,46,94,82,2,0,3,2,1,2,2,4,1,4,2,4,1,1,3,2,3,6,6,3,3,6,11,3,7,1,6,4,7,5,3,3,7,10,6,6,6,8,6,7,3,1,1,6,6,4,1,5,2,1,1,3,3,5,3,0,1,3,0,4,2,4,2,3,2,0,1,2,3,1,0,1,0,0,0,0,0,0,0,0,0,0,0,0,0,0,0,0,0,0,0,0,0,0,0,0,0,0,0,0,0,0,0,1,7,0,2,1,2,2,2,4,3,4,2,5,3,3,3,5,4,6,3,6,6,2,6,1,6,6,9,4,8,6,6,6,6,2,5,7,5,3,9,4,1,4,4,2,2,1,4,3,4,3,2,2,5,2,4,6,2,7,8,4,5,3,2,6,1,0,3,3,0,0,3,0,0,0,0,0,0,0,0,0,0,0,0,0,0,0,0,0,0,0,0,0,0,0,0,0,0,0,0,0,0,0
B,"BUCUREŞTI SECTORUL 6","BUCUREŞTI SECTORUL 6",179196,1110,"ŞCOALA GIMNAZIALĂ NR.169 SALA DE SPORT",U,1161,2,491,8,0,1,500,15,24,54,84,55,18,30,41,97,82,3,1,4,2,2,1,2,2,0,4,3,3,0,2,5,2,3,4,4,4,4,6,8,9,4,5,6,3,5,9,7,8,4,6,5,2,3,2,5,5,11,1,0,4,3,1,0,1,1,2,3,3,2,6,7,2,3,3,5,0,1,2,0,2,1,0,3,2,1,2,2,0,0,0,0,1,0,0,0,0,0,0,0,0,0,0,0,0,0,0,0,0,0,0,0,0,0,0,0,0,0,0,0,2,3,5,0,2,2,4,1,2,7,0,0,5,3,2,5,5,4,1,3,4,7,5,2,4,7,4,2,8,4,9,10,6,6,5,5,8,8,2,6,4,1,2,2,3,2,4,7,0,4,4,6,3,7,6,4,7,2,6,5,4,0,2,2,4,4,0,1,2,1,0,0,0,1,0,0,0,0,0,0,0,0,0,0,0,0,0,0,0,0,0,0,0,0,0,0,0,0,0,0,0,0,0
B,"BUCUREŞTI SECTORUL 6","BUCUREŞTI SECTORUL 6",179196,1111,"COLEGIUL NAŢIONAL ”ELENA CUZA”",U,1140,2,478,6,0,0,484,16,26,48,105,40,16,20,35,96,82,0,3,2,2,3,3,3,4,1,2,1,3,2,3,1,4,5,1,6,4,9,5,5,8,4,3,3,5,5,5,1,10,4,11,5,3,7,11,11,4,9,2,5,1,1,4,1,1,2,3,3,2,1,2,2,4,0,2,3,2,3,0,2,1,0,0,1,2,1,0,1,2,0,0,0,0,0,0,0,0,0,0,0,0,0,0,0,0,0,0,0,0,0,0,0,0,0,0,0,0,0,0,0,5,3,1,0,3,1,3,1,3,1,4,2,1,2,2,2,2,2,0,7,3,5,5,3,5,2,3,3,5,8,4,9,9,7,5,4,4,5,5,6,3,6,4,0,4,3,2,3,4,3,4,8,4,7,3,4,6,9,5,3,4,4,1,2,1,1,0,0,0,3,0,1,0,1,0,0,1,0,0,0,0,0,0,0,0,0,0,0,0,0,0,0,0,0,0,0,0,0,0,0,0,0,0
B,"BUCUREŞTI SECTORUL 6","BUCUREŞTI SECTORUL 6",179196,1112,"COLEGIUL NAŢIONAL ”ELENA CUZA”",U,1000,3,417,13,0,0,430,14,21,35,77,44,15,23,34,90,77,1,2,2,3,2,2,2,3,2,4,3,0,2,3,1,2,1,2,2,3,4,5,6,2,5,4,2,3,4,6,3,5,7,5,6,6,4,3,3,3,6,2,2,1,3,3,2,0,3,0,3,1,1,1,1,2,1,3,4,0,3,5,3,5,1,0,1,2,1,0,2,0,1,0,0,0,0,0,0,0,0,0,0,0,0,0,0,0,0,0,0,0,0,0,0,0,0,0,0,0,0,0,0,0,6,0,2,1,2,4,2,4,3,5,1,1,0,2,2,3,0,3,2,7,3,6,2,3,4,4,5,6,7,8,9,8,6,2,3,3,4,5,7,7,2,3,1,2,1,1,3,2,5,2,3,3,2,3,3,3,3,11,5,3,5,5,4,2,1,1,3,3,0,1,0,0,0,1,0,0,0,0,0,0,0,0,0,0,0,0,0,0,0,0,0,0,0,0,0,0,0,0,0,0,0,0
B,"BUCUREŞTI SECTORUL 6","BUCUREŞTI SECTORUL 6",179196,1113,"COLEGIUL NAŢIONAL ”ELENA CUZA”",U,1053,0,425,8,0,0,433,11,24,28,76,47,20,19,34,101,73,3,1,1,0,3,2,1,4,2,2,3,1,3,2,1,3,3,1,3,3,2,3,6,3,3,3,1,3,8,5,0,3,5,5,7,5,2,6,7,6,7,1,2,1,0,2,1,1,2,0,0,2,1,2,2,1,2,1,2,5,5,3,3,1,3,3,1,3,1,1,1,0,0,1,0,0,0,0,0,0,0,0,0,0,0,0,0,0,0,0,0,0,0,0,0,0,0,0,0,0,0,0,0,5,1,3,1,3,3,4,2,2,0,3,3,1,2,2,3,1,4,3,2,7,4,2,7,2,0,3,6,3,4,4,5,10,7,5,9,4,6,5,8,11,4,0,4,3,3,0,1,1,2,0,4,3,2,2,2,6,7,7,7,10,3,4,3,3,1,0,1,3,0,0,1,0,0,0,0,0,0,0,0,0,0,0,0,0,0,0,0,0,0,0,0,0,0,0,0,0,0,0,0,0,0,0
B,"BUCUREŞTI SECTORUL 6","BUCUREŞTI SECTORUL 6",179196,1114,"COLEGIUL NAŢIONAL ”ELENA CUZA”",U,883,3,322,10,0,2,334,12,14,30,61,29,8,16,37,61,66,1,3,2,0,3,0,3,0,0,4,0,2,3,2,0,1,2,0,5,1,2,7,3,5,3,0,4,4,9,5,3,2,1,3,4,4,4,6,3,2,5,0,2,2,1,0,1,2,0,1,1,1,0,0,2,2,0,2,1,1,0,2,0,1,3,3,2,1,2,0,0,0,0,0,0,1,0,1,0,0,0,0,0,0,0,0,0,0,0,0,0,0,0,0,0,0,0,0,0,0,0,0,0,2,2,2,0,0,2,0,0,1,2,2,1,4,3,0,2,1,5,6,1,5,3,3,6,4,2,2,2,4,3,7,5,2,5,4,2,5,3,1,9,4,0,2,1,0,1,1,2,1,0,6,1,0,2,5,4,3,5,4,5,2,2,1,8,3,4,2,2,2,0,1,1,0,0,0,0,0,0,0,0,0,0,0,0,0,0,0,0,0,0,0,0,0,0,0,0,0,0,0,0,0,0,0
B,"BUCUREŞTI SECTORUL 6","BUCUREŞTI SECTORUL 6",179196,1115,"LICEUL TEORETIC ”EUGEN LOVINESCU”",U,1450,0,586,4,0,0,590,12,30,58,78,80,15,32,61,96,128,4,1,4,1,2,0,0,2,4,1,3,4,1,5,3,5,2,8,5,5,7,5,6,5,5,8,4,7,8,3,6,8,7,3,6,2,2,3,1,3,5,1,5,1,0,4,3,3,1,2,6,4,12,6,5,8,2,7,6,8,2,2,1,0,1,1,2,0,1,0,0,0,0,0,0,0,0,0,0,0,0,0,0,0,0,0,0,0,0,0,0,0,0,0,0,0,0,0,0,0,0,0,0,3,2,3,2,3,1,1,3,1,3,2,3,2,4,1,8,5,8,6,7,8,5,5,0,9,8,5,8,6,5,8,5,5,2,4,9,2,3,9,7,4,5,3,0,4,2,5,4,8,8,4,15,9,11,16,11,8,4,8,5,3,5,0,2,1,3,1,1,0,0,1,0,0,0,0,0,0,0,0,0,0,0,0,0,0,0,0,0,0,0,0,0,0,0,0,0,0,0,0,0,0,0,0
B,"BUCUREŞTI SECTORUL 6","BUCUREŞTI SECTORUL 6",179196,1116,"LICEUL TEORETIC ”EUGEN LOVINESCU”",U,1178,1,471,9,0,0,480,12,28,38,76,59,16,16,45,92,98,3,0,3,2,2,1,1,4,5,2,3,3,4,1,1,3,2,1,2,4,5,5,2,2,6,4,7,7,5,5,3,4,7,4,3,4,5,5,2,6,6,1,3,2,0,2,2,2,4,2,3,4,2,4,3,3,3,9,3,2,4,3,1,3,0,1,1,2,0,0,0,0,0,0,0,0,0,0,0,0,0,0,0,0,0,0,0,0,0,0,0,0,0,0,0,0,0,0,0,0,0,0,0,5,4,0,1,1,3,2,0,3,1,4,2,1,1,2,1,1,2,6,7,1,3,6,5,6,4,5,8,6,10,5,9,7,3,6,4,0,2,5,7,9,5,0,3,0,1,2,1,1,6,9,4,7,11,6,8,11,4,3,3,6,3,5,2,1,0,2,0,1,3,1,0,0,0,0,0,0,0,0,0,0,0,0,0,0,0,0,0,0,0,0,0,0,0,0,0,0,0,0,0,0,0,0
B,"BUCUREŞTI SECTORUL 6","BUCUREŞTI SECTORUL 6",179196,1117,"LICEUL TEORETIC ”EUGEN LOVINESCU”",U,1488,4,611,7,0,0,618,22,33,51,135,45,30,29,61,132,80,4,3,3,3,3,3,3,3,1,5,7,2,1,1,4,4,5,4,3,7,3,6,9,4,8,5,2,4,5,6,4,15,11,5,9,6,11,5,10,11,13,7,2,1,8,1,1,3,2,2,1,2,1,2,3,2,2,2,0,2,2,4,1,1,3,2,1,1,2,2,0,0,2,0,0,0,0,0,0,0,0,0,0,0,0,0,0,0,0,0,0,0,0,0,0,0,0,0,0,0,0,0,0,7,5,5,3,4,2,4,5,0,6,3,2,0,6,1,3,3,2,3,3,5,13,9,4,5,7,10,8,9,6,9,8,12,9,6,10,9,7,8,9,8,3,3,1,5,1,1,1,5,0,7,5,4,2,5,2,4,3,3,5,7,5,5,2,3,3,4,1,2,1,0,1,0,0,0,0,0,0,0,0,0,0,0,0,0,0,0,0,0,0,0,0,0,0,0,0,0,0,0,0,0,0,0
B,"BUCUREŞTI SECTORUL 6","BUCUREŞTI SECTORUL 6",179196,1118,"LICEUL TEORETIC ”EUGEN LOVINESCU”",U,1378,14,512,6,0,0,518,12,32,47,100,47,20,19,59,107,75,2,2,3,0,1,0,4,3,1,6,5,5,2,1,2,3,4,4,3,3,10,2,3,4,4,6,8,2,11,6,9,6,6,6,2,5,12,2,5,8,9,2,3,0,4,1,1,3,1,2,2,3,5,4,3,4,2,2,1,0,0,2,1,1,3,1,1,0,1,3,1,0,1,0,0,0,0,0,0,0,0,0,0,0,0,0,0,0,0,0,0,0,0,0,0,0,0,0,0,0,0,0,0,4,4,1,4,0,1,6,2,1,0,3,3,0,1,3,3,3,6,6,5,6,10,5,2,3,4,12,11,6,8,4,4,11,5,5,9,8,8,4,9,5,1,1,2,3,3,0,2,4,1,5,5,6,1,3,4,4,4,5,5,2,2,10,1,1,2,1,3,0,1,0,2,1,0,0,0,0,0,0,0,0,0,0,0,0,0,0,0,0,0,0,0,0,0,0,0,0,0,0,0,0,0,0
B,"BUCUREŞTI SECTORUL 6","BUCUREŞTI SECTORUL 6",179196,1119,"LICEUL TEORETIC ”EUGEN LOVINESCU”",U,1269,3,535,7,1,0,543,19,21,42,102,48,11,28,50,124,98,1,2,7,3,2,4,0,0,3,2,2,3,4,1,3,1,2,5,3,3,4,4,6,1,4,4,8,5,4,9,5,11,6,7,5,8,6,3,3,11,7,1,2,3,2,2,2,1,3,1,1,4,6,3,2,2,1,2,2,0,2,2,2,1,1,3,2,3,1,0,2,1,0,0,0,0,0,0,0,0,0,0,0,0,0,0,0,0,0,0,0,0,0,0,0,0,0,0,0,0,0,0,0,3,0,2,2,0,1,3,4,4,6,1,2,3,1,3,2,2,1,3,6,6,8,3,5,6,7,5,8,6,4,8,5,13,8,6,8,7,7,8,6,16,4,3,2,2,1,2,4,0,0,6,2,1,2,3,3,4,11,8,9,9,5,8,4,4,7,1,2,1,3,0,1,0,0,0,0,0,0,0,0,0,0,0,0,0,0,0,0,0,0,0,0,0,0,0,0,0,0,0,0,0,0,0
B,"BUCUREŞTI SECTORUL 6","BUCUREŞTI SECTORUL 6",179196,1120,"LICEUL TEORETIC ”EUGEN LOVINESCU”",U,1159,4,433,5,0,0,438,21,15,36,97,43,13,13,36,91,73,5,1,2,5,5,1,2,2,2,0,3,1,1,1,0,4,1,2,0,4,6,4,6,1,4,2,7,12,9,7,6,4,2,3,7,5,3,4,5,6,7,1,6,1,2,4,3,2,5,0,2,4,1,3,4,2,2,1,2,2,1,2,2,1,0,1,2,2,0,0,0,0,1,0,0,0,0,0,1,0,0,0,0,0,0,0,0,0,0,0,0,0,0,0,0,0,0,0,0,0,0,0,0,1,4,1,0,2,4,1,1,1,0,0,0,4,2,1,3,1,2,2,2,4,5,2,7,3,5,4,6,6,3,9,4,5,8,5,5,4,2,6,4,8,4,3,2,1,0,6,2,3,6,2,3,6,6,1,5,2,6,4,4,5,4,1,6,2,1,0,1,1,0,1,0,0,0,0,0,0,1,0,0,0,0,0,0,0,0,0,0,0,0,0,0,0,0,0,0,0,0,0,0,0,0,0
B,"BUCUREŞTI SECTORUL 6","BUCUREŞTI SECTORUL 6",179196,1121,"LICEUL TEORETIC ”EUGEN LOVINESCU”",U,1090,2,395,7,0,1,403,10,22,37,72,37,8,19,51,88,59,2,1,0,3,2,1,1,3,1,3,1,1,2,2,2,5,2,2,4,1,2,6,7,3,3,2,7,1,7,4,6,8,5,2,6,3,1,3,3,5,7,3,1,1,2,0,4,1,3,2,5,4,4,1,0,1,1,1,2,1,2,1,3,0,2,0,2,0,0,1,0,0,0,0,0,0,0,0,0,0,0,0,0,0,0,0,0,0,0,0,0,0,0,0,0,0,0,0,0,0,0,0,0,2,1,1,1,0,1,2,1,1,0,3,1,3,2,4,2,2,2,0,4,10,5,4,7,3,10,6,6,7,2,3,5,6,2,6,4,3,7,7,7,7,6,2,1,2,2,3,2,7,3,3,1,7,3,2,3,5,3,3,2,3,2,0,0,4,1,1,0,2,1,1,0,0,0,0,0,0,0,0,0,0,0,0,0,0,0,0,0,0,0,0,0,0,0,0,0,0,0,0,0,0,0,0
B,"BUCUREŞTI SECTORUL 6","BUCUREŞTI SECTORUL 6",179196,1122,"LICEUL TEORETIC ”EUGEN LOVINESCU”",U,1076,2,421,6,0,0,427,12,17,32,89,48,13,15,45,82,74,2,3,1,1,2,0,3,1,1,2,1,2,4,1,3,1,1,1,4,4,4,2,1,2,4,5,5,6,6,4,6,10,4,4,3,4,8,5,7,6,4,2,3,1,0,6,0,1,0,4,3,2,4,2,2,3,2,5,0,2,2,1,1,4,2,2,0,1,0,2,0,1,0,1,1,0,0,0,0,0,0,0,0,0,0,0,0,0,0,0,0,0,0,0,0,0,0,0,0,0,0,0,0,1,2,3,4,1,0,2,1,3,2,1,2,3,0,2,0,1,5,5,5,5,2,3,8,4,4,4,6,1,7,6,4,3,3,6,5,4,3,7,6,7,1,1,3,3,3,3,2,2,11,4,3,5,4,3,5,5,5,6,0,4,2,2,2,0,1,2,0,2,1,2,0,1,0,0,0,0,0,0,0,0,0,0,0,0,0,0,0,0,0,0,0,0,0,0,0,0,0,0,0,0,0,0
B,"BUCUREŞTI SECTORUL 6","BUCUREŞTI SECTORUL 6",179196,1123,"LICEUL TEORETIC ”EUGEN LOVINESCU”",U,803,5,280,8,1,0,289,9,10,39,60,21,8,8,30,56,48,1,2,1,0,2,1,2,0,0,2,1,0,2,0,1,2,2,5,1,3,3,3,8,6,3,3,4,3,5,3,4,3,7,4,4,4,3,4,2,6,4,3,1,0,0,0,0,0,1,0,2,1,0,0,0,0,0,2,2,0,3,2,0,3,0,2,2,0,0,0,0,1,0,0,0,0,0,0,0,0,0,0,0,0,0,0,0,0,0,0,0,0,0,0,0,0,0,0,0,0,0,0,0,3,1,1,0,1,1,1,1,0,1,1,2,0,0,2,0,1,3,3,2,1,4,5,3,6,1,2,5,2,4,5,6,2,1,2,5,1,5,4,4,6,0,0,1,1,1,1,1,0,3,5,2,2,2,2,3,2,3,6,2,4,1,2,1,2,1,1,2,0,0,0,0,0,1,0,0,0,0,0,0,0,0,0,0,0,0,0,0,0,0,0,0,0,0,0,0,0,0,0,0,0,0,0
B,"BUCUREŞTI SECTORUL 6","BUCUREŞTI SECTORUL 6",179196,1124,"ŞCOALA GIMNAZIALĂ NR.279",U,1977,5,733,5,0,0,738,26,37,61,137,76,26,34,80,151,110,5,2,3,4,2,7,3,4,1,1,2,5,5,4,6,2,7,5,5,6,7,11,6,6,3,9,3,12,7,9,14,8,11,11,9,9,5,5,5,9,8,3,4,3,1,3,1,4,1,4,4,3,5,2,4,2,6,4,6,5,5,4,4,6,1,1,2,2,0,0,0,0,0,1,0,0,0,0,0,0,0,0,0,0,0,0,0,0,0,0,0,0,0,0,0,0,0,0,0,0,0,0,0,2,1,4,7,1,5,6,4,3,5,0,3,3,1,5,7,3,7,11,7,9,6,6,8,6,11,9,8,7,12,12,11,9,9,5,5,7,9,18,8,8,4,3,4,6,4,2,3,4,4,2,2,7,8,8,9,7,9,6,11,4,7,4,6,3,2,1,1,0,0,1,0,0,0,1,0,0,0,0,0,0,0,0,0,0,0,0,0,0,0,0,0,0,0,0,0,0,0,0,0,0,0,0
B,"BUCUREŞTI SECTORUL 6","BUCUREŞTI SECTORUL 6",179196,1125,"ŞCOALA GIMNAZIALĂ NR.279",U,2012,7,667,6,0,0,673,23,47,50,131,61,32,44,51,151,83,5,6,3,4,3,1,1,4,8,9,2,5,5,4,5,1,4,5,3,5,5,7,7,6,4,3,5,2,5,5,7,7,8,11,12,7,4,8,7,17,14,4,2,6,0,3,2,9,2,1,2,4,1,2,2,1,0,2,5,6,7,1,2,2,2,1,1,1,0,0,4,0,1,1,1,0,0,0,0,0,0,0,0,0,0,0,0,0,0,0,0,0,0,0,0,0,0,0,0,0,0,0,0,7,2,5,2,4,5,7,4,4,2,7,2,3,8,5,5,4,3,4,9,3,6,8,5,2,8,3,4,5,9,7,5,13,14,8,9,6,12,11,10,9,4,5,6,7,3,4,3,7,1,2,3,5,5,4,7,3,7,6,8,5,1,5,0,4,1,4,1,0,0,1,0,0,0,0,0,0,0,0,0,0,0,0,0,0,0,0,0,0,0,0,0,0,0,0,0,0,0,0,0,0,0,0
B,"BUCUREŞTI SECTORUL 6","BUCUREŞTI SECTORUL 6",179196,1126,"ŞCOALA GIMNAZIALĂ NR.279",U,1979,22,774,7,0,0,781,27,45,77,167,55,22,56,98,177,57,11,3,3,1,4,2,3,1,1,6,3,2,9,1,6,10,6,4,7,4,4,12,5,17,9,8,7,13,13,11,10,14,8,17,8,6,11,8,8,11,9,2,6,2,5,3,2,5,3,2,3,5,5,6,5,0,3,6,3,0,1,2,2,1,1,0,0,0,1,0,1,0,0,0,0,0,0,0,0,0,0,0,0,0,0,0,0,0,0,0,0,0,0,0,0,0,0,0,0,0,0,0,0,7,2,2,1,3,3,4,11,4,9,5,1,4,8,6,4,4,5,12,13,6,12,14,6,8,6,16,10,11,9,15,13,14,10,6,10,8,10,11,6,16,4,5,2,7,6,4,7,4,2,4,6,7,3,4,3,0,3,2,2,7,1,1,0,0,1,0,0,0,0,0,0,0,0,0,0,0,0,0,0,0,0,0,0,0,0,0,0,0,0,0,0,0,0,0,0,0,0,0,0,0,0,0
B,"BUCUREŞTI SECTORUL 6","BUCUREŞTI SECTORUL 6",179196,1127,"ŞCOALA GIMNAZIALĂ NR.279",U,1874,9,628,5,1,0,634,20,33,57,127,54,22,32,65,129,95,2,2,5,1,3,2,5,1,2,5,1,5,2,0,4,7,6,5,7,3,4,3,5,4,6,11,9,9,4,8,14,7,11,9,7,6,7,6,10,5,9,3,0,1,6,3,2,2,2,2,3,3,4,4,2,3,5,5,3,0,5,0,4,3,0,0,1,0,0,1,1,1,0,0,0,0,0,0,0,0,0,0,0,0,0,0,0,0,0,0,0,0,0,0,0,0,0,0,0,0,0,0,0,5,3,4,3,2,3,2,2,6,3,3,1,1,5,3,5,3,8,6,8,7,5,5,9,5,7,5,8,11,11,10,9,13,8,6,10,5,5,3,7,5,3,4,2,2,4,3,4,1,7,5,9,6,4,5,5,6,4,11,13,7,3,2,0,1,0,0,0,0,2,0,0,0,0,0,0,0,0,0,0,0,0,0,0,0,0,0,0,0,0,0,0,0,0,0,0,0,0,0,0,0,0,0
B,"BUCUREŞTI SECTORUL 6","BUCUREŞTI SECTORUL 6",179196,1128,"ŞCOALA GIMNAZIALĂ NR.279",U,1799,2,723,5,0,0,728,35,44,84,130,51,23,50,75,157,79,8,1,3,5,7,5,6,6,3,6,3,5,6,1,5,2,7,12,5,6,6,14,3,13,8,5,12,5,5,12,8,9,14,14,6,6,5,6,7,7,9,5,5,1,1,2,3,4,1,2,3,0,3,2,4,1,3,1,4,0,5,2,4,4,3,1,2,0,2,0,0,0,0,0,0,0,0,0,0,0,0,0,0,0,0,0,0,0,0,0,0,0,0,0,0,0,0,0,0,0,0,0,0,3,5,2,2,5,2,4,5,2,3,1,2,10,7,8,10,2,6,5,9,12,5,12,8,3,7,8,13,9,13,13,7,7,21,6,4,6,8,12,11,9,9,3,1,3,1,1,2,2,4,4,5,3,1,4,4,4,3,13,8,5,1,1,4,2,2,2,1,0,2,1,0,1,0,0,0,0,0,0,0,0,0,0,0,0,0,0,0,0,0,0,0,0,0,0,0,0,0,0,0,0,0,0
B,"BUCUREŞTI SECTORUL 6","BUCUREŞTI SECTORUL 6",179196,1129,"ŞCOALA GIMNAZIALĂ NR.279",U,1953,10,632,9,0,0,641,26,52,94,94,35,22,78,104,101,35,5,0,3,3,4,4,7,7,3,9,1,5,6,6,6,4,5,7,8,7,10,9,17,13,6,9,8,5,5,9,6,8,3,10,2,3,4,5,7,8,6,7,1,2,2,0,1,3,0,3,3,2,2,0,3,5,2,0,3,2,2,2,1,0,0,0,1,1,0,0,0,0,0,0,0,0,0,0,0,0,0,0,0,0,0,0,0,0,0,0,0,0,0,0,0,0,0,0,0,0,0,0,0,7,2,5,3,3,1,1,3,5,5,12,9,11,12,7,9,5,10,6,11,10,19,11,6,8,16,7,7,5,8,6,2,9,10,5,7,5,8,4,9,6,1,2,0,2,3,2,2,1,4,1,3,5,3,5,1,1,1,2,2,2,1,1,0,0,0,0,0,0,0,0,0,0,0,0,0,0,0,0,0,0,0,0,0,0,0,0,0,0,0,0,0,0,0,0,0,0,0,0,0,0,0,0
B,"BUCUREŞTI SECTORUL 6","BUCUREŞTI SECTORUL 6",179196,1130,"ŞCOALA GIMNAZIALĂ NR.279",U,1935,29,674,9,0,0,683,18,38,105,105,39,18,69,112,124,55,4,4,4,3,1,0,2,2,1,1,3,5,4,2,7,5,8,14,17,13,11,11,7,5,6,5,16,13,11,10,7,7,6,3,5,5,7,4,6,8,4,0,1,0,2,3,3,5,3,1,2,3,5,2,1,2,3,1,3,5,1,0,0,1,1,0,0,0,0,0,0,0,0,0,0,0,0,0,0,0,0,0,0,0,0,0,0,0,0,0,0,0,0,0,0,0,0,0,0,0,0,0,0,5,2,2,2,4,1,2,3,5,5,2,7,6,11,11,6,13,12,9,11,12,10,7,9,18,7,17,10,15,14,14,6,6,9,4,5,9,4,4,5,8,1,2,1,3,1,3,2,2,6,5,4,3,3,6,2,7,1,3,2,2,2,1,1,2,0,1,0,0,0,0,0,0,0,0,0,0,0,0,0,0,0,0,0,0,0,0,0,0,0,0,0,0,0,0,0,0,0,0,0,0,0,0
B,"BUCUREŞTI SECTORUL 6","BUCUREŞTI SECTORUL 6",179196,1131,"ŞCOALA GIMNAZIALĂ SPECIALĂ ”CONSTANTIN PĂUNESCU”",U,1567,3,559,8,0,0,567,18,29,26,126,61,20,24,47,120,96,3,3,3,4,1,1,3,3,1,3,0,4,3,1,5,5,4,1,1,4,0,6,4,5,3,1,1,4,8,11,9,6,13,10,7,8,8,7,8,7,7,2,3,2,3,2,1,3,1,3,6,4,1,2,1,3,4,2,4,2,2,6,5,2,1,3,3,0,1,1,0,1,0,0,0,0,0,0,0,0,0,0,0,0,0,0,0,0,0,0,0,0,0,0,0,0,0,0,0,0,0,0,0,4,3,1,5,2,2,3,0,3,1,3,1,3,4,2,4,3,6,4,4,3,4,4,6,5,3,8,9,6,7,10,10,11,10,5,8,10,3,5,6,7,4,0,5,3,0,1,3,4,5,4,4,4,8,5,8,6,5,16,4,2,4,5,2,4,1,2,0,0,0,0,0,0,0,0,0,0,0,0,0,0,0,0,0,0,0,0,0,0,0,0,0,0,0,0,0,0,0,0,0,0,0,0
B,"BUCUREŞTI SECTORUL 6","BUCUREŞTI SECTORUL 6",179196,1132,"ŞCOALA GIMNAZIALĂ SPECIALĂ ”CONSTANTIN PĂUNESCU”",U,1417,2,554,13,0,0,567,17,43,54,115,50,14,27,48,111,88,3,1,2,3,4,3,1,4,2,3,3,7,3,5,4,7,5,7,1,7,8,3,6,6,5,6,5,7,6,5,7,7,8,9,7,10,8,7,4,13,5,5,1,0,2,3,1,2,1,1,2,4,4,1,2,2,1,5,2,9,3,2,1,2,0,2,2,1,1,0,0,0,0,0,0,0,0,0,0,0,0,0,0,0,0,0,0,0,0,0,0,0,0,0,0,0,0,0,0,0,0,0,0,1,2,2,3,1,3,2,1,1,3,2,5,2,2,5,3,3,5,6,9,4,3,3,5,4,6,3,6,7,9,8,10,8,3,3,11,2,2,9,8,3,7,1,3,4,3,4,2,6,3,3,4,4,7,3,10,9,6,6,4,2,6,1,3,0,1,1,1,1,4,0,0,1,0,0,0,0,0,0,0,0,0,0,0,0,0,0,0,0,0,0,0,0,0,0,0,0,0,0,0,0,0,0
B,"BUCUREŞTI SECTORUL 6","BUCUREŞTI SECTORUL 6",179196,1133,"ŞCOALA GIMNAZIALĂ SPECIALĂ PENTRU DEFICIENŢI DE AUZ ”SF. MARIA”",U,1788,6,653,8,0,0,661,22,40,61,110,66,16,43,80,119,104,4,3,4,3,2,4,2,6,1,4,5,2,6,4,1,3,8,4,10,5,4,5,9,7,4,8,5,10,9,6,4,6,14,9,9,3,5,7,5,5,7,0,4,4,0,1,2,1,1,1,3,2,2,1,4,4,5,4,3,9,7,5,3,0,1,2,2,0,2,2,0,1,0,0,1,0,0,0,0,0,0,0,0,0,0,0,0,0,0,0,0,0,0,0,0,0,0,0,0,0,0,0,0,0,1,0,6,6,2,1,4,1,2,3,5,10,2,6,6,4,8,8,9,6,10,8,1,12,7,11,8,9,5,9,8,9,8,8,6,6,6,8,5,8,3,1,3,4,3,2,2,2,2,2,2,9,9,5,8,11,14,12,4,9,1,6,1,1,1,1,1,0,1,0,0,0,0,0,0,0,0,0,0,0,0,0,0,0,0,0,0,0,0,0,0,0,0,0,0,0,0,0,0,0,0,0
B,"BUCUREŞTI SECTORUL 6","BUCUREŞTI SECTORUL 6",179196,1134,"ŞCOALA GIMNAZIALĂ SPECIALĂ PENTRU DEFICIENŢI DE AUZ ”SF. MARIA”",U,1719,38,751,12,0,0,763,22,79,86,116,47,20,103,97,130,63,6,0,6,4,1,4,1,2,8,3,6,10,3,13,13,9,12,9,7,11,11,7,12,10,4,8,7,11,4,8,9,9,9,12,4,5,4,8,10,6,6,3,1,2,1,0,4,3,2,3,2,3,3,4,3,2,2,4,1,4,3,2,1,1,0,1,0,1,2,0,0,0,0,0,0,0,0,0,0,0,0,0,0,0,0,0,0,0,0,0,0,0,0,0,0,0,0,0,0,0,0,0,0,1,3,4,3,3,3,3,6,7,7,9,15,13,15,13,8,10,8,11,14,6,13,10,9,10,8,8,10,15,9,9,5,10,12,10,7,7,2,5,6,9,5,1,1,4,1,2,3,3,6,7,2,2,3,1,6,3,8,0,3,4,4,1,1,1,3,0,0,0,0,1,1,0,0,0,0,0,0,0,0,0,0,0,0,0,0,0,0,0,0,0,0,0,0,0,0,0,0,0,0,0,0,0
B,"BUCUREŞTI SECTORUL 6","BUCUREŞTI SECTORUL 6",179196,1135,"ŞCOALA GIMNAZIALĂ ”SF. ANDREI”",U,1925,5,760,9,0,0,769,41,45,57,171,52,33,42,64,192,72,8,7,6,5,5,7,3,4,5,5,3,2,7,3,3,6,7,3,5,4,7,5,5,3,6,9,10,15,15,12,18,9,16,18,7,7,5,6,8,9,6,6,1,2,5,4,2,3,2,2,5,4,4,3,5,5,7,0,2,3,2,1,0,0,0,2,1,1,0,0,0,0,0,0,0,0,0,0,0,0,0,0,0,0,0,0,0,0,0,0,0,0,0,0,0,0,0,0,0,0,0,0,0,6,8,3,5,4,1,6,2,4,3,4,2,4,7,4,6,6,4,2,4,8,6,10,7,5,9,9,9,16,15,12,14,17,17,10,12,10,7,5,11,9,4,2,7,7,6,2,1,1,9,4,10,7,4,4,9,4,3,6,0,1,2,1,1,2,1,2,0,0,0,0,0,0,0,0,0,0,0,0,0,0,0,0,0,0,0,0,0,0,0,0,0,0,0,0,0,0,0,0,0,0,0,0
B,"BUCUREŞTI SECTORUL 6","BUCUREŞTI SECTORUL 6",179196,1136,"ŞCOALA GIMNAZIALĂ ”SF. ANDREI”",U,1460,2,454,12,0,0,466,11,28,36,91,42,20,24,34,113,67,1,3,0,2,2,2,1,3,1,5,2,3,2,3,0,2,7,4,2,2,3,4,4,4,3,4,6,5,5,5,6,11,4,9,10,6,1,1,4,7,7,2,2,2,2,0,2,1,1,1,3,1,4,0,1,1,2,1,7,7,3,2,1,1,1,1,0,3,0,0,0,0,0,0,0,0,0,0,0,0,0,0,0,0,0,0,0,0,0,0,0,0,0,0,0,0,0,0,0,0,0,0,0,4,5,2,0,1,2,6,3,4,3,1,2,2,2,1,1,5,4,1,3,1,3,5,4,6,5,2,3,7,9,5,10,8,7,9,4,6,6,13,5,6,6,2,3,3,0,1,0,2,2,3,4,1,3,5,5,6,6,9,2,6,5,1,1,1,0,0,1,1,2,1,0,0,0,0,0,0,0,0,0,0,0,0,0,0,0,0,0,0,0,0,0,0,0,0,0,0,0,0,0,0,0,0
B,"BUCUREŞTI SECTORUL 6","BUCUREŞTI SECTORUL 6",179196,1137,"ŞCOALA GIMNAZIALĂ ”SF. ANDREI”",U,1327,2,535,5,0,0,540,14,17,30,108,64,21,17,45,117,107,3,2,3,2,1,0,3,1,5,1,1,2,2,0,3,2,0,3,5,3,4,4,1,3,5,1,1,5,5,6,5,6,7,10,10,5,5,8,3,9,8,2,3,4,2,4,1,0,3,0,1,2,3,3,0,4,2,3,8,10,1,3,6,2,2,4,1,2,2,0,0,1,0,0,1,0,0,0,0,0,0,0,0,0,0,0,0,0,0,0,0,0,0,0,0,0,0,0,0,0,0,0,0,1,2,3,7,3,2,3,0,4,1,1,1,2,3,4,0,1,5,4,6,5,5,6,6,2,4,2,6,5,9,10,5,10,13,6,5,9,6,5,8,7,3,1,3,3,1,2,1,2,1,2,3,2,7,6,13,6,12,17,5,9,7,7,1,1,0,0,2,0,2,0,0,0,0,0,1,0,0,0,0,0,0,0,0,0,0,0,0,0,0,0,0,0,0,0,0,0,0,0,0,0,0,0
B,"BUCUREŞTI SECTORUL 6","BUCUREŞTI SECTORUL 6",179196,1138,"ŞCOALA GIMNAZIALĂ ”SF. ANDREI”",U,1448,6,553,4,0,0,557,18,26,35,128,46,16,24,35,141,88,6,3,3,1,2,1,2,3,3,6,3,3,0,2,2,1,3,4,0,6,4,4,3,7,3,1,3,4,9,9,2,9,12,10,7,3,2,9,10,14,13,2,3,4,3,2,1,3,2,1,4,2,1,3,2,1,4,3,5,4,1,3,2,2,1,0,1,0,1,0,0,0,0,0,0,0,0,0,0,0,0,0,0,0,0,0,0,0,0,0,0,0,0,0,0,0,0,0,0,0,0,0,0,3,2,2,4,3,1,1,2,3,4,0,1,2,1,5,2,4,3,5,1,6,1,5,4,5,1,4,10,9,3,6,10,13,13,5,7,7,6,14,10,14,1,3,2,1,3,4,4,4,2,5,4,9,7,1,7,8,8,6,4,5,4,2,1,1,0,1,2,0,1,1,1,0,0,0,0,0,0,0,0,0,0,0,0,0,0,0,0,0,0,0,0,0,0,0,0,0,0,0,0,0,0,0
B,"BUCUREŞTI SECTORUL 6","BUCUREŞTI SECTORUL 6",179196,1139,"ŞCOALA GIMNAZIALĂ ”SF. ANDREI”",U,1741,13,693,6,0,0,699,34,32,54,163,55,25,26,56,176,78,8,5,4,8,3,5,1,4,5,4,3,4,2,2,5,0,3,3,0,7,5,3,6,8,5,7,10,13,21,18,13,13,18,16,8,10,5,4,4,6,7,2,1,0,1,0,3,2,0,2,3,2,0,4,1,3,2,2,8,4,3,6,3,2,1,2,1,1,0,2,0,0,0,0,0,1,0,0,0,0,0,0,0,0,0,0,0,0,0,0,0,0,0,0,0,0,0,0,0,0,0,0,0,3,2,4,4,3,3,6,4,2,3,4,1,2,1,4,1,4,2,2,4,4,4,3,7,2,10,18,6,26,13,20,17,18,15,13,10,9,6,4,3,5,1,1,4,1,3,1,4,3,0,3,3,4,1,5,4,5,9,7,8,9,1,2,2,3,0,1,2,0,1,0,0,0,0,0,1,0,0,0,0,0,0,0,0,0,0,0,0,0,0,0,0,0,0,0,0,0,0,0,0,0,0,0
B,"BUCUREŞTI SECTORUL 6","BUCUREŞTI SECTORUL 6",179196,1140,"ŞCOALA GIMNAZIALĂ ”SF. ANDREI”",U,1350,7,494,5,0,1,500,12,32,43,102,38,11,36,54,109,63,2,0,2,2,3,3,0,3,1,5,2,1,0,8,5,5,2,5,4,3,4,3,6,3,5,5,5,2,6,4,3,9,2,9,4,6,7,8,8,7,9,4,2,3,3,4,2,6,2,0,3,2,0,3,2,2,2,2,2,2,1,1,1,1,3,1,2,0,0,0,0,0,0,0,0,0,0,0,0,0,0,0,0,0,0,0,0,0,0,0,0,0,0,0,0,0,0,0,0,0,0,0,0,4,2,1,1,0,3,0,5,1,5,3,3,4,2,4,3,6,7,7,7,5,6,4,2,6,6,4,3,3,5,6,6,6,7,8,4,5,12,8,11,6,2,5,3,2,5,2,4,1,4,3,3,3,1,4,4,3,9,3,3,4,4,2,1,1,1,0,1,1,2,1,0,0,0,0,0,0,0,0,0,0,0,0,0,0,0,0,0,0,0,0,0,0,0,0,0,0,0,0,0,0,0,0
B,"BUCUREŞTI SECTORUL 6","BUCUREŞTI SECTORUL 6",179196,1141,"ŞCOALA GIMNAZIALĂ ”SF. ANDREI”",U,1341,1,565,9,0,0,574,20,19,42,114,64,11,22,50,125,107,1,4,1,5,3,3,3,2,0,2,2,1,3,3,1,3,2,2,5,8,5,4,5,4,7,0,2,6,9,9,9,8,8,8,7,4,6,10,7,7,5,3,3,1,1,3,0,2,1,1,3,1,0,4,3,2,3,4,5,4,1,5,1,3,5,4,2,1,3,1,2,2,0,0,0,1,0,0,0,0,0,0,0,0,0,0,0,0,0,0,0,0,0,0,0,0,0,0,0,0,0,0,0,2,0,2,1,2,1,3,2,3,4,2,3,1,2,2,2,1,6,3,7,3,7,4,4,2,3,11,9,6,10,3,4,7,16,10,7,8,11,6,6,6,0,2,6,5,0,3,2,2,5,6,3,5,6,7,5,12,7,5,7,2,9,4,4,4,7,2,2,0,1,0,0,0,0,0,0,0,0,0,0,0,0,0,0,0,0,0,0,0,0,0,0,0,0,0,0,0,0,0,0,0,0,0
B,"BUCUREŞTI SECTORUL 6","BUCUREŞTI SECTORUL 6",179196,1142,"ŞCOALA GIMNAZIALĂ ”SF. ANDREI”",U,1872,5,745,6,0,0,751,39,22,55,177,63,28,31,71,168,97,12,9,5,8,1,3,1,5,2,0,2,2,2,4,2,2,1,3,2,3,3,5,6,6,7,11,9,16,12,19,12,19,21,18,9,10,7,5,7,2,6,2,4,1,3,2,2,0,0,1,2,0,3,4,4,4,3,7,5,8,1,3,3,8,1,0,2,1,2,1,0,0,0,0,0,0,0,0,0,0,0,0,0,0,0,0,0,0,0,0,0,0,0,0,0,0,0,0,0,0,0,0,0,11,6,4,2,1,1,3,3,6,3,4,3,4,3,4,1,0,7,4,6,5,6,6,10,7,5,15,17,22,17,18,25,20,11,7,4,7,2,4,4,2,2,0,3,0,1,2,1,3,3,4,1,7,9,5,14,9,7,9,7,3,3,2,1,2,2,0,1,0,2,0,0,1,1,0,0,0,0,0,0,0,0,0,0,0,0,0,0,0,0,0,0,0,0,0,0,0,0,0,0,0,0,0
B,"BUCUREŞTI SECTORUL 6","BUCUREŞTI SECTORUL 6",179196,1143,"ŞCOALA GIMNAZIALĂ ”SF. ANDREI”",U,1976,5,790,8,0,0,798,42,18,45,250,22,54,20,63,249,35,9,5,7,6,10,3,2,8,2,5,0,0,1,1,1,0,0,4,2,2,3,3,4,5,6,11,5,17,22,26,28,27,26,22,13,10,13,8,11,8,12,2,0,1,1,1,2,1,1,1,3,2,1,2,2,3,0,0,2,1,0,2,0,1,0,0,0,0,0,0,0,0,0,0,0,0,0,0,0,0,0,0,0,0,0,0,0,0,0,0,0,0,0,0,0,0,0,0,0,0,0,0,0,14,4,13,5,10,5,3,5,4,4,1,1,2,1,0,0,2,2,5,4,2,1,5,7,8,10,19,26,30,24,26,25,30,28,9,9,14,4,8,4,4,0,2,3,1,0,2,2,3,2,4,1,1,2,5,1,6,1,5,1,0,0,0,0,0,0,0,0,0,0,1,0,0,0,0,0,0,0,0,0,0,0,0,0,0,0,0,0,0,0,0,0,0,0,0,0,0,0,0,0,0,0,0
B,"BUCUREŞTI SECTORUL 6","BUCUREŞTI SECTORUL 6",179196,1144,"ŞCOALA GIMNAZIALĂ ”SF. ANDREI”",U,2021,36,884,10,0,0,894,18,128,154,99,17,18,164,159,103,34,4,3,2,2,3,2,2,1,7,8,10,10,15,17,17,21,22,14,19,17,12,13,17,14,18,18,12,15,11,11,8,6,6,7,3,7,3,0,4,3,6,1,4,0,1,1,2,2,1,2,0,0,1,2,1,3,1,1,0,1,1,0,0,0,0,0,0,0,0,0,0,1,0,0,0,0,0,0,0,0,0,0,0,0,0,0,0,0,0,0,0,0,0,0,0,0,0,0,0,0,0,0,0,3,1,3,2,2,3,4,4,10,11,19,21,23,19,17,22,18,15,18,22,17,16,18,14,12,13,14,10,13,9,14,6,6,7,4,2,1,1,7,6,6,2,3,0,3,3,0,1,4,4,2,3,2,2,1,2,4,3,1,0,0,2,0,0,1,1,1,0,0,0,0,0,0,0,0,0,0,0,0,0,0,0,0,0,0,0,0,0,0,0,0,0,0,0,0,0,0,0,0,0,0,0,0
B,"BUCUREŞTI SECTORUL 6","BUCUREŞTI SECTORUL 6",179196,1145,"ŞCOALA GIMNAZIALĂ NR.206",U,1208,3,451,8,0,0,459,14,24,43,69,61,11,28,39,77,93,4,0,3,2,3,2,0,0,1,6,4,1,2,2,5,1,2,1,6,5,6,4,8,5,3,1,4,3,3,3,7,6,8,0,7,0,2,4,7,5,4,3,3,2,1,0,1,4,2,2,3,4,5,2,5,4,2,6,6,3,5,3,0,3,0,0,0,1,1,0,0,0,0,0,0,0,0,0,0,0,0,0,0,0,0,0,0,0,0,0,0,0,0,0,0,0,0,0,0,0,0,0,0,1,4,1,1,3,1,0,4,3,2,0,3,2,4,3,4,3,2,4,1,7,3,6,5,4,2,5,5,7,3,6,2,3,6,5,5,3,3,3,6,5,3,3,2,3,1,3,2,3,4,6,3,7,9,8,9,10,4,10,6,1,3,0,1,2,1,1,0,2,1,0,0,0,0,0,0,0,0,0,0,0,0,0,0,0,0,0,0,0,0,0,0,0,0,0,0,0,0,0,0,0,0,0
B,"BUCUREŞTI SECTORUL 6","BUCUREŞTI SECTORUL 6",179196,1146,"ŞCOALA GIMNAZIALĂ NR.206",U,1314,3,456,6,0,0,462,16,22,36,103,36,13,33,39,96,68,3,2,4,2,2,1,2,2,0,1,4,3,1,4,2,2,3,2,3,3,6,4,1,5,5,4,3,4,7,6,11,6,5,11,7,11,4,3,6,2,10,1,2,1,3,1,2,2,0,1,1,1,0,3,3,2,3,2,2,3,1,3,1,3,1,2,1,0,0,0,0,1,0,0,0,0,0,0,0,0,0,0,0,0,0,0,0,0,0,0,0,0,0,0,0,0,0,0,0,0,0,0,0,3,1,2,5,0,2,0,1,3,3,1,1,4,5,3,6,6,2,3,5,1,1,5,2,4,10,6,4,6,10,5,6,6,6,6,5,5,7,5,6,9,3,1,4,0,0,2,2,3,1,4,2,4,7,9,4,8,4,4,4,0,4,2,2,1,1,1,1,0,0,0,0,0,0,0,0,0,0,0,0,0,0,0,0,0,0,0,0,0,0,0,0,0,0,0,0,0,0,0,0,0,0,0
B,"BUCUREŞTI SECTORUL 6","BUCUREŞTI SECTORUL 6",179196,1147,"ŞCOALA GIMNAZIALĂ NR.206",U,1344,3,424,7,0,0,431,26,20,38,78,45,13,21,40,84,66,5,5,4,2,3,3,4,2,1,1,1,4,1,1,6,1,2,2,2,4,4,4,6,4,4,6,2,6,4,7,6,7,5,6,4,2,2,5,5,3,7,1,1,2,2,1,2,3,1,1,2,1,3,1,4,3,2,3,3,4,2,2,2,1,1,3,0,0,1,0,0,1,1,0,0,0,0,0,0,0,0,0,0,0,0,0,0,0,0,0,0,0,0,0,0,0,0,0,0,0,0,0,0,2,1,3,2,2,1,2,1,1,5,3,4,0,4,1,1,1,3,2,2,5,5,7,5,3,5,3,5,7,5,5,6,2,6,4,5,7,2,11,8,4,0,0,2,3,1,1,4,3,5,2,3,2,2,5,6,3,4,6,7,6,5,0,1,1,1,0,0,0,0,0,0,0,0,0,0,0,0,0,0,0,0,0,0,0,0,0,0,0,0,0,0,0,0,0,0,0,0,0,0,0,0,0
B,"BUCUREŞTI SECTORUL 6","BUCUREŞTI SECTORUL 6",179196,1148,"ŞCOALA GIMNAZIALĂ NR.206",U,1188,5,491,7,0,1,499,17,23,38,99,57,15,23,43,87,97,6,3,1,1,4,1,1,2,1,2,4,1,4,1,1,2,5,3,2,5,4,3,3,4,5,3,6,9,1,7,6,14,9,14,6,7,4,3,1,6,2,1,4,3,0,1,1,3,1,2,2,2,3,2,1,1,3,3,4,5,7,4,7,1,1,1,1,0,1,0,0,0,2,0,0,0,0,0,0,0,0,0,0,0,0,0,0,0,0,0,0,0,0,0,0,0,0,0,0,0,0,0,0,3,5,4,1,0,1,1,3,2,2,2,0,3,4,2,4,1,3,6,7,3,5,4,4,3,2,6,6,4,7,5,7,7,6,3,5,1,5,6,7,5,4,0,0,3,4,2,2,2,4,3,1,3,1,5,6,6,8,13,13,9,3,4,1,2,3,2,0,2,1,1,0,0,2,0,0,0,0,0,0,0,0,0,0,0,0,0,0,0,0,0,0,0,0,0,0,0,0,0,0,0,0,0
B,"BUCUREŞTI SECTORUL 6","BUCUREŞTI SECTORUL 6",179196,1149,"ŞCOALA GIMNAZIALĂ NR.206",U,1395,5,463,9,0,0,472,18,21,41,90,36,22,28,40,90,86,3,5,2,2,3,2,1,3,1,0,3,1,4,3,3,1,2,4,0,7,9,6,4,3,3,1,4,8,7,9,11,6,3,8,3,4,2,3,8,6,2,2,4,2,2,0,0,4,0,3,1,1,0,1,2,3,3,3,4,3,1,1,1,1,0,1,1,1,0,0,0,0,0,0,0,1,0,0,0,0,0,0,0,0,0,0,0,0,0,0,0,0,0,0,0,0,0,0,0,0,0,0,0,6,2,2,2,2,5,3,5,0,6,3,2,1,3,1,5,2,4,3,4,4,6,3,3,4,4,5,6,2,9,7,8,4,4,5,9,5,4,4,2,6,4,2,1,1,5,2,1,4,3,5,4,2,6,6,7,5,8,5,7,4,2,4,4,1,0,3,3,1,1,0,0,0,0,0,0,0,0,0,0,0,0,0,0,0,0,0,0,0,0,0,0,0,0,0,0,0,0,0,0,0,0,0
B,"BUCUREŞTI SECTORUL 6","BUCUREŞTI SECTORUL 6",179196,1150,"ŞCOALA GIMNAZIALĂ NR.206",U,1373,4,524,8,0,0,532,23,26,50,102,56,14,25,50,96,90,5,2,4,1,3,4,4,1,1,2,0,6,2,4,3,5,2,1,3,8,7,3,4,3,8,6,7,7,5,3,11,5,7,6,3,4,8,3,6,11,7,6,1,1,4,1,3,0,0,1,5,1,4,3,2,5,1,4,2,4,9,5,3,1,1,0,2,1,0,0,2,0,0,0,0,0,0,0,0,0,0,0,0,0,0,0,0,0,0,0,0,0,0,0,0,0,0,0,0,0,0,0,0,2,6,1,2,1,0,2,2,2,2,1,3,2,3,3,4,3,2,5,3,3,4,12,6,6,5,4,3,7,9,5,8,11,5,4,3,1,7,7,7,9,2,2,1,3,2,0,1,4,5,2,6,3,5,4,7,4,13,8,7,4,7,5,0,0,0,1,0,1,1,2,0,0,0,0,0,0,0,0,0,0,0,0,0,0,0,0,0,0,0,0,0,0,0,0,0,0,0,0,0,0,0,0
B,"BUCUREŞTI SECTORUL 6","BUCUREŞTI SECTORUL 6",179196,1151,"ŞCOALA GIMNAZIALĂ ”SF. CONSTANTIN ŞI ELENA”",U,1165,9,384,10,0,0,394,11,17,39,69,39,13,22,32,74,78,2,3,2,2,1,0,1,1,1,2,0,3,2,1,1,4,2,4,5,6,5,3,3,4,0,3,6,5,3,6,8,4,7,5,1,0,5,3,5,5,5,0,1,2,1,1,2,0,3,3,0,0,1,4,0,4,3,5,2,3,3,1,4,0,0,0,1,1,0,0,1,0,0,0,0,0,0,0,0,0,0,0,0,0,0,0,0,0,0,0,0,0,0,0,0,0,0,0,0,0,0,0,0,3,2,1,3,3,1,0,0,4,0,3,4,2,2,1,1,5,6,6,4,0,2,4,1,3,3,3,5,5,8,4,3,8,6,4,2,6,3,3,3,4,0,3,2,2,2,1,3,3,5,3,2,7,9,9,6,7,4,7,3,2,2,0,2,1,0,0,0,2,0,1,0,0,0,0,0,0,0,0,0,0,0,0,0,0,0,0,0,0,0,0,0,0,0,0,0,0,0,0,0,0,0,0
B,"BUCUREŞTI SECTORUL 6","BUCUREŞTI SECTORUL 6",179196,1152,"ŞCOALA GIMNAZIALĂ ”SF. CONSTANTIN ŞI ELENA”",U,1380,1,466,5,0,0,471,15,21,41,91,52,15,29,38,96,73,3,1,1,3,1,2,4,1,2,2,4,0,0,3,1,6,2,6,6,3,2,1,5,7,2,3,6,4,7,9,6,5,11,8,5,4,4,5,2,5,7,2,3,0,0,2,2,2,2,1,3,2,1,3,3,3,4,2,7,3,6,5,1,1,2,1,0,0,0,0,0,0,0,0,0,0,0,0,0,0,0,0,0,0,0,0,0,0,0,0,0,0,0,0,0,0,0,0,0,0,0,0,0,6,2,2,2,1,1,1,2,3,1,3,2,1,3,4,2,8,3,3,4,4,5,5,4,5,0,5,3,7,7,10,6,6,5,4,5,3,6,7,3,6,0,4,1,3,4,6,2,1,3,10,9,3,3,2,3,5,8,10,1,3,3,0,0,0,2,2,0,1,0,1,0,1,0,0,0,0,0,0,0,0,0,0,0,0,0,0,0,0,0,0,0,0,0,0,0,0,0,0,0,0,0,0
B,"BUCUREŞTI SECTORUL 6","BUCUREŞTI SECTORUL 6",179196,1153,"ŞCOALA GIMNAZIALĂ ”SF. CONSTANTIN ŞI ELENA”",U,1299,7,506,6,0,0,512,22,31,42,92,58,9,22,44,98,94,7,2,4,4,2,1,2,3,3,4,2,3,1,2,2,6,5,6,1,2,4,3,2,6,5,6,7,5,3,3,2,9,9,11,10,3,0,8,5,4,5,0,3,5,3,1,3,3,1,1,1,4,0,4,6,1,2,5,6,5,4,4,2,4,2,1,0,1,0,1,0,0,0,0,0,0,0,0,0,0,0,0,0,0,0,0,0,0,0,0,0,0,0,0,0,0,0,0,0,0,0,0,0,1,2,2,1,2,1,0,3,5,2,0,2,2,2,4,1,1,1,2,6,7,3,3,6,6,5,5,3,3,5,9,5,12,8,3,7,4,6,7,5,7,4,1,3,3,2,1,0,2,3,3,3,12,6,9,6,7,10,10,3,5,4,4,0,2,1,2,1,0,0,1,0,0,0,0,0,0,0,0,0,0,0,0,0,0,0,0,0,0,0,0,0,0,0,0,0,0,0,0,0,0,0,0
B,"BUCUREŞTI SECTORUL 6","BUCUREŞTI SECTORUL 6",179196,1154,"ŞCOALA GIMNAZIALĂ ”SF. CONSTANTIN ŞI ELENA”",U,1173,6,533,7,0,0,540,5,17,48,90,82,16,13,57,86,126,1,0,1,0,0,2,1,0,1,3,2,0,2,3,0,3,3,4,3,4,8,3,6,5,2,3,10,5,15,9,2,6,4,5,7,4,3,3,1,6,5,1,4,4,2,2,2,1,0,3,2,5,10,9,9,13,3,6,4,4,2,6,2,0,1,1,0,0,0,0,0,0,0,1,0,0,0,0,0,0,0,0,0,0,0,0,0,0,0,0,0,0,0,0,0,0,0,0,0,0,0,0,0,1,4,2,2,1,4,2,2,1,1,1,0,1,2,1,3,1,7,8,7,1,6,8,2,7,5,6,3,7,8,7,3,9,8,3,6,3,2,1,4,9,1,4,3,2,2,1,2,5,9,6,6,12,14,14,10,10,5,11,5,4,2,1,2,4,1,0,1,0,1,0,0,0,0,1,0,0,0,0,0,0,0,0,0,0,0,0,0,0,0,0,0,0,0,0,0,0,0,0,0,0,0,0
B,"BUCUREŞTI SECTORUL 6","BUCUREŞTI SECTORUL 6",179196,1155,"ŞCOALA GIMNAZIALĂ ”SF. CONSTANTIN ŞI ELENA”",U,1418,3,555,10,0,0,565,13,26,58,98,50,15,27,62,115,101,3,3,0,3,1,3,0,6,1,4,2,0,1,2,4,4,2,6,5,7,6,4,4,10,5,4,7,9,6,7,7,9,7,6,2,6,4,9,1,5,6,1,2,5,0,3,3,1,3,1,1,2,1,1,1,9,5,3,7,2,4,2,2,1,0,1,0,0,1,2,0,0,0,0,0,0,0,0,0,0,0,0,0,0,0,0,0,0,0,0,0,0,0,0,0,0,0,0,0,0,0,0,0,4,2,3,0,3,0,3,1,2,2,3,4,1,5,2,4,3,6,7,7,7,6,7,10,2,4,6,5,7,7,12,8,9,7,10,3,1,4,9,8,6,2,2,2,4,5,4,4,2,4,5,8,8,4,7,8,6,13,7,4,6,4,4,4,1,1,0,0,0,0,0,0,1,0,0,0,0,0,0,0,0,0,0,0,0,0,0,0,0,0,0,0,0,0,0,0,0,0,0,0,0,0,0
B,"BUCUREŞTI SECTORUL 6","BUCUREŞTI SECTORUL 6",179196,1156,"ŞCOALA GIMNAZIALĂ ”SF. CONSTANTIN ŞI ELENA”",U,1030,22,328,9,0,0,337,13,33,31,59,25,13,31,38,66,28,2,3,2,1,2,1,2,4,1,4,2,2,2,2,8,1,7,2,3,3,4,4,6,4,0,3,2,4,3,2,4,2,5,2,4,0,3,7,5,2,3,4,1,3,2,2,1,1,5,3,2,2,1,1,0,3,2,1,0,1,1,1,0,0,0,0,1,0,0,0,0,0,0,0,0,0,0,0,0,0,0,0,0,0,0,0,0,0,0,0,0,0,0,0,0,0,0,0,0,0,0,0,0,5,1,1,2,0,2,2,4,2,1,1,3,5,4,4,4,3,5,5,4,5,3,5,3,2,3,3,0,2,4,4,3,7,2,3,5,6,3,4,5,6,2,1,6,0,2,1,3,5,3,2,1,2,0,3,1,2,1,2,0,2,0,0,0,0,0,0,0,0,1,0,0,0,0,0,0,0,0,0,0,0,0,0,0,0,0,0,0,0,0,0,0,0,0,0,0,0,0,0,0,0,0,0
B,"BUCUREŞTI SECTORUL 6","BUCUREŞTI SECTORUL 6",179196,1157,"SCOALA GIMNAZIALA SFINTII CONSTANTIN SI ELENA",U,1888,17,726,13,1,0,740,21,110,111,98,19,11,127,108,101,34,2,3,1,2,2,2,9,4,3,8,10,13,15,15,13,10,19,16,21,13,15,11,7,8,9,5,6,9,4,6,5,5,2,4,8,4,4,4,4,14,3,3,2,1,9,2,5,2,3,1,1,3,3,1,0,1,1,0,1,1,0,0,0,0,0,0,1,0,0,0,0,0,0,0,0,0,0,0,0,0,0,0,0,0,0,0,0,0,0,0,0,0,0,0,0,0,0,0,0,0,0,0,0,0,1,2,2,1,2,3,7,5,9,7,17,13,21,20,15,13,16,13,26,10,5,6,8,10,10,4,6,4,7,3,6,4,4,5,4,8,3,5,6,15,1,4,5,6,4,1,3,2,3,4,3,2,1,0,3,1,1,1,1,1,1,1,2,0,0,2,2,0,0,0,0,0,0,0,0,0,0,0,0,0,0,0,0,0,0,0,0,0,0,0,0,0,0,0,0,0,0,0,0,0,0,0
B,"BUCUREŞTI SECTORUL 6","BUCUREŞTI SECTORUL 6",179196,1158,"ŞCOALA GIMNAZIALĂ NR.309",U,1391,1,472,9,0,0,481,13,28,49,80,58,9,25,46,76,97,4,2,2,2,1,2,0,2,5,1,3,1,5,3,3,2,3,5,5,5,5,8,5,3,3,4,6,6,9,5,9,7,9,1,5,0,5,5,2,2,1,2,2,4,3,2,1,1,1,3,3,3,3,8,5,10,4,4,4,0,4,2,2,0,0,0,0,0,0,1,0,0,0,0,0,0,0,0,0,0,0,0,0,0,0,0,0,0,0,0,0,0,0,0,0,0,0,0,0,0,0,0,0,2,3,1,1,1,0,1,1,4,2,2,1,2,1,4,5,3,6,3,7,8,2,4,2,4,5,5,6,7,5,9,4,7,2,3,3,6,4,5,5,0,6,0,1,2,1,0,4,3,4,6,6,17,18,8,7,5,7,5,0,2,1,0,3,0,0,0,1,0,0,0,0,0,0,0,0,0,0,0,0,0,0,0,0,0,0,0,0,0,0,0,0,0,0,0,0,0,0,0,0,0,0,0
B,"BUCUREŞTI SECTORUL 6","BUCUREŞTI SECTORUL 6",179196,1159,"ŞCOALA GIMNAZIALĂ NR.309",U,1381,2,417,10,0,0,427,7,24,40,74,48,10,24,60,65,75,2,1,2,0,0,0,2,0,1,5,1,1,4,3,3,3,3,6,5,2,6,8,2,2,0,3,6,4,6,5,9,4,6,8,2,4,2,3,2,2,3,1,3,2,3,3,2,6,2,3,2,2,5,3,4,3,6,4,2,2,1,1,1,0,0,0,1,0,0,0,0,0,0,0,0,0,0,0,0,0,0,0,0,0,0,0,0,0,0,0,0,0,0,0,0,0,0,0,0,0,0,0,0,1,2,1,1,2,2,1,3,0,0,0,1,3,4,5,0,8,4,7,10,6,5,5,5,5,6,7,5,4,3,4,4,1,3,2,5,3,3,5,1,5,3,4,3,2,2,3,6,6,5,8,7,9,6,5,8,5,4,5,0,0,0,0,0,1,0,0,0,0,0,0,0,0,0,0,0,0,0,0,0,0,0,0,0,0,0,0,0,0,0,0,0,0,0,0,0,0,0,0,0,0,0,0
B,"BUCUREŞTI SECTORUL 6","BUCUREŞTI SECTORUL 6",179196,1160,"ŞCOALA GIMNAZIALĂ NR.309",U,1345,2,457,7,0,0,464,17,24,46,104,50,12,20,35,91,65,1,2,4,2,4,2,2,3,1,2,4,2,3,2,2,2,3,1,5,6,6,4,8,3,3,7,3,7,10,7,5,10,7,7,9,0,9,2,5,1,4,4,3,5,3,3,3,3,3,2,0,2,4,5,5,8,2,5,2,3,0,1,1,1,1,0,1,0,0,0,0,0,0,1,0,0,0,0,0,0,0,0,0,0,0,0,0,0,0,0,0,0,0,0,0,0,0,0,0,0,0,0,0,4,3,2,1,0,1,1,2,2,1,0,1,2,2,1,4,5,3,2,5,5,3,3,3,2,4,5,5,4,6,4,6,8,9,8,5,3,3,4,5,11,3,1,2,2,1,1,2,1,9,3,7,4,6,8,7,2,2,3,1,3,4,1,0,1,0,0,0,1,0,0,0,0,0,0,0,0,0,0,0,0,0,0,0,0,0,0,0,0,0,0,0,0,0,0,0,0,0,0,0,0,0,0
B,"BUCUREŞTI SECTORUL 6","BUCUREŞTI SECTORUL 6",179196,1161,"ŞCOALA GIMNAZIALĂ NR.309",U,1483,2,440,7,0,0,447,16,23,60,67,53,12,28,48,79,61,5,1,2,2,1,1,4,2,0,2,2,4,2,2,1,3,5,7,3,5,10,5,8,4,8,4,6,7,3,2,6,4,1,6,3,3,4,0,6,5,1,2,3,4,1,3,3,5,5,3,1,5,5,5,6,7,5,1,0,0,1,1,0,1,1,1,0,0,0,0,0,0,0,0,0,0,0,0,0,0,0,0,0,0,0,0,0,0,0,0,0,0,0,0,0,0,0,0,0,0,0,0,0,4,3,1,1,2,1,0,2,1,1,1,3,5,4,5,5,1,6,3,4,11,7,4,4,3,0,6,8,7,3,3,9,7,7,1,2,3,3,3,3,2,0,4,6,2,3,3,7,4,4,5,4,7,4,6,4,5,1,2,2,1,0,2,2,0,1,0,0,0,0,0,0,0,0,0,0,0,0,0,0,0,0,0,0,0,0,0,0,0,0,0,0,0,0,0,0,0,0,0,0,0,0,0
B,"BUCUREŞTI SECTORUL 6","BUCUREŞTI SECTORUL 6",179196,1162,"ŞCOALA GIMNAZIALĂ NR.309",U,1274,1,434,4,0,0,438,13,30,64,49,49,13,29,58,65,68,1,4,5,1,1,0,1,2,2,2,1,4,4,1,4,7,3,6,8,9,7,5,5,7,8,5,4,4,3,6,3,2,6,3,2,3,4,0,1,4,2,1,1,1,0,0,3,2,0,5,8,10,7,5,4,3,2,2,0,0,1,0,0,0,0,0,0,0,0,0,0,0,0,0,0,0,0,0,0,0,0,0,0,0,0,0,0,0,0,0,0,0,0,0,0,0,0,0,0,0,0,0,0,2,1,3,3,1,2,1,2,2,1,2,3,2,8,3,3,3,6,11,7,4,4,5,7,7,4,3,6,4,4,3,5,1,4,4,2,2,2,4,3,3,2,3,4,2,2,5,8,10,9,9,7,4,6,3,4,3,3,0,0,0,1,0,0,1,0,0,0,0,0,0,0,0,0,0,0,0,0,0,0,0,0,0,0,0,0,0,0,0,0,0,0,0,0,0,0,0,0,0,0,0,0,0
B,"BUCUREŞTI SECTORUL 6","BUCUREŞTI SECTORUL 6",179196,1163,"ŞCOALA GIMNAZIALĂ NR.309",U,1798,32,613,8,0,0,621,17,51,74,102,48,21,56,86,108,58,3,3,3,2,1,4,1,2,1,3,6,6,9,7,3,6,8,10,10,8,4,10,10,9,2,6,5,6,6,6,10,2,5,6,6,8,4,7,4,7,9,1,2,3,3,4,3,3,3,5,2,5,5,3,2,1,2,2,2,2,3,1,2,2,1,1,1,0,0,0,0,0,0,0,0,0,0,0,0,0,0,0,0,0,0,0,0,0,0,0,0,0,0,0,0,0,0,0,0,0,0,0,0,1,4,4,6,2,1,3,3,9,3,5,12,5,4,8,3,4,11,13,7,9,9,10,7,5,6,9,7,10,5,3,7,3,8,6,5,6,5,10,12,5,4,3,0,4,4,1,4,6,2,6,5,1,0,2,2,5,7,3,2,4,2,2,1,1,0,0,0,1,2,0,0,0,0,0,0,0,0,0,0,0,0,0,0,0,0,0,0,0,0,0,0,0,0,0,0,0,0,0,0,0,0,0
B,"BUCUREŞTI SECTORUL 6","BUCUREŞTI SECTORUL 6",179196,1164,"ŞCOALA GIMNAZIALĂ ”ION DUMITRIU”",U,1172,3,408,7,0,0,415,9,28,44,59,46,13,30,50,64,72,2,4,0,0,0,2,1,2,2,1,3,2,6,1,4,4,3,3,6,6,2,4,7,3,4,4,5,8,4,3,4,4,5,4,5,3,3,2,1,3,4,2,2,0,1,0,1,2,3,1,2,1,4,9,4,1,2,1,2,2,3,1,2,0,1,2,0,2,1,0,0,0,0,0,0,0,0,0,0,0,0,0,0,0,0,0,0,0,0,0,0,0,0,0,0,0,0,0,0,0,0,0,0,3,1,2,2,1,2,2,4,1,2,1,4,3,4,3,1,7,5,3,8,8,6,3,6,4,2,5,5,6,3,7,2,7,3,4,4,2,1,4,5,5,2,0,2,2,0,0,1,5,8,7,9,5,2,4,6,5,6,3,2,3,3,0,3,0,0,0,0,0,0,0,0,0,0,0,0,0,0,0,0,0,0,0,0,0,0,0,0,0,0,0,0,0,0,0,0,0,0,0,0,0,0,0
B,"BUCUREŞTI SECTORUL 6","BUCUREŞTI SECTORUL 6",179196,1165,"ŞCOALA GIMNAZIALĂ ”ION DUMITRIU”",U,1405,7,480,5,0,0,485,12,22,61,74,66,16,22,62,67,83,4,2,0,2,2,2,0,2,0,1,1,5,3,0,4,1,5,3,4,6,8,5,7,8,7,3,10,6,9,7,8,3,6,5,1,2,4,2,4,2,5,0,3,0,3,2,2,3,3,0,4,6,12,9,6,7,2,2,1,5,1,1,1,2,0,1,0,0,0,0,0,0,0,0,0,0,0,0,0,0,0,0,0,0,0,0,0,0,0,0,0,0,0,0,0,0,0,0,0,0,0,0,0,2,3,0,5,1,1,4,2,1,0,1,1,4,1,3,3,6,4,3,6,2,8,11,4,7,11,6,10,6,2,5,1,8,3,3,3,4,1,3,4,6,0,1,2,0,2,3,3,5,9,13,12,6,12,2,6,2,4,1,2,2,2,0,1,0,0,1,0,0,0,0,0,0,0,0,0,0,0,0,0,0,0,0,0,0,0,0,0,0,0,0,0,0,0,0,0,0,0,0,0,0,0,0
B,"BUCUREŞTI SECTORUL 6","BUCUREŞTI SECTORUL 6",179196,1166,"ŞCOALA GIMNAZIALĂ ”ION DUMITRIU”",U,1116,0,391,7,0,0,398,7,26,39,80,51,13,18,37,70,57,1,2,2,0,2,0,0,3,3,0,3,3,1,2,2,5,4,3,3,1,1,5,8,1,6,2,9,6,4,5,10,7,6,8,0,5,3,4,4,0,7,1,0,1,1,6,2,2,5,1,4,4,6,3,3,5,3,9,3,0,1,0,1,0,0,0,0,1,0,0,0,0,0,0,0,0,0,0,0,0,0,0,0,0,0,0,0,0,0,0,0,0,0,0,0,0,0,0,0,0,0,0,0,1,3,0,3,2,1,3,2,1,4,1,2,0,3,2,2,1,5,2,7,4,2,4,3,6,2,2,7,9,5,3,5,3,5,5,2,5,3,3,3,3,2,1,2,1,0,3,2,2,5,8,5,7,7,4,9,0,5,2,0,0,0,0,1,0,0,0,0,0,0,0,0,0,0,0,0,0,0,0,0,0,0,0,0,0,0,0,0,0,0,0,0,0,0,0,0,0,0,0,0,0,0,0
B,"BUCUREŞTI SECTORUL 6","BUCUREŞTI SECTORUL 6",179196,1167,"ŞCOALA GIMNAZIALĂ ”ION DUMITRIU”",U,1619,5,567,9,0,0,576,19,30,60,93,57,22,49,61,101,84,2,4,1,4,5,2,1,2,3,3,3,1,2,5,3,5,3,7,6,5,9,9,3,5,3,8,5,8,11,10,5,5,4,3,4,6,3,4,2,5,8,2,2,3,3,3,2,3,3,6,3,4,2,6,6,6,3,5,1,2,0,3,0,1,2,0,1,0,0,0,0,0,0,0,0,0,0,0,0,0,0,0,0,0,0,0,0,0,0,0,0,0,0,0,0,0,0,0,0,0,0,0,0,5,3,1,2,4,2,5,4,3,5,4,4,6,6,5,6,6,5,6,3,9,12,5,3,7,5,6,9,6,7,8,7,9,8,5,2,4,5,4,4,7,1,4,3,1,3,4,4,4,7,9,7,7,10,6,6,5,2,5,0,2,4,1,1,2,1,0,1,0,0,0,0,0,0,0,0,0,0,0,0,0,0,0,0,0,0,0,0,0,0,0,0,0,0,0,0,0,0,0,0,0,0,0
B,"BUCUREŞTI SECTORUL 6","BUCUREŞTI SECTORUL 6",179196,1168,"ŞCOALA GIMNAZIALĂ ”ION DUMITRIU”",U,1200,3,432,6,0,0,438,12,21,36,81,51,15,24,49,72,77,1,1,2,2,3,2,1,1,1,0,0,6,3,3,3,3,1,1,0,2,4,5,6,5,2,3,8,9,9,12,5,5,7,5,6,1,1,4,4,3,2,2,1,1,2,1,1,2,2,1,2,5,5,4,1,4,0,3,6,4,4,2,2,4,0,0,0,0,0,0,0,0,0,0,0,0,0,0,0,0,0,0,0,0,0,0,0,0,0,0,0,0,0,0,0,0,0,0,0,0,0,0,0,3,1,5,2,1,1,2,2,3,2,2,4,1,2,2,1,5,2,4,5,2,6,2,5,5,5,13,3,5,6,10,7,3,5,4,2,5,7,3,3,3,2,1,1,0,1,1,0,5,2,8,6,3,4,9,13,3,3,6,4,1,0,1,2,1,0,1,1,0,2,0,2,0,0,0,0,0,0,0,0,0,0,0,0,0,0,0,0,0,0,0,0,0,0,0,0,0,0,0,0,0,0,0
B,"BUCUREŞTI SECTORUL 6","BUCUREŞTI SECTORUL 6",179196,1169,"ŞCOALA GIMNAZIALĂ ”ION DUMITRIU”",U,1492,7,480,5,0,0,485,17,24,45,89,52,13,34,34,118,59,1,0,3,3,2,5,3,3,1,0,5,1,1,3,4,3,3,4,5,4,5,6,6,5,4,6,0,3,5,9,8,6,11,1,4,3,1,5,7,7,6,4,0,2,1,4,2,4,8,4,8,2,0,2,3,2,1,3,3,1,1,1,0,1,2,2,2,0,1,0,0,1,0,0,0,0,0,0,0,0,0,0,0,0,0,0,0,0,0,0,0,0,0,0,0,0,0,0,0,0,0,0,0,1,0,0,3,1,5,3,4,1,1,2,2,2,3,11,5,3,5,6,2,2,5,7,4,1,1,1,6,10,6,9,7,5,6,5,2,4,9,8,10,8,3,6,3,2,1,8,7,5,3,9,4,0,4,5,1,4,2,3,1,3,4,2,1,0,1,0,0,0,0,0,0,0,0,0,0,0,0,0,0,0,0,0,0,0,0,0,0,0,0,0,0,0,0,0,0,0,0,0,0,0,0,0
B,"BUCUREŞTI SECTORUL 6","BUCUREŞTI SECTORUL 6",179196,1170,"ŞCOALA GIMNAZIALĂ ”ION DUMITRIU”",U,1152,2,351,7,0,0,358,7,21,34,62,31,12,25,34,66,66,1,2,0,1,3,0,0,2,2,4,3,0,2,1,2,2,3,3,4,3,2,5,4,2,4,4,3,1,7,3,5,3,1,6,0,1,4,0,3,5,6,2,2,2,4,5,2,2,1,1,3,4,2,6,0,6,2,2,1,0,0,0,0,0,0,0,1,0,0,0,0,0,0,0,0,0,0,0,0,0,0,0,0,0,0,0,0,0,0,0,0,0,0,0,0,0,0,0,0,0,0,0,0,1,0,1,1,3,6,0,0,3,4,3,1,3,1,3,2,5,6,2,5,2,0,1,5,3,3,7,7,4,7,3,3,1,1,1,3,4,3,1,5,8,3,3,2,1,3,3,7,2,3,4,12,6,4,4,6,1,4,4,3,2,0,1,0,0,0,0,1,1,0,1,0,0,0,0,0,0,0,0,0,0,0,0,0,0,0,0,0,0,0,0,0,0,0,0,0,0,0,0,0,0,0,0
B,"BUCUREŞTI SECTORUL 6","BUCUREŞTI SECTORUL 6",179196,1171,"ŞCOALA GIMNAZIALĂ ”ION DUMITRIU”",U,1382,9,493,7,0,0,500,22,22,42,100,48,12,31,48,102,73,4,3,4,2,6,1,2,1,1,3,2,1,3,5,2,2,2,1,7,8,5,5,2,6,1,5,2,4,11,11,6,14,7,4,8,0,5,4,2,4,5,2,4,1,3,0,5,1,2,3,2,1,0,9,3,10,5,3,1,4,0,0,0,1,2,0,0,1,0,0,0,0,0,0,0,0,0,0,0,0,0,0,0,0,0,0,0,0,0,0,0,0,0,0,0,0,0,0,0,0,0,0,0,4,1,1,2,2,0,2,1,2,3,3,3,2,4,9,1,3,3,5,10,5,6,4,4,1,3,7,7,5,10,12,7,3,7,4,1,4,1,4,10,7,2,2,3,3,3,7,1,1,10,2,7,10,6,8,6,7,5,3,1,1,1,0,1,1,0,2,0,0,0,0,0,0,0,0,0,0,0,0,0,0,0,0,0,0,0,0,0,0,0,0,0,0,0,0,0,0,0,0,0,0,0,0
B,"BUCUREŞTI SECTORUL 6","BUCUREŞTI SECTORUL 6",179196,1172,"ŞCOALA GIMNAZIALĂ ”ION DUMITRIU”",U,1653,9,612,6,0,0,618,14,56,54,99,55,22,58,54,124,82,4,2,1,1,1,2,3,5,6,4,5,9,3,8,5,8,3,3,5,1,7,4,6,8,3,10,7,7,5,5,6,9,4,3,7,5,5,4,7,5,4,5,5,4,4,2,3,5,2,6,8,6,2,0,3,3,5,5,0,1,2,1,1,1,1,1,1,1,0,0,0,0,0,0,0,0,0,0,0,0,0,0,0,0,0,0,0,0,0,0,0,0,0,0,0,0,0,0,0,0,0,0,0,6,2,3,3,3,1,4,4,3,3,7,8,4,5,6,12,6,4,2,4,9,4,5,5,6,7,8,11,9,4,10,9,9,7,4,2,6,13,3,8,5,3,6,1,4,5,5,5,7,7,7,7,5,3,6,1,8,6,2,4,1,1,1,3,1,0,3,0,2,2,0,0,0,0,0,0,0,0,0,0,0,0,0,0,0,0,0,0,0,0,0,0,0,0,0,0,0,0,0,0,0,0,0
B,"BUCUREŞTI SECTORUL 6","BUCUREŞTI SECTORUL 6",179196,1173,"ŞCOALA GIMNAZIALĂ ”ION DUMITRIU”",U,1562,3,458,9,0,0,467,14,32,40,96,43,18,45,37,106,36,3,1,1,3,1,1,4,1,3,1,2,2,5,2,2,11,3,10,6,5,3,2,2,5,1,2,4,5,5,5,1,2,6,4,5,8,1,8,5,5,12,2,3,7,5,5,2,6,1,3,5,2,5,2,2,3,5,1,1,0,2,2,2,0,0,0,0,0,0,0,0,0,1,0,0,0,0,0,0,0,0,0,0,0,0,0,0,0,0,0,0,0,0,0,0,0,0,0,0,0,0,0,0,3,2,0,2,4,3,4,4,3,5,3,9,2,6,3,7,3,7,5,5,5,3,2,4,2,3,1,2,1,5,5,11,3,5,2,3,3,7,9,13,13,6,3,4,3,2,6,2,3,4,2,6,0,1,4,5,5,1,2,0,0,1,0,0,0,0,0,0,0,0,0,0,0,0,0,0,0,0,0,0,0,0,0,0,0,0,0,0,0,0,0,0,0,0,0,0,0,0,0,0,0,0,0
B,"BUCUREŞTI SECTORUL 6","BUCUREŞTI SECTORUL 6",179196,1174,"CENTRUL EUROPEAN SECTOR 6",U,1304,3,539,13,0,1,553,11,23,63,103,64,18,20,62,120,69,3,1,3,0,0,1,3,3,0,3,1,3,4,1,4,4,0,3,6,9,6,8,7,4,8,7,5,6,9,6,5,3,7,1,3,2,3,7,3,7,8,6,6,3,2,8,8,4,11,7,7,4,7,4,6,2,1,2,1,0,1,2,0,2,0,1,1,0,0,1,0,0,0,0,0,0,0,0,0,0,0,0,0,0,0,0,0,0,0,0,0,0,0,0,0,0,0,0,0,0,0,0,0,5,2,2,2,2,1,4,4,0,0,3,1,1,3,3,2,3,4,4,8,13,5,6,5,9,2,6,7,6,4,4,5,5,4,3,1,7,5,5,5,11,2,7,9,10,11,9,7,11,6,9,7,5,2,2,1,6,3,3,1,0,1,1,0,1,1,0,0,0,1,0,0,0,0,0,0,0,1,0,0,0,0,0,0,0,0,0,0,0,0,0,0,0,0,0,0,0,0,0,0,0,0,0
B,"BUCUREŞTI SECTORUL 6","BUCUREŞTI SECTORUL 6",179196,1175,"LICEUL TEHNOLOGIC ”PETRU PONI”",U,1535,27,538,7,0,0,545,15,26,82,124,28,12,28,88,109,33,3,5,2,1,1,2,1,0,1,6,2,2,4,3,2,1,5,3,9,9,2,7,7,10,11,13,11,10,8,8,10,5,8,7,6,6,5,7,5,5,6,3,1,9,3,8,4,6,1,4,1,4,1,1,0,2,2,2,1,1,2,0,0,0,0,0,0,0,0,0,0,0,0,0,0,0,0,0,0,0,0,0,0,0,0,0,0,0,0,0,0,0,0,0,0,0,0,0,0,0,0,0,0,7,1,1,0,0,3,0,0,1,4,2,2,3,2,3,3,8,6,7,5,5,10,10,12,12,9,12,9,9,5,4,6,5,5,2,6,6,4,8,6,8,3,3,4,6,6,4,2,4,3,2,6,1,2,2,1,3,2,2,1,2,0,0,0,0,0,0,0,0,0,0,0,0,0,0,0,0,0,0,0,0,0,0,0,0,0,0,0,0,0,0,0,0,0,0,0,0,0,0,0,0,0,0
B,"BUCUREŞTI SECTORUL 6","BUCUREŞTI SECTORUL 6",179196,1176,"LICEUL TEHNOLOGIC ”PETRU PONI”",U,1657,8,670,10,1,0,681,15,96,112,76,21,18,133,102,83,25,4,4,3,0,1,1,2,1,5,8,10,12,10,12,12,15,11,7,15,16,11,12,13,9,12,8,9,2,6,3,3,10,5,8,4,2,6,2,5,5,4,1,0,4,0,2,4,4,0,3,2,0,1,0,1,3,1,1,4,1,0,0,0,0,0,0,0,0,0,0,0,0,0,0,0,0,0,0,0,0,0,0,0,0,0,0,0,0,0,0,0,0,0,0,0,0,0,0,0,0,0,0,0,5,1,1,2,2,3,4,8,9,15,8,21,11,12,18,17,14,10,17,6,12,14,11,13,4,8,7,7,3,5,7,4,10,4,7,1,4,3,2,7,5,3,0,5,3,1,2,4,1,1,3,3,0,2,0,2,2,2,1,1,0,1,1,0,0,0,0,0,0,0,1,0,0,0,0,0,0,0,0,0,0,0,0,0,0,0,0,0,0,0,0,0,0,0,0,0,0,0,0,0,0,0,0
B,"BUCUREŞTI SECTORUL 6","BUCUREŞTI SECTORUL 6",179196,1177,"LICEUL TEHNOLOGIC ”PETRU PONI”",U,1793,23,696,10,1,2,709,11,99,136,59,21,25,140,118,71,29,0,0,1,3,2,2,3,3,7,4,9,9,7,8,15,24,13,21,15,20,15,18,12,10,12,9,4,3,2,3,3,4,2,4,3,1,2,0,7,8,2,2,1,1,3,5,3,2,3,1,0,2,1,1,0,2,1,4,2,0,0,0,0,1,0,0,0,0,0,0,0,0,1,0,0,0,0,0,0,0,0,0,0,0,0,0,0,0,0,0,0,0,0,0,0,0,0,0,0,0,0,0,0,5,6,2,1,2,3,6,9,10,11,12,17,10,14,19,23,15,21,15,10,14,20,10,6,11,5,6,6,3,8,7,5,3,3,4,4,1,4,3,2,3,2,3,3,5,1,1,4,0,4,2,5,4,1,1,3,2,2,0,0,1,0,0,0,0,0,0,0,0,0,0,0,0,0,0,0,0,0,0,0,0,0,0,0,0,0,0,0,0,0,0,0,0,0,0,0,0,0,0,0,0,0,0
B,"BUCUREŞTI SECTORUL 6","BUCUREŞTI SECTORUL 6",179196,1179,"ȘCOALA GIMNAZIALĂ ”SFÂNTA TREIME”",U,2002,14,705,14,0,0,719,21,82,91,107,46,18,76,96,124,58,1,5,2,3,2,3,5,4,7,10,9,9,4,13,6,8,12,6,12,19,4,15,7,11,6,5,6,6,0,8,9,11,8,4,5,4,2,6,5,9,8,1,3,4,8,3,3,3,6,4,5,6,7,1,1,1,1,1,2,1,0,5,0,1,0,1,0,0,0,0,0,0,0,0,0,0,0,0,0,0,0,0,0,0,0,0,0,0,0,0,0,0,0,0,0,0,0,0,0,0,0,0,0,3,2,3,3,3,3,1,7,6,9,9,9,8,9,4,7,8,13,13,12,10,12,5,10,4,10,7,5,2,12,7,3,7,7,7,6,8,1,9,7,7,5,4,10,5,8,4,6,3,5,8,7,6,5,3,0,6,1,3,2,2,0,1,0,0,0,0,0,0,0,0,0,0,0,0,0,0,0,0,0,0,0,0,0,0,0,0,0,0,0,0,0,0,0,0,0,0,0,0,0,0,0,0
B,"BUCUREŞTI SECTORUL 6","BUCUREŞTI SECTORUL 6",179196,1180,"ȘCOALA GIMNAZIALĂ ”SFÂNTA TREIME”",U,1791,10,617,9,0,1,627,24,44,69,131,64,21,34,68,115,57,3,1,5,2,6,1,6,3,5,2,3,5,6,3,3,6,8,7,7,8,10,9,4,4,4,8,8,5,8,10,6,10,6,5,6,3,5,6,7,11,12,8,4,5,7,3,4,7,3,12,5,6,6,2,3,6,3,2,1,3,0,3,0,1,0,0,0,0,0,0,0,0,0,0,0,1,0,0,0,0,0,0,0,0,0,0,0,0,0,0,0,0,0,0,0,0,0,0,0,0,0,0,0,3,0,5,4,4,2,3,4,0,1,5,1,5,3,3,5,7,9,5,7,9,6,9,8,6,4,5,2,3,5,5,5,6,7,7,9,4,8,4,7,11,5,5,3,4,7,8,7,3,5,6,7,5,3,3,4,2,2,2,1,3,1,0,0,0,1,1,0,0,0,1,0,0,0,0,0,0,0,0,0,0,0,0,0,0,0,0,0,0,0,0,0,0,0,0,0,0,0,0,0,0,0,0
B,"BUCUREŞTI SECTORUL 6","BUCUREŞTI SECTORUL 6",179196,1181,"ŞCOALA GIMNAZIALĂ ”SFÂNTA TREIME”",U,1560,4,510,10,0,1,521,11,27,63,101,54,17,29,57,108,54,5,0,1,0,1,1,3,0,4,3,7,1,1,3,1,2,5,3,5,8,9,3,10,6,7,8,4,4,6,8,8,7,2,7,5,4,6,7,6,7,6,2,6,2,2,5,1,3,6,3,2,1,5,6,5,3,5,3,2,3,4,0,0,0,0,0,0,2,0,1,0,0,0,0,0,0,0,0,0,0,0,0,0,0,0,0,0,0,0,0,0,0,0,0,0,0,0,0,0,0,0,0,0,1,3,3,2,4,3,1,3,2,3,3,0,4,4,5,0,5,6,3,12,3,7,7,5,7,4,3,8,6,6,5,7,4,4,4,2,6,5,4,7,9,4,8,4,5,4,6,3,3,8,5,6,4,5,5,2,3,1,4,1,0,0,1,0,0,0,0,1,1,0,0,1,0,0,0,0,0,0,0,0,0,0,0,0,0,0,0,0,0,0,0,0,0,0,0,0,0,0,0,0,0,0,0
B,"BUCUREŞTI SECTORUL 6","BUCUREŞTI SECTORUL 6",179196,1182,"ŞCOALA GIMNAZIALĂ ”SFÂNTA TREIME”",U,1779,7,614,8,0,0,622,21,35,61,120,57,26,35,54,130,83,3,5,3,5,2,2,1,2,4,7,1,5,2,1,1,4,8,7,3,9,5,8,2,5,9,5,8,8,4,7,6,8,5,6,5,11,4,6,4,9,8,4,6,4,5,5,5,5,6,5,4,2,7,5,3,2,3,3,0,5,1,1,2,1,0,0,0,0,0,0,1,1,0,0,0,0,0,0,0,0,0,0,0,0,0,0,0,0,0,0,0,0,0,0,0,0,0,0,0,0,0,0,0,5,2,5,2,4,3,5,2,1,0,3,4,5,5,5,5,5,6,4,11,4,1,6,7,6,4,5,10,6,5,11,5,6,8,8,8,10,2,5,8,13,3,4,2,5,6,5,7,2,11,4,5,10,9,3,7,6,3,0,5,1,1,3,2,0,0,1,1,0,0,0,1,0,1,0,0,0,0,0,0,0,0,0,0,0,0,0,0,0,0,0,0,0,0,0,0,0,0,0,0,0,0,0
B,"BUCUREŞTI SECTORUL 6","BUCUREŞTI SECTORUL 6",179196,1183,"ŞCOALA GIMNAZIALĂ CONSTANTIN BRANCUSI",U,1806,5,514,5,0,0,519,14,25,52,99,52,18,27,47,105,80,2,0,3,3,2,3,1,2,1,5,2,4,0,4,1,4,2,9,4,4,6,7,5,6,3,5,3,10,4,4,8,5,2,6,6,3,7,4,10,3,8,1,6,4,2,1,5,3,7,6,2,2,3,7,3,4,3,3,2,0,0,0,1,1,1,0,0,1,1,1,1,0,0,0,0,0,0,0,0,0,0,0,0,0,0,0,0,0,0,0,0,0,0,0,0,0,0,0,0,0,0,0,0,2,5,3,1,3,3,1,2,4,4,1,4,1,0,6,1,4,8,1,2,7,10,2,2,7,3,5,4,8,6,7,6,5,6,5,5,7,4,7,4,9,4,3,5,1,5,4,6,3,7,7,8,7,8,5,3,5,4,4,1,1,1,2,0,3,1,0,0,0,0,3,1,0,0,0,0,0,0,0,0,0,0,0,0,0,0,0,0,0,0,0,0,0,0,0,0,0,0,0,0,0,0,0
B,"BUCUREŞTI SECTORUL 6","BUCUREŞTI SECTORUL 6",179196,1184,"ŞCOALA GIMNAZIALĂ CONSTANTIN BRANCUSI",U,1834,9,589,11,0,3,603,14,57,86,92,42,18,71,77,101,45,2,2,1,2,4,1,2,2,2,5,3,8,7,7,5,7,11,9,10,13,6,8,8,8,6,10,8,11,9,7,10,7,4,5,5,3,0,4,5,6,6,3,0,2,0,4,1,2,3,7,4,4,4,1,4,5,3,1,2,0,0,1,0,0,0,0,0,1,0,0,0,0,0,0,0,0,0,0,0,0,0,0,0,0,0,0,0,0,0,0,0,0,0,0,0,0,0,0,0,0,0,0,0,5,3,2,0,4,2,2,6,4,7,7,7,10,3,9,11,7,11,13,9,10,4,8,8,5,4,5,7,5,11,11,4,5,4,5,9,2,3,6,8,8,3,0,1,3,3,3,4,5,5,6,3,2,4,2,3,5,0,1,0,1,1,0,1,0,1,0,0,0,0,1,0,0,0,0,0,0,0,0,0,0,0,0,0,0,0,0,0,0,0,0,0,0,0,0,0,0,0,0,0,0,0,0
B,"BUCUREŞTI SECTORUL 6","BUCUREŞTI SECTORUL 6",179196,1185,"ŞCOALA GIMNAZIALĂ CONSTANTIN BRANCUSI",U,1788,4,523,6,0,0,529,20,26,49,124,41,18,31,45,115,60,7,2,2,2,1,2,4,3,0,6,5,1,2,5,1,0,3,1,2,7,7,4,2,8,10,1,7,13,5,8,8,5,8,8,4,6,10,7,4,8,10,2,1,3,6,4,4,3,2,1,5,3,2,1,1,2,4,2,3,0,2,3,1,1,1,2,0,2,0,0,0,0,0,0,0,0,0,0,0,0,0,0,0,0,0,0,0,0,0,0,0,0,0,0,0,0,0,0,0,0,0,0,0,3,4,3,2,3,2,1,1,1,3,3,4,3,3,5,5,3,3,3,9,4,4,4,5,5,4,4,7,4,10,9,8,4,7,2,9,6,8,5,9,10,5,5,1,5,0,1,3,3,2,5,4,4,5,3,3,2,4,6,5,5,1,0,2,1,0,1,1,0,0,0,0,0,0,0,0,0,0,0,0,0,0,0,0,0,0,0,0,0,0,0,0,0,0,0,0,0,0,0,0,0,0,0
B,"BUCUREŞTI SECTORUL 6","BUCUREŞTI SECTORUL 6",179196,1186,"ŞCOALA GIMNAZIALĂ NR.198",U,1634,16,565,7,0,0,572,9,39,69,113,52,14,39,66,109,62,1,1,1,2,2,0,2,4,2,1,4,10,4,2,3,7,2,9,3,7,5,7,7,4,9,7,11,5,7,8,6,1,5,6,5,9,2,4,7,3,7,2,3,6,7,11,9,9,3,6,3,6,3,5,3,2,3,4,1,2,0,0,0,1,0,0,0,0,0,0,1,0,0,0,0,0,0,0,0,0,0,0,0,0,0,0,0,0,0,0,0,0,0,0,0,0,0,0,0,0,0,0,0,2,2,0,2,1,5,2,1,0,5,3,3,5,7,1,4,10,6,6,8,4,10,4,9,6,10,3,8,5,9,4,2,2,4,3,5,5,5,3,11,9,11,5,3,3,9,3,5,8,6,7,3,6,6,5,2,2,3,2,1,2,2,1,1,0,0,0,0,0,0,0,0,0,0,0,0,0,0,0,0,0,0,0,0,0,0,0,0,0,0,0,0,0,0,0,0,0,0,0,0,0,0,0
B,"BUCUREŞTI SECTORUL 6","BUCUREŞTI SECTORUL 6",179196,1187,"ŞCOALA GIMNAZIALĂ NR.198",U,1635,32,526,7,0,0,533,14,31,47,109,46,22,34,45,108,77,2,3,3,1,1,1,3,3,2,2,1,5,3,4,1,5,5,5,4,3,4,5,2,3,4,10,7,6,5,6,8,6,5,6,2,7,5,9,4,8,10,5,2,4,5,5,1,5,1,3,4,6,4,3,3,2,2,0,0,1,4,2,1,0,0,0,1,1,0,0,0,0,0,1,1,0,1,0,0,0,0,0,0,0,0,0,0,0,0,0,0,0,0,0,0,0,0,0,0,0,0,0,0,4,3,1,0,4,4,6,2,5,3,0,5,2,2,3,8,4,1,4,3,3,3,11,2,6,5,7,7,9,3,4,5,6,6,7,5,5,2,6,12,4,5,4,4,3,5,6,3,6,6,4,8,5,6,1,5,4,8,3,1,2,3,2,0,4,1,0,1,1,1,1,0,0,1,0,0,0,0,0,0,0,0,0,0,0,0,0,0,0,0,0,0,0,0,0,0,0,0,0,0,0,0,0
B,"BUCUREŞTI SECTORUL 6","BUCUREŞTI SECTORUL 6",179196,1188,"ŞCOALA GIMNAZIALĂ NR.198",U,1305,7,457,5,0,0,462,11,20,41,85,52,13,26,46,87,81,4,2,2,0,1,0,2,2,2,1,0,0,4,1,5,3,2,2,4,3,5,4,8,4,2,4,5,8,5,4,5,5,10,6,6,3,5,3,4,5,5,1,0,5,0,2,3,2,3,6,3,2,3,7,3,2,7,1,6,2,0,0,2,0,1,0,0,2,0,0,0,0,0,0,0,0,0,0,0,0,0,0,0,0,0,0,0,0,0,0,0,0,0,0,0,0,0,0,0,0,0,0,0,2,1,3,1,1,0,5,2,4,1,3,3,4,3,1,4,1,1,3,1,8,7,6,6,4,2,8,5,6,6,11,2,5,2,4,4,3,6,3,5,7,3,2,3,3,3,4,3,7,6,5,8,6,10,7,4,5,3,3,2,3,1,0,0,1,1,2,0,1,0,0,2,0,0,0,0,0,1,0,0,0,0,0,0,0,0,0,0,0,0,0,0,0,0,0,0,0,0,0,0,0,0,0
B,"BUCUREŞTI SECTORUL 6","BUCUREŞTI SECTORUL 6",179196,1189,"ŞCOALA GIMNAZIALĂ NR.198",U,1366,12,566,9,0,0,575,27,30,56,119,59,13,30,56,109,76,3,8,2,0,5,3,6,1,2,1,1,4,5,2,5,5,4,4,6,7,3,6,2,10,5,9,4,9,4,11,9,12,4,10,3,1,12,5,11,10,4,2,3,2,1,4,2,4,2,4,8,5,1,3,5,2,2,1,5,3,1,2,1,3,0,2,0,1,1,1,0,0,1,1,0,0,0,0,0,0,0,0,0,0,0,0,0,0,0,0,0,0,0,0,0,0,0,0,0,0,0,0,0,1,3,2,1,3,2,1,3,4,0,2,3,2,2,2,6,6,2,2,10,8,8,3,4,3,9,7,6,2,6,5,4,8,8,6,10,7,5,2,9,9,4,2,3,2,3,8,5,4,11,8,3,5,3,5,3,2,4,3,4,3,3,3,0,1,1,3,1,0,1,0,0,0,0,0,0,0,0,0,0,0,0,0,0,0,0,0,0,0,0,0,0,0,0,0,0,0,0,0,0,0,0,0
B,"BUCUREŞTI SECTORUL 6","BUCUREŞTI SECTORUL 6",179196,1190,"ŞCOALA GIMNAZIALĂ NR.198",U,1621,4,586,9,0,2,597,20,34,66,105,64,18,30,78,112,70,2,4,2,2,4,3,3,2,3,2,1,6,3,3,5,3,6,6,2,4,5,7,8,12,7,7,8,11,7,8,4,10,9,4,4,3,5,2,5,3,7,1,3,4,4,8,3,7,5,11,5,4,7,4,1,3,2,5,4,0,3,0,1,0,1,0,0,1,0,0,0,0,0,0,0,0,0,0,0,0,0,0,0,0,0,0,0,0,0,0,0,0,0,0,0,0,0,0,0,0,0,0,0,3,3,5,1,2,1,3,2,5,1,0,6,1,4,3,4,4,1,6,12,9,7,11,9,9,4,10,10,8,4,8,5,7,4,5,7,3,4,4,4,7,2,3,6,4,6,11,4,3,8,15,7,4,5,3,3,2,5,4,2,4,0,0,0,0,0,0,0,0,0,1,0,0,0,0,0,0,0,0,0,0,0,0,0,0,0,0,0,0,0,0,0,0,0,0,0,0,0,0,0,0,0,0
B,"BUCUREŞTI SECTORUL 6","BUCUREŞTI SECTORUL 6",179196,1191,"ŞCOALA GIMNAZIALĂ NR.198",U,1675,3,644,6,0,0,650,21,41,83,114,50,23,51,71,123,73,6,4,1,2,1,3,4,2,2,6,5,6,3,7,2,1,7,12,10,6,9,11,5,11,6,4,9,9,10,5,4,5,10,4,8,7,8,6,6,6,4,1,2,5,8,5,1,4,5,1,3,6,9,0,3,2,4,3,1,3,0,2,1,0,1,1,1,0,0,0,0,0,0,0,0,0,0,0,0,0,0,0,0,0,0,0,0,0,0,0,0,0,0,0,0,0,0,0,0,0,0,0,0,1,5,4,4,2,2,5,3,4,7,4,10,5,4,8,2,4,7,6,13,4,8,3,10,5,9,6,9,4,4,8,11,9,8,6,6,9,7,6,8,10,6,4,1,2,2,3,1,4,5,7,4,7,6,5,4,4,4,3,1,5,1,2,0,4,1,1,0,2,0,0,0,1,1,0,0,0,0,0,0,0,0,0,0,0,0,0,0,0,0,0,0,0,0,0,0,0,0,0,0,0,0,0
B,"BUCUREŞTI SECTORUL 6","BUCUREŞTI SECTORUL 6",179196,1192,"ŞCOALA GIMNAZIALĂ ”CONSTANTIN BRÂNCUŞI”",U,1292,4,454,11,1,0,466,9,22,65,63,62,11,26,54,62,92,1,0,2,1,1,1,3,1,4,3,1,2,0,3,3,1,4,4,5,4,9,3,12,3,11,3,11,4,5,3,8,6,3,6,0,3,2,4,3,5,3,1,3,0,2,1,1,0,3,1,5,11,5,3,11,4,5,4,1,1,0,2,1,1,0,1,0,1,1,0,1,0,0,0,0,0,0,0,0,0,0,0,0,0,0,0,0,0,0,0,0,0,0,0,0,0,0,0,0,0,0,0,0,2,2,1,1,1,3,1,2,3,0,2,2,4,6,2,2,3,8,4,10,3,5,11,3,3,3,4,3,7,6,3,2,4,4,3,3,7,1,2,2,4,2,2,4,2,0,1,5,4,7,4,10,10,14,5,4,9,6,5,0,1,2,0,0,3,1,0,1,1,0,0,0,0,0,0,0,0,0,0,0,0,0,0,0,0,0,0,0,0,0,0,0,0,0,0,0,0,0,0,0,0,0,0
B,"BUCUREŞTI SECTORUL 6","BUCUREŞTI SECTORUL 6",179196,1193,"ŞCOALA GIMNAZIALĂ ”CONSTANTIN BRÂNCUŞI”",U,1257,7,464,4,0,0,468,12,32,38,80,39,14,42,59,94,58,1,1,1,2,1,2,4,0,4,3,1,4,2,3,5,5,5,1,5,4,4,5,3,3,1,4,8,2,8,6,6,2,3,6,4,3,6,8,3,7,3,3,2,2,4,1,1,1,2,5,2,2,3,2,4,2,2,3,4,2,1,0,0,0,2,0,1,0,0,1,0,0,0,0,0,0,0,0,0,0,0,0,0,0,0,0,0,0,0,0,0,0,0,0,0,0,0,0,0,0,0,0,0,1,2,2,1,1,4,3,1,3,6,3,6,5,5,3,3,7,6,6,4,8,4,1,9,2,11,8,4,6,4,2,10,6,4,3,5,2,8,3,7,7,4,6,5,2,2,4,4,5,1,3,3,4,7,3,2,2,2,2,0,1,2,2,3,2,3,2,1,1,2,0,1,0,0,0,0,0,0,0,0,0,0,0,0,0,0,0,0,0,0,0,0,0,0,0,0,0,0,0,0,0,0,0
B,"BUCUREŞTI SECTORUL 6","BUCUREŞTI SECTORUL 6",179196,1194,"ŞCOALA GIMNAZIALĂ ”CONSTANTIN BRÂNCUŞI”",U,1288,7,472,11,1,8,492,20,26,40,92,48,18,27,36,108,77,3,3,3,0,4,4,3,2,1,6,3,2,1,3,1,6,1,1,2,4,6,4,3,2,7,3,8,9,9,5,2,5,7,4,3,3,4,3,6,7,9,2,1,5,6,1,1,0,5,3,4,4,7,0,4,2,3,0,3,2,4,0,2,1,0,1,0,0,1,0,0,0,1,0,0,1,0,0,0,0,0,0,0,0,0,0,0,0,0,0,0,0,0,0,0,0,0,0,0,0,0,0,0,4,2,4,2,0,4,2,3,1,0,3,2,3,6,2,3,4,2,3,1,4,5,5,7,2,4,3,8,1,5,4,3,7,11,7,4,5,4,4,9,10,4,3,6,5,6,2,5,4,5,6,5,10,8,4,2,4,1,10,1,0,1,0,5,1,1,0,0,0,0,1,1,1,1,0,0,0,0,0,0,0,0,0,0,0,0,0,0,0,0,0,0,0,0,0,0,0,0,0,0,0,0,0
B,"BUCUREŞTI SECTORUL 6","BUCUREŞTI SECTORUL 6",179196,1195,"ŞCOALA GIMNAZIALĂ ”CONSTANTIN BRÂNCUŞI”",U,1091,9,383,7,0,0,390,9,24,31,70,41,15,28,28,84,60,0,0,0,0,4,2,3,1,3,1,3,0,6,1,5,2,2,1,1,4,3,8,2,3,3,0,6,2,7,6,5,5,4,3,2,4,3,3,5,5,5,1,4,1,2,2,1,3,1,1,0,4,3,2,3,3,1,2,4,1,1,0,2,0,3,0,2,0,1,0,2,0,0,0,0,1,1,0,0,0,0,0,0,0,0,0,0,0,0,0,0,0,0,0,0,0,0,0,0,0,0,0,0,2,3,1,4,0,2,3,5,1,4,1,2,4,1,2,2,6,1,0,2,6,1,5,2,4,5,2,1,8,1,8,6,4,6,2,3,5,2,4,7,10,3,6,1,1,2,4,4,3,1,4,1,3,3,1,2,1,2,7,1,2,3,4,1,2,1,3,4,3,3,1,0,0,0,0,0,0,0,0,0,0,0,0,0,0,0,0,0,0,0,0,0,0,0,0,0,0,0,0,0,0,0,0
B,"BUCUREŞTI SECTORUL 6","BUCUREŞTI SECTORUL 6",179196,1196,"ŞCOALA GIMNAZIALĂ ”CONSTANTIN BRÂNCUŞI”",U,1460,2,614,10,0,0,624,20,28,75,85,79,14,35,80,97,111,3,1,3,1,3,2,7,4,0,4,4,4,1,1,3,3,4,9,9,7,4,11,5,7,10,8,5,10,9,3,8,4,6,7,2,6,7,1,4,2,3,1,4,3,0,2,3,4,3,4,5,10,5,8,5,4,10,4,5,4,2,2,0,0,2,0,0,0,0,1,0,1,0,0,0,0,0,0,0,0,0,0,0,0,0,0,0,0,0,0,0,0,0,0,0,0,0,0,0,0,0,0,0,3,4,0,1,1,2,3,4,4,3,3,3,3,1,3,3,8,6,5,9,9,8,10,12,10,5,6,9,3,6,11,6,6,5,5,5,5,4,4,10,4,1,3,3,1,2,4,7,5,10,9,12,11,12,11,8,3,6,4,6,1,1,0,1,1,0,2,0,0,1,0,0,0,0,0,0,0,0,0,0,0,0,0,0,0,0,0,0,0,0,0,0,0,0,0,0,0,0,0,0,0,0,0
B,"BUCUREŞTI SECTORUL 6","BUCUREŞTI SECTORUL 6",179196,1197,"ŞCOALA GIMNAZIALĂ ”CONSTANTIN BRÂNCUŞI”",U,831,1,328,6,0,0,334,6,18,26,68,35,9,20,31,67,54,1,0,3,1,0,1,0,2,3,1,3,1,2,0,2,0,4,3,5,5,4,0,2,1,1,3,2,2,3,4,3,4,5,5,6,2,0,1,2,9,6,1,3,5,1,4,2,2,3,1,2,2,1,1,2,1,2,2,3,2,0,1,0,2,1,1,0,1,0,2,1,0,0,1,1,0,0,0,0,0,0,0,0,0,0,0,0,0,0,0,0,0,0,0,0,0,0,0,0,0,0,0,0,0,1,1,3,0,3,1,0,1,1,1,3,4,3,2,2,3,2,4,2,1,3,5,3,0,5,6,2,6,2,0,5,1,8,5,4,4,2,2,6,5,1,3,2,4,0,5,0,2,4,1,7,3,3,1,6,0,4,3,1,3,2,0,1,4,1,2,3,0,2,1,0,0,0,0,0,0,0,0,0,0,0,0,0,0,0,0,0,0,0,0,0,0,0,0,0,0,0,0,0,0,0,0
B,"BUCUREŞTI SECTORUL 6","BUCUREŞTI SECTORUL 6",179196,1198,"ŞCOALA GIMNAZIALĂ ”CONSTANTIN BRÂNCUŞI”",U,886,48,373,6,0,0,379,18,15,40,75,49,15,18,36,64,49,0,2,1,4,4,3,4,0,1,1,5,1,1,1,3,1,1,2,6,0,5,4,3,5,4,8,3,5,2,6,8,5,5,6,5,5,5,3,4,2,3,1,1,2,4,0,3,2,6,6,1,2,7,5,4,2,3,2,1,1,1,2,0,0,1,0,0,0,1,0,0,1,0,0,1,0,0,0,0,0,0,0,0,0,0,0,0,0,0,0,0,0,0,0,0,0,0,0,0,0,0,0,0,6,1,2,2,2,2,0,2,0,2,1,3,0,4,1,2,3,2,3,3,5,3,6,4,1,6,3,2,1,10,6,1,5,7,2,1,4,1,8,6,3,0,2,0,5,0,0,3,7,5,5,4,5,2,3,1,0,2,1,1,2,0,0,0,2,1,2,0,1,0,0,0,1,0,0,1,0,0,0,0,0,0,0,0,0,0,0,0,0,0,0,0,0,0,0,0,0,0,0,0,0,0,0
B,"BUCUREŞTI SECTORUL 6","BUCUREŞTI SECTORUL 6",179196,1199,"ŞCOALA GIMNAZIALĂ ”REGELE MIHAI I”",U,1339,1,525,7,0,0,532,22,32,53,91,67,16,23,51,100,77,5,5,4,2,2,1,3,2,1,2,5,1,4,3,5,6,3,3,5,6,5,3,6,7,7,5,6,7,5,4,10,4,4,6,6,2,6,0,8,10,5,3,2,3,2,2,2,2,4,2,7,10,6,7,5,8,3,1,3,2,1,1,0,1,1,2,0,0,0,1,0,0,0,0,0,0,0,0,0,0,0,0,0,0,0,0,0,0,0,0,0,0,0,0,0,0,0,0,0,0,0,0,0,3,3,2,2,2,3,1,2,3,1,3,2,3,3,2,2,2,8,4,2,12,1,1,6,9,4,4,8,5,7,11,10,7,3,7,3,2,3,5,7,7,3,1,1,2,3,5,3,2,6,7,9,14,7,7,1,7,3,3,2,1,0,0,1,0,0,1,2,0,0,0,0,0,1,0,0,0,0,0,0,0,0,0,0,0,0,0,0,0,0,0,0,0,0,0,0,0,0,0,0,0,0,0
B,"BUCUREŞTI SECTORUL 6","BUCUREŞTI SECTORUL 6",179196,1200,"ŞCOALA GIMNAZIALĂ ”REGELE MIHAI I”",U,1142,0,430,8,0,1,439,12,17,44,74,53,18,30,44,81,66,0,0,4,2,2,2,2,2,0,2,3,2,0,2,0,3,3,2,4,0,6,6,3,6,4,5,8,5,8,6,6,4,4,0,3,1,4,4,5,5,5,2,6,1,1,1,3,4,4,3,4,6,4,10,2,4,2,1,1,1,1,1,0,2,1,0,1,0,0,0,1,0,0,0,0,0,0,0,0,0,0,0,0,0,0,0,0,0,0,0,0,0,0,0,0,0,0,0,0,0,0,0,0,3,2,4,3,2,2,2,2,5,2,6,2,3,3,4,1,2,3,1,3,6,4,4,6,4,9,4,4,5,8,3,3,3,3,4,4,3,7,6,6,4,1,4,1,4,2,6,6,3,8,13,7,6,5,3,1,3,6,3,0,2,0,0,0,0,0,0,0,0,0,0,0,0,0,0,0,0,0,0,0,0,0,0,0,0,0,0,0,0,0,0,0,0,0,0,0,0,0,0,0,0,0,0
B,"BUCUREŞTI SECTORUL 6","BUCUREŞTI SECTORUL 6",179196,1201,"ŞCOALA GIMNAZIALĂ ”REGELE MIHAI I”",U,695,1,269,6,0,0,275,10,20,17,58,28,3,21,20,60,38,1,0,2,0,2,2,3,1,4,0,3,0,0,2,2,4,4,1,3,5,3,1,0,1,0,1,2,4,6,3,3,2,0,6,1,3,0,4,5,5,5,1,1,5,1,1,2,1,2,3,2,2,1,1,2,2,1,0,1,1,0,1,1,0,0,2,2,2,0,0,0,1,0,0,0,0,0,0,0,0,0,0,0,0,0,0,0,0,0,0,0,0,0,0,0,0,0,0,0,0,0,0,0,0,0,0,1,0,0,2,1,1,2,2,0,0,4,2,6,3,1,2,2,1,3,3,2,3,2,1,2,3,5,4,1,2,5,4,1,3,2,2,5,3,5,2,4,2,2,3,4,2,1,2,2,6,3,1,2,4,4,3,0,0,0,1,0,3,0,0,0,0,0,0,0,0,0,0,0,0,0,0,0,0,0,0,0,0,0,0,0,0,0,0,0,0,0,0,0,0,0,0,0,0,0,0
B,"BUCUREŞTI SECTORUL 6","BUCUREŞTI SECTORUL 6",179196,1202,"ŞCOALA GIMNAZIALĂ ”REGELE MIHAI I”",U,930,1,372,10,0,0,382,10,14,37,52,51,9,20,53,59,77,0,1,3,4,1,0,1,1,1,0,0,1,1,6,2,2,0,1,1,2,2,6,7,6,3,6,3,6,5,4,1,7,4,2,2,2,1,1,4,4,2,2,2,0,0,2,1,2,0,0,1,4,9,5,4,7,7,1,3,5,0,0,0,0,0,0,0,0,1,1,0,0,0,1,0,0,0,0,0,0,0,0,0,0,0,0,0,0,0,0,0,0,0,0,0,0,0,0,0,0,0,0,0,0,2,2,2,1,0,2,1,1,1,1,3,2,1,4,4,2,3,5,2,6,9,3,3,8,5,9,6,5,4,2,3,3,2,1,4,2,4,2,3,1,1,0,3,2,5,6,2,3,6,10,10,7,5,9,5,2,6,4,2,2,1,0,1,0,0,0,0,0,2,0,0,0,0,0,0,0,0,0,0,0,0,0,0,0,0,0,0,0,0,0,0,0,0,0,0,0,0,0,0,0,0,0
B,"BUCUREŞTI SECTORUL 6","BUCUREŞTI SECTORUL 6",179196,1203,"ŞCOALA GIMNAZIALĂ NR.156",U,1477,8,497,4,0,0,501,9,33,50,85,69,9,21,49,85,91,2,0,3,1,0,1,2,2,5,3,3,1,3,2,6,5,3,3,2,6,6,1,5,8,1,10,8,9,5,6,8,8,4,4,2,6,1,4,4,3,4,5,6,2,2,0,2,4,3,0,5,2,13,5,7,10,2,7,2,2,0,2,1,0,1,1,0,1,0,0,1,0,0,0,0,0,0,0,0,0,0,0,0,0,0,0,0,0,0,0,0,0,0,0,0,0,0,0,0,0,0,0,0,0,3,0,3,1,2,0,1,0,1,3,1,2,4,1,7,1,3,3,4,9,3,5,5,4,9,4,4,5,5,10,2,4,3,4,7,3,6,4,5,4,3,2,2,1,9,2,7,6,9,10,4,9,8,9,3,8,2,7,3,1,0,2,1,1,0,0,0,0,0,1,0,0,0,0,0,0,0,0,0,0,0,0,0,0,0,0,0,0,0,0,0,0,0,0,0,0,0,0,0,0,0,0
B,"BUCUREŞTI SECTORUL 6","BUCUREŞTI SECTORUL 6",179196,1204,"ŞCOALA GIMNAZIALĂ NR.156",U,1694,3,717,3,0,0,720,14,31,78,136,85,11,37,89,149,90,2,2,3,1,2,2,2,4,2,3,0,4,3,4,2,5,4,5,8,2,10,13,13,5,4,10,8,11,9,7,9,16,8,10,4,5,3,5,11,2,4,4,6,7,3,6,6,8,8,9,7,6,7,8,9,6,5,3,0,1,1,0,2,1,0,0,2,0,0,0,1,0,0,0,0,0,0,1,0,0,0,0,0,0,0,0,0,0,0,0,0,0,0,0,0,0,0,0,0,0,0,0,0,0,2,2,4,0,1,2,1,3,4,2,4,2,3,1,9,8,6,6,13,14,7,12,8,6,10,7,6,13,10,10,7,11,3,5,7,6,5,5,9,12,6,6,6,6,6,10,15,5,7,5,4,13,7,4,6,9,2,2,1,3,3,0,1,3,0,0,0,0,0,0,0,0,0,0,0,0,0,0,0,0,0,0,0,0,0,0,0,0,0,0,0,0,0,0,0,0,0,0,0,0,0,0
B,"BUCUREŞTI SECTORUL 6","BUCUREŞTI SECTORUL 6",179196,1205,"ŞCOALA GIMNAZIALĂ NR.156",U,1466,1,571,6,0,1,578,9,32,61,79,79,16,37,44,110,111,1,1,0,5,0,0,2,1,3,4,5,2,1,7,2,2,5,4,6,6,4,4,13,6,7,5,6,9,5,7,6,4,12,0,4,1,5,3,3,4,8,1,1,3,0,1,2,4,3,3,5,10,9,10,5,7,4,6,3,0,3,2,0,1,0,2,2,0,0,0,0,0,0,0,0,0,0,0,0,0,0,0,0,0,0,0,0,0,0,0,0,0,0,0,0,0,0,0,0,0,0,0,0,2,3,1,2,4,3,1,2,3,2,3,7,4,2,4,3,7,5,3,6,2,5,3,4,4,3,9,9,15,6,4,5,5,1,10,6,4,8,6,8,8,1,1,3,1,5,4,7,11,9,15,10,14,6,6,8,5,4,8,3,0,2,0,0,1,0,0,0,0,1,0,1,0,0,0,0,0,0,0,0,0,0,0,0,0,0,0,0,0,0,0,0,0,0,0,0,0,0,0,0,0,0,0
B,"BUCUREŞTI SECTORUL 6","BUCUREŞTI SECTORUL 6",179196,1206,"ŞCOALA GIMNAZIALĂ NR.156",U,1620,1,642,3,0,1,646,17,43,92,102,53,23,49,83,98,86,3,0,4,4,3,1,2,1,4,1,5,5,4,4,6,6,7,12,11,9,13,7,10,10,5,6,9,8,5,8,7,9,6,6,8,2,8,6,10,3,7,1,4,1,2,1,0,3,6,5,4,0,4,7,2,4,2,3,4,1,3,0,0,0,1,1,0,1,0,0,0,1,0,0,0,1,0,0,0,0,0,0,0,0,0,0,0,0,0,0,0,0,0,0,0,0,0,0,0,0,0,0,0,4,3,4,2,4,3,3,2,0,2,4,4,3,5,12,6,11,11,11,12,7,2,11,12,4,4,9,4,11,7,9,5,5,9,3,4,4,7,2,6,6,0,1,3,2,4,6,2,7,6,11,5,5,9,7,9,4,5,5,2,2,2,0,4,0,1,0,0,0,0,0,0,0,0,0,0,0,0,0,0,0,0,0,0,0,0,0,0,0,0,0,0,0,0,0,0,0,0,0,0,0,0,0
B,"BUCUREŞTI SECTORUL 6","BUCUREŞTI SECTORUL 6",179196,1207,"ŞCOALA GIMNAZIALĂ NR.156",U,1578,15,683,10,0,0,693,17,58,89,107,58,17,80,71,115,81,2,1,4,3,2,3,2,2,5,3,6,7,10,3,7,10,5,10,10,9,8,13,9,9,6,9,6,9,7,7,5,8,6,3,5,4,2,6,2,7,8,4,6,9,4,1,4,5,4,3,2,5,7,4,6,2,2,1,4,0,5,2,0,1,0,0,2,0,0,0,0,0,0,1,1,1,0,0,0,0,0,0,0,0,0,0,0,0,0,0,0,0,0,0,0,0,0,0,0,0,0,0,0,4,2,1,3,1,3,3,4,8,7,6,8,15,14,4,5,9,7,6,11,5,6,8,9,6,6,7,8,5,8,3,7,7,5,9,4,3,7,7,4,9,4,3,4,5,6,7,7,5,4,10,5,10,2,3,7,4,6,3,2,2,2,1,1,0,3,0,1,1,1,0,1,0,0,0,0,0,0,0,0,0,0,0,0,0,0,0,0,0,0,0,0,0,0,0,0,0,0,0,0,0,0,0
B,"BUCUREŞTI SECTORUL 6","BUCUREŞTI SECTORUL 6",179196,1208,"ŞCOALA GIMNAZIALĂ NR.156",U,1996,32,850,20,0,0,870,20,84,118,143,69,23,87,102,141,83,0,1,2,7,7,2,1,10,4,14,5,10,10,2,8,14,7,8,8,7,23,10,14,8,16,12,12,14,10,16,11,6,8,5,7,8,6,7,6,9,11,4,3,4,1,2,5,2,6,8,5,6,3,7,2,4,3,2,6,3,1,0,0,3,2,1,0,1,0,0,0,1,2,0,1,0,0,0,0,0,0,0,0,0,0,0,0,0,0,0,0,0,0,0,0,0,0,0,0,0,0,0,0,3,4,4,4,3,2,3,7,5,8,10,8,11,13,10,10,5,13,6,7,14,13,11,8,4,10,16,14,8,11,10,6,7,11,6,4,3,5,9,6,6,8,4,3,1,14,5,6,4,9,8,5,5,5,4,2,1,1,7,2,1,4,5,1,5,2,2,0,2,0,1,1,0,0,0,0,0,0,0,0,0,0,0,0,0,0,0,0,0,0,0,0,0,0,0,0,0,0,0,0,0,0,0
B,"BUCUREŞTI SECTORUL 6","BUCUREŞTI SECTORUL 6",179196,1209,"ŞCOALA GIMNAZIALĂ NR.156",U,1802,20,565,5,0,0,570,24,42,46,113,52,18,34,57,115,69,3,4,3,3,3,4,4,3,0,8,2,6,4,5,6,3,5,3,0,2,3,6,7,6,6,9,4,4,6,6,15,5,6,4,4,4,5,6,8,12,9,3,2,6,4,4,0,2,10,1,2,5,3,3,3,2,0,1,3,2,2,4,1,2,0,4,1,0,0,0,0,1,0,0,0,0,0,0,0,0,0,0,0,0,0,0,0,0,0,0,0,0,0,0,0,0,0,0,0,0,0,0,0,3,4,3,1,5,0,2,2,2,1,1,4,8,5,2,7,2,7,5,7,3,7,1,7,8,8,4,8,7,11,7,6,2,6,7,3,4,7,10,9,13,1,3,1,2,7,1,1,2,6,2,1,5,7,3,2,5,5,1,1,4,6,4,5,4,1,0,2,1,0,1,0,0,0,0,0,0,0,0,0,0,0,0,0,0,0,0,0,0,0,0,0,0,0,0,0,0,0,0,0,0,0,0
B,"BUCUREŞTI SECTORUL 6","BUCUREŞTI SECTORUL 6",179196,1210,"ŞCOALA GIMNAZIALĂ NR.156",U,1354,9,453,4,0,1,458,11,28,47,69,56,9,26,50,85,77,2,4,1,1,2,1,0,1,3,5,2,1,2,5,2,1,6,5,6,6,5,4,8,3,2,2,6,8,7,3,2,3,3,3,2,1,3,4,7,4,2,3,0,4,5,3,2,3,3,6,4,1,5,5,2,4,2,3,2,5,2,2,1,0,0,1,1,0,2,0,1,0,0,0,0,1,0,0,0,0,0,0,0,0,0,0,0,0,0,0,0,0,0,0,0,0,0,0,0,0,0,0,0,0,3,3,2,0,1,0,2,2,3,0,4,3,2,5,0,5,6,5,5,0,6,4,6,6,7,5,4,9,5,4,3,4,5,1,5,4,3,3,7,6,3,2,3,3,6,5,7,3,6,3,5,11,4,3,4,4,3,2,3,1,2,2,1,4,5,0,0,1,0,1,1,0,0,1,0,0,0,0,0,0,0,0,0,0,0,0,0,0,0,0,0,0,0,0,0,0,0,0,0,0,0,0
B,"BUCUREŞTI SECTORUL 6","BUCUREŞTI SECTORUL 6",179196,1211,"ŞCOALA GIMNAZIALĂ NR.156",U,1438,3,511,5,0,1,517,7,26,61,93,71,12,30,49,85,83,1,1,0,1,3,0,1,0,1,2,5,3,3,5,2,1,4,6,5,3,7,8,7,5,6,7,7,3,8,8,4,9,9,9,4,3,0,5,2,8,2,5,1,4,7,2,0,3,4,9,6,3,8,8,6,3,5,5,2,3,2,2,0,1,0,0,0,1,0,0,0,0,0,0,0,0,0,0,0,0,0,0,0,0,0,0,0,0,0,0,0,0,0,0,0,0,0,0,0,0,0,0,0,2,2,1,1,2,3,1,2,3,2,4,2,2,6,1,4,4,4,3,5,9,4,6,1,2,8,7,5,5,5,10,5,5,5,3,1,9,2,7,3,6,1,3,2,2,1,5,7,5,8,9,9,4,12,4,5,6,2,1,3,0,2,3,1,0,1,0,0,0,0,0,0,1,0,0,0,0,0,0,0,0,0,0,0,0,0,0,0,0,0,0,0,0,0,0,0,0,0,0,0,0,0,0
B,"BUCUREŞTI SECTORUL 6","BUCUREŞTI SECTORUL 6",179196,1212,"ŞCOALA GIMNAZIALĂ NR.156",U,1951,31,716,9,0,0,725,24,97,94,112,44,28,101,78,105,42,3,3,1,1,5,5,6,5,2,6,7,13,16,10,13,12,13,11,18,17,6,7,8,5,4,12,6,13,6,8,12,2,2,8,5,5,7,3,5,7,9,4,3,4,5,3,1,3,4,6,4,3,3,2,4,2,2,4,3,1,0,2,0,0,0,0,0,0,0,1,0,0,0,0,0,0,0,0,0,0,0,0,0,0,0,0,0,0,0,0,0,0,0,0,0,0,0,0,0,0,0,0,0,7,3,5,2,5,5,1,4,4,5,12,9,13,15,16,13,10,14,8,8,7,4,4,8,12,7,6,11,1,11,5,0,7,7,6,6,5,4,6,10,7,3,2,4,5,2,3,2,3,6,2,5,4,3,4,1,1,3,2,2,1,1,1,0,0,0,1,0,0,0,0,0,0,0,0,0,0,0,0,0,0,0,0,0,0,0,0,0,0,0,0,0,0,0,0,0,0,0,0,0,0,0,0
B,"BUCUREŞTI SECTORUL 6","BUCUREŞTI SECTORUL 6",179196,1213,"LICEUL TEHNOLOGIC ”COSTIN C. KIRIŢESCU”",U,1348,39,541,6,0,0,547,17,42,78,63,57,16,44,67,82,81,4,1,3,2,3,2,2,2,3,4,6,2,4,5,8,4,4,9,7,10,7,13,5,7,4,9,7,7,4,5,9,3,3,4,4,0,3,6,4,1,3,1,2,2,0,1,1,1,1,2,8,3,14,4,3,3,2,1,2,3,2,2,1,1,0,2,1,0,0,0,0,0,0,0,0,1,0,0,0,0,0,0,0,0,0,0,0,0,0,0,0,0,0,0,0,0,0,0,0,0,0,0,0,4,3,2,2,2,2,1,1,2,6,3,6,0,3,6,4,13,8,7,6,3,3,6,10,11,7,6,5,8,7,7,6,7,8,1,7,2,1,4,2,2,1,4,1,1,1,7,4,7,6,5,8,7,8,9,4,6,3,5,3,1,2,0,1,1,1,0,0,0,0,0,0,0,0,0,0,0,0,0,0,0,0,0,0,0,0,0,0,0,0,0,0,0,0,0,0,0,0,0,0,0,0,0
B,"BUCUREŞTI SECTORUL 6","BUCUREŞTI SECTORUL 6",179196,1214,"LICEUL TEHNOLOGIC ”COSTIN C. KIRIŢESCU”",U,1385,5,518,21,1,0,540,15,32,77,74,55,26,30,75,76,80,1,3,2,3,1,2,3,2,3,3,3,3,5,3,6,2,2,7,9,9,4,6,13,9,9,5,6,7,4,5,5,10,7,2,4,4,3,4,2,4,7,0,2,3,0,1,0,0,4,5,1,1,3,1,6,5,2,10,3,1,1,2,1,1,0,3,1,0,1,1,0,0,0,0,0,1,0,1,0,0,0,0,0,0,0,0,0,0,0,0,0,0,0,0,0,0,0,0,0,0,0,0,0,2,6,2,3,1,6,6,3,0,3,1,4,3,2,7,4,3,8,14,8,8,5,6,7,5,6,8,2,6,3,6,9,5,6,2,3,1,1,4,7,3,1,4,3,4,1,5,4,5,0,5,0,6,6,4,8,8,3,7,5,1,3,2,3,2,2,3,0,2,0,1,0,0,0,0,0,0,0,0,0,0,0,0,0,0,0,0,0,0,0,0,0,0,0,0,0,0,0,0,0,0,0,0
B,"BUCUREŞTI SECTORUL 6","BUCUREŞTI SECTORUL 6",179196,1215,"LICEUL TEHNOLOGIC ”COSTIN C. KIRIŢESCU”",U,1198,12,442,11,0,0,453,14,19,31,84,59,19,36,34,87,70,3,2,0,1,5,0,3,1,0,2,4,2,1,2,4,1,2,4,3,1,2,6,4,2,2,2,5,4,6,2,4,14,5,5,2,6,5,3,4,7,5,0,2,2,3,2,3,2,0,2,0,1,3,2,3,2,5,4,9,4,4,2,3,0,2,4,1,2,0,1,1,0,0,0,0,2,0,0,0,0,0,0,0,0,0,0,0,0,0,0,0,0,0,0,0,0,0,0,0,0,0,0,0,2,4,1,3,3,5,1,3,3,5,3,6,3,0,5,2,6,0,6,5,4,0,3,1,3,7,5,8,3,6,9,9,5,7,7,2,1,4,5,4,4,0,1,1,4,3,4,1,2,3,2,5,4,6,10,4,5,2,5,3,1,5,4,1,2,3,1,0,0,0,0,1,0,0,0,0,0,0,0,0,0,0,0,0,0,0,0,0,0,0,0,0,0,0,0,0,0,0,0,0,0,0,0
B,"BUCUREŞTI SECTORUL 6","BUCUREŞTI SECTORUL 6",179196,1216,"LICEUL TEHNOLOGIC ”COSTIN C. KIRIŢESCU”",U,1224,10,449,9,0,0,458,12,29,47,65,56,10,31,42,85,81,2,1,1,2,2,3,1,1,3,1,2,3,4,4,3,5,3,5,3,2,6,7,6,4,4,4,6,2,5,9,6,9,6,5,1,2,1,2,1,4,4,1,2,0,1,2,2,2,4,5,3,5,1,10,4,4,6,2,4,1,3,1,0,1,0,0,0,0,0,0,0,0,0,0,0,0,0,0,0,0,0,0,0,0,0,0,0,0,0,0,0,0,0,0,0,0,0,0,0,0,0,0,0,3,0,3,0,2,0,2,1,0,3,1,5,5,5,3,4,4,5,6,0,3,6,4,4,5,2,7,4,6,7,7,6,3,5,7,0,4,3,6,2,5,1,3,3,5,4,4,4,2,8,12,8,7,9,6,8,4,0,2,3,0,3,1,0,1,0,0,3,0,0,0,0,0,0,0,0,0,0,0,0,0,0,0,0,0,0,0,0,0,0,0,0,0,0,0,0,0,0,0,0,0,0,0
B,"BUCUREŞTI SECTORUL 6","BUCUREŞTI SECTORUL 6",179196,1217,"LICEUL TEHNOLOGIC ”COSTIN C. KIRIŢESCU”",U,1296,1,436,5,0,0,441,16,33,38,86,36,7,28,50,84,63,2,1,4,2,0,2,5,3,5,2,2,4,3,2,1,8,3,1,5,6,4,2,6,4,1,8,1,5,4,5,9,8,5,6,2,2,3,5,8,6,7,3,3,0,4,1,0,5,0,3,2,1,2,2,1,2,3,2,3,2,3,2,0,1,1,0,0,1,0,0,0,0,0,0,0,0,0,0,0,0,0,0,0,0,0,0,0,0,0,0,0,0,0,0,0,0,0,0,0,0,0,0,0,1,1,1,1,1,1,1,2,0,3,4,3,2,3,2,7,2,6,5,5,7,1,5,6,7,3,5,4,3,7,5,6,5,4,8,5,3,6,5,6,6,2,4,0,1,2,2,2,1,8,3,7,5,8,8,6,3,3,2,0,2,2,1,0,0,0,1,0,0,0,0,0,1,0,0,0,0,0,0,0,0,0,0,0,0,0,0,0,0,0,0,0,0,0,0,0,0,0,0,0,0,0,0
B,"BUCUREŞTI SECTORUL 6","BUCUREŞTI SECTORUL 6",179196,1218,"LICEUL TEHNOLOGIC ”COSTIN C. KIRIŢESCU”",U,925,28,332,4,0,0,336,10,19,28,63,33,10,21,31,72,49,1,0,2,3,1,2,1,0,1,2,2,1,2,1,1,3,6,1,4,1,4,3,2,1,3,3,6,2,3,2,5,5,6,4,1,6,4,2,3,5,4,1,3,0,4,1,2,1,2,3,2,1,3,2,0,4,0,1,4,0,2,1,0,1,0,0,2,1,1,1,1,0,0,0,0,0,0,0,0,0,0,0,0,0,0,0,0,0,0,0,0,0,0,0,0,0,0,0,0,0,0,0,0,4,2,1,0,1,2,0,1,1,3,1,4,2,3,1,2,3,5,1,4,1,5,3,0,4,6,2,8,4,4,7,1,1,6,3,1,2,7,1,9,7,2,0,5,2,0,2,4,4,4,3,2,4,3,8,6,2,2,2,1,0,1,2,0,1,0,0,0,0,0,0,0,0,0,0,0,0,0,0,0,0,0,0,0,0,0,0,0,0,0,0,0,0,0,0,0,0,0,0,0,0,0,0
B,"BUCUREŞTI SECTORUL 6","BUCUREŞTI SECTORUL 6",179196,1219,"LICEUL TEHNOLOGIC ”COSTIN C. KIRIŢESCU”",U,1157,81,457,8,0,0,465,15,30,50,77,35,14,31,45,107,61,4,1,2,2,0,5,1,2,1,4,2,2,5,4,5,3,2,6,5,4,9,5,4,5,4,5,3,4,6,8,2,4,4,5,2,4,3,2,3,6,9,1,4,2,1,4,3,1,2,2,2,5,0,1,0,3,2,0,1,1,1,1,0,1,2,2,1,0,0,2,2,0,1,1,1,0,0,0,0,0,0,0,0,0,0,0,0,0,0,0,0,0,0,0,0,0,0,0,0,0,0,0,0,1,0,4,1,4,3,1,2,1,2,3,5,4,1,6,4,3,3,10,4,4,5,4,4,3,4,4,4,5,6,13,9,3,6,1,7,5,2,4,11,11,3,2,3,6,3,3,1,6,3,2,2,3,1,2,4,2,2,7,0,3,1,2,2,4,3,2,1,1,2,1,0,1,0,2,0,0,1,0,0,0,0,0,0,0,0,0,0,0,0,0,0,0,0,0,0,0,0,0,0,0,0,0
B,"BUCUREŞTI SECTORUL 6","BUCUREŞTI SECTORUL 6",179196,1220,"LICEUL TEHNOLOGIC ”COSTIN C. KIRIŢESCU”",U,1073,42,465,10,0,0,475,9,24,51,83,57,14,37,55,78,67,2,0,1,1,1,1,3,2,3,1,1,4,2,3,1,3,4,5,5,6,3,3,4,5,2,8,10,10,12,4,8,3,6,2,3,0,3,5,3,9,4,2,3,1,4,0,1,2,2,3,3,9,5,4,6,4,5,4,3,0,1,1,0,0,3,0,1,0,1,0,0,0,0,0,0,0,0,0,0,0,0,0,0,0,0,0,0,0,0,0,0,0,0,0,0,0,0,0,0,0,0,0,0,1,3,5,3,2,0,0,2,6,2,3,6,5,2,3,3,5,4,7,5,5,5,5,3,5,6,10,10,3,6,3,9,4,4,4,1,1,3,7,3,6,1,2,6,1,3,1,4,5,7,14,9,3,1,2,2,2,3,6,1,0,2,0,1,2,3,0,0,0,0,0,0,0,0,0,0,0,0,0,0,0,0,0,0,0,0,0,0,0,0,0,0,0,0,0,0,0,0,0,0,0,0,0
B,"BUCUREŞTI SECTORUL 6","BUCUREŞTI SECTORUL 6",179196,1221,"LICEUL TEHNOLOGIC ”COSTIN C. KIRIŢESCU”",U,1544,30,628,7,0,0,635,14,48,69,110,63,19,38,68,136,70,2,1,3,3,1,3,1,4,5,4,7,7,3,5,2,5,6,10,4,9,7,10,5,8,7,4,5,6,2,5,4,12,4,11,3,3,4,2,6,8,11,2,6,6,4,6,5,7,4,4,1,5,6,3,6,5,4,3,2,1,3,2,1,2,0,1,0,1,1,0,0,0,0,0,1,0,0,0,0,0,0,0,0,0,0,0,0,0,0,0,0,0,0,0,0,0,0,0,0,0,0,0,0,3,3,6,0,2,0,5,1,3,5,5,3,1,3,10,4,3,8,9,8,10,6,5,3,8,3,8,8,6,4,8,8,7,6,6,8,2,5,6,16,11,3,4,4,12,8,4,7,8,2,4,5,4,4,8,6,4,5,5,2,0,2,1,0,0,1,1,0,0,0,0,0,0,0,1,0,0,0,0,0,0,0,0,0,0,0,0,0,0,0,0,0,0,0,0,0,0,0,0,0,0,0,0
B,"BUCUREŞTI SECTORUL 6","BUCUREŞTI SECTORUL 6",179196,1222,"LICEUL TEHNOLOGIC ”COSTIN C. KIRIŢESCU”",U,1648,5,627,10,0,0,637,18,38,71,123,66,17,33,73,136,62,2,1,5,3,0,3,4,2,1,5,5,3,1,5,3,5,8,5,5,15,8,5,6,6,12,4,5,7,4,7,2,7,6,1,7,3,7,2,5,8,11,5,7,8,9,9,8,8,7,8,2,3,8,7,5,4,2,2,2,3,1,0,1,1,0,1,0,1,0,0,0,0,0,0,0,0,0,0,0,0,0,0,0,0,0,0,0,0,0,0,0,0,0,0,0,0,0,0,0,0,0,0,0,3,2,3,2,1,4,2,1,2,5,0,7,4,3,5,2,4,8,6,16,6,6,8,7,8,2,6,9,7,4,3,5,7,7,1,5,9,8,10,7,11,10,6,10,6,4,7,11,6,4,4,8,7,5,3,2,3,0,1,2,0,3,0,0,1,0,0,1,1,0,0,0,0,0,0,0,0,0,0,0,0,0,0,0,0,0,0,0,0,0,0,0,0,0,0,0,0,0,0,0,0,0,0
B,"BUCUREŞTI SECTORUL 6","BUCUREŞTI SECTORUL 6",179196,1223,"LICEUL TEHNOLOGIC ”COSTIN C. KIRIŢESCU”",U,1701,6,624,4,1,0,629,18,31,81,126,57,16,34,79,137,50,2,3,5,1,2,2,3,1,2,5,3,7,4,0,3,4,2,3,7,9,11,3,10,13,7,14,4,10,5,9,5,11,9,4,2,3,4,3,3,6,9,6,2,11,6,9,9,12,11,2,3,1,10,4,2,2,1,2,0,5,0,0,1,0,0,0,0,0,0,0,0,0,1,0,0,0,0,0,0,0,0,0,0,0,0,0,0,0,0,0,0,0,0,0,0,0,0,0,0,0,0,0,0,3,2,2,3,2,2,2,1,2,4,3,2,2,4,7,2,7,10,7,12,7,8,12,4,7,4,8,7,5,3,4,9,8,7,5,1,4,5,7,11,14,8,10,8,11,4,6,4,4,6,5,5,7,2,3,4,2,4,1,1,0,1,1,0,0,0,0,0,0,0,0,0,0,0,0,0,0,0,0,0,0,0,0,0,0,0,0,0,0,0,0,0,0,0,0,0,0,0,0,0,0,0,0
B,"BUCUREŞTI SECTORUL 6","BUCUREŞTI SECTORUL 6",179196,1224,"ŞCOALA GIMNAZIALĂ NR.142",U,1050,2,340,11,0,0,351,8,21,33,62,38,9,19,32,67,62,1,0,1,2,3,1,0,2,2,3,5,0,0,0,2,1,6,2,3,5,4,2,4,4,3,0,6,8,5,5,4,4,5,1,4,3,1,1,1,5,5,2,1,1,1,2,3,2,2,1,4,2,3,4,3,4,5,3,1,1,0,0,0,1,0,0,1,0,0,0,1,0,0,0,0,0,0,0,0,0,0,0,0,0,0,0,0,0,0,0,0,0,0,0,0,0,0,0,0,0,0,0,0,1,3,2,1,1,0,1,0,2,3,3,2,0,1,5,2,1,3,1,1,0,8,3,3,4,4,5,5,4,5,4,2,4,3,3,2,4,4,3,6,8,2,3,2,1,1,1,3,3,7,7,6,8,4,6,5,5,1,3,3,0,0,0,0,0,0,0,1,0,0,0,0,0,0,0,0,0,0,0,0,0,0,0,0,0,0,0,0,0,0,0,0,0,0,0,0,0,0,0,0,0,0,0
B,"BUCUREŞTI SECTORUL 6","BUCUREŞTI SECTORUL 6",179196,1225,"ŞCOALA GIMNAZIALĂ NR.142",U,1255,13,456,3,0,0,459,12,26,47,70,50,13,34,51,78,78,4,1,2,2,2,1,0,5,1,1,1,0,6,1,2,3,6,2,4,4,3,5,5,5,7,6,6,2,3,7,6,1,9,4,4,1,3,3,2,6,6,1,4,1,1,3,3,4,4,2,5,1,4,0,3,1,2,1,6,4,1,4,2,0,0,1,2,1,0,0,1,0,0,0,0,0,1,0,0,0,0,0,0,0,0,0,0,0,0,0,0,0,0,0,0,0,0,0,0,0,0,0,0,3,1,1,3,2,0,3,3,4,2,1,3,5,5,4,3,4,6,5,3,10,6,3,6,4,2,6,2,6,6,5,4,7,7,2,3,3,4,1,3,6,2,2,5,0,6,4,5,3,4,8,3,8,7,7,3,12,5,7,2,2,0,0,2,0,0,0,0,0,0,0,0,0,0,0,0,0,0,0,0,0,0,0,0,0,0,0,0,0,0,0,0,0,0,0,0,0,0,0,0,0,0,0
B,"BUCUREŞTI SECTORUL 6","BUCUREŞTI SECTORUL 6",179196,1226,"ŞCOALA GIMNAZIALĂ NR.142",U,1456,15,613,3,0,0,616,13,34,81,105,46,13,51,81,114,78,3,1,1,4,2,0,2,3,3,4,5,7,1,3,3,2,3,6,9,10,7,9,10,10,5,2,13,9,8,12,7,5,5,2,9,4,2,5,6,10,9,4,1,5,1,1,0,1,0,1,3,0,6,9,5,7,0,4,2,0,2,1,2,0,1,1,1,0,0,0,0,0,0,0,0,0,0,0,0,0,0,0,0,0,0,0,0,0,0,0,0,0,0,0,0,0,0,0,0,0,0,0,0,4,1,3,2,2,1,0,2,4,8,5,3,8,3,4,12,2,7,12,7,7,11,10,3,7,11,6,12,11,10,2,6,5,7,3,3,6,8,6,3,10,2,5,6,4,2,3,4,3,6,8,9,11,4,5,9,3,5,1,2,5,1,0,0,1,1,0,0,0,0,0,0,0,0,0,0,0,0,0,0,0,0,0,0,0,0,0,0,0,0,0,0,0,0,0,0,0,0,0,0,0,0,0
B,"BUCUREŞTI SECTORUL 6","BUCUREŞTI SECTORUL 6",179196,1227,"ŞCOALA GIMNAZIALĂ NR.142",U,1408,3,459,6,0,0,465,12,28,33,80,42,13,36,51,90,80,1,4,0,1,2,4,0,2,3,0,3,2,3,5,5,0,5,0,6,2,3,6,4,3,2,4,3,8,2,6,8,4,4,2,5,2,1,6,3,10,3,1,1,2,1,5,6,5,4,3,6,5,2,4,1,3,1,0,1,0,1,2,0,0,0,0,1,1,1,1,0,0,0,0,0,0,0,0,0,0,0,0,0,0,0,0,0,0,0,0,0,0,0,0,0,0,0,0,0,0,0,0,0,3,1,2,2,0,5,0,1,5,3,4,2,9,1,5,2,4,4,3,6,9,8,6,2,3,5,5,6,10,7,5,4,3,4,1,3,3,6,6,8,4,5,5,4,1,1,4,7,3,7,4,8,7,10,5,9,2,3,2,2,1,0,2,1,2,1,0,1,1,0,0,0,0,1,0,1,0,0,0,0,0,0,0,0,0,0,0,0,0,0,0,0,0,0,0,0,0,0,0,0,0,0,0
B,"BUCUREŞTI SECTORUL 6","BUCUREŞTI SECTORUL 6",179196,1228,"ŞCOALA GIMNAZIALĂ NR.142",U,1182,21,393,6,0,0,399,10,22,39,77,33,18,36,35,77,52,2,2,3,1,1,1,0,0,3,0,2,3,3,1,4,5,1,3,5,2,6,5,4,5,3,4,2,2,5,4,6,7,9,2,0,6,7,6,2,7,2,3,1,0,3,2,3,3,3,1,3,1,3,3,2,1,2,3,1,1,1,1,0,1,0,0,2,0,0,1,0,0,0,0,0,0,0,0,0,0,0,0,0,0,0,0,0,0,0,0,0,0,0,0,0,0,0,0,0,0,0,0,0,3,4,2,1,3,3,2,4,4,2,3,3,5,4,5,2,4,4,2,4,5,3,5,5,1,3,3,1,4,6,10,4,3,7,1,4,4,4,5,6,3,1,4,3,3,3,1,1,5,5,1,4,5,1,4,3,4,4,4,4,0,1,0,0,1,1,1,0,2,1,0,0,0,0,0,0,0,0,0,0,0,0,0,0,0,0,0,0,0,0,0,0,0,0,0,0,0,0,0,0,0,0,0
B,"BUCUREŞTI SECTORUL 6","BUCUREŞTI SECTORUL 6",179196,1229,"ŞCOALA GIMNAZIALĂ NR.142",U,1565,4,533,9,0,0,542,20,36,39,98,54,15,35,51,112,82,0,4,4,3,3,5,1,5,1,6,4,1,4,3,1,5,6,3,3,6,5,3,4,5,3,3,4,9,5,6,4,4,5,7,5,5,1,4,6,12,3,1,4,4,6,2,5,2,4,3,4,7,6,4,5,3,2,6,2,4,1,0,1,0,0,0,0,0,0,0,0,0,0,0,0,0,0,0,0,0,0,0,0,0,0,0,0,0,0,0,0,0,0,0,0,0,0,0,0,0,0,0,0,2,3,0,3,3,2,2,2,8,1,3,2,7,2,4,0,6,4,5,6,8,4,7,4,3,4,6,5,6,7,6,5,0,9,3,10,2,7,8,5,15,4,5,4,5,2,4,3,5,9,9,11,5,11,8,3,2,2,6,2,2,2,0,0,1,0,0,1,0,0,0,0,0,0,0,0,0,0,0,0,0,0,0,0,0,0,0,0,0,0,0,0,0,0,0,0,0,0,0,0,0,0,0
B,"BUCUREŞTI SECTORUL 6","BUCUREŞTI SECTORUL 6",179196,1230,"ŞCOALA GIMNAZIALĂ NR.142",U,1343,0,460,13,0,0,473,18,24,62,60,54,14,33,50,87,71,4,3,5,2,0,1,3,1,1,1,3,4,4,3,1,4,2,8,3,5,8,9,5,8,5,7,4,5,4,7,4,4,0,4,4,3,2,2,3,4,3,4,2,0,3,1,1,6,3,6,6,12,4,0,3,5,3,0,1,1,0,0,1,1,1,0,0,0,0,1,0,0,0,0,0,0,0,0,0,0,0,0,0,0,0,0,0,0,0,0,0,0,0,0,0,0,0,0,0,0,0,0,0,3,1,3,1,2,2,2,2,3,4,5,3,6,2,2,2,4,3,7,9,3,4,6,5,4,1,8,6,3,5,4,2,7,4,1,2,3,6,7,9,4,4,2,3,3,4,8,5,6,12,4,9,9,6,1,7,1,3,2,2,1,0,2,1,0,0,0,0,0,0,0,0,0,0,0,0,0,0,0,0,0,0,0,0,0,0,0,0,0,0,0,0,0,0,0,0,0,0,0,0,0,0,0
B,"BUCUREŞTI SECTORUL 6","BUCUREŞTI SECTORUL 6",179196,1231,"ŞCOALA GIMNAZIALĂ NR.142",U,1186,9,416,6,0,0,422,10,26,36,67,54,6,28,39,88,68,2,0,4,2,0,2,0,2,1,0,4,4,0,1,2,5,7,8,5,0,2,3,3,3,4,3,5,3,5,5,7,4,6,4,4,4,2,3,4,3,1,2,0,1,3,3,3,0,3,4,3,2,4,4,6,3,6,1,2,3,3,4,1,0,0,0,1,2,0,0,2,0,0,0,0,0,0,0,0,0,0,0,0,0,0,0,0,0,0,0,0,0,0,0,0,0,0,0,0,0,0,0,0,0,2,0,2,1,1,0,3,0,2,2,2,2,5,5,2,5,1,4,6,4,5,3,4,3,5,4,6,7,6,5,8,1,7,1,6,5,2,6,7,4,1,1,1,4,5,5,5,5,6,5,6,6,2,5,7,4,4,6,2,2,0,0,0,1,0,0,0,1,0,0,1,0,0,0,0,0,0,0,0,0,0,0,0,0,0,0,0,0,0,0,0,0,0,0,0,0,0,0,0,0,0,0
B,"BUCUREŞTI SECTORUL 6","BUCUREŞTI SECTORUL 6",179196,1232,"ŞCOALA GIMNAZIALĂ NR.142",U,1298,25,464,9,0,0,473,16,17,45,107,46,17,25,47,91,62,4,4,1,1,4,1,1,0,3,2,2,0,3,3,2,0,2,5,4,5,5,7,3,2,5,4,5,12,8,4,4,7,5,6,4,5,5,6,5,8,10,4,1,4,4,2,3,0,5,3,3,2,3,1,3,3,7,2,6,1,1,4,0,0,0,1,0,1,0,0,0,0,0,0,0,0,0,0,0,0,0,0,0,0,0,0,0,0,0,0,0,0,0,0,0,0,0,0,0,0,0,0,0,3,2,4,0,3,3,2,0,3,3,0,1,5,2,3,3,5,4,5,4,5,5,2,9,0,5,8,7,3,7,3,7,5,5,4,6,3,5,7,6,6,2,1,5,3,4,2,5,2,4,1,8,6,5,4,4,7,4,4,0,2,3,0,0,0,0,1,0,1,1,0,0,0,0,0,0,0,0,0,0,0,0,0,0,0,0,0,0,0,0,0,0,0,0,0,0,0,0,0,0,0,0,0
B,"BUCUREŞTI SECTORUL 6","BUCUREŞTI SECTORUL 6",179196,1233,"GRĂDINIȚA NR. 246",U,1336,29,490,7,0,0,497,22,27,57,95,53,11,26,56,107,43,3,6,1,6,1,1,4,0,2,3,4,5,1,4,4,3,1,3,2,9,12,5,6,6,4,5,5,10,4,4,4,1,3,2,5,6,4,5,3,6,8,5,5,5,5,3,7,7,3,2,9,5,5,4,3,6,0,2,0,1,1,1,0,1,1,1,0,0,1,0,0,0,0,0,0,0,0,0,0,0,0,0,0,0,0,0,0,0,0,0,0,0,0,0,0,0,0,0,0,0,0,0,0,3,2,2,2,1,1,0,2,3,4,2,2,2,3,4,1,3,4,7,4,4,4,6,5,8,2,12,3,4,6,5,1,5,7,2,8,5,4,2,11,8,4,10,4,6,7,5,6,1,4,3,5,5,1,1,6,5,2,1,0,0,0,2,0,0,0,0,0,0,1,0,0,0,0,0,0,0,0,0,0,0,0,0,0,0,0,0,0,0,0,0,0,0,0,0,0,0,0,0,0,0,0,0
B,"BUCUREŞTI SECTORUL 6","BUCUREŞTI SECTORUL 6",179196,1234,"GRĂDINIȚA NR. 246",U,1595,5,673,8,0,0,681,15,64,85,92,63,12,63,82,131,74,5,0,2,0,1,3,4,3,5,3,8,4,7,7,7,8,12,3,10,8,11,8,7,12,5,12,9,3,7,2,5,6,8,6,5,2,4,1,2,7,5,4,5,5,1,5,9,7,12,4,7,4,2,6,2,3,4,2,2,5,1,0,0,1,0,0,0,0,0,1,0,0,0,0,0,0,0,0,0,0,0,0,0,0,0,0,0,0,0,0,0,0,0,0,0,0,0,0,0,0,0,0,0,1,2,1,0,0,3,5,5,5,7,7,7,5,6,10,3,8,9,9,7,8,13,6,7,6,7,10,8,7,10,9,5,8,6,5,8,2,4,6,5,9,3,6,6,8,6,10,9,9,8,7,8,2,9,5,3,4,2,0,1,0,2,0,2,0,0,3,0,0,0,0,0,0,0,0,0,0,0,0,0,0,0,0,0,0,0,0,0,0,0,0,0,0,0,0,0,0,0,0,0,0,0,0
B,"BUCUREŞTI SECTORUL 6","BUCUREŞTI SECTORUL 6",179196,1235,"ŞCOALA GIMNAZIALĂ NR.117",U,1624,28,718,16,0,0,734,21,46,109,117,51,16,56,125,110,83,2,2,2,6,3,2,4,4,4,6,4,0,2,6,3,10,7,6,7,13,10,15,15,12,6,13,12,13,13,9,12,10,4,12,3,4,6,6,2,8,1,2,6,1,3,1,1,1,1,2,4,5,7,4,3,2,4,5,7,0,1,0,0,1,1,1,0,1,0,0,0,1,0,0,0,0,0,0,0,0,0,0,0,0,0,0,0,0,0,0,0,0,0,0,0,0,0,0,0,0,0,0,0,3,2,3,1,3,1,3,4,4,7,2,3,6,7,6,9,8,16,16,17,14,17,5,16,7,7,10,6,11,3,6,13,9,8,4,2,4,6,7,9,4,3,4,1,3,3,4,2,3,3,5,10,4,7,5,12,11,6,2,2,1,1,2,3,1,0,0,0,1,0,1,0,0,1,0,0,0,0,0,0,0,0,0,0,0,0,0,0,0,0,0,0,0,0,0,0,0,0,0,0,0,0,0
B,"BUCUREŞTI SECTORUL 6","BUCUREŞTI SECTORUL 6",179196,1236,"ŞCOALA GIMNAZIALĂ NR.117",U,1580,4,523,8,0,0,531,16,44,41,94,48,23,34,40,118,73,3,4,0,3,5,1,0,5,1,4,6,9,2,2,7,2,6,2,4,3,3,3,5,7,1,7,6,10,3,8,10,6,3,6,5,4,2,7,8,3,2,1,3,2,3,2,6,5,7,2,4,3,4,0,1,3,2,3,4,3,4,1,0,0,1,0,0,1,0,0,0,0,0,0,0,0,0,0,0,0,0,0,0,0,0,0,0,0,0,0,0,0,0,0,0,0,0,0,0,0,0,0,0,7,4,0,1,6,2,3,3,4,4,1,5,6,3,1,3,4,4,2,6,4,4,5,8,2,1,4,3,5,13,10,11,6,5,4,3,2,3,6,9,12,6,2,3,3,4,8,3,4,2,7,6,5,8,3,5,9,6,3,3,3,0,1,2,0,2,0,0,1,0,0,0,0,0,0,0,0,0,0,0,0,0,0,0,0,0,0,0,0,0,0,0,0,0,0,0,0,0,0,0,0,0,0
B,"BUCUREŞTI SECTORUL 6","BUCUREŞTI SECTORUL 6",179196,1237,"ŞCOALA GIMNAZIALĂ NR.117",U,1408,7,431,8,0,0,439,8,23,45,80,47,8,25,43,104,56,1,1,1,2,0,1,2,2,3,2,3,1,0,3,3,3,3,4,7,3,5,2,4,7,5,3,5,5,6,2,1,5,6,9,2,5,1,3,3,5,7,1,6,2,4,4,3,7,9,2,8,3,4,2,1,1,3,3,1,1,0,0,1,1,0,0,0,0,0,0,0,0,0,0,0,0,0,0,0,0,0,0,0,0,0,0,0,0,0,0,0,0,0,0,0,0,0,0,0,0,0,0,0,1,0,1,0,1,2,3,0,3,1,1,2,3,0,5,5,5,5,2,2,8,6,3,6,2,5,4,6,5,6,3,6,3,10,10,1,2,4,4,8,3,4,4,4,6,5,10,5,5,3,6,2,6,4,7,1,0,4,4,4,2,1,1,1,0,0,0,0,0,0,0,0,0,0,0,0,0,0,0,0,0,0,0,0,0,0,0,0,0,0,0,0,0,0,0,0,0,0,0,0,0,0,0
B,"BUCUREŞTI SECTORUL 6","BUCUREŞTI SECTORUL 6",179196,1238,"ŞCOALA GIMNAZIALĂ NR.117",U,1120,4,329,5,0,0,334,11,19,31,61,35,9,25,32,68,43,1,1,5,2,1,1,0,1,2,1,1,2,2,1,1,3,5,2,3,6,4,2,1,7,2,0,4,1,2,3,6,4,4,6,2,7,2,2,1,3,6,1,1,1,1,1,7,3,4,3,3,0,3,3,3,1,0,3,1,3,0,1,1,2,1,0,0,0,0,0,0,0,0,0,0,0,0,0,0,0,0,0,0,0,0,0,0,0,0,0,0,0,0,0,0,0,0,0,0,0,0,0,0,0,2,2,2,1,1,1,0,4,3,2,3,3,1,2,5,2,5,5,5,4,1,4,1,2,3,2,6,7,3,1,7,0,7,3,1,2,3,2,2,2,1,2,5,6,6,2,3,4,1,6,5,2,1,3,4,3,4,2,2,0,0,0,2,0,0,1,0,0,0,0,0,0,0,0,0,0,0,0,0,0,0,0,0,0,0,0,0,0,0,0,0,0,0,0,0,0,0,0,0,0,0,0
B,"BUCUREŞTI SECTORUL 6","BUCUREŞTI SECTORUL 6",179196,1239,"ŞCOALA GIMNAZIALĂ NR.117",U,1431,9,557,5,0,0,562,15,27,62,92,61,14,27,53,103,108,2,2,3,1,2,2,3,1,5,1,3,5,3,2,1,2,4,3,11,7,9,4,3,5,3,8,9,11,11,2,10,7,5,4,4,2,4,3,3,4,5,3,4,1,3,5,1,4,3,3,0,0,1,5,5,11,8,3,4,3,4,1,1,1,0,1,0,1,2,0,0,0,0,0,0,0,0,0,0,0,0,0,0,0,0,0,0,0,0,0,0,0,0,0,0,0,0,0,0,0,0,0,0,3,3,3,1,0,0,4,2,1,2,2,7,2,4,2,5,0,5,7,5,4,6,4,8,7,4,3,12,10,6,8,10,6,3,4,2,1,3,7,6,2,1,4,2,1,6,9,6,7,1,9,11,8,13,8,8,8,6,2,8,3,2,1,3,3,0,1,0,0,0,0,0,0,0,0,0,0,0,0,0,0,0,0,0,0,0,0,0,0,0,0,0,0,0,0,0,0,0,0,0,0,0,0
B,"BUCUREŞTI SECTORUL 6","BUCUREŞTI SECTORUL 6",179196,1240,"LICEUL TEORETIC ”TUDOR VLADIMIRESCU”",U,1562,29,660,10,0,0,670,19,73,65,91,57,27,84,71,94,89,3,3,4,1,1,4,3,5,7,8,8,8,4,7,6,11,9,9,4,11,4,8,4,5,10,4,6,10,10,5,8,6,9,1,3,2,3,4,6,5,4,4,1,3,0,4,3,1,2,4,1,1,0,6,2,1,2,2,7,3,7,1,5,0,1,6,1,1,1,0,0,1,0,1,0,0,0,0,0,0,0,0,0,0,0,0,0,0,0,0,0,0,0,0,0,0,0,0,0,0,0,0,0,2,5,1,4,6,3,6,4,9,10,9,9,8,11,3,15,6,3,9,4,7,11,5,12,8,6,6,7,5,5,6,6,5,7,2,7,7,6,7,6,7,2,2,2,0,4,1,3,4,6,2,4,3,7,3,5,2,5,10,7,4,8,4,3,0,2,3,1,1,1,0,0,0,0,0,1,0,0,0,0,0,0,0,0,0,0,0,0,0,0,0,0,0,0,0,0,0,0,0,0,0,0,0
B,"BUCUREŞTI SECTORUL 6","BUCUREŞTI SECTORUL 6",179196,1241,"LICEUL TEORETIC ”TUDOR VLADIMIRESCU”",U,1648,9,729,6,0,1,736,19,34,69,132,72,23,32,73,146,136,3,1,3,3,4,3,2,3,6,0,2,4,8,2,2,3,4,9,6,7,3,5,6,7,3,14,9,5,6,9,9,12,11,9,10,8,8,6,4,5,7,6,5,5,1,6,0,1,0,1,2,2,5,4,2,8,2,7,5,3,5,3,0,6,5,3,4,2,1,0,1,0,0,0,0,0,0,0,0,0,0,0,0,0,0,0,0,0,0,0,0,0,0,0,0,0,0,0,0,0,0,0,0,3,2,2,4,5,5,2,5,4,3,1,1,3,5,2,6,2,4,4,10,4,8,9,8,9,8,9,8,12,13,9,14,13,6,12,9,3,7,5,12,11,3,0,2,5,1,1,4,2,2,5,5,10,0,12,6,10,15,13,13,8,10,6,3,5,3,1,0,1,0,1,0,0,1,0,0,0,0,0,0,0,0,0,0,0,0,0,0,0,0,0,0,0,0,0,0,0,0,0,0,0,0,0
B,"BUCUREŞTI SECTORUL 6","BUCUREŞTI SECTORUL 6",179196,1242,"LICEUL TEORETIC ”TUDOR VLADIMIRESCU”",U,1287,3,539,7,0,0,546,18,21,52,92,74,18,26,43,102,100,3,2,5,4,3,1,0,2,1,1,2,2,2,2,3,1,5,5,5,3,5,5,6,5,5,5,8,5,6,6,5,7,10,5,6,4,4,4,5,2,3,5,2,2,3,2,6,3,4,3,2,1,3,3,3,6,5,9,7,2,4,5,2,5,1,0,0,2,2,2,0,0,0,0,0,0,0,0,0,0,0,0,0,0,0,0,0,0,0,0,0,0,0,0,0,0,0,0,0,0,0,0,0,5,2,1,2,1,3,4,4,1,2,3,3,5,1,3,3,1,4,3,5,5,5,3,8,5,4,1,4,6,6,8,4,6,8,8,4,4,4,10,3,8,2,2,2,2,5,6,3,4,3,2,4,11,12,8,7,5,6,8,6,7,3,4,2,3,1,0,0,0,0,1,0,0,0,0,0,0,0,0,0,0,0,0,0,0,0,0,0,0,0,0,0,0,0,0,0,0,0,0,0,0,0,0
B,"BUCUREŞTI SECTORUL 6","BUCUREŞTI SECTORUL 6",179196,1243,"LICEUL TEORETIC ”TUDOR VLADIMIRESCU”",U,1396,42,770,13,0,0,783,14,126,179,53,16,12,150,155,44,34,1,1,1,1,3,2,5,2,9,7,3,6,6,21,16,28,28,30,25,34,20,19,16,12,5,10,8,6,5,5,8,4,3,4,2,4,2,2,0,0,2,2,0,0,1,3,0,1,0,0,0,2,0,1,1,3,1,0,2,0,0,0,1,2,0,1,0,0,0,0,0,1,0,0,0,0,0,0,0,0,0,0,0,0,0,0,0,0,0,0,0,0,0,0,0,0,0,0,0,0,0,0,0,3,0,0,0,3,2,4,1,7,10,8,12,12,28,30,22,20,17,29,24,17,14,20,9,5,8,12,6,5,4,4,7,3,3,1,1,2,0,1,4,1,0,1,0,0,0,1,2,1,1,3,4,3,4,0,5,2,4,0,0,2,1,0,0,2,0,0,0,0,0,0,0,0,0,0,0,0,0,0,0,0,0,0,0,0,0,0,0,0,0,0,0,0,0,0,0,0,0,0,0,0,0,0
B,"BUCUREŞTI SECTORUL 6","BUCUREŞTI SECTORUL 6",179196,1244,"LICEUL TEORETIC ”TUDOR VLADIMIRESCU”",U,1294,127,544,8,0,0,552,18,39,53,92,51,24,45,60,107,63,4,3,4,1,3,2,1,1,3,4,7,4,4,6,2,4,4,5,3,9,3,6,5,10,4,5,3,7,3,8,3,2,5,5,11,0,3,2,3,13,9,1,1,5,4,3,4,3,5,5,4,2,2,1,4,1,4,1,3,0,4,1,2,0,0,2,1,0,2,2,0,0,0,0,1,1,0,0,0,0,0,0,0,0,0,0,0,0,0,0,0,0,0,0,0,0,0,0,0,0,0,0,0,6,1,4,3,4,4,2,3,7,2,5,8,5,4,2,4,5,8,4,8,9,6,5,8,5,3,4,5,2,8,4,7,8,2,6,5,2,6,5,13,5,3,1,6,10,5,4,5,2,8,0,2,3,3,1,5,3,2,2,1,6,3,4,2,0,3,3,1,1,1,1,1,0,0,0,0,0,0,0,0,0,0,0,0,0,0,0,0,0,0,0,0,0,0,0,0,0,0,0,0,0,0,0
B,"BUCUREŞTI SECTORUL 6","BUCUREŞTI SECTORUL 6",179196,1245,"UNIVERSITATEA BUCUREȘTI - FACULTATEA DE FILOSOFIE",U,1446,47,658,15,0,1,674,18,55,108,97,48,11,83,111,93,50,4,1,1,5,1,4,2,3,3,2,3,3,8,5,6,10,12,7,18,16,9,14,12,9,8,7,8,8,2,4,6,9,8,8,5,6,4,2,1,4,7,5,3,5,6,3,1,6,6,1,1,3,3,3,2,5,1,1,2,3,2,1,0,0,0,0,1,2,0,1,3,0,1,0,0,0,0,0,0,0,0,0,0,0,0,0,0,0,0,0,0,0,0,0,0,0,0,0,0,0,0,0,0,3,1,0,3,0,4,0,6,5,3,10,8,6,11,8,14,12,15,14,13,9,18,12,8,8,9,5,4,3,6,12,6,5,5,6,4,3,5,3,4,6,5,3,7,1,2,3,5,4,1,4,1,1,3,4,3,1,0,7,1,1,1,1,1,3,1,1,0,1,3,1,0,0,1,0,0,0,0,0,0,0,0,0,0,0,0,0,0,0,0,0,0,0,0,0,0,0,0,0,0,0,0,0
B,"BUCUREŞTI SECTORUL 6","BUCUREŞTI SECTORUL 6",179196,1246,"COLEGIUL UCECOM ”SPIRU HARET”",U,1825,91,774,12,0,0,786,20,133,148,67,24,17,154,124,75,24,1,3,1,3,4,5,3,8,11,8,11,14,16,16,11,18,20,19,22,24,20,15,10,9,10,13,6,10,4,7,6,6,2,4,0,1,2,4,2,2,2,1,3,1,3,4,3,2,0,0,3,3,1,2,1,3,2,2,1,0,0,0,1,1,0,0,1,0,1,0,0,0,0,0,0,0,0,0,0,0,0,0,0,0,0,0,0,0,0,0,0,0,0,0,0,0,0,0,0,0,0,0,0,1,2,0,1,5,4,4,10,7,22,17,14,16,15,21,17,15,15,17,18,20,7,21,8,4,8,6,7,5,3,2,6,2,5,4,2,7,1,4,5,7,2,4,2,4,0,3,2,1,2,3,3,2,2,1,1,0,1,0,2,0,1,1,0,1,0,0,1,0,0,0,0,0,0,0,0,0,0,0,0,0,0,0,0,0,0,0,0,0,0,0,0,0,0,0,0,0,0,0,0,0,0,0
B,"BUCUREŞTI SECTORUL 6","BUCUREŞTI SECTORUL 6",179196,1247,"COLEGIUL UCECOM ”SPIRU HARET”",U,1525,59,707,11,0,0,718,6,120,143,45,7,18,155,154,55,15,0,0,1,1,0,1,3,9,6,7,9,12,13,8,21,15,20,22,17,27,15,23,9,13,7,7,3,3,11,4,5,1,1,1,1,3,1,2,1,3,2,0,1,2,0,1,2,0,1,0,2,0,0,1,0,2,0,0,0,0,0,1,0,0,0,0,0,0,0,0,0,0,0,0,0,0,0,0,0,0,0,0,0,0,0,0,0,0,0,0,0,0,0,0,0,0,0,0,0,0,0,0,0,0,2,4,1,2,4,5,10,14,6,6,21,21,16,19,22,20,31,19,23,18,15,19,9,6,7,7,3,5,2,3,4,5,7,4,2,2,1,2,3,2,1,2,2,2,3,0,3,2,0,2,0,1,1,1,1,1,2,1,0,0,0,0,0,0,0,0,0,0,0,0,0,0,0,0,0,0,0,0,0,0,0,0,0,0,0,0,0,0,0,0,0,0,0,0,0,0,0,0,0,0,0,0
B,"BUCUREŞTI SECTORUL 6","BUCUREŞTI SECTORUL 6",179196,1248,"GRADINIȚA ȘCOLII GIMNAZIALE NR. 168",U,1644,21,444,8,0,30,482,18,24,43,103,47,17,27,33,114,56,4,2,2,3,2,3,2,2,2,1,5,2,3,2,2,1,4,4,3,7,4,4,6,3,4,6,2,9,2,6,7,8,4,3,3,5,2,6,4,13,10,3,3,2,4,5,4,4,3,4,4,1,2,4,1,4,5,3,1,3,0,1,0,1,1,0,1,0,0,0,0,0,0,2,1,0,0,0,0,1,0,0,0,0,0,0,0,0,0,0,0,0,0,0,0,0,0,0,0,0,0,0,0,3,3,5,1,2,2,1,3,1,4,0,3,4,1,3,4,4,6,2,5,2,3,4,3,1,4,3,7,6,6,8,4,7,3,5,5,3,6,8,13,6,3,7,6,3,4,4,3,7,3,7,3,8,8,2,2,0,2,2,1,0,1,0,3,0,1,1,0,0,1,0,0,0,0,1,0,0,0,0,0,0,0,0,0,0,0,0,0,0,0,0,0,0,0,0,0,0,0,0,0,0,0,0
B,"BUCUREŞTI SECTORUL 6","BUCUREŞTI SECTORUL 6",179196,1249,"GRADINIȚA ȘCOLII GIMNAZIALE NR. 168",U,1556,7,432,6,0,0,438,15,21,47,85,26,14,16,54,106,54,4,1,3,1,2,0,4,3,1,3,2,1,0,3,3,0,5,3,4,10,4,7,7,2,2,7,1,5,7,5,3,8,0,5,7,2,4,5,3,9,9,2,2,1,4,2,2,4,3,1,2,3,3,0,2,1,0,2,2,0,0,0,0,0,1,0,0,0,1,0,1,0,0,0,0,0,0,0,0,0,0,0,0,0,0,0,0,0,0,0,0,0,0,0,0,0,0,0,0,0,0,0,0,5,1,1,1,3,3,0,1,1,1,2,1,2,1,2,3,2,6,6,7,8,4,4,6,6,3,4,5,10,4,10,3,5,5,7,7,3,3,6,9,11,2,4,2,2,5,3,11,2,5,5,2,3,5,1,3,3,2,3,2,1,1,1,0,0,1,2,0,0,0,0,0,0,0,1,0,0,0,0,0,0,0,0,0,0,0,0,0,0,0,0,0,0,0,0,0,0,0,0,0,0,0,0
B,"BUCUREŞTI SECTORUL 6","BUCUREŞTI SECTORUL 6",179196,1250,"GRADINIȚA ȘCOLII GIMNAZIALE NR. 168",U,1637,10,503,6,0,0,509,9,26,63,74,66,12,30,57,97,75,2,0,0,2,1,1,3,1,2,2,2,2,3,6,1,5,2,5,3,6,12,11,5,3,5,6,7,4,4,9,7,4,4,6,6,4,3,3,4,2,2,2,2,1,1,6,0,3,6,8,2,4,8,5,6,5,4,4,2,2,1,3,2,0,0,1,0,0,0,0,0,0,0,0,0,0,0,0,0,0,0,0,0,0,0,0,0,0,0,0,0,0,0,0,0,0,0,0,0,0,0,0,0,3,3,0,1,3,0,2,2,3,2,4,3,2,3,5,5,1,4,8,6,6,8,8,6,5,3,3,6,6,6,8,8,3,2,2,7,3,2,7,5,6,2,4,5,3,5,7,7,9,7,6,12,8,7,4,4,1,3,2,1,1,0,1,0,0,0,0,0,2,0,0,0,0,0,0,0,0,0,0,0,0,0,0,0,0,0,0,0,0,0,0,0,0,0,0,0,0,0,0,0,0,0,0
B,"BUCUREŞTI SECTORUL 6","BUCUREŞTI SECTORUL 6",179196,1251,"GRADINIȚA ȘCOLII GIMNAZIALE NR. 168",U,1220,6,410,9,0,0,419,10,17,58,68,50,8,21,43,79,65,2,3,0,2,1,2,0,1,3,1,3,3,0,0,1,2,3,8,5,5,7,3,8,7,5,4,6,6,3,6,5,5,4,6,0,4,2,0,8,3,6,1,4,1,1,3,0,1,3,3,2,6,0,2,4,6,2,4,7,4,2,0,2,0,1,1,0,0,0,0,0,0,0,0,0,0,0,0,0,0,0,0,0,0,0,0,0,0,0,0,0,0,0,0,0,0,0,0,0,0,0,0,0,2,2,1,2,0,1,0,3,0,2,3,0,4,1,2,1,5,4,5,3,7,4,6,3,3,2,6,2,4,4,4,10,2,7,0,3,5,7,7,4,6,3,3,1,2,2,3,3,5,6,4,6,10,5,6,6,3,2,1,3,2,0,0,2,0,0,1,0,0,0,0,0,0,0,0,0,0,0,0,0,0,0,0,0,0,0,0,0,0,0,0,0,0,0,0,0,0,0,0,0,0,0,0
B,"BUCUREŞTI SECTORUL 6","BUCUREŞTI SECTORUL 6",179196,1252,"GRADINIȚA ȘCOLII GIMNAZIALE NR. 168",U,1584,7,433,9,0,0,442,13,33,56,72,45,5,39,66,71,42,3,3,1,1,3,2,0,2,3,1,0,4,5,5,5,5,3,3,7,6,8,9,6,5,5,3,4,5,3,3,8,4,4,6,3,1,3,4,2,2,3,2,4,6,2,3,4,3,7,4,5,4,3,4,5,0,1,1,0,0,0,2,0,1,1,0,1,1,0,0,1,0,1,0,0,0,0,0,0,0,0,0,0,0,0,0,0,0,0,0,0,0,0,0,0,0,0,0,0,0,0,0,0,3,0,1,1,0,0,0,0,1,2,5,4,4,9,6,3,5,8,7,14,3,9,2,7,5,6,5,4,4,5,1,8,3,3,6,3,0,3,2,6,0,4,6,2,6,3,2,4,12,1,3,2,5,3,3,1,2,0,1,0,1,0,0,2,0,0,0,1,0,0,1,0,0,0,0,0,0,0,0,0,0,0,0,0,0,0,0,0,0,0,0,0,0,0,0,0,0,0,0,0,0,0,0
B,"BUCUREŞTI SECTORUL 6","BUCUREŞTI SECTORUL 6",179196,1263,"COLEGIUL TEHNIC ”CAROL I”",U,1131,5,407,8,0,0,415,13,14,42,67,60,10,19,44,74,72,3,0,3,2,4,0,1,0,1,1,3,0,2,0,0,0,7,4,3,4,4,3,3,4,4,5,8,7,9,5,1,2,7,3,4,4,2,3,4,3,1,2,0,4,3,2,1,2,5,2,10,6,9,7,1,1,2,3,5,1,2,3,0,1,0,0,0,0,0,0,0,0,0,0,0,0,0,0,0,0,0,0,0,0,0,0,0,0,0,0,0,0,0,0,0,0,0,0,0,0,0,0,0,2,2,1,0,2,0,3,3,0,1,2,3,0,3,1,3,3,2,1,5,5,4,8,5,6,6,2,4,4,0,6,4,6,5,5,1,4,4,4,3,3,1,5,3,3,3,6,4,7,8,8,6,7,5,0,6,4,5,6,3,0,0,1,0,0,1,0,0,0,0,1,0,0,0,0,0,0,0,0,0,0,0,0,0,0,0,0,0,0,0,0,0,0,0,0,0,0,0,0,0,0,0,0
B,"BUCUREŞTI SECTORUL 6","BUCUREŞTI SECTORUL 6",179196,1264,"COLEGIUL TEHNIC ”CAROL I”",U,1066,2,376,8,0,0,384,9,15,48,66,38,12,22,50,73,51,2,1,0,3,1,2,0,2,1,1,1,1,3,3,1,2,0,3,0,4,5,2,5,6,4,5,14,5,6,6,4,3,2,6,6,1,5,3,4,4,3,0,4,1,1,2,0,0,3,3,2,1,2,6,6,3,2,2,1,0,2,0,2,0,0,1,0,1,0,0,0,0,1,0,0,0,0,0,0,0,0,0,0,0,0,0,0,0,0,0,0,0,0,0,0,0,0,0,0,0,0,0,0,5,3,1,1,0,1,1,2,1,0,2,4,3,2,4,2,2,3,3,9,3,6,4,5,6,6,5,9,2,8,5,4,6,2,5,4,2,3,5,3,3,1,0,5,1,4,1,5,4,5,4,3,9,4,1,2,1,4,5,2,1,1,0,0,0,0,0,0,0,0,0,0,0,0,0,0,0,0,0,0,0,0,0,0,0,0,0,0,0,0,0,0,0,0,0,0,0,0,0,0,0,0,0
B,"BUCUREŞTI SECTORUL 6","BUCUREŞTI SECTORUL 6",179196,1265,"COLEGIUL TEHNIC ”CAROL I”",U,1236,4,432,4,0,0,436,9,21,62,65,56,10,19,49,75,70,2,1,0,0,2,2,2,2,2,1,1,1,3,3,3,3,2,4,6,5,6,10,9,9,3,7,3,3,3,6,2,3,2,4,1,4,4,0,7,4,7,2,2,3,6,1,1,1,5,5,8,4,5,5,2,5,3,3,1,2,0,1,2,1,0,0,1,0,0,2,0,0,0,0,0,0,0,0,0,0,0,0,0,0,0,0,0,0,0,0,0,0,0,0,0,0,0,0,0,0,0,0,0,2,1,0,3,0,2,2,1,2,2,2,0,0,2,4,3,3,6,2,6,7,5,3,7,6,4,3,4,3,2,2,0,6,5,3,3,1,6,3,4,10,3,4,5,4,4,3,7,5,6,8,4,5,7,5,5,2,2,3,3,3,0,1,1,0,1,1,1,0,0,0,0,0,0,0,0,0,0,0,0,0,0,0,0,0,0,0,0,0,0,0,0,0,0,0,0,0,0,0,0,0,0,0
B,"BUCUREŞTI SECTORUL 6","BUCUREŞTI SECTORUL 6",179196,1266,"COLEGIUL TEHNIC ”CAROL I”",U,1220,8,431,6,0,0,437,11,22,54,66,57,11,27,37,101,51,0,0,3,3,0,3,2,2,2,2,4,1,1,5,1,3,1,2,8,5,3,3,11,5,4,10,3,2,1,4,2,6,2,4,1,4,1,2,5,4,6,3,3,5,4,3,4,6,3,8,5,5,8,3,4,2,2,3,1,1,3,0,0,2,0,1,0,0,0,0,0,0,0,0,0,0,0,0,0,0,0,0,0,0,0,0,0,0,0,0,0,0,0,0,0,0,0,0,0,0,0,0,0,1,2,3,1,1,1,2,1,4,2,5,3,2,3,0,5,2,5,4,3,2,6,3,6,3,4,1,5,3,5,6,4,7,3,0,2,4,5,4,8,7,9,2,8,6,5,8,5,5,6,6,5,4,3,6,5,0,1,2,0,1,0,1,0,0,0,0,1,0,0,0,0,0,0,0,0,0,0,0,0,0,0,0,0,0,0,0,0,0,0,0,0,0,0,0,0,0,0,0,0,0,0,0
B,"BUCUREŞTI SECTORUL 6","BUCUREŞTI SECTORUL 6",179196,1253,"LICEUL TEORETIC ”MARIN PREDA”",U,1501,0,455,5,0,0,460,12,22,50,85,41,16,34,48,90,62,1,1,0,2,5,3,0,1,2,2,4,0,2,2,1,5,3,6,3,6,0,8,5,7,4,5,6,8,5,8,5,6,6,3,3,1,3,3,4,5,7,7,1,3,2,2,3,2,4,0,2,8,8,2,2,1,3,3,1,0,0,0,0,2,0,0,0,2,0,0,0,0,0,1,0,0,0,0,0,0,0,0,0,0,0,0,0,0,0,0,0,0,0,0,0,0,0,0,0,0,0,0,0,4,5,2,1,1,2,1,4,7,1,5,2,2,0,4,5,4,3,6,4,5,8,6,3,6,4,3,4,7,6,7,4,3,2,2,6,2,5,4,5,9,4,4,2,1,5,8,3,4,8,4,9,7,5,4,3,4,3,2,2,2,0,0,0,0,0,2,0,0,0,0,0,0,0,0,0,0,0,0,0,0,0,0,0,0,0,0,0,0,0,0,0,0,0,0,0,0,0,0,0,0,0,0
B,"BUCUREŞTI SECTORUL 6","BUCUREŞTI SECTORUL 6",179196,1254,"LICEUL TEORETIC ”MARIN PREDA”",U,1551,3,476,7,1,0,484,8,25,69,67,55,7,31,69,83,70,2,1,1,1,1,1,1,2,0,2,4,2,2,2,4,3,4,7,3,7,2,10,9,7,5,13,6,7,6,4,8,3,4,6,4,4,1,0,1,5,5,1,0,1,4,2,1,1,7,2,2,6,5,6,2,4,3,4,2,3,2,1,2,0,2,0,0,0,1,0,0,0,0,0,0,0,0,0,0,0,0,0,0,0,0,0,0,0,0,0,0,0,0,0,0,0,0,0,0,0,0,0,0,2,0,0,2,2,1,0,2,0,0,4,4,3,1,7,4,6,7,6,6,11,4,9,5,8,3,10,2,8,7,7,3,7,4,1,0,2,4,7,6,6,1,3,2,3,3,7,5,5,6,4,11,8,4,4,9,4,3,4,0,1,0,0,1,0,0,0,0,0,0,1,0,0,0,0,0,0,0,0,0,0,0,0,0,0,0,0,0,0,0,0,0,0,0,0,0,0,0,0,0,0,0,0
B,"BUCUREŞTI SECTORUL 6","BUCUREŞTI SECTORUL 6",179196,1255,"LICEUL TEORETIC ”MARIN PREDA”",U,1524,30,451,9,0,0,460,14,16,52,85,61,17,23,43,81,68,1,2,1,0,6,3,1,1,1,2,2,2,2,2,2,1,1,3,5,4,5,7,6,5,8,1,8,8,5,11,5,5,4,5,1,4,1,3,3,8,9,3,1,2,2,1,4,4,7,4,6,6,2,5,5,6,5,2,3,2,1,0,2,0,0,1,0,0,0,0,0,0,0,0,0,0,0,0,0,0,0,0,0,0,0,0,0,0,0,0,0,0,0,0,0,0,0,0,0,0,0,0,0,2,7,2,0,2,0,4,3,2,2,3,2,2,3,2,2,2,6,3,5,7,4,4,2,1,5,6,7,4,6,7,7,3,5,0,2,2,0,2,6,11,0,2,3,4,6,4,4,4,6,11,4,9,7,2,6,2,5,3,1,2,1,0,0,0,1,0,0,0,0,0,0,0,0,0,0,0,0,0,0,0,0,0,0,0,0,0,0,0,0,0,0,0,0,0,0,0,0,0,0,0,0,0
B,"BUCUREŞTI SECTORUL 6","BUCUREŞTI SECTORUL 6",179196,1256,"LICEUL TEORETIC ”MARIN PREDA”",U,1281,8,409,5,0,0,414,7,29,51,65,60,11,25,40,75,51,0,2,1,1,1,1,1,3,0,3,0,3,3,4,4,6,3,6,9,7,3,7,4,5,7,1,2,6,5,9,3,6,2,5,2,2,2,1,4,7,6,1,0,1,1,1,1,4,4,5,3,4,5,6,2,6,3,2,3,1,2,2,3,0,0,3,0,0,1,0,0,0,1,0,0,0,0,0,0,0,0,0,0,0,0,0,0,0,0,0,0,0,0,0,0,0,0,0,0,0,0,0,0,1,3,3,1,1,1,1,0,3,3,1,3,2,2,3,3,5,5,3,7,1,1,1,4,4,8,6,7,7,8,3,5,5,1,3,2,4,5,2,5,5,0,2,5,3,1,2,5,6,6,4,5,2,3,4,0,6,3,2,2,2,1,0,0,0,0,0,0,0,0,0,0,0,0,0,0,0,0,0,0,0,0,0,0,0,0,0,0,0,0,0,0,0,0,0,0,0,0,0,0,0,0,0
B,"BUCUREŞTI SECTORUL 6","BUCUREŞTI SECTORUL 6",179196,1267,"ŞCOALA GIMNAZIALĂ NR.163",U,1509,9,506,4,0,0,510,13,25,64,72,66,10,25,55,97,83,1,3,2,3,1,1,2,2,4,2,3,4,2,1,1,2,4,4,6,6,4,5,8,10,6,7,8,8,4,9,6,2,5,5,4,0,3,5,4,3,2,5,1,1,2,1,2,6,5,10,7,6,7,6,4,1,1,5,1,2,3,1,1,0,0,0,0,0,0,0,0,0,0,0,0,0,0,0,0,0,0,0,0,0,0,0,0,0,0,0,0,0,0,0,0,0,0,0,0,0,0,0,0,2,1,1,1,2,2,1,1,1,1,2,4,1,3,3,4,5,1,5,7,3,4,10,7,9,5,4,9,5,8,8,8,4,3,2,2,5,4,3,4,8,3,1,1,5,6,8,6,10,7,9,8,5,4,10,4,4,3,3,0,3,1,0,2,0,1,2,0,0,1,0,0,0,0,0,0,0,0,0,0,0,0,0,0,0,0,0,0,0,0,0,0,0,0,0,0,0,0,0,0,0,0,0
B,"BUCUREŞTI SECTORUL 6","BUCUREŞTI SECTORUL 6",179196,1268,"ŞCOALA GIMNAZIALĂ NR.163",U,1377,18,459,10,0,0,469,12,18,59,79,49,15,37,44,98,58,2,0,0,3,1,2,4,2,0,2,1,1,2,1,0,7,2,7,8,8,4,7,8,5,5,5,2,9,8,4,1,3,2,6,8,4,2,2,3,5,3,3,7,0,3,2,4,3,7,8,4,3,3,5,1,1,6,3,0,1,1,1,0,0,1,1,0,0,0,0,0,0,0,0,0,0,0,0,0,0,0,0,0,0,0,0,0,0,0,0,0,0,0,0,0,0,0,0,0,0,0,0,0,1,2,1,2,4,3,2,3,4,3,1,5,2,7,4,3,5,3,3,6,6,6,3,7,2,4,4,6,8,8,2,7,4,1,4,4,2,4,7,4,12,1,2,8,2,5,7,7,10,7,4,4,5,5,3,4,3,2,4,0,0,0,0,0,0,0,0,0,0,0,0,0,0,0,0,0,0,0,0,0,0,0,0,0,0,0,0,0,0,0,0,0,0,0,0,0,0,0,0,0,0,0,0
B,"BUCUREŞTI SECTORUL 6","BUCUREŞTI SECTORUL 6",179196,1269,"ŞCOALA GIMNAZIALĂ NR.163",U,1118,3,350,7,0,0,357,12,22,40,61,30,10,27,46,68,41,0,0,3,2,0,5,2,1,1,3,4,0,0,3,2,5,3,5,3,3,2,2,4,5,4,9,3,2,3,2,2,2,6,1,7,2,2,2,5,4,7,4,3,2,1,1,3,3,3,3,2,2,3,1,3,0,1,1,2,0,0,1,0,2,0,0,2,0,0,0,0,1,0,0,0,0,0,0,0,0,0,0,0,0,0,0,0,0,0,0,0,0,0,0,0,0,0,0,0,0,0,0,0,3,0,3,1,2,0,1,1,2,5,1,3,2,2,5,3,3,6,4,2,5,9,8,4,2,4,2,4,0,2,3,4,7,8,1,7,7,5,2,4,5,1,1,3,1,1,2,7,3,4,1,4,2,4,4,2,2,0,1,0,1,3,1,0,1,1,0,0,0,0,0,0,0,0,0,0,0,0,0,0,0,0,0,0,0,0,0,0,0,0,0,0,0,0,0,0,0,0,0,0,0,0,0
B,"BUCUREŞTI SECTORUL 6","BUCUREŞTI SECTORUL 6",179196,1270,"ŞCOALA GIMNAZIALĂ NR.163",U,1053,2,332,6,0,0,338,12,18,37,54,42,7,13,47,68,40,2,3,2,3,0,1,1,3,2,1,2,2,1,3,1,1,2,1,2,3,1,4,4,9,3,6,4,5,4,4,3,3,0,2,5,3,2,2,3,4,4,1,0,4,3,0,2,1,5,3,3,5,6,2,0,2,4,1,1,3,0,1,0,0,0,0,2,2,0,0,0,0,0,0,0,0,1,0,0,0,0,0,0,0,0,0,0,0,0,0,0,0,0,0,0,0,0,0,0,0,0,0,0,1,0,1,1,2,2,0,1,3,1,1,1,1,1,0,1,3,4,5,3,4,7,5,4,7,3,5,2,2,3,2,3,3,4,6,2,4,2,4,5,9,3,2,1,5,2,4,1,5,7,6,3,4,4,2,4,0,0,1,1,2,0,0,0,0,0,0,0,0,0,0,0,0,0,0,0,0,0,0,0,0,0,0,0,0,0,0,0,0,0,0,0,0,0,0,0,0,0,0,0,0,0,0
B,"BUCUREŞTI SECTORUL 6","BUCUREŞTI SECTORUL 6",179196,1271,"ŞCOALA GIMNAZIALĂ NR.163",U,1197,6,414,8,1,0,423,11,19,51,81,40,8,22,57,75,59,1,1,0,4,1,2,2,3,2,2,1,2,1,2,1,2,3,6,6,3,7,6,6,5,4,4,4,5,9,6,13,1,5,2,1,3,3,4,3,5,9,0,3,3,2,2,2,3,5,4,3,6,5,0,1,3,1,2,3,0,0,1,0,2,0,0,0,0,0,0,0,0,1,0,0,0,0,0,0,0,0,0,0,0,0,0,0,0,0,0,0,0,0,0,0,0,0,0,0,0,0,0,0,2,1,0,1,2,1,1,0,3,1,1,4,4,1,2,2,4,1,5,6,8,7,9,7,2,7,5,7,5,3,7,2,4,2,3,0,3,4,4,5,7,2,2,5,3,2,5,6,5,5,6,1,7,3,2,5,5,2,0,1,1,3,1,2,2,0,0,1,0,0,0,0,0,0,1,0,0,0,0,0,0,0,0,0,0,0,0,0,0,0,0,0,0,0,0,0,0,0,0,0,0,0,0
B,"BUCUREŞTI SECTORUL 6","BUCUREŞTI SECTORUL 6",179196,1272,"ŞCOALA GIMNAZIALĂ NR.163",U,1089,33,363,9,0,0,372,8,14,44,57,59,9,17,40,58,66,1,3,0,2,1,1,0,1,1,1,0,3,1,0,2,1,4,3,1,3,4,1,5,6,7,6,8,5,7,4,1,7,4,5,0,0,3,3,5,2,4,1,2,1,0,1,2,3,2,3,2,5,5,3,7,8,5,3,3,4,0,1,0,2,0,0,0,1,1,1,0,0,0,0,0,0,0,0,0,0,0,0,0,0,0,0,0,0,0,0,0,0,0,0,0,0,0,0,0,0,0,0,0,5,1,1,0,1,0,1,2,2,0,1,2,2,2,3,0,3,2,0,7,1,9,7,5,3,3,3,4,3,6,3,3,5,2,1,2,2,4,3,8,3,2,0,1,2,2,2,4,7,3,12,5,10,1,3,7,3,2,3,2,1,0,0,1,0,0,0,1,0,1,0,0,0,0,0,0,0,0,0,0,0,0,0,0,0,0,0,0,0,0,0,0,0,0,0,0,0,0,0,0,0,0,0
B,"BUCUREŞTI SECTORUL 6","BUCUREŞTI SECTORUL 6",179196,1273,"ŞCOALA GIMNAZIALĂ NR.163",U,1171,3,401,9,0,0,410,16,24,40,89,32,19,10,45,82,53,4,3,1,4,1,1,2,2,3,2,2,2,2,3,3,4,1,3,4,1,7,1,7,5,4,4,4,6,11,5,2,3,5,7,2,3,4,3,6,10,9,3,2,0,2,1,5,2,1,5,0,3,2,4,1,1,1,2,1,1,2,0,0,1,0,0,0,0,2,1,0,0,0,0,0,1,0,0,1,0,0,0,0,0,0,0,0,0,0,0,0,0,0,0,0,0,0,0,0,0,0,0,0,5,2,0,2,2,5,3,1,0,1,1,3,1,1,1,1,0,4,6,2,9,6,5,5,3,3,2,4,4,5,4,7,2,6,4,2,3,2,9,10,6,2,1,2,3,3,3,6,2,3,1,3,7,5,3,4,2,4,3,1,1,1,0,3,0,1,0,0,0,2,1,0,0,0,0,0,0,0,0,0,0,0,0,0,0,0,0,0,0,0,0,0,0,0,0,0,0,0,0,0,0,0,0
B,"BUCUREŞTI SECTORUL 6","BUCUREŞTI SECTORUL 6",179196,1262,"LICEUL TEORETIC ”MARIN PREDA”",U,1295,3,437,9,0,0,446,10,28,47,62,63,8,24,34,90,80,2,1,3,2,2,0,0,7,2,3,6,1,2,1,2,4,0,2,2,7,4,9,7,3,4,5,4,5,3,5,0,4,4,2,2,5,2,2,1,3,6,1,4,3,1,4,5,1,7,5,7,2,2,6,5,6,1,3,6,3,0,3,1,2,0,0,1,0,0,0,0,0,1,0,1,0,0,0,0,0,0,0,0,0,0,0,0,0,0,0,0,0,0,0,0,0,0,0,0,0,0,0,0,3,1,0,1,0,1,2,4,3,0,6,2,0,0,4,3,2,3,3,4,3,6,6,2,1,3,3,4,7,8,4,1,0,3,5,0,6,3,9,6,5,4,4,0,6,7,8,1,10,8,7,12,9,4,6,3,4,4,2,0,2,1,1,1,1,0,0,1,1,0,1,1,0,0,0,0,0,0,0,0,0,0,0,0,0,0,0,0,0,0,0,0,0,0,0,0,0,0,0,0,0,0,0
B,"BUCUREŞTI SECTORUL 6","BUCUREŞTI SECTORUL 6",179196,1257,"LICEUL TEORETIC ”MARIN PREDA”",U,1190,4,396,10,0,0,406,9,24,59,65,40,10,19,54,64,62,1,2,2,0,1,1,2,1,1,1,1,0,2,2,8,4,4,3,0,6,3,5,11,6,9,9,7,10,6,3,3,6,3,6,2,2,4,3,2,5,0,4,0,2,1,0,3,3,2,4,5,5,3,1,4,2,5,0,4,1,1,0,0,0,0,0,0,0,0,0,0,0,0,0,0,0,0,0,0,0,0,0,0,0,0,0,0,0,0,0,0,0,0,0,0,0,0,0,0,0,0,0,0,2,1,0,3,2,1,1,0,2,1,3,3,1,1,4,0,4,4,2,6,3,6,7,4,5,5,12,4,5,3,2,7,3,2,2,5,3,0,1,5,2,0,2,4,6,4,4,3,4,6,4,9,9,4,3,2,4,5,3,1,1,2,0,0,0,1,0,0,0,0,0,0,0,0,0,0,0,1,0,0,0,0,0,0,0,0,0,0,0,0,0,0,0,0,0,0,0,0,0,0,0,0,0
B,"BUCUREŞTI SECTORUL 6","BUCUREŞTI SECTORUL 6",179196,1258,"LICEUL TEORETIC ”MARIN PREDA”",U,1365,0,471,4,0,0,475,16,26,40,82,39,7,21,63,111,70,4,3,1,3,3,2,0,1,1,4,3,4,4,1,2,3,3,3,0,4,2,5,3,4,6,7,6,10,3,9,3,7,2,4,3,6,4,4,6,10,1,1,2,3,1,0,3,2,3,2,1,1,7,1,4,1,5,1,2,1,2,1,1,2,0,1,0,0,0,1,0,0,0,0,0,0,0,0,0,0,0,0,0,0,0,0,0,0,0,0,0,0,0,0,0,0,0,0,0,0,0,0,0,0,1,0,3,1,1,1,1,3,1,2,1,2,4,3,1,3,4,5,5,6,7,7,6,4,8,11,8,7,6,4,8,4,4,3,8,8,9,2,11,11,2,3,1,3,5,4,3,5,1,4,8,7,5,5,2,2,7,4,1,2,1,4,4,0,0,2,1,0,1,0,1,0,0,0,0,0,0,0,0,0,0,0,0,0,0,0,0,0,0,0,0,0,0,0,0,0,0,0,0,0,0,0
B,"BUCUREŞTI SECTORUL 6","BUCUREŞTI SECTORUL 6",179196,1259,"LICEUL TEORETIC ”MARIN PREDA”",U,1533,7,449,5,0,0,454,10,21,40,87,42,21,25,65,92,51,4,1,1,0,1,3,0,1,1,1,2,4,3,4,0,2,3,2,5,2,6,2,6,5,4,4,4,8,11,7,10,7,5,0,3,2,5,3,3,4,5,1,2,2,7,1,1,4,2,2,1,3,6,2,2,3,6,3,3,0,0,0,2,1,0,0,1,1,0,0,0,0,0,0,0,0,0,0,0,0,0,0,0,0,0,0,0,0,0,0,0,0,0,0,0,0,0,0,0,0,0,0,0,7,1,3,3,6,0,1,1,2,3,0,2,2,3,2,2,8,7,2,5,10,6,7,7,6,5,10,10,4,5,12,4,7,4,3,5,3,7,4,2,6,2,3,2,3,3,3,1,6,4,3,4,5,1,5,3,5,4,1,3,0,2,1,1,0,0,0,1,1,0,0,0,0,0,0,0,0,0,0,0,0,0,0,0,0,0,0,0,0,0,0,0,0,0,0,0,0,0,0,0,0,0,0
B,"BUCUREŞTI SECTORUL 6","BUCUREŞTI SECTORUL 6",179196,1260,"LICEUL TEORETIC ”MARIN PREDA”",U,1203,3,446,8,0,0,454,18,23,41,86,37,12,42,51,82,62,1,2,1,4,5,2,3,1,1,2,4,5,2,3,2,2,1,2,6,2,3,5,3,3,5,6,6,5,7,5,6,4,6,5,3,3,2,4,5,9,5,3,6,4,0,3,1,7,1,3,3,0,3,4,1,0,0,3,3,0,0,2,0,1,0,2,2,1,0,0,0,1,0,0,0,0,0,0,0,0,0,0,0,0,0,0,0,0,0,0,0,0,0,0,0,0,0,0,0,0,0,0,0,3,2,2,1,1,3,0,3,1,8,5,3,4,3,4,5,6,7,2,4,8,3,3,4,7,3,10,3,4,4,3,6,6,4,3,3,5,4,6,9,3,4,4,3,2,1,5,5,4,0,9,3,2,4,1,13,8,2,0,0,1,2,1,1,0,0,1,0,1,1,0,2,0,0,0,1,0,0,0,0,0,0,0,0,0,0,0,0,0,0,0,0,0,0,0,0,0,0,0,0,0,0,0
B,"BUCUREŞTI SECTORUL 6","BUCUREŞTI SECTORUL 6",179196,1274,"ŞCOALA GIMNAZIALĂ NR.167 - CONTAINER",U,1196,3,324,7,0,0,331,7,11,36,60,37,10,23,31,74,42,2,1,2,0,0,1,1,0,0,0,0,0,1,2,3,1,4,3,4,3,3,4,5,4,4,6,0,3,4,2,5,4,3,2,3,1,9,1,3,5,6,2,2,1,3,0,1,4,3,2,4,4,5,1,2,2,1,2,1,1,1,0,1,1,0,1,0,0,0,0,0,0,1,0,0,0,0,0,0,0,0,0,0,0,0,0,0,0,0,0,0,0,0,0,0,0,0,0,0,0,0,0,0,0,2,2,2,4,0,0,0,2,2,4,4,1,6,2,0,2,1,5,3,3,4,5,2,2,2,4,5,3,2,4,2,2,6,1,4,2,2,7,7,6,3,4,0,2,4,8,4,3,6,3,4,6,4,2,1,2,0,1,1,0,2,0,1,1,0,0,0,0,0,0,0,0,0,0,1,0,0,0,0,0,0,0,0,0,0,0,0,0,0,0,0,0,0,0,0,0,0,0,0,0,0,0
B,"BUCUREŞTI SECTORUL 6","BUCUREŞTI SECTORUL 6",179196,1275,"ŞCOALA GIMNAZIALĂ NR.167 - CONTAINER",U,1321,4,417,10,0,0,427,8,11,56,67,55,9,22,49,81,69,3,0,1,2,0,1,1,1,2,3,0,0,0,2,0,0,3,4,7,3,6,7,7,5,3,5,9,7,2,6,6,7,2,3,5,6,5,4,3,2,3,1,1,0,3,1,0,5,4,6,3,4,7,5,3,3,1,3,3,0,3,0,0,2,2,0,0,1,0,0,0,0,0,0,0,0,0,0,0,0,0,0,0,0,0,0,0,0,0,0,0,0,0,0,0,0,0,0,0,0,0,0,0,0,1,6,0,1,0,1,1,3,3,1,1,3,1,1,3,5,6,6,2,5,3,7,6,7,6,1,9,6,4,4,7,3,4,3,9,0,4,8,5,5,1,2,0,1,2,4,5,7,8,4,4,6,5,4,6,5,6,1,1,0,2,1,2,2,0,0,0,0,0,0,0,0,0,0,0,0,0,0,0,0,0,0,0,0,0,0,0,0,0,0,0,0,0,0,0,0,0,0,0,0,0,0
B,"BUCUREŞTI SECTORUL 6","BUCUREŞTI SECTORUL 6",179196,1276,"ŞCOALA GIMNAZIALĂ NR.167 - CONTAINER",U,1079,7,408,8,0,0,416,11,13,41,57,55,11,15,46,66,101,3,2,2,2,1,0,1,2,1,0,0,0,1,1,2,3,3,0,5,4,3,7,2,3,3,5,9,11,6,5,3,4,2,0,1,1,2,3,3,3,6,1,2,1,1,1,1,4,0,2,1,3,4,12,9,1,1,4,3,0,2,1,1,2,0,2,1,0,1,0,0,0,1,0,0,0,0,0,0,0,0,0,0,0,0,0,0,0,0,0,0,0,0,0,0,0,0,0,0,0,0,0,0,4,1,0,0,2,2,2,1,1,2,1,0,1,1,2,4,2,1,1,6,6,5,5,8,5,3,6,4,5,5,4,9,3,2,5,2,4,1,4,2,6,1,1,0,0,5,3,6,6,13,7,7,11,8,7,5,2,8,8,4,4,2,0,0,2,0,1,0,0,0,0,0,0,0,0,0,0,0,0,0,0,0,0,0,0,0,0,0,0,0,0,0,0,0,0,0,0,0,0,0,0,0,0
B,"BUCUREŞTI SECTORUL 6","BUCUREŞTI SECTORUL 6",179196,1277,"GRĂDINIȚA ”FULG DE NEA”",U,981,0,282,8,0,0,290,6,12,29,54,29,5,17,36,60,42,2,0,1,0,1,0,2,1,1,0,1,0,1,2,1,3,2,1,0,2,2,4,6,2,3,6,3,7,5,2,7,6,2,3,2,1,3,5,1,0,5,0,0,1,2,1,1,0,2,1,2,1,2,4,3,4,2,2,1,0,2,2,0,1,0,0,0,0,0,0,0,0,0,0,0,0,0,0,0,0,0,0,0,0,0,0,0,0,0,0,0,0,0,0,0,0,0,0,0,0,0,0,0,1,2,1,0,0,1,0,1,1,2,6,0,0,2,2,1,2,1,4,6,3,2,5,3,5,6,1,7,4,5,4,1,4,2,5,5,1,2,1,5,1,1,2,1,1,4,4,0,4,3,2,5,2,8,4,2,0,1,0,3,3,1,0,0,0,1,1,0,1,1,0,0,0,0,0,0,0,0,0,0,0,0,0,0,0,0,0,0,0,0,0,0,0,0,0,0,0,0,0,0,0,0,0
B,"BUCUREŞTI SECTORUL 6","BUCUREŞTI SECTORUL 6",179196,1278,"GRĂDINIȚA ”FULG DE NEA”",U,1538,2,559,8,0,0,567,12,31,72,94,58,21,28,77,93,81,2,2,3,2,1,1,1,2,1,2,1,2,6,7,3,2,5,7,6,3,6,16,9,6,7,7,5,8,6,14,5,7,3,10,3,0,6,5,6,6,4,3,0,3,1,2,2,1,2,3,6,3,5,6,7,5,5,2,1,2,3,1,0,0,3,0,1,0,1,1,0,0,0,0,0,0,0,0,0,0,0,0,0,0,0,0,0,0,0,0,0,0,0,0,0,0,0,0,0,0,0,0,0,3,3,6,3,2,2,2,1,3,2,1,6,5,2,2,2,4,6,5,9,10,7,8,13,4,2,13,4,6,8,6,7,8,3,3,4,5,3,6,7,6,0,2,2,3,4,6,6,8,6,6,8,7,2,6,4,6,1,3,3,1,3,3,2,3,0,1,1,0,1,0,0,0,0,0,0,0,0,0,0,0,0,0,0,0,0,0,0,0,0,0,0,0,0,0,0,0,0,0,0,0,0,0
B,"BUCUREŞTI SECTORUL 6","BUCUREŞTI SECTORUL 6",179196,1279,"ŞCOALA GIMNAZIALĂ NR.167 - CONTAINER",U,1410,8,491,4,0,0,495,8,34,58,76,58,8,26,56,112,59,2,0,3,2,0,1,0,4,1,3,1,2,5,3,3,4,8,9,8,5,2,4,3,9,5,8,5,6,3,5,2,2,6,3,5,3,1,3,4,4,6,0,3,6,3,5,6,3,10,8,4,1,3,3,6,2,2,4,4,1,0,2,0,1,3,0,1,0,0,0,0,0,0,0,0,0,0,0,0,0,0,0,0,0,0,0,0,0,0,0,0,0,0,0,0,0,0,0,0,0,0,0,0,2,1,1,1,1,1,1,1,2,1,1,5,2,2,2,4,6,5,7,5,6,5,8,6,6,3,5,0,6,4,6,2,2,4,2,5,5,3,10,5,8,6,10,10,6,9,9,8,5,3,3,2,4,6,4,6,1,3,3,1,3,3,0,0,1,0,1,0,0,0,1,1,0,0,0,0,0,0,0,0,0,0,0,0,0,0,0,0,0,0,0,0,0,0,0,0,0,0,0,0,0,0,0
B,"BUCUREŞTI SECTORUL 6","BUCUREŞTI SECTORUL 6",179196,1280,"ŞCOALA GIMNAZIALĂ NR.167 - CONTAINER",U,970,6,351,8,0,0,359,22,19,43,51,30,12,21,48,67,46,3,4,4,3,3,2,3,1,3,2,1,1,1,3,3,1,3,1,3,6,2,3,8,7,5,5,3,5,7,2,6,4,2,5,3,2,4,2,2,2,1,1,0,1,1,0,1,3,1,4,4,1,1,3,2,2,4,0,0,2,0,1,0,2,0,0,0,0,0,0,0,0,0,0,0,0,0,0,0,0,0,0,0,0,0,0,0,0,0,0,0,0,0,0,0,0,0,0,0,0,0,0,0,3,3,3,1,1,0,1,5,0,1,4,1,2,2,3,1,2,2,1,10,5,7,7,3,3,6,4,4,7,6,6,1,2,6,2,3,2,3,3,4,6,1,4,1,2,1,3,4,0,5,3,5,6,4,2,2,2,5,3,2,0,0,1,1,0,0,0,0,0,0,1,0,0,0,0,0,0,0,0,0,0,0,0,0,0,0,0,0,0,0,0,0,0,0,0,0,0,0,0,0,0,0,0
B,"BUCUREŞTI SECTORUL 6","BUCUREŞTI SECTORUL 6",179196,1281,"ŞCOALA GIMNAZIALĂ NR.167 - CONTAINER",U,1043,2,381,8,0,0,389,9,12,58,61,51,4,19,46,75,54,1,0,2,0,2,1,3,1,1,1,1,0,2,4,1,1,0,4,4,6,8,7,6,8,7,7,1,5,8,1,3,6,0,3,2,0,4,2,3,5,4,2,2,2,4,3,2,4,8,10,5,2,5,2,5,3,1,2,1,0,0,2,0,0,0,0,0,1,0,0,0,0,0,0,0,0,0,0,0,0,0,0,0,0,0,0,0,0,0,0,0,0,0,0,0,0,0,0,0,0,0,0,0,1,1,0,0,1,1,0,3,0,2,2,1,2,2,1,2,4,2,6,6,4,6,6,5,6,4,1,2,5,4,7,3,2,1,2,3,3,3,6,6,5,4,2,1,6,7,3,5,9,7,7,4,6,4,4,0,2,1,1,1,0,0,0,0,3,0,0,0,0,0,0,0,0,0,0,0,0,0,0,0,0,0,0,0,0,0,0,0,0,0,0,0,0,0,0,0,0,0,0,0,0,0,0
B,"BUCUREŞTI SECTORUL 6","BUCUREŞTI SECTORUL 6",179196,1282,"ŞCOALA GIMNAZIALĂ NR.167 - CONTAINER",U,1235,3,429,8,0,0,437,15,18,48,82,43,11,12,59,98,51,3,2,4,1,1,2,2,0,0,3,1,3,0,3,2,4,2,4,1,2,6,9,9,3,8,3,3,7,5,4,5,5,6,3,3,5,4,1,4,2,0,2,6,1,5,7,7,3,6,11,1,2,2,3,2,3,2,1,0,3,1,2,0,1,0,0,0,0,0,0,0,0,0,0,0,0,0,0,0,0,0,0,0,0,0,0,0,0,0,0,0,0,0,0,0,0,0,0,0,0,0,0,0,2,1,2,2,2,0,2,1,0,0,0,3,2,0,3,0,3,6,5,9,6,9,5,6,2,6,5,2,6,4,6,9,4,5,4,3,4,2,6,7,5,3,4,7,5,7,5,6,6,4,7,4,4,1,1,4,1,3,0,2,1,1,1,0,1,1,2,0,0,0,0,0,0,0,1,0,0,0,0,0,0,0,0,0,0,0,0,0,0,0,0,0,0,0,0,0,0,0,0,0,0,0,0
B,"BUCUREŞTI SECTORUL 6","BUCUREŞTI SECTORUL 6",179196,1283,"ŞCOALA GIMNAZIALĂ NR.162",U,1080,4,335,9,0,0,344,6,13,33,77,36,15,21,28,77,38,2,1,0,0,1,1,1,0,1,3,0,2,0,1,2,1,3,1,5,4,1,3,3,4,4,3,5,6,3,3,6,2,8,7,4,4,4,6,5,6,3,3,2,2,2,0,1,0,4,4,4,3,1,2,1,4,3,2,1,1,1,1,1,0,0,2,0,0,1,0,0,0,0,0,0,0,0,0,0,0,0,0,0,0,0,0,0,0,0,0,0,0,0,0,0,0,0,0,0,0,0,0,0,4,2,0,0,2,1,6,2,2,2,0,1,1,1,1,6,5,2,2,4,3,3,1,4,2,3,4,7,1,6,2,4,2,5,5,2,7,5,2,5,1,5,3,6,2,2,5,4,1,3,2,3,6,1,2,2,2,3,4,2,0,0,1,0,1,0,0,1,0,0,0,0,0,0,0,0,0,0,0,0,0,0,0,0,0,0,0,0,0,0,0,0,0,0,0,0,0,0,0,0,0,0,0
B,"BUCUREŞTI SECTORUL 6","BUCUREŞTI SECTORUL 6",179196,1284,"ŞCOALA GIMNAZIALĂ NR.162",U,1756,13,502,13,0,0,515,13,50,48,91,37,15,53,56,89,63,2,4,0,3,1,3,0,0,1,0,7,8,5,8,5,4,12,1,7,6,5,8,8,3,4,3,3,6,5,8,4,1,5,5,5,4,2,5,8,8,9,3,4,1,3,4,1,2,4,1,5,1,4,3,2,1,4,2,0,1,3,3,0,0,1,0,0,0,0,0,0,0,0,0,0,0,0,0,0,0,0,0,0,0,0,0,0,0,0,0,0,0,0,0,0,0,0,0,0,0,0,0,0,3,2,3,2,1,2,2,0,3,4,7,8,5,7,9,5,5,6,5,12,6,6,6,4,7,2,2,8,6,6,3,4,4,3,6,4,5,4,4,6,11,0,6,0,3,1,5,4,3,5,3,5,8,4,4,5,2,5,3,1,0,3,2,0,2,1,1,2,0,0,0,0,0,0,0,0,0,0,0,0,0,0,0,0,0,0,0,0,0,0,0,0,0,0,0,0,0,0,0,0,0,0,0
B,"BUCUREŞTI SECTORUL 6","BUCUREŞTI SECTORUL 6",179196,1285,"ŞCOALA GIMNAZIALĂ NR.153",U,1167,0,264,7,0,0,271,8,9,20,74,23,15,20,29,53,20,3,1,0,1,2,1,0,0,0,2,1,2,0,0,0,3,1,2,1,1,2,2,0,1,2,5,4,8,6,2,3,7,4,4,2,5,2,10,2,5,6,1,1,0,2,2,2,2,1,2,2,1,1,4,3,3,1,2,1,0,0,0,0,0,0,0,0,0,0,0,0,0,0,0,0,0,0,0,0,0,0,0,0,0,0,0,0,0,0,0,0,0,0,0,0,0,0,0,0,0,0,0,0,2,2,2,4,2,1,2,6,2,2,0,1,0,1,5,2,1,2,0,0,4,4,1,4,2,7,5,3,7,4,2,3,1,5,1,1,3,2,2,4,3,1,0,2,3,2,4,1,0,1,2,3,4,3,1,0,1,1,1,0,0,0,0,0,0,1,1,0,0,0,0,0,0,0,0,0,0,0,0,0,0,0,0,0,0,0,0,0,0,0,0,0,0,0,0,0,0,0,0,0,0,0,0
B,"BUCUREŞTI SECTORUL 6","BUCUREŞTI SECTORUL 6",179196,1286,"ŞCOALA GIMNAZIALĂ NR.153",U,1540,5,315,7,0,0,322,16,14,26,88,32,9,14,29,63,31,4,2,3,1,1,1,4,2,0,1,1,2,2,1,0,2,3,0,6,3,0,4,4,4,1,1,3,5,6,5,6,4,5,0,6,1,3,4,6,9,5,2,3,7,2,3,6,5,5,3,1,3,1,2,3,0,0,2,2,0,0,2,1,1,0,1,0,0,0,0,0,0,0,0,0,0,0,0,0,0,0,0,0,0,0,0,0,0,0,0,0,0,0,0,0,0,0,0,0,0,0,0,0,2,2,0,0,3,0,2,2,1,1,1,1,1,2,3,2,0,3,3,4,2,3,3,2,4,3,2,4,1,3,4,5,2,3,5,5,1,0,5,2,5,3,1,3,2,4,5,3,3,2,0,3,1,1,4,2,2,2,2,1,1,1,1,1,0,0,0,0,1,0,0,0,0,0,0,0,0,0,0,0,0,0,0,0,0,0,0,0,0,0,0,0,0,0,0,0,0,0,0,0,0,0,0
B,"BUCUREŞTI SECTORUL 6","BUCUREŞTI SECTORUL 6",179196,1287,"ŞCOALA GIMNAZIALĂ NR.153",U,1039,0,212,8,0,0,220,14,4,25,40,22,10,12,21,42,30,3,0,0,5,2,2,2,0,0,0,0,2,1,0,0,1,0,0,3,2,1,3,4,2,1,6,3,2,4,1,4,6,1,5,3,0,2,2,2,2,0,1,0,1,3,1,0,0,1,2,0,2,2,3,4,0,1,3,0,1,0,2,0,0,0,1,0,0,0,0,0,0,0,0,0,0,0,0,0,0,0,0,0,0,0,0,0,0,0,0,0,0,0,0,0,0,0,0,0,0,0,0,0,1,1,2,2,0,4,0,3,0,2,0,1,1,2,0,1,2,0,0,1,3,2,4,2,4,3,2,1,3,6,4,2,2,2,4,1,0,1,5,1,2,2,0,1,2,1,2,1,1,2,3,6,1,5,0,2,1,5,1,1,1,0,0,0,0,0,0,0,0,0,0,0,0,0,0,0,0,0,0,0,0,0,0,0,0,0,0,0,0,0,0,0,0,0,0,0,0,0,0,0,0,0,0
B,"BUCUREŞTI SECTORUL 6","BUCUREŞTI SECTORUL 6",179196,1288,"ŞCOALA GIMNAZIALĂ NR.161",U,1193,0,190,8,0,0,198,11,11,15,50,19,5,7,21,46,13,4,4,2,0,0,0,1,1,1,2,0,2,0,0,2,1,2,2,2,1,1,2,3,0,1,1,2,2,4,4,4,1,4,2,1,1,2,5,4,3,1,3,3,2,2,0,2,2,0,2,2,3,3,0,2,2,1,0,2,0,0,0,0,0,0,0,0,0,0,0,0,0,0,0,0,0,0,0,0,0,0,0,0,0,0,0,0,0,0,0,0,0,0,0,0,0,0,0,0,0,0,0,0,0,0,2,0,2,0,1,1,1,1,1,1,1,1,0,0,0,3,0,2,1,4,2,1,3,1,4,1,1,0,3,2,3,2,3,2,1,1,5,3,4,3,3,2,2,3,2,0,1,4,0,1,0,0,1,2,1,0,1,1,0,1,0,0,0,0,0,0,0,0,0,0,0,0,0,0,0,0,0,0,0,0,0,0,0,0,0,0,0,0,0,0,0,0,0,0,0,0,0,0,0,0,0
B,"BUCUREŞTI SECTORUL 6","BUCUREŞTI SECTORUL 6",179196,1289,"SCOALA NR. 161",U,1282,2,318,6,0,0,324,10,10,36,61,37,9,11,34,79,37,2,2,1,1,2,1,1,0,2,1,0,1,1,2,0,0,3,2,4,2,3,7,2,6,2,2,6,7,6,5,6,3,2,2,1,1,3,0,3,7,4,2,4,2,1,1,1,3,0,2,4,2,5,5,3,1,5,0,0,0,1,3,1,1,0,0,0,0,0,1,0,0,0,0,0,0,0,0,0,0,0,0,0,0,0,0,0,0,0,0,0,0,0,0,0,0,0,0,0,0,0,0,0,1,2,2,1,2,0,1,2,0,1,0,0,4,3,1,0,0,1,1,2,2,5,6,6,3,2,6,2,11,7,4,7,3,7,3,5,4,1,5,2,3,1,2,5,3,2,2,3,0,5,5,2,1,3,5,2,2,2,2,0,0,1,1,1,0,1,0,0,0,1,0,0,0,0,0,0,0,0,0,0,0,0,0,0,0,0,0,0,0,0,0,0,0,0,0,0,0,0,0,0,0,0,0
B,"BUCUREŞTI SECTORUL 6","BUCUREŞTI SECTORUL 6",179196,1050,"CLUBUL SENIORILOR MIHAI EMINESCU",U,1538,31,390,7,0,18,415,15,19,32,77,37,16,26,33,98,62,1,1,1,3,2,5,2,2,1,1,2,3,1,4,1,1,3,3,2,3,5,3,1,4,3,2,6,3,6,4,2,5,5,7,9,3,4,5,2,3,7,2,1,1,2,1,5,2,3,4,0,2,1,4,1,7,2,1,0,1,1,3,0,2,0,0,0,1,0,1,1,0,0,0,0,0,0,0,0,0,0,0,0,0,0,0,0,0,0,0,0,0,0,0,0,0,0,0,0,0,0,0,0,2,3,3,3,3,1,1,4,3,2,3,7,1,2,1,1,2,6,2,4,2,2,3,1,3,5,5,5,9,7,5,11,9,7,3,3,1,3,5,9,11,4,2,0,2,1,1,2,7,4,5,5,4,6,3,3,2,0,4,5,2,3,1,2,0,2,0,0,1,0,1,0,0,0,0,0,0,0,0,0,0,0,0,0,0,0,0,0,0,0,0,0,0,0,0,0,0,0,0,0,0,0,0
B,"BUCUREŞTI SECTORUL 3","BUCUREŞTI SECTORUL 3",179169,549,"COLEGIUL TEHNIC ”COSTIN D. NENIȚESCU”;",U,1532,2,8,3,0,0,11,1,0,0,3,3,0,2,2,0,0,0,1,0,0,0,0,0,0,0,0,0,0,0,0,0,0,0,0,0,0,0,0,0,0,0,0,0,0,1,0,0,0,0,1,0,0,0,0,0,1,0,0,0,0,0,0,0,0,0,0,0,1,0,0,0,1,0,1,0,0,0,0,0,0,0,0,0,0,0,0,0,0,0,0,0,0,0,0,0,0,0,0,0,0,0,0,0,0,0,0,0,0,0,0,0,0,0,0,0,0,0,0,0,0,0,0,0,0,0,0,2,0,0,0,0,0,0,0,0,0,1,1,0,0,0,0,0,0,0,0,0,0,0,0,0,0,0,0,0,0,0,0,0,0,0,0,0,0,0,0,0,0,0,0,0,0,0,0,0,0,0,0,0,0,0,0,0,0,0,0,0,0,0,0,0,0,0,0,0,0,0,0,0,0,0,0,0,0,0,0,0,0,0,0,0,0,0,0,0,0,0,0,0,0,0,0
B,"BUCUREŞTI SECTORUL 3","BUCUREŞTI SECTORUL 3",179169,550,"COLEGIUL TEHNIC ”COSTIN D. NENIȚESCU”;",U,1681,0,21,6,0,0,27,5,0,3,7,3,1,3,1,4,0,0,2,0,0,0,0,3,0,0,0,0,0,0,0,0,0,0,0,1,0,0,1,0,0,0,0,1,0,0,2,0,1,0,0,1,0,0,1,0,0,0,0,1,0,0,0,1,1,0,0,0,1,0,0,0,1,0,0,0,0,0,0,0,0,0,0,0,0,0,0,0,0,0,0,0,0,0,0,0,0,0,0,0,0,0,0,0,0,0,0,0,0,0,0,0,0,0,0,0,0,0,0,0,1,0,0,0,0,0,0,1,1,0,1,0,0,0,0,0,0,1,0,0,0,0,0,0,0,0,0,0,0,0,0,1,0,0,0,0,1,0,1,0,0,0,1,0,0,0,0,0,0,0,0,0,0,0,0,0,0,0,0,0,0,0,0,0,0,0,0,0,0,0,0,0,0,0,0,0,0,0,0,0,0,0,0,0,0,0,0,0,0,0,0,0,0,0,0,0,0,0,0,0,0,0,0
B,"BUCUREŞTI SECTORUL 3","BUCUREŞTI SECTORUL 3",179169,551,"COLEGIUL TEHNIC ”COSTIN D. NENIȚESCU”;",U,2057,26,324,6,0,0,330,10,57,48,35,7,19,58,52,38,6,0,1,2,2,0,2,3,3,6,3,6,5,6,5,8,6,9,4,12,3,9,5,2,5,2,1,5,4,3,3,1,5,3,2,0,2,1,2,2,1,0,3,0,0,1,2,0,1,1,0,2,0,1,0,1,1,0,0,0,0,0,0,0,0,0,0,0,0,0,0,0,0,0,0,0,0,0,0,0,0,0,0,0,0,0,0,0,0,0,0,0,0,0,0,0,0,0,0,0,0,0,0,0,4,3,0,1,1,5,5,7,4,3,6,10,9,2,4,5,8,7,9,3,3,5,5,8,2,4,6,4,4,2,4,1,2,3,1,3,0,0,2,2,1,1,1,1,1,1,4,1,1,1,1,0,1,1,0,0,0,0,0,0,0,0,0,0,0,0,0,0,0,0,0,0,0,0,0,0,0,0,0,0,0,0,0,0,0,0,0,0,0,0,0,0,0,0,0,0,0,0,0,0,0,0,0
B,"BUCUREŞTI SECTORUL 3","BUCUREŞTI SECTORUL 3",179169,620,"ȘCOALA GIMNAZIALĂ NR.116;",U,2803,18,950,8,0,0,958,25,144,144,127,46,21,166,107,122,56,3,1,2,4,7,2,6,7,12,6,12,16,15,22,19,17,18,22,22,16,20,13,17,9,10,6,9,12,8,5,9,6,5,9,8,5,7,3,8,6,12,5,7,3,3,4,2,2,4,3,3,3,2,3,1,3,2,1,3,3,1,2,2,2,0,1,1,2,1,0,0,0,0,0,0,0,0,1,0,0,0,0,0,0,0,0,0,0,0,0,0,0,0,0,0,0,0,0,0,0,0,0,0,5,3,2,3,1,2,5,11,9,10,12,21,19,23,25,21,15,12,13,12,8,15,12,7,8,9,11,10,10,13,5,8,4,3,6,7,4,9,6,7,6,7,4,3,5,5,0,3,2,8,1,3,4,4,3,3,2,7,3,5,0,1,3,1,0,0,1,0,0,0,0,0,1,0,1,0,0,0,0,0,0,0,0,0,0,0,0,0,0,0,0,0,0,0,0,0,0,0,0,0,0,0,0
B,"BUCUREŞTI SECTORUL 3","BUCUREŞTI SECTORUL 3",179169,598,"LICEUL TEORETIC ”NICHITA STĂNESCU”;",U,1227,3,463,8,0,0,471,13,17,63,80,56,13,23,63,77,66,3,3,3,2,1,0,1,3,1,2,0,1,2,1,3,0,4,1,7,6,3,9,7,11,7,6,6,9,6,9,5,4,7,3,4,1,1,4,3,6,3,3,1,3,1,4,3,5,2,6,8,5,10,1,7,2,1,1,2,1,1,1,0,0,1,1,0,0,1,0,0,0,0,0,0,0,0,0,0,0,0,0,0,0,0,0,0,0,0,0,0,0,0,0,0,0,0,0,0,0,0,0,0,1,1,4,3,1,2,1,1,3,2,2,2,1,2,4,4,2,5,2,4,9,8,4,5,11,5,10,6,4,5,6,3,2,3,5,0,2,2,1,11,4,4,3,3,6,4,3,2,15,10,8,2,6,11,4,2,1,0,1,1,0,0,0,0,0,1,0,1,0,0,0,0,0,0,0,1,0,0,0,0,0,0,0,0,0,0,0,0,0,0,0,0,0,0,0,0,0,0,0,0,0,0,0
B,"BUCUREŞTI SECTORUL 3","BUCUREŞTI SECTORUL 3",179169,599,"LICEUL TEORETIC ”NICHITA STĂNESCU”;",U,1125,4,327,6,0,0,333,13,16,26,62,39,9,16,36,91,25,3,0,1,4,1,3,1,0,5,1,3,1,2,1,2,1,0,2,0,4,2,2,4,6,2,3,1,4,2,0,3,3,3,8,1,4,4,3,7,6,6,0,3,0,4,0,1,3,3,2,1,3,2,0,3,2,2,2,0,3,1,1,1,1,2,0,1,1,0,0,1,2,1,0,0,0,0,0,0,1,0,0,0,0,0,0,0,0,0,0,0,0,0,0,0,0,0,0,0,0,0,0,0,4,0,1,1,0,2,1,2,2,0,2,1,1,3,1,2,2,8,3,3,3,3,2,5,2,4,3,3,5,8,4,5,8,2,4,3,10,2,4,4,7,4,3,4,3,3,5,1,2,1,0,1,1,0,1,0,3,2,2,0,2,1,1,1,1,1,0,1,1,0,0,2,0,0,0,0,0,0,0,0,0,0,0,0,0,0,0,0,0,0,0,0,0,0,0,0,0,0,0,0,0,0,0
B,"BUCUREŞTI SECTORUL 3","BUCUREŞTI SECTORUL 3",179169,600,"LICEUL TEORETIC ”NICHITA STĂNESCU”;",U,1529,8,550,11,0,0,561,11,32,60,112,45,14,29,69,127,62,4,1,0,4,1,1,0,2,4,4,2,3,2,5,3,4,3,7,6,4,3,9,3,12,6,4,6,14,6,8,6,7,8,6,2,5,2,7,6,5,10,2,0,6,5,2,5,3,4,4,5,1,1,2,4,1,5,4,2,1,1,0,0,0,1,1,0,0,1,1,2,0,0,0,0,1,0,0,0,0,0,0,0,0,0,0,0,0,0,0,0,0,0,0,0,0,0,0,0,0,0,0,0,4,3,1,2,2,0,2,2,3,5,1,3,5,1,1,6,2,4,9,3,7,8,9,6,6,11,6,5,10,8,8,3,8,8,7,6,2,6,13,10,13,2,1,7,6,2,2,3,3,3,7,6,4,6,5,1,4,3,3,1,0,0,1,1,3,3,0,0,0,1,1,0,2,0,0,1,0,0,0,0,0,0,0,0,0,0,0,0,0,0,0,0,0,0,0,0,0,0,0,0,0,0,0
B,"BUCUREŞTI SECTORUL 3","BUCUREŞTI SECTORUL 3",179169,601,"LICEUL TEORETIC ”NICHITA STĂNESCU”;",U,1248,1,446,9,0,0,455,12,20,33,98,47,10,17,48,98,72,2,2,0,2,1,3,2,2,0,1,0,1,2,4,1,4,5,6,2,3,5,5,3,1,2,3,3,2,7,4,5,3,8,7,6,3,6,3,3,6,9,4,4,9,2,2,5,2,3,4,3,2,2,5,4,3,2,1,2,2,2,0,0,0,1,3,1,2,0,0,1,0,0,0,1,1,0,0,0,0,0,0,0,0,0,0,0,0,0,0,0,0,0,0,0,0,0,0,0,0,0,0,0,1,3,2,1,2,0,1,1,0,3,2,0,2,3,2,3,1,5,3,7,2,4,4,3,5,6,9,7,4,8,12,3,5,2,4,2,5,6,6,8,11,4,0,1,4,2,4,3,6,7,4,7,4,2,4,4,1,5,5,3,0,1,2,2,1,1,0,2,2,1,3,1,0,0,1,0,0,0,0,0,0,0,0,0,0,0,0,0,0,0,0,0,0,0,0,0,0,0,0,0,0,0,0
B,"BUCUREŞTI SECTORUL 3","BUCUREŞTI SECTORUL 3",179169,640,"ȘCOALA GIMNAZIALĂ NR.55;",U,2399,0,40,5,0,0,45,0,9,9,13,2,1,2,2,7,0,0,0,0,0,0,0,0,0,0,1,0,3,2,0,1,1,1,2,0,3,0,2,1,0,1,0,0,1,2,0,1,0,0,2,1,1,2,1,0,0,0,0,1,1,0,0,0,1,0,0,0,1,0,0,0,0,0,0,0,0,0,0,0,0,0,0,0,0,0,0,0,0,0,0,0,0,0,0,0,0,0,0,0,0,0,0,0,0,0,0,0,0,0,0,0,0,0,0,0,0,0,0,0,0,0,0,1,0,0,0,0,0,0,0,0,0,2,0,0,0,0,1,0,0,1,0,0,0,0,0,0,0,1,0,0,0,1,0,0,0,1,0,1,1,0,1,1,0,0,0,0,0,0,0,0,0,0,0,0,0,0,0,0,0,0,0,0,0,0,0,0,0,0,0,0,0,0,0,0,0,0,0,0,0,0,0,0,0,0,0,0,0,0,0,0,0,0,0,0,0,0,0,0,0,0,0
B,"BUCUREŞTI SECTORUL 3","BUCUREŞTI SECTORUL 3",179169,659,"ȘCOALA GIMNAZIALĂ NR.78;",U,1761,0,0,8,0,0,8,0,1,2,0,0,1,1,1,1,1,0,0,0,0,0,0,0,0,0,0,0,0,0,0,1,0,0,0,1,0,1,0,0,0,0,0,0,0,0,0,0,0,0,0,0,0,0,0,0,0,0,0,0,0,0,0,0,0,0,0,0,0,0,0,0,0,0,0,0,0,0,0,0,0,0,0,0,0,0,0,0,0,0,0,0,0,0,0,0,0,0,0,0,0,0,0,0,0,0,0,0,0,0,0,0,0,0,0,0,0,0,0,0,0,0,0,1,0,0,0,0,0,0,0,1,0,0,0,0,0,0,0,0,0,1,0,0,0,0,0,0,0,1,0,0,0,0,0,0,0,0,0,0,0,0,0,0,0,0,0,0,0,0,0,1,0,0,0,0,0,0,0,0,0,0,0,0,0,0,0,0,0,0,0,0,0,0,0,0,0,0,0,0,0,0,0,0,0,0,0,0,0,0,0,0,0,0,0,0,0,0,0,0,0,0,0
B,"BUCUREŞTI SECTORUL 3","BUCUREŞTI SECTORUL 3",179169,660,"ȘCOALA GIMNAZIALĂ NR.78;",U,1752,0,3,8,0,0,11,2,1,2,0,0,2,1,2,1,0,0,0,0,0,0,2,0,0,0,0,0,0,0,0,0,0,1,0,0,1,1,0,0,0,0,0,0,0,0,0,0,0,0,0,0,0,0,0,0,0,0,0,0,0,0,0,0,0,0,0,0,0,0,0,0,0,0,0,0,0,0,0,0,0,0,0,0,0,0,0,0,0,0,0,0,0,0,0,0,0,0,0,0,0,0,0,0,0,0,0,0,0,0,0,0,0,0,0,0,0,0,0,0,1,0,0,0,0,1,0,0,0,0,0,0,0,0,1,0,0,0,0,0,0,0,0,0,1,1,0,0,0,0,0,0,0,0,0,0,0,0,0,0,0,0,1,0,0,0,0,0,0,0,0,0,0,0,0,0,0,0,0,0,0,0,0,0,0,0,0,0,0,0,0,0,0,0,0,0,0,0,0,0,0,0,0,0,0,0,0,0,0,0,0,0,0,0,0,0,0,0,0,0,0,0,0
B,"BUCUREŞTI SECTORUL 4","BUCUREŞTI SECTORUL 4",179178,717,"LICEUL TEOLOGIC ADVENTIST ”ȘTEFAN DEMETRESCU”(FOST LICEU TEHNOLOGIC DACIA)",U,1941,24,591,7,0,0,598,11,88,111,61,12,12,114,103,68,18,2,2,2,0,0,2,3,4,3,8,7,7,11,9,9,17,13,17,20,11,8,17,11,9,4,8,6,11,2,5,6,3,3,2,3,3,1,6,4,1,1,2,2,2,0,2,2,2,2,1,1,1,0,0,1,0,0,0,1,2,0,0,0,0,1,0,0,0,0,0,0,0,0,0,0,0,0,0,0,0,0,0,0,0,0,0,0,0,0,0,0,0,0,0,0,0,0,0,0,0,0,0,0,1,4,1,1,2,0,3,10,4,9,3,20,7,21,9,14,17,19,11,14,13,10,10,8,3,10,5,4,4,3,5,2,2,5,2,6,4,3,7,9,4,0,0,3,2,0,3,0,1,2,4,2,0,0,1,1,1,5,0,1,0,0,0,0,0,0,0,0,0,0,0,0,0,0,0,0,0,0,0,0,0,0,0,0,0,0,0,0,0,0,0,0,0,0,0,0,0,0,0,0,0,0,0
B,"BUCUREŞTI SECTORUL 4","BUCUREŞTI SECTORUL 4",179178,718,"LICEUL TEOLOGIC ADVENTIST ”ȘTEFAN DEMETRESCU”(FOST LICEU TEHNOLOGIC DACIA)",U,2089,26,729,22,1,0,752,15,162,127,62,17,18,182,84,73,12,2,3,2,2,2,2,2,8,9,6,14,17,14,23,24,34,13,29,18,14,16,11,7,11,8,6,7,4,10,6,4,2,2,5,4,2,2,1,2,5,3,1,3,2,2,1,1,1,0,0,2,2,3,3,0,0,1,0,0,3,1,1,0,0,0,0,0,0,0,0,0,0,0,0,0,0,0,0,0,0,0,0,0,0,0,0,0,0,0,0,0,0,0,0,0,0,0,0,0,0,0,0,0,1,1,2,3,4,1,6,9,5,16,23,16,22,16,27,29,19,14,14,14,9,5,9,4,5,7,3,3,9,3,2,6,3,0,6,8,3,3,4,6,4,3,3,3,1,3,0,4,0,0,2,1,2,1,2,0,0,0,0,0,0,0,0,0,0,0,0,0,0,0,0,0,0,0,0,0,0,0,0,0,0,0,0,0,0,0,0,0,0,0,0,0,0,0,0,0,0,0,0,0,0,0,0
B,"BUCUREŞTI SECTORUL 4","BUCUREŞTI SECTORUL 4",179178,719,"LICEUL TEOLOGIC ADVENTIST ”ȘTEFAN DEMETRESCU”(FOST LICEU TEHNOLOGIC DACIA)",U,1920,23,634,13,1,0,648,7,64,149,66,21,6,89,157,62,27,0,1,1,0,2,1,2,5,3,1,5,4,7,10,8,11,10,13,14,24,15,20,17,21,8,10,7,9,6,7,11,8,2,0,3,4,2,3,2,3,2,0,2,1,1,0,0,1,1,3,3,1,4,3,1,0,0,1,1,0,0,1,0,0,0,0,0,0,0,0,0,1,0,0,0,0,0,0,0,0,0,0,0,0,0,0,0,0,0,0,0,0,0,0,0,0,0,0,0,0,0,0,0,0,2,1,0,0,2,1,6,4,2,8,3,12,8,14,13,19,18,22,22,15,25,14,11,10,14,6,12,3,4,7,1,2,4,1,2,2,2,2,4,3,2,2,1,2,5,1,2,1,6,4,1,1,1,3,3,0,1,3,0,0,0,1,0,0,0,0,0,0,0,0,0,0,0,0,0,0,0,0,0,0,0,0,0,0,0,0,0,0,0,0,0,0,0,0,0,0,0,0,0,0,0,0
B,"BUCUREŞTI SECTORUL 4","BUCUREŞTI SECTORUL 4",179178,850,"GRAND ARENA - GRĂDINIȚA NR.62",U,1969,9,673,8,0,0,681,8,83,143,69,12,16,120,128,81,21,5,1,0,1,0,0,1,4,1,5,6,8,10,4,13,17,15,19,18,22,19,14,12,9,8,15,7,7,6,5,4,8,6,1,2,3,2,2,3,6,4,0,3,2,1,2,2,1,3,0,0,0,2,2,0,0,1,1,1,0,0,0,0,0,0,0,1,0,0,0,0,0,0,0,0,0,0,0,0,0,0,0,0,0,0,0,0,0,0,0,0,0,0,0,0,0,0,0,0,0,0,0,0,1,2,0,6,3,3,1,2,0,11,4,7,11,19,21,28,17,24,15,17,13,15,9,9,7,13,6,10,10,8,5,6,3,5,0,2,3,1,7,6,7,2,1,0,1,3,1,4,4,3,0,1,2,1,1,1,1,2,1,0,0,0,0,0,0,0,0,0,0,0,0,0,0,0,0,0,0,0,0,0,0,0,0,0,0,0,0,0,0,0,0,0,0,0,0,0,0,0,0,0,0,0,0
B,"BUCUREŞTI SECTORUL 4","BUCUREŞTI SECTORUL 4",179178,851,"GRAND ARENA - GRĂDINIȚA NR.62",U,2085,16,819,11,0,0,830,19,115,129,101,33,24,117,128,132,32,2,2,6,1,3,2,3,6,4,11,9,12,6,12,15,21,19,11,20,17,11,20,13,8,10,13,6,6,9,8,9,8,6,6,3,3,4,2,9,5,6,1,4,3,1,6,2,6,1,3,1,3,0,1,1,1,2,3,4,0,1,1,3,0,0,0,1,0,0,1,0,0,0,0,0,0,0,0,0,0,0,0,0,0,0,0,0,0,0,0,0,0,0,0,0,0,0,0,0,0,0,0,0,3,3,4,3,2,6,3,5,6,3,9,11,14,15,16,16,22,24,15,16,16,11,14,7,6,8,11,9,7,12,4,6,7,13,7,3,4,4,2,13,9,4,3,5,7,6,7,2,4,1,3,1,4,7,1,1,1,1,0,2,2,0,0,0,0,0,1,0,1,0,0,0,0,0,0,0,0,0,0,0,0,0,0,0,0,0,0,0,0,0,0,0,0,0,0,0,0,0,0,0,0,0,0
B,"BUCUREŞTI SECTORUL 5","BUCUREŞTI SECTORUL 5",179187,895,"ȘCOALA GIMNAZIALĂ ION I.C. BRĂTIANU",U,1015,1,359,9,0,0,368,8,12,39,65,42,9,13,41,76,63,0,1,2,4,0,0,1,0,1,1,0,4,1,3,0,1,1,2,4,3,4,3,3,4,6,8,2,2,8,4,5,3,1,5,0,3,4,3,3,4,5,3,2,1,4,4,1,3,1,3,5,5,2,4,3,2,5,1,2,1,0,0,0,1,2,0,1,1,0,0,0,0,0,0,0,0,0,0,0,0,0,0,0,0,0,0,0,0,0,0,0,0,0,0,0,0,0,0,0,0,0,0,0,3,1,2,0,1,0,2,1,0,2,2,2,3,0,0,1,2,1,5,7,3,4,6,5,3,4,3,4,6,7,4,5,5,1,5,4,2,4,1,5,5,1,2,4,3,5,3,12,3,3,2,1,7,8,3,4,8,1,2,1,4,1,1,1,1,0,0,0,0,0,0,0,0,0,0,0,0,0,0,0,0,0,0,0,0,0,0,0,0,0,0,0,0,0,0,0,0,0,0,0,0,0,0
B,"BUCUREŞTI SECTORUL 5","BUCUREŞTI SECTORUL 5",179187,896,"ȘCOALA GIMNAZIALĂ ION I.C. BRĂTIANU",U,995,1,337,8,0,0,345,12,16,43,51,37,11,18,43,64,50,2,3,0,2,2,1,2,1,0,1,1,5,1,1,2,2,2,2,2,4,3,4,4,6,6,5,7,1,3,3,3,5,3,4,2,0,2,4,4,2,5,3,0,2,2,1,2,3,0,3,2,5,5,1,6,1,4,1,3,0,1,0,1,0,0,0,0,0,1,0,0,0,0,0,0,0,0,0,0,0,0,0,0,0,0,0,0,0,0,0,0,0,0,0,0,0,0,0,0,0,0,0,0,4,1,1,0,3,1,1,2,1,2,1,2,1,4,2,1,2,3,2,6,1,6,3,8,6,3,5,5,2,4,3,6,4,5,1,4,3,1,1,1,6,5,1,2,4,2,4,3,2,6,2,9,1,6,2,6,5,3,2,2,0,0,1,0,0,0,0,0,0,0,0,0,0,0,0,0,0,0,0,0,0,0,0,0,0,0,0,0,0,0,0,0,0,0,0,0,0,0,0,0,0,0,0
B,"BUCUREŞTI SECTORUL 5","BUCUREŞTI SECTORUL 5",179187,897,"ȘCOALA GIMNAZIALĂ ION I.C. BRĂTIANU",U,1325,1,420,8,0,0,428,11,21,39,83,55,13,19,38,90,59,1,2,2,2,0,3,1,1,4,3,0,3,1,1,3,3,2,2,4,1,8,7,5,2,2,4,4,13,3,3,5,0,3,4,2,1,8,4,4,5,10,2,3,6,4,1,2,7,4,9,5,5,5,1,3,3,2,1,4,1,1,0,0,0,1,1,0,1,0,1,0,0,0,0,0,0,0,0,0,0,0,0,0,0,0,0,0,0,0,0,0,0,0,0,0,0,0,0,0,0,0,0,0,5,2,0,1,2,3,0,3,2,2,1,1,1,0,3,1,5,1,5,3,6,2,5,3,4,2,7,7,3,4,4,2,2,7,2,1,7,5,8,6,4,1,4,8,3,5,7,9,6,4,6,4,5,2,6,0,4,5,2,1,2,1,2,0,0,0,0,0,0,0,0,0,0,0,0,0,0,0,0,0,0,0,0,0,0,0,0,0,0,0,0,0,0,0,0,0,0,0,0,0,0,0,0
B,"BUCUREŞTI SECTORUL 5","BUCUREŞTI SECTORUL 5",179187,898,"ȘCOALA GIMNAZIALĂ ION I.C. BRĂTIANU",U,1213,1,336,8,0,0,344,4,18,42,57,45,7,14,38,73,46,2,1,0,0,1,0,0,2,2,1,3,1,1,2,4,2,0,2,2,7,3,4,5,3,5,3,8,2,5,2,5,1,6,0,4,1,6,1,6,6,2,2,2,1,0,3,2,5,6,3,0,4,5,7,6,1,2,2,0,0,0,2,0,0,0,1,0,1,0,0,0,0,0,0,0,0,0,0,0,0,0,0,0,0,0,0,0,0,0,0,0,0,0,0,0,0,0,0,0,0,0,0,0,1,2,1,0,1,1,1,2,3,2,1,0,1,3,0,0,2,0,6,6,6,2,4,4,2,2,6,7,3,2,4,4,3,8,0,1,4,5,3,6,5,3,0,3,2,2,8,2,7,5,4,5,2,3,3,2,3,2,1,1,2,1,0,1,0,1,0,1,0,0,0,0,0,0,0,0,0,0,0,0,0,0,0,0,0,0,0,0,0,0,0,0,0,0,0,0,0,0,0,0,0,0,0
B,"BUCUREŞTI SECTORUL 5","BUCUREŞTI SECTORUL 5",179187,899,"ȘCOALA GIMNAZIALĂ ION I.C. BRĂTIANU",U,1291,2,369,5,0,0,374,10,12,31,76,45,16,12,32,83,57,1,3,4,0,0,1,1,2,1,0,1,1,1,1,0,3,2,0,4,1,4,4,3,6,2,5,2,5,5,5,7,6,5,3,3,1,4,2,4,8,8,1,3,0,2,4,0,2,8,6,1,3,0,3,6,4,1,2,3,2,0,1,0,0,0,1,1,0,0,0,1,0,0,0,0,0,0,0,0,0,0,0,0,0,0,0,0,0,0,0,0,0,0,0,0,0,0,0,0,0,0,0,0,5,3,1,0,1,3,3,1,4,2,0,0,0,0,0,1,4,2,1,2,7,3,2,3,3,4,5,5,5,5,4,4,2,4,5,3,1,2,2,7,10,4,3,5,3,3,6,2,10,5,5,7,4,2,4,3,2,2,2,2,3,1,1,0,0,0,1,1,0,0,0,0,0,0,0,0,0,0,0,0,0,0,0,0,0,0,0,0,0,0,0,0,0,0,0,0,0,0,0,0,0,0,0
B,"BUCUREŞTI SECTORUL 5","BUCUREŞTI SECTORUL 5",179187,900,"ȘCOALA GIMNAZIALĂ ION I.C. BRĂTIANU",U,1069,0,298,7,0,1,306,7,12,30,60,35,13,14,25,60,50,2,0,3,1,1,0,0,1,2,0,1,0,2,2,0,2,2,3,2,2,5,4,4,3,1,2,4,6,3,2,6,2,4,4,3,6,1,4,4,3,1,2,2,0,3,4,0,1,2,1,4,5,1,4,3,1,4,2,0,1,2,1,0,1,0,0,1,1,0,0,0,0,0,0,0,0,0,0,0,0,0,0,0,0,0,0,0,0,0,0,0,0,0,0,0,0,0,0,0,0,0,0,0,3,2,1,2,1,3,1,0,1,0,1,2,1,2,2,4,1,2,1,0,3,3,4,3,1,3,5,5,3,2,6,6,4,2,2,3,5,2,3,3,7,0,3,1,1,1,1,2,2,4,5,5,7,3,2,0,6,3,2,1,1,2,1,3,0,0,0,0,0,0,0,1,0,0,0,0,0,0,0,0,0,0,0,0,0,0,0,0,0,0,0,0,0,0,0,0,0,0,0,0,0,0,0
B,"BUCUREŞTI SECTORUL 5","BUCUREŞTI SECTORUL 5",179187,901,"ȘCOALA GIMNAZIALĂ ION I.C. BRĂTIANU",U,1263,1,203,5,0,0,208,8,15,12,49,12,9,10,11,60,22,1,2,1,2,1,1,0,2,2,1,0,1,3,2,1,2,1,2,1,2,2,2,1,0,1,0,1,3,0,1,2,1,1,3,2,1,4,4,4,6,8,2,0,2,1,2,2,3,2,3,1,1,0,2,0,0,0,0,0,0,0,0,0,0,0,0,0,0,0,0,0,0,0,0,0,0,0,0,0,0,0,0,0,0,0,0,0,0,0,0,0,0,0,0,0,0,0,0,0,0,0,0,0,2,2,0,0,2,2,1,1,1,2,0,1,1,1,0,2,1,2,1,0,0,2,1,1,3,1,0,0,1,3,4,8,1,2,1,2,5,7,4,2,4,6,2,0,3,5,0,3,1,3,4,1,2,0,1,0,1,2,2,0,1,0,0,1,0,0,0,0,0,0,0,0,0,0,0,0,0,0,0,0,0,0,0,0,0,0,0,0,0,0,0,0,0,0,0,0,0,0,0,0,0,0,0
B,"BUCUREŞTI SECTORUL 5","BUCUREŞTI SECTORUL 5",179187,902,"ȘCOALA GIMNAZIALĂ ION I.C. BRĂTIANU",U,1589,1,215,7,0,7,229,7,14,21,54,25,3,8,10,63,24,2,0,2,1,1,1,0,1,1,1,0,5,1,3,0,1,1,1,2,3,2,2,2,1,3,2,3,1,3,4,2,3,2,3,4,3,4,4,3,4,5,2,1,1,2,2,1,3,4,1,2,4,3,1,4,1,0,0,0,0,1,0,0,0,0,0,0,0,0,0,1,0,0,0,0,0,0,0,0,0,0,0,0,0,0,0,0,0,0,0,0,0,0,0,0,0,0,0,0,0,0,0,0,0,0,1,1,0,0,1,2,0,0,1,1,0,2,1,0,1,1,1,0,2,1,1,0,1,2,1,1,1,3,3,1,3,1,2,4,0,8,9,4,7,0,1,3,4,6,2,1,4,2,2,3,2,1,2,0,1,3,1,0,0,0,0,1,0,0,1,0,0,0,0,0,0,0,0,0,0,0,0,0,0,0,0,0,0,0,0,0,0,0,0,0,0,0,0,0,0,0,0,0,0,0,0
B,"BUCUREŞTI SECTORUL 5","BUCUREŞTI SECTORUL 5",179187,903,"ȘCOALA GIMNAZIALĂ ION I.C. BRĂTIANU",U,1339,0,277,8,0,0,285,9,16,25,61,32,8,19,15,65,35,0,2,2,1,1,1,2,0,0,6,1,2,1,2,0,2,2,1,5,1,3,3,1,3,3,2,3,3,2,2,2,3,5,4,2,4,2,1,3,4,5,6,0,4,1,4,4,2,0,4,1,3,2,1,0,2,0,2,0,4,5,2,1,3,0,0,0,0,0,0,0,0,0,0,0,0,0,0,0,0,0,0,0,0,0,0,0,0,0,0,0,0,0,0,0,0,0,0,0,0,0,0,0,2,2,1,0,0,1,2,2,2,4,1,2,3,0,2,1,2,2,1,0,0,1,2,2,4,2,1,5,3,3,7,0,2,2,3,2,1,4,2,6,9,5,3,2,1,4,1,4,0,3,3,4,0,1,5,1,4,1,2,2,2,1,1,0,0,0,0,0,0,1,0,0,0,0,0,0,0,0,0,0,0,0,0,0,0,0,0,0,0,0,0,0,0,0,0,0,0,0,0,0,0,0,0
B,"BUCUREŞTI SECTORUL 5","BUCUREŞTI SECTORUL 5",179187,904,"ȘCOALA GIMNAZIALĂ ION I.C. BRĂTIANU",U,1153,5,302,8,0,0,310,10,14,27,57,36,8,15,25,71,47,2,2,1,1,1,1,2,3,3,0,1,4,0,0,0,3,0,0,3,0,4,5,2,5,2,4,2,1,2,3,4,6,4,2,4,3,6,2,4,2,3,2,2,0,3,1,3,2,4,2,0,5,3,1,3,1,4,3,2,2,1,2,0,0,0,0,0,1,0,0,0,0,0,0,0,0,0,0,0,0,0,0,0,0,0,0,0,0,0,0,0,0,0,0,0,0,0,0,0,0,0,0,0,2,2,2,1,0,0,1,1,2,1,1,0,3,3,1,1,2,5,3,2,5,5,1,1,0,1,2,4,3,5,7,4,2,6,3,1,2,4,1,8,4,3,3,3,2,2,4,4,5,4,5,7,5,2,0,3,5,2,1,1,1,0,0,2,0,0,0,0,0,0,0,0,0,0,0,0,0,0,0,0,0,0,0,0,0,0,0,0,0,0,0,0,0,0,0,0,0,0,0,0,0,0,0
B,"BUCUREŞTI SECTORUL 5","BUCUREŞTI SECTORUL 5",179187,905,"ȘCOALA GIMNAZIALĂ ION I.C. BRĂTIANU",U,1379,10,329,6,0,0,335,10,13,29,79,37,10,14,29,59,55,1,1,4,2,1,1,0,0,2,2,3,0,1,2,0,1,2,3,1,4,1,1,3,4,3,6,3,10,6,6,3,7,3,8,1,2,2,1,5,5,3,6,3,3,3,2,0,2,3,5,1,3,2,5,3,4,1,3,2,1,1,0,0,0,0,0,0,0,0,0,1,0,0,0,0,0,0,0,0,0,0,0,0,0,0,0,0,0,0,0,0,0,0,0,0,0,0,0,0,0,0,0,0,2,0,0,2,2,1,3,2,2,0,1,1,3,1,2,1,1,1,2,3,5,3,3,8,1,1,2,6,6,3,2,4,1,4,0,1,3,6,4,4,3,2,1,2,1,3,3,2,3,4,5,3,3,5,3,9,5,3,0,2,3,1,0,2,0,1,0,0,0,0,0,0,0,0,0,1,0,0,0,0,0,0,0,0,0,0,0,0,0,0,0,0,0,0,0,0,0,0,0,0,0,0,0
B,"BUCUREŞTI SECTORUL 5","BUCUREŞTI SECTORUL 5",179187,986,"ȘCOALA GIMNAZIALĂ NR.128",U,893,107,294,14,0,0,308,12,15,34,51,31,8,20,32,76,29,1,1,5,1,1,0,3,3,0,0,2,2,2,3,1,2,0,4,2,2,4,3,2,3,2,5,7,5,5,0,5,2,3,6,3,2,3,1,3,2,2,1,2,2,1,1,2,6,1,2,1,2,5,2,1,3,3,1,0,1,1,0,0,0,2,0,0,0,0,0,0,0,0,0,0,0,0,0,0,0,0,0,0,0,0,0,0,0,0,0,0,0,0,0,0,0,0,0,0,0,0,0,0,1,2,2,2,0,0,1,0,1,0,2,1,6,4,0,3,3,3,4,3,1,3,2,4,3,5,4,6,3,0,8,9,4,2,3,5,2,3,4,4,7,0,2,2,2,6,4,1,3,0,1,3,3,2,3,1,0,3,0,0,3,3,0,0,0,0,0,1,1,0,1,0,0,0,0,0,0,0,0,0,0,0,0,0,0,0,0,0,0,0,0,0,0,0,0,0,0,0,0,0,0,0,0
B,"BUCUREŞTI SECTORUL 5","BUCUREŞTI SECTORUL 5",179187,987,"ȘCOALA GIMNAZIALĂ NR.128",U,681,11,289,9,0,0,298,14,8,25,49,49,13,5,19,58,58,2,3,3,0,1,3,2,0,1,0,1,0,1,0,1,2,2,0,2,2,2,1,2,3,7,2,4,2,7,3,0,5,3,4,1,2,3,5,3,4,4,2,1,0,0,0,0,1,1,4,2,2,0,5,1,4,3,6,2,4,2,0,2,2,1,3,1,0,3,0,0,0,0,0,0,0,0,0,0,0,0,0,0,0,0,0,0,0,0,0,0,0,0,0,0,0,0,0,0,0,0,0,0,4,0,2,1,2,3,1,0,1,1,1,0,0,2,0,0,0,4,0,2,1,1,4,2,2,1,2,6,3,5,3,6,4,3,3,2,5,3,4,2,4,1,1,0,1,1,1,3,5,2,5,3,7,4,4,0,8,3,5,2,1,0,0,0,3,0,0,0,1,0,0,1,0,1,0,0,0,0,0,0,0,0,0,0,0,0,0,0,0,0,0,0,0,0,0,0,0,0,0,0,0,0,0
B,"BUCUREŞTI SECTORUL 5","BUCUREŞTI SECTORUL 5",179187,988,"ȘCOALA GIMNAZIALĂ NR.128",U,644,10,283,11,0,0,294,6,7,22,57,44,8,9,21,62,58,3,1,1,0,1,0,0,2,0,1,2,0,0,0,2,0,0,1,3,3,0,5,1,3,2,3,1,3,2,3,7,8,0,2,2,1,0,4,2,5,3,5,4,2,2,2,0,1,1,2,2,6,1,2,1,5,3,3,2,4,1,2,0,2,1,1,1,1,1,0,0,1,0,0,0,0,0,0,0,0,0,0,0,0,0,0,0,0,0,0,0,0,0,0,0,0,0,0,0,0,0,0,0,0,3,0,1,0,3,1,1,0,0,1,0,0,3,2,2,0,0,1,2,3,3,1,3,1,3,4,3,5,3,5,5,4,5,3,4,4,2,1,4,5,0,3,2,1,0,3,4,2,4,2,2,2,6,5,3,6,4,5,5,3,0,2,0,1,1,0,0,0,0,0,1,0,0,0,0,0,0,0,0,0,0,0,0,0,0,0,0,0,0,0,0,0,0,0,0,0,0,0,0,0,0,0
B,"BUCUREŞTI SECTORUL 5","BUCUREŞTI SECTORUL 5",179187,989,"ȘCOALA GIMNAZIALĂ NR.128",U,1125,61,463,7,1,16,487,20,20,37,106,63,18,22,31,101,69,4,1,4,1,4,3,3,4,2,1,2,3,1,2,2,2,1,3,1,3,4,4,5,5,4,2,6,5,5,9,7,3,6,7,1,5,7,5,8,10,7,5,2,6,6,1,1,1,6,4,7,2,8,2,4,6,3,3,3,3,2,0,0,1,1,0,1,1,3,0,1,0,0,0,1,0,0,0,0,0,0,0,0,0,0,0,0,0,0,0,0,0,0,0,0,0,0,0,0,0,0,0,0,3,2,2,3,2,5,1,4,2,0,1,5,1,4,2,1,2,2,3,2,4,5,5,1,2,3,4,1,2,8,8,6,6,1,11,11,1,7,4,5,9,5,2,2,7,2,3,2,3,4,3,5,9,9,4,1,1,3,6,1,3,4,4,1,2,1,0,0,1,1,1,0,0,0,0,0,0,0,0,0,0,0,0,0,0,0,0,0,0,0,0,0,0,0,0,0,0,0,0,0,0,0,0
B,"BUCUREŞTI SECTORUL 5","BUCUREŞTI SECTORUL 5",179187,990,"ȘCOALA GIMNAZIALĂ NR.128",U,788,11,339,9,0,0,348,13,16,36,62,39,9,11,32,66,64,1,2,1,1,4,1,3,0,0,2,4,2,1,0,1,1,5,2,1,2,2,4,4,4,3,5,9,6,1,3,6,3,4,6,2,6,3,3,3,1,7,3,1,1,1,2,0,2,4,3,2,2,1,0,3,1,2,5,0,2,5,3,0,1,0,0,0,1,1,0,0,1,0,0,0,0,0,0,0,0,0,0,0,0,0,0,0,0,0,0,0,0,0,0,0,0,0,0,0,0,0,0,0,2,2,5,0,0,0,0,1,2,2,0,2,0,1,2,1,0,5,2,2,6,3,1,2,3,4,4,2,9,4,4,3,2,2,1,6,4,6,5,6,7,1,1,0,1,1,1,2,7,3,4,2,3,3,4,9,1,3,6,3,2,4,0,2,0,0,1,0,0,1,1,2,0,1,0,0,0,0,0,0,0,0,0,0,0,0,0,0,0,0,0,0,0,0,0,0,0,0,0,0,0,0,0
B,"BUCUREŞTI SECTORUL 5","BUCUREŞTI SECTORUL 5",179187,997,"ȘCOALA GIMNAZIALĂ NR.127",U,1870,18,452,10,0,0,462,10,23,47,106,51,15,21,35,105,49,0,1,2,2,3,1,1,1,3,2,1,5,2,4,0,3,2,3,4,4,8,5,2,6,8,5,2,6,4,4,6,5,10,6,10,5,7,5,8,8,6,4,1,2,2,4,3,0,4,6,6,5,4,2,4,3,2,4,3,2,1,0,2,2,1,0,0,0,0,0,0,0,0,0,0,0,0,0,0,0,0,0,0,0,0,0,0,0,0,0,0,0,0,0,0,0,0,0,0,0,0,0,0,6,3,2,2,0,2,0,4,0,1,3,1,3,0,1,6,2,5,1,3,6,4,1,5,3,4,3,5,4,5,6,7,8,8,3,6,4,3,8,5,5,3,6,4,9,4,2,2,8,7,1,3,1,5,6,3,1,2,4,0,3,0,0,0,0,0,0,1,1,0,0,1,0,0,0,0,0,0,0,0,0,0,0,0,0,0,0,0,0,0,0,0,0,0,0,0,0,0,0,0,0,0,0
B,"BUCUREŞTI SECTORUL 5","BUCUREŞTI SECTORUL 5",179187,998,"ȘCOALA GIMNAZIALĂ NR.127",U,1926,2,451,7,0,0,458,12,21,43,99,52,18,19,44,97,53,3,4,2,1,1,0,1,0,3,5,2,3,2,1,2,1,2,7,2,2,3,6,3,3,5,10,2,3,6,8,13,4,6,5,4,4,5,1,3,8,13,1,3,2,4,3,3,3,3,4,7,5,5,6,6,2,1,0,0,3,2,2,0,1,1,0,1,0,0,0,0,0,0,0,0,0,0,0,0,0,0,0,0,0,0,0,0,0,0,0,0,0,0,0,0,0,0,0,0,0,0,0,0,4,1,2,6,1,2,2,1,1,2,5,4,2,0,1,2,1,3,2,6,8,6,4,4,2,4,5,4,6,8,3,4,6,3,3,4,5,6,8,10,4,2,4,7,3,3,4,4,5,3,6,3,6,5,4,3,3,2,3,1,1,0,2,1,1,0,0,0,0,0,0,0,0,0,0,0,0,0,0,0,0,0,0,0,0,0,0,0,0,0,0,0,0,0,0,0,0,0,0,0,0,0,0
B,"BUCUREŞTI SECTORUL 5","BUCUREŞTI SECTORUL 5",179187,999,"ȘCOALA GIMNAZIALĂ NR.127",U,1977,8,497,7,0,0,504,9,33,89,93,23,14,35,91,97,20,3,0,1,1,0,3,1,3,1,3,1,2,2,6,6,4,5,10,8,13,9,6,13,7,8,9,6,4,8,10,12,6,1,7,6,7,1,2,3,4,7,6,2,1,2,3,1,0,6,3,1,2,5,2,0,0,1,0,0,2,0,0,1,0,0,0,0,0,0,0,0,0,0,0,0,0,0,0,0,0,0,0,0,0,0,0,0,0,0,0,0,0,0,0,0,0,0,0,0,0,0,0,0,3,3,1,1,2,0,4,1,3,2,3,4,2,5,5,3,7,6,17,12,9,9,7,11,6,10,4,7,3,8,9,5,5,3,4,7,5,5,7,4,7,5,2,2,3,5,1,0,5,2,2,3,2,0,2,0,1,1,0,0,0,1,0,1,0,0,0,0,0,0,0,0,0,0,0,0,0,0,0,0,0,0,0,0,0,0,0,0,0,0,0,0,0,0,0,0,0,0,0,0,0,0,0
B,"BUCUREŞTI SECTORUL 5","BUCUREŞTI SECTORUL 5",179187,1000,"ȘCOALA GIMNAZIALĂ NR.127",U,1916,0,495,10,0,0,505,16,21,43,111,58,15,35,49,96,61,5,1,2,3,4,0,1,1,2,0,2,1,1,3,1,6,4,4,4,2,3,3,4,6,4,6,7,4,7,8,5,6,7,6,4,8,4,7,1,5,8,6,9,5,4,2,5,7,3,2,3,3,4,3,5,5,6,3,3,3,2,1,1,0,1,0,1,2,0,0,0,0,0,0,0,0,0,0,0,0,0,0,0,0,0,0,0,0,0,0,0,0,0,0,0,0,0,0,0,0,0,0,0,2,3,3,1,0,6,0,3,2,2,4,5,2,3,5,7,2,6,7,5,8,1,3,8,4,2,5,4,4,4,6,8,5,4,3,6,4,2,8,4,9,3,5,3,3,4,7,2,2,5,10,3,6,7,3,5,0,3,3,4,2,3,0,1,1,0,0,0,1,0,0,0,0,0,0,0,0,0,0,0,0,0,0,0,0,0,0,0,0,0,0,0,0,0,0,0,0,0,0,0,0,0,0
B,"BUCUREŞTI SECTORUL 5","BUCUREŞTI SECTORUL 5",179187,1001,"ȘCOALA GIMNAZIALĂ NR.127",U,1969,6,510,7,0,0,517,11,33,63,118,52,12,44,53,83,48,2,0,2,4,0,2,1,2,5,3,0,3,4,1,2,5,8,2,7,11,6,6,6,9,8,6,2,7,4,6,9,8,4,9,6,7,4,10,3,7,7,4,2,7,4,6,4,3,5,6,4,6,5,2,5,1,4,5,0,0,1,1,0,1,0,1,0,0,1,0,1,0,0,0,0,0,0,0,0,0,0,0,0,0,0,0,0,0,0,0,0,0,0,0,0,0,0,0,0,0,0,0,0,3,0,1,2,3,1,2,3,2,6,2,5,3,4,4,6,9,6,9,7,3,9,6,3,2,3,5,4,5,3,3,1,3,4,3,7,6,2,8,5,8,1,1,4,6,5,4,5,4,6,5,4,1,5,6,1,2,1,1,1,0,2,2,0,1,0,0,0,0,0,0,0,1,0,0,0,0,0,0,0,0,0,0,0,0,0,0,0,0,0,0,0,0,0,0,0,0,0,0,0,0,0,0
B,"BUCUREŞTI SECTORUL 5","BUCUREŞTI SECTORUL 5",179187,1020,"ȘCOALA GIMNAZIALĂ NR.124",U,1063,0,348,7,0,0,355,16,13,25,74,41,11,17,26,69,63,2,2,1,1,2,4,4,0,1,2,1,3,0,0,4,0,2,2,0,2,3,3,8,2,1,0,4,6,8,7,1,2,7,1,2,2,2,5,5,7,4,3,1,5,1,4,1,1,4,3,2,5,8,4,2,2,3,0,2,3,1,1,0,0,0,0,0,0,0,0,0,0,0,0,0,0,0,0,0,0,0,0,0,0,0,0,0,0,0,0,0,0,0,0,0,0,0,0,0,0,0,0,0,3,3,0,1,1,1,2,4,2,3,2,2,0,1,0,0,3,3,1,1,6,2,1,6,0,2,4,3,11,2,2,6,2,1,4,4,2,8,1,9,3,1,0,3,2,3,2,3,8,7,8,4,4,1,6,4,5,2,4,2,3,0,0,0,0,0,1,1,0,0,0,0,0,0,0,0,0,0,0,0,0,0,0,0,0,0,0,0,0,0,0,0,0,0,0,0,0,0,0,0,0,0,0
B,"BUCUREŞTI SECTORUL 5","BUCUREŞTI SECTORUL 5",179187,1021,"ȘCOALA GIMNAZIALĂ NR.124",U,974,7,352,9,0,0,361,6,15,37,64,58,7,20,29,62,63,2,1,2,0,0,1,0,0,2,0,0,1,4,1,2,1,4,0,5,2,8,3,4,3,2,2,8,4,2,4,5,8,1,5,3,5,2,2,4,2,3,4,4,0,3,2,1,3,4,6,6,3,4,7,4,6,3,4,1,1,2,0,1,1,0,0,0,1,0,0,0,1,0,0,0,0,0,0,0,0,0,0,0,0,0,0,0,0,0,0,0,0,0,0,0,0,0,0,0,0,0,0,0,1,1,1,0,2,0,2,4,1,1,2,4,3,1,2,1,1,1,1,2,4,1,3,2,5,4,6,3,6,3,3,4,1,6,1,2,1,5,1,6,3,1,3,2,2,2,7,6,4,4,9,7,7,5,3,8,1,2,1,2,2,1,0,0,0,0,0,0,1,0,0,0,0,0,0,0,0,0,0,0,0,0,0,0,0,0,0,0,0,0,0,0,0,0,0,0,0,0,0,0,0,0,0
B,"BUCUREŞTI SECTORUL 5","BUCUREŞTI SECTORUL 5",179187,1022,"ȘCOALA GIMNAZIALĂ NR.124",U,1110,2,368,10,0,0,378,6,20,36,81,45,10,16,35,77,52,0,2,2,2,0,0,0,6,0,3,0,0,1,2,2,4,2,3,1,3,2,10,4,3,2,4,4,8,3,6,1,7,1,7,5,3,4,3,6,7,5,5,0,6,0,2,2,5,3,4,6,4,3,4,2,2,1,1,2,1,1,2,1,1,1,0,0,0,0,0,0,1,0,0,0,0,0,0,0,0,0,0,0,0,0,0,0,0,0,0,0,0,0,0,0,0,0,0,0,0,0,0,0,2,2,1,2,1,2,0,1,2,0,0,1,3,1,4,3,1,3,1,3,3,4,6,3,4,5,3,3,3,6,4,5,4,2,4,2,1,5,3,10,5,4,1,3,3,2,7,2,4,11,3,5,5,3,2,5,1,0,0,0,6,1,3,0,0,0,1,0,0,0,0,0,0,0,0,0,0,0,0,0,0,0,0,0,0,0,0,0,0,0,0,0,0,0,0,0,0,0,0,0,0,0,0
B,"BUCUREŞTI SECTORUL 5","BUCUREŞTI SECTORUL 5",179187,1023,"ȘCOALA GIMNAZIALĂ NR.124",U,1047,12,327,10,0,0,337,9,12,34,62,40,9,19,30,71,51,1,1,0,1,4,1,1,1,1,0,3,1,0,1,0,3,2,2,5,4,3,3,0,4,6,3,4,4,1,4,3,9,4,0,1,7,1,5,4,1,5,5,2,1,1,3,1,3,3,5,3,4,4,2,5,2,1,3,0,0,1,1,0,1,0,0,1,0,0,1,0,0,0,0,0,0,0,0,0,0,0,0,0,0,0,0,0,0,0,0,0,0,0,0,0,0,0,0,0,0,0,0,0,2,1,1,0,2,1,2,3,1,2,1,0,1,1,4,2,4,3,3,2,2,2,4,6,3,3,2,3,3,4,2,7,4,7,4,1,2,5,2,1,4,3,3,6,1,6,3,4,1,6,7,5,3,5,3,4,4,3,1,0,0,2,1,0,0,0,0,1,0,1,0,0,0,0,0,0,0,0,0,0,0,0,0,0,0,0,0,0,0,0,0,0,0,0,0,0,0,0,0,0,0,0,0
B,"BUCUREŞTI SECTORUL 5","BUCUREŞTI SECTORUL 5",179187,1024,"ȘCOALA GIMNAZIALĂ NR.124",U,1036,0,302,4,0,0,306,1,12,27,43,55,4,14,29,56,65,0,1,0,0,0,0,0,0,0,0,1,1,2,3,0,1,4,3,2,3,4,2,4,3,3,1,2,4,3,7,4,0,2,2,3,1,2,0,1,4,3,2,0,0,3,1,1,2,3,6,5,8,1,7,3,5,5,2,2,0,1,0,2,1,0,0,0,0,0,2,0,0,0,0,0,0,0,0,0,0,0,0,0,0,0,0,0,0,0,0,0,0,0,0,0,0,0,0,0,0,0,0,0,0,1,0,1,2,0,0,3,1,1,0,0,2,2,1,2,2,2,4,3,2,5,1,2,3,2,5,2,1,2,2,3,4,4,2,2,2,1,4,6,3,1,1,4,3,5,4,5,7,6,7,5,4,6,5,3,3,3,4,0,0,2,1,2,0,0,2,0,0,0,0,0,0,0,0,0,0,0,0,0,0,0,0,0,0,0,0,0,0,0,0,0,0,0,0,0,0,0,0,0,0,0,0
B,"BUCUREŞTI SECTORUL 5","BUCUREŞTI SECTORUL 5",179187,1025,"ȘCOALA GIMNAZIALĂ NR.124",U,895,1,267,8,0,0,275,8,13,27,47,39,3,13,24,58,43,2,1,1,0,1,2,1,3,1,1,1,1,1,1,1,2,1,1,2,3,2,4,2,5,4,0,4,1,3,5,2,3,2,1,1,3,5,2,4,4,1,1,1,2,1,3,2,0,3,2,2,6,3,2,2,3,0,5,2,0,2,3,3,0,0,0,0,0,0,0,0,0,0,0,1,0,0,0,0,0,0,0,0,0,0,0,0,0,0,0,0,0,0,0,0,0,0,0,0,0,0,0,0,0,1,0,0,2,0,0,0,0,1,1,5,1,3,0,1,1,3,2,2,2,1,4,2,3,2,3,3,0,3,2,5,2,5,3,4,0,2,1,5,8,2,3,1,4,0,5,3,0,3,2,3,1,5,4,3,4,2,2,1,0,4,1,1,1,0,1,0,0,1,0,0,1,0,0,0,0,0,0,0,0,0,0,0,0,0,0,0,0,0,0,0,0,0,0,0,0,0,0,0,0,0,0
B,"BUCUREŞTI SECTORUL 5","BUCUREŞTI SECTORUL 5",179187,1026,"ȘCOALA GIMNAZIALĂ NR.124",U,939,34,295,5,0,0,300,10,12,31,60,34,9,9,22,62,51,2,2,0,3,2,0,1,0,2,1,0,0,3,1,1,1,3,0,1,2,4,2,3,2,3,7,7,4,3,5,4,7,3,4,2,2,2,3,2,7,5,3,0,0,3,1,0,3,0,2,1,0,3,3,3,3,2,3,1,3,1,0,0,2,1,1,0,0,0,0,1,0,1,0,0,0,0,0,0,0,0,0,0,0,0,0,0,0,0,0,0,0,0,0,0,0,0,0,0,0,0,0,0,2,3,0,1,0,2,1,2,0,1,2,0,1,1,1,0,1,3,0,0,3,3,5,1,3,2,2,8,5,4,4,2,1,2,5,3,5,2,4,6,3,2,2,1,0,0,3,2,2,4,5,4,5,1,1,6,4,3,5,4,2,1,1,0,1,0,0,0,0,0,0,0,0,0,0,0,0,0,0,0,0,0,0,0,0,0,0,0,0,0,0,0,0,0,0,0,0,0,0,0,0,0,0
B,"BUCUREŞTI SECTORUL 5","BUCUREŞTI SECTORUL 5",179187,1027,"ȘCOALA GIMNAZIALĂ NR.124",U,978,2,314,7,0,0,321,11,17,42,60,34,11,12,34,57,43,2,3,0,3,1,1,1,1,2,1,1,2,0,2,2,4,2,1,3,3,2,6,4,6,4,6,7,5,4,4,4,6,4,6,3,2,3,2,4,4,4,0,0,0,0,4,1,1,0,1,4,2,2,2,4,3,3,5,1,2,1,1,0,0,0,0,0,2,0,0,0,0,0,0,0,0,0,0,0,0,0,0,0,0,0,0,0,0,0,0,0,0,0,0,0,0,0,0,0,0,0,0,0,1,1,5,0,1,1,2,0,2,3,1,0,0,2,1,2,1,4,2,4,1,3,4,4,4,5,3,2,4,3,3,5,2,3,8,5,4,3,1,3,2,1,0,1,3,1,3,1,3,2,2,4,2,3,7,3,7,4,2,0,1,2,0,0,0,0,0,0,0,0,0,0,0,0,0,0,0,0,0,0,0,0,0,0,0,0,0,0,0,0,0,0,0,0,0,0,0,0,0,0,0,0,0
B,"BUCUREŞTI SECTORUL 5","BUCUREŞTI SECTORUL 5",179187,1028,"ȘCOALA GIMNAZIALĂ NR.124",U,999,2,308,7,0,0,315,11,13,23,69,36,15,11,23,69,45,1,1,1,4,0,1,3,3,0,0,3,1,0,0,3,2,1,1,2,0,2,3,1,2,6,4,2,7,8,7,5,5,3,5,4,2,2,5,3,4,6,1,0,0,0,1,1,0,2,6,4,7,0,2,3,2,3,1,3,0,0,1,1,1,0,0,0,0,0,0,0,0,0,0,0,0,0,0,0,0,0,0,0,0,0,0,0,0,0,0,0,0,0,0,0,0,0,0,0,0,0,0,0,2,2,1,1,3,2,4,0,0,3,2,0,0,1,3,1,1,1,1,1,0,3,3,5,4,0,5,4,5,2,5,11,6,3,3,4,1,1,5,4,3,2,2,1,2,2,3,4,5,5,2,4,2,2,2,3,3,4,3,0,0,1,1,1,1,1,0,0,1,0,0,0,0,0,0,0,0,0,0,0,0,0,0,0,0,0,0,0,0,0,0,0,0,0,0,0,0,0,0,0,0,0,0
B,"BUCUREŞTI SECTORUL 5","BUCUREŞTI SECTORUL 5",179187,1029,"ȘCOALA GIMNAZIALĂ NR.124",U,1054,1,348,7,0,0,355,16,18,30,70,37,12,18,30,75,49,1,3,2,4,3,1,2,1,0,1,3,2,2,3,1,1,4,2,4,2,3,3,5,3,2,2,4,5,3,3,5,1,1,5,4,3,2,7,6,5,7,1,1,3,3,1,4,1,2,2,2,3,2,5,2,2,3,4,3,0,1,2,1,0,1,0,0,0,1,0,0,0,0,0,0,0,0,0,0,0,0,0,0,0,0,0,0,0,0,0,0,0,0,0,0,0,0,0,0,0,0,0,0,1,0,1,2,3,1,4,0,1,2,1,2,2,1,0,3,6,4,1,3,4,6,1,3,0,4,4,5,3,6,4,5,4,2,3,4,4,10,1,8,7,1,2,2,0,1,3,1,3,4,4,6,6,6,3,4,2,3,3,0,0,1,2,0,0,0,0,0,0,0,1,0,0,0,0,0,0,0,0,0,0,0,0,0,0,0,0,0,0,0,0,0,0,0,0,0,0,0,0,0,0,0,0
B,"BUCUREŞTI SECTORUL 5","BUCUREŞTI SECTORUL 5",179187,1030,"ȘCOALA GIMNAZIALĂ NR.124",U,1144,2,315,10,0,0,325,9,15,19,70,37,16,16,22,75,46,4,2,1,0,2,0,0,2,0,0,3,2,1,3,2,2,0,1,2,2,0,3,5,0,5,1,0,5,4,3,5,6,4,6,1,0,3,3,4,10,6,2,2,2,4,0,0,3,3,5,4,3,5,1,3,0,0,3,3,1,0,0,0,0,2,1,0,0,0,0,0,0,0,0,0,0,0,0,0,0,0,0,0,0,0,0,0,0,0,0,0,0,0,0,0,0,0,0,0,0,0,0,0,4,0,7,1,3,0,1,0,3,1,2,1,2,0,2,4,1,1,0,0,3,3,3,3,2,2,5,3,2,8,6,2,5,7,2,6,3,2,4,6,5,1,1,5,2,2,3,3,5,2,2,4,2,4,5,4,3,1,3,2,2,1,0,1,0,0,0,0,1,0,0,0,0,0,0,0,1,0,0,0,0,0,0,0,0,0,0,0,0,0,0,0,0,0,0,0,0,0,0,0,0,0,0
B,"BUCUREŞTI SECTORUL 5","BUCUREŞTI SECTORUL 5",179187,1031,"ȘCOALA GIMNAZIALĂ NR.124",U,1051,0,247,8,0,0,255,9,9,19,68,23,8,8,18,59,34,4,1,2,1,1,0,0,1,2,3,0,1,0,0,0,0,2,2,1,0,3,4,2,0,2,3,2,4,1,5,2,3,4,2,1,4,3,3,8,7,6,0,3,4,2,3,3,2,3,1,1,3,2,1,1,4,4,0,0,0,0,0,1,0,0,0,0,0,0,0,0,0,0,0,0,0,0,0,0,0,0,0,0,0,0,0,0,0,0,0,0,0,0,0,0,0,0,0,0,0,0,0,0,2,2,2,1,1,0,0,1,1,1,1,0,1,1,0,1,1,1,2,1,4,2,1,1,1,2,3,4,3,2,4,2,3,3,5,0,4,4,1,5,7,2,1,2,3,3,1,1,3,3,4,4,3,4,2,3,3,1,0,1,0,1,1,0,0,0,0,0,0,0,0,0,0,0,0,0,0,0,0,0,0,0,0,0,0,0,0,0,0,0,0,0,0,0,0,0,0,0,0,0,0,0,0
B,"BUCUREŞTI SECTORUL 5","BUCUREŞTI SECTORUL 5",179187,1035,"ȘCOALA GIMNAZIALĂ NR.144",U,1228,1,468,13,0,0,481,21,31,70,86,29,21,35,60,94,34,3,4,1,5,2,4,2,6,1,1,1,1,3,6,3,5,4,4,9,7,6,12,8,4,7,5,8,2,1,6,7,9,3,12,2,7,10,4,4,2,6,2,1,2,2,2,2,3,2,2,1,2,3,2,2,1,0,3,2,0,1,1,1,0,1,1,0,0,0,0,0,1,0,0,0,0,0,0,0,0,0,0,0,0,0,0,0,0,0,0,0,0,0,0,0,0,0,0,0,0,0,0,0,4,4,2,0,4,4,3,4,4,0,5,4,3,6,2,4,3,6,7,8,5,8,6,5,5,3,7,3,10,6,7,6,10,5,3,7,2,8,3,7,9,1,1,2,1,1,2,2,1,2,3,3,2,1,3,3,2,2,5,2,1,0,0,0,0,0,0,1,1,0,0,0,0,0,0,0,0,0,0,0,0,0,0,0,0,0,0,0,0,0,0,0,0,0,0,0,0,0,0,0,0,0,0
B,"BUCUREŞTI SECTORUL 6","BUCUREŞTI SECTORUL 6",179196,1178,"LICEUL TEHNOLOGIC ”PETRU PONI”",U,1752,26,539,13,1,0,553,35,96,63,61,13,26,117,64,63,15,1,1,7,8,7,6,5,7,9,8,8,10,6,12,10,15,11,10,5,7,10,4,6,4,10,4,3,3,7,2,1,3,3,5,6,2,0,3,6,8,2,0,3,3,0,1,3,2,1,2,1,3,1,1,0,1,0,0,0,0,1,0,0,0,0,0,0,0,0,0,0,0,0,0,0,0,0,0,0,0,0,0,0,0,0,0,0,0,0,0,0,0,0,0,0,0,0,0,0,0,0,0,0,2,2,2,2,4,7,7,8,5,12,19,15,14,13,23,4,4,10,9,1,9,7,7,10,4,7,0,4,4,5,3,6,0,4,7,5,1,8,2,4,3,2,0,0,1,3,1,1,2,2,2,0,2,0,1,1,0,1,1,1,0,1,0,0,0,0,0,0,0,0,0,0,0,0,0,0,0,0,0,0,0,0,0,0,0,0,0,0,0,0,0,0,0,0,0,0,0,0,0,0,0,0,0
B,"BUCUREŞTI SECTORUL 6","BUCUREŞTI SECTORUL 6",179196,1261,"LICEUL TEORETIC ”MARIN PREDA”",U,1380,39,504,6,0,0,510,18,27,54,99,37,15,41,59,104,56,3,1,4,1,2,4,3,5,0,3,1,1,3,1,7,4,2,3,9,5,8,6,4,3,7,5,4,8,7,5,9,8,4,5,6,4,2,6,5,5,7,3,4,3,2,2,4,4,2,0,3,2,3,3,5,2,2,2,3,0,2,3,0,0,0,0,0,0,1,0,0,0,0,0,0,0,0,0,0,0,0,0,0,0,0,0,0,0,0,0,0,0,0,0,0,0,0,0,0,0,0,0,0,5,1,0,1,2,5,1,4,7,2,4,5,5,3,3,6,2,3,8,4,5,8,9,4,6,6,6,4,3,4,6,8,3,6,6,3,4,10,9,8,9,4,3,4,2,3,5,3,6,3,1,3,3,4,6,3,6,2,1,2,0,1,2,3,1,1,1,2,0,0,1,0,1,0,0,0,0,0,0,0,0,0,0,0,0,0,0,0,0,0,0,0,0,0,0,0,0,0,0,0,0,0,0
