precinct_county_nce,precinct_county_name,precinct_name,precinct_nr,uat_name,uat_siruta,report_version,report_stage_code,report_type_scope_code,report_type_category_code,report_type_code,created_at,a,a1,a2,a3,a4,b,b1,b2,b3,b4,c,d,e,f,"DRULĂ  CĂTĂLIN-UNIUNEA SALVAȚI ROMÂNIA-voturi","BĂLUȚĂ  DANIEL-PARTIDUL SOCIAL DEMOCRAT-voturi","BURCEA  GEORGE-VALENTIN-PARTIDUL OAMENILOR TINERI-voturi","CIUCU  CIPRIAN-PARTIDUL NAȚIONAL LIBERAL-voturi","CICEALĂ  ANA-MARIA-SĂNĂTATE EDUCAȚIE NATURĂ SUSTENABILITATE-voturi","FLOAREA  LIVIU-GHEORGHE-PARTIDUL NAȚIONAL ȚĂRĂNESC MANIU-MIHALACHE-voturi","MACOVEI  GHEORGHE-PARTIDUL ROMÂNIA MARE-voturi","CREȚU  OANA-PARTIDUL SOCIAL DEMOCRAT UNIT-voturi","LASCA  MIHAI-IOAN-PATRIOȚII POPORULUI ROMÂN-voturi","LAZĂR  RAREȘ-PARTIDUL ROMÂNIA ÎN ACȚIUNE-voturi","ALEXANDRESCU  ANCA-NICOLETA-DREPTATE PENTRU BUCUREȘTI-voturi","TRIFU DĂNUȚ-ANGELO-CANDIDAT INDEPENDENT-voturi","TEODOROVICI  EUGEN-ORLANDO-CANDIDAT INDEPENDENT-voturi","NEȚOIU  GHEORGHE-CANDIDAT INDEPENDENT-voturi","GHEORGHE  VLAD-DAN-CANDIDAT INDEPENDENT-voturi","NEGROTĂ  ANGELA-CANDIDAT INDEPENDENT-voturi","FILIP  CONSTANTIN-TITIAN-CANDIDAT INDEPENDENT-voturi"
44,"MUNICIPIUL BUCUREŞTI - SECTOR 1","ACADEMIA DE POLIȚIE ”ALEXANDRU IOAN CUZA”",166,"BUCUREŞTI SECTORUL 1",179141,1,PART,PRCNCT,PCJ,PG_SV,"2025-12-07 22:50:58",1226,1126,89,11,0,402,390,1,11,0,402,0,1330,928,97,64,1,184,13,0,0,0,0,0,42,0,1,0,0,0,0
44,"MUNICIPIUL BUCUREŞTI - SECTOR 1","ACADEMIA DE STUDII ECONOMICE DIN BUCUREŞTI",73,"BUCUREŞTI SECTORUL 1",179141,1,PART,PRCNCT,PCJ,PG_SV,"2025-12-07 22:59:26",1547,1427,109,11,0,471,460,0,11,0,469,2,1690,1219,72,96,0,185,21,0,0,1,1,0,89,0,0,1,0,3,0
49,"MUNICIPIUL BUCUREŞTI - SECTOR 6","A.D.P.D.U. SECTOR 6",1078,"BUCUREŞTI SECTORUL 6",179196,1,PART,PRCNCT,PCJ,PG_SV,"2025-12-07 22:42:44",1197,1084,101,12,0,460,447,1,12,0,457,3,1000,540,49,62,1,231,26,0,0,0,0,0,88,0,0,0,0,0,0
49,"MUNICIPIUL BUCUREŞTI - SECTOR 6","CENTRUL EUROPEAN SECTOR 6",1174,"BUCUREŞTI SECTORUL 6",179196,2,PART,PRCNCT,PCJ,PG_SV,"2025-12-08 00:11:55",1315,1298,3,13,1,553,539,0,13,1,551,2,1400,847,47,90,0,241,19,1,1,0,0,0,145,2,1,1,2,0,1
44,"MUNICIPIUL BUCUREŞTI - SECTOR 1","CENTRUL NAŢIONAL DE CALIFICARE ŞI INSTRUIRE FEROVIARĂ CENAFER",89,"BUCUREŞTI SECTORUL 1",179141,1,PART,PRCNCT,PCJ,PG_SV,"2025-12-07 22:32:21",1545,1520,14,11,0,624,612,1,11,0,624,0,1700,1076,99,94,0,267,44,0,0,2,0,1,114,1,0,1,0,1,0
44,"MUNICIPIUL BUCUREŞTI - SECTOR 1","CENTRUL NAŢIONAL DE CALIFICARE ŞI INSTRUIRE FEROVIARĂ CENAFER",90,"BUCUREŞTI SECTORUL 1",179141,1,PART,PRCNCT,PCJ,PG_SV,"2025-12-07 23:04:15",1128,1104,14,10,0,405,395,0,10,0,404,1,1250,845,66,87,0,133,21,1,0,1,1,0,87,0,6,0,0,1,0
44,"MUNICIPIUL BUCUREŞTI - SECTOR 1","CENTRUL NAŢIONAL DE CALIFICARE ŞI INSTRUIRE FEROVIARĂ CENAFER",91,"BUCUREŞTI SECTORUL 1",179141,1,PART,PRCNCT,PCJ,PG_SV,"2025-12-07 22:49:11",1496,1343,142,11,0,567,556,0,11,0,564,3,1650,1083,72,111,0,208,39,0,0,1,0,0,124,1,2,2,1,3,0
46,"MUNICIPIUL BUCUREŞTI - SECTOR 3","CENTRUL ȘCOLAR DE EDUCAȚIE INCLUZIVĂ NR.5;",390,"BUCUREŞTI SECTORUL 3",179169,1,PART,PRCNCT,PCJ,PG_SV,"2025-12-07 22:03:33",1341,1293,39,9,0,464,455,0,9,0,463,1,1400,936,66,94,1,194,15,0,0,0,0,0,91,0,1,0,0,0,1
46,"MUNICIPIUL BUCUREŞTI - SECTOR 3","CENTRUL ȘCOLAR DE EDUCAȚIE INCLUZIVĂ NR.5;",389,"BUCUREŞTI SECTORUL 3",179169,1,PART,PRCNCT,PCJ,PG_SV,"2025-12-07 22:10:30",1039,1031,3,5,0,388,383,0,5,0,387,1,1200,812,45,78,0,139,26,1,0,0,0,0,93,2,1,1,0,1,0
46,"MUNICIPIUL BUCUREŞTI - SECTOR 3","CENTRUL ȘCOLAR DE EDUCAȚIE INCLUZIVĂ NR.5;",388,"BUCUREŞTI SECTORUL 3",179169,1,PART,PRCNCT,PCJ,PG_SV,"2025-12-07 22:15:26",1439,1372,57,10,0,462,452,0,10,0,455,7,1600,1138,72,84,0,158,20,0,0,0,0,0,119,1,0,1,0,0,0
46,"MUNICIPIUL BUCUREŞTI - SECTOR 3","CENTRUL ȘCOLAR DE EDUCAȚIE INCLUZIVĂ NR.5;",387,"BUCUREŞTI SECTORUL 3",179169,1,PART,PRCNCT,PCJ,PG_SV,"2025-12-07 22:38:27",1383,1306,68,9,0,491,481,1,9,0,489,2,1400,909,56,106,0,179,30,0,1,0,1,0,108,0,3,0,1,2,2
46,"MUNICIPIUL BUCUREŞTI - SECTOR 3","CENTRUL ȘCOLAR DE EDUCAȚIE INCLUZIVĂ NR.5;",393,"BUCUREŞTI SECTORUL 3",179169,1,PART,PRCNCT,PCJ,PG_SV,"2025-12-07 22:14:33",1143,1095,37,11,0,341,330,0,11,0,337,4,1200,859,41,66,0,118,24,0,0,0,0,0,82,1,2,1,0,1,1
46,"MUNICIPIUL BUCUREŞTI - SECTOR 3","CENTRUL ȘCOLAR DE EDUCAȚIE INCLUZIVĂ NR.5;",392,"BUCUREŞTI SECTORUL 3",179169,1,PART,PRCNCT,PCJ,PG_SV,"2025-12-07 22:09:03",1607,1573,20,14,0,509,495,0,14,0,505,4,1800,1291,83,85,0,225,29,0,1,2,0,1,74,0,4,0,0,0,1
46,"MUNICIPIUL BUCUREŞTI - SECTOR 3","CENTRUL ȘCOLAR DE EDUCAȚIE INCLUZIVĂ NR.5;",391,"BUCUREŞTI SECTORUL 3",179169,2,PART,PRCNCT,PCJ,PG_SV,"2025-12-08 07:06:51",1164,1129,28,7,0,418,411,0,7,0,414,4,1200,782,59,88,0,144,22,1,0,0,0,0,97,1,0,0,2,0,0
45,"MUNICIPIUL BUCUREŞTI - SECTOR 2","CLUB SPORTIV ŞCOLAR NR. 2",312,"BUCUREŞTI SECTORUL 2",179150,2,PART,PRCNCT,PCJ,PG_SV,"2025-12-08 03:28:22",1259,1242,10,7,0,478,471,0,7,0,477,1,1400,922,87,92,0,168,37,0,1,2,1,0,82,1,3,2,0,1,0
45,"MUNICIPIUL BUCUREŞTI - SECTOR 2","CLUB SPORTIV ŞCOLAR NR. 2",311,"BUCUREŞTI SECTORUL 2",179150,2,PART,PRCNCT,PCJ,PG_SV,"2025-12-08 03:32:26",1550,1494,43,11,2,584,571,0,11,2,581,3,1600,1016,84,116,0,203,33,3,1,0,0,1,135,1,1,2,0,0,1
49,"MUNICIPIUL BUCUREŞTI - SECTOR 6","CLUBUL SENIORILOR MIHAI EMINESCU",1050,"BUCUREŞTI SECTORUL 6",179196,1,PART,PRCNCT,PCJ,PG_SV,"2025-12-07 23:00:16",1590,1534,31,7,18,415,390,0,7,18,412,3,1600,1185,38,66,0,201,23,0,0,1,0,0,76,0,2,0,0,5,0
45,"MUNICIPIUL BUCUREŞTI - SECTOR 2","COLEGIUL ECONOMIC ”A.D. XENOPOL”",351,"BUCUREŞTI SECTORUL 2",179150,1,PART,PRCNCT,PCJ,PG_SV,"2025-12-07 22:32:53",877,850,14,13,0,291,277,1,13,0,287,4,1000,709,47,44,1,120,20,0,1,0,2,0,51,1,0,0,0,0,0
45,"MUNICIPIUL BUCUREŞTI - SECTOR 2","COLEGIUL ECONOMIC ”A.D. XENOPOL”",352,"BUCUREŞTI SECTORUL 2",179150,1,PART,PRCNCT,PCJ,PG_SV,"2025-12-07 22:38:13",1302,1281,16,4,1,493,488,0,4,1,489,4,1400,907,83,71,3,184,47,0,1,0,1,0,95,2,1,1,0,0,0
45,"MUNICIPIUL BUCUREŞTI - SECTOR 2","COLEGIUL ECONOMIC ”A.D. XENOPOL”",350,"BUCUREŞTI SECTORUL 2",179150,2,PART,PRCNCT,PCJ,PG_SV,"2025-12-08 00:56:16",1129,1099,18,12,0,420,408,0,12,0,415,5,1200,780,71,58,1,181,19,0,0,0,0,0,82,0,0,0,0,3,0
45,"MUNICIPIUL BUCUREŞTI - SECTOR 2","COLEGIUL ECONOMIC ”A.D. XENOPOL”",353,"BUCUREŞTI SECTORUL 2",179150,1,PART,PRCNCT,PCJ,PG_SV,"2025-12-07 22:39:34",1418,1381,26,11,0,499,488,0,11,0,496,3,1600,1101,72,97,0,165,26,0,0,2,0,1,128,2,1,0,0,1,1
44,"MUNICIPIUL BUCUREŞTI - SECTOR 1","COLEGIUL ECONOMIC ”V. MADGEARU”",72,"BUCUREŞTI SECTORUL 1",179141,2,PART,PRCNCT,PCJ,PG_SV,"2025-12-08 00:19:18",1038,971,56,10,1,382,368,3,10,1,381,1,1139,757,53,79,1,168,18,0,1,0,0,0,58,0,1,1,0,0,1
44,"MUNICIPIUL BUCUREŞTI - SECTOR 1","COLEGIUL ECONOMIC ”V. MADGEARU”",71,"BUCUREŞTI SECTORUL 1",179141,1,PART,PRCNCT,PCJ,PG_SV,"2025-12-07 22:25:42",1027,974,42,11,0,364,349,4,11,0,361,3,1120,756,56,49,0,164,25,1,0,0,0,0,65,0,1,0,0,0,0
44,"MUNICIPIUL BUCUREŞTI - SECTOR 1","COLEGIUL GERMAN ”GOETHE”",100,"BUCUREŞTI SECTORUL 1",179141,1,PART,PRCNCT,PCJ,PG_SV,"2025-12-07 23:15:04",1286,1194,79,13,0,441,427,1,13,0,440,1,1400,959,66,81,1,192,18,0,0,3,0,0,75,1,0,2,0,1,0
44,"MUNICIPIUL BUCUREŞTI - SECTOR 1","COLEGIUL GERMAN ”GOETHE”",101,"BUCUREŞTI SECTORUL 1",179141,1,PART,PRCNCT,PCJ,PG_SV,"2025-12-07 23:27:26",1318,1253,56,9,0,409,400,0,9,0,407,2,1430,1021,48,79,0,184,27,1,0,0,0,0,67,1,0,0,0,0,0
44,"MUNICIPIUL BUCUREŞTI - SECTOR 1","COLEGIUL GERMAN ”GOETHE”",102,"BUCUREŞTI SECTORUL 1",179141,2,PART,PRCNCT,PCJ,PG_SV,"2025-12-08 03:38:15",1211,1160,43,8,0,462,453,1,8,0,458,4,1330,868,52,65,0,219,27,0,0,0,0,1,91,0,2,1,0,0,0
44,"MUNICIPIUL BUCUREŞTI - SECTOR 1","COLEGIUL NAŢIONAL ”AUREL VLAICU”",138,"BUCUREŞTI SECTORUL 1",179141,1,PART,PRCNCT,PCJ,PG_SV,"2025-12-07 22:07:39",1228,1215,7,6,0,490,484,0,6,0,486,4,1350,860,79,84,1,222,26,0,0,1,0,0,72,0,0,0,1,0,0
44,"MUNICIPIUL BUCUREŞTI - SECTOR 1","COLEGIUL NAŢIONAL ”AUREL VLAICU”",137,"BUCUREŞTI SECTORUL 1",179141,1,PART,PRCNCT,PCJ,PG_SV,"2025-12-07 23:14:07",1283,1267,7,9,0,561,550,2,9,0,556,5,1400,839,71,97,0,249,29,1,0,2,0,1,105,0,0,0,1,0,0
44,"MUNICIPIUL BUCUREŞTI - SECTOR 1","COLEGIUL NAŢIONAL ”AUREL VLAICU”",136,"BUCUREŞTI SECTORUL 1",179141,1,PART,PRCNCT,PCJ,PG_SV,"2025-12-07 23:52:49",1349,1316,25,8,0,659,650,1,8,0,655,4,1480,821,101,83,0,370,28,0,0,1,0,0,69,0,2,1,0,0,0
45,"MUNICIPIUL BUCUREŞTI - SECTOR 2","COLEGIUL NAȚIONAL BILINGV ”GEORGE COȘBUC”",355,"BUCUREŞTI SECTORUL 2",179150,1,PART,PRCNCT,PCJ,PG_SV,"2025-12-07 23:16:42",1579,1534,32,13,0,547,534,0,13,0,544,3,1800,1253,81,90,1,231,42,1,2,0,0,0,94,0,1,0,0,0,1
45,"MUNICIPIUL BUCUREŞTI - SECTOR 2","COLEGIUL NAȚIONAL BILINGV ”GEORGE COȘBUC”",354,"BUCUREŞTI SECTORUL 2",179150,1,PART,PRCNCT,PCJ,PG_SV,"2025-12-07 22:47:05",1305,1278,20,7,0,505,498,0,7,0,498,7,1400,895,65,93,2,208,32,2,1,0,0,0,92,0,1,1,0,0,1
45,"MUNICIPIUL BUCUREŞTI - SECTOR 2","COLEGIUL NAŢIONAL ”CANTEMIR VODĂ”",333,"BUCUREŞTI SECTORUL 2",179150,2,PART,PRCNCT,PCJ,PG_SV,"2025-12-08 02:03:52",934,876,20,15,23,368,329,1,15,23,364,4,1000,632,69,59,0,158,27,0,0,0,0,0,47,2,1,0,0,1,0
45,"MUNICIPIUL BUCUREŞTI - SECTOR 2","COLEGIUL NAŢIONAL ”CANTEMIR VODĂ”",334,"BUCUREŞTI SECTORUL 2",179150,1,PART,PRCNCT,PCJ,PG_SV,"2025-12-07 22:20:57",1184,1134,39,11,0,466,454,1,11,0,463,3,1400,934,79,59,0,214,24,0,1,1,0,0,78,0,2,1,2,1,1
45,"MUNICIPIUL BUCUREŞTI - SECTOR 2","COLEGIUL NAŢIONAL ”CANTEMIR VODĂ”",336,"BUCUREŞTI SECTORUL 2",179150,1,PART,PRCNCT,PCJ,PG_SV,"2025-12-07 22:19:50",1449,1403,38,8,0,513,504,1,8,0,510,3,1598,1085,86,126,2,177,34,1,0,2,0,0,80,0,0,0,1,1,0
45,"MUNICIPIUL BUCUREŞTI - SECTOR 2","COLEGIUL NAŢIONAL ”CANTEMIR VODĂ”",335,"BUCUREŞTI SECTORUL 2",179150,1,PART,PRCNCT,PCJ,PG_SV,"2025-12-07 22:08:39",1113,1084,18,11,0,385,374,0,11,0,376,9,1200,815,48,93,0,129,22,2,1,1,0,0,78,1,0,0,0,1,0
44,"MUNICIPIUL BUCUREŞTI - SECTOR 1","COLEGIUL NAŢIONAL DE INFORMATICĂ ”TUDOR VIANU”",64,"BUCUREŞTI SECTORUL 1",179141,1,PART,PRCNCT,PCJ,PG_SV,"2025-12-07 23:16:38",1117,1057,54,6,0,449,443,0,6,0,448,1,1230,781,58,79,1,227,18,0,0,0,0,0,62,0,2,0,1,0,0
44,"MUNICIPIUL BUCUREŞTI - SECTOR 1","COLEGIUL NAŢIONAL DE INFORMATICĂ ”TUDOR VIANU”",62,"BUCUREŞTI SECTORUL 1",179141,1,PART,PRCNCT,PCJ,PG_SV,"2025-12-07 23:30:29",1197,1066,108,13,10,472,448,1,13,10,469,3,1300,828,78,79,1,205,25,2,0,1,0,0,73,0,1,0,2,1,1
44,"MUNICIPIUL BUCUREŞTI - SECTOR 1","COLEGIUL NAŢIONAL DE INFORMATICĂ ”TUDOR VIANU”",63,"BUCUREŞTI SECTORUL 1",179141,1,PART,PRCNCT,PCJ,PG_SV,"2025-12-08 00:06:35",1313,1255,14,14,30,648,604,0,14,30,640,8,1400,752,129,125,1,286,20,0,1,0,1,0,73,1,1,1,0,1,0
44,"MUNICIPIUL BUCUREŞTI - SECTOR 1","COLEGIUL NAŢIONAL DE MUZICĂ ”GEORGE ENESCU”",77,"BUCUREŞTI SECTORUL 1",179141,1,PART,PRCNCT,PCJ,PG_SV,"2025-12-07 22:28:18",1058,999,34,8,17,402,377,3,8,14,400,2,1140,738,54,59,0,181,21,0,0,2,1,0,77,1,2,0,0,0,2
44,"MUNICIPIUL BUCUREŞTI - SECTOR 1","COLEGIUL NAŢIONAL DE MUZICĂ ”GEORGE ENESCU”",78,"BUCUREŞTI SECTORUL 1",179141,1,PART,PRCNCT,PCJ,PG_SV,"2025-12-07 22:41:23",1228,1148,54,8,18,371,344,1,8,18,370,1,1340,969,76,65,0,144,17,0,0,0,1,0,64,1,1,1,0,0,0
49,"MUNICIPIUL BUCUREŞTI - SECTOR 6","COLEGIUL NAŢIONAL ”ELENA CUZA”",1111,"BUCUREŞTI SECTORUL 6",179196,2,PART,PRCNCT,PCJ,PG_SV,"2025-12-08 03:17:50",1138,1130,2,6,0,484,478,0,6,0,482,2,1200,716,32,69,0,236,27,0,3,0,1,0,107,1,4,0,0,0,2
49,"MUNICIPIUL BUCUREŞTI - SECTOR 6","COLEGIUL NAŢIONAL ”ELENA CUZA”",1113,"BUCUREŞTI SECTORUL 6",179196,2,PART,PRCNCT,PCJ,PG_SV,"2025-12-08 03:07:00",1049,1041,0,8,0,433,425,0,8,0,430,3,1000,567,40,68,2,218,24,0,0,1,2,0,75,0,0,0,0,0,0
49,"MUNICIPIUL BUCUREŞTI - SECTOR 6","COLEGIUL NAŢIONAL ”ELENA CUZA”",1114,"BUCUREŞTI SECTORUL 6",179196,1,PART,PRCNCT,PCJ,PG_SV,"2025-12-07 22:22:54",895,880,3,10,2,334,322,0,10,2,331,3,1000,666,26,48,0,195,22,0,0,0,0,0,38,0,2,0,0,0,0
49,"MUNICIPIUL BUCUREŞTI - SECTOR 6","COLEGIUL NAŢIONAL ”ELENA CUZA”",1112,"BUCUREŞTI SECTORUL 6",179196,2,PART,PRCNCT,PCJ,PG_SV,"2025-12-08 03:23:15",1009,993,3,13,0,430,417,0,13,0,426,4,1000,570,29,75,0,251,8,0,1,0,0,0,59,0,0,0,0,2,1
45,"MUNICIPIUL BUCUREŞTI - SECTOR 2","COLEGIUL NAŢIONAL ”EMIL RACOVIŢĂ”",317,"BUCUREŞTI SECTORUL 2",179150,1,PART,PRCNCT,PCJ,PG_SV,"2025-12-07 22:37:28",1359,1315,37,7,0,513,506,0,7,0,510,3,1400,887,87,94,1,198,41,0,1,1,0,0,81,0,3,1,0,2,0
45,"MUNICIPIUL BUCUREŞTI - SECTOR 2","COLEGIUL NAŢIONAL ”EMIL RACOVIŢĂ”",318,"BUCUREŞTI SECTORUL 2",179150,1,PART,PRCNCT,PCJ,PG_SV,"2025-12-07 22:01:01",1078,1037,31,10,0,452,440,2,10,0,450,2,1200,748,64,73,0,188,35,0,0,0,0,0,84,2,1,1,0,1,1
45,"MUNICIPIUL BUCUREŞTI - SECTOR 2","COLEGIUL NAŢIONAL ”EMIL RACOVIŢĂ”",319,"BUCUREŞTI SECTORUL 2",179150,1,PART,PRCNCT,PCJ,PG_SV,"2025-12-07 22:31:31",1714,1681,14,8,11,602,583,0,8,11,598,4,1800,1198,108,125,1,190,39,1,1,0,0,0,130,0,1,0,1,1,0
48,"MUNICIPIUL BUCUREŞTI - SECTOR 5","COLEGIUL NAȚIONAL ”GHEORGHE LAZĂR”",959,"BUCUREŞTI SECTORUL 5",179187,1,PART,PRCNCT,PCJ,PG_SV,"2025-12-07 22:25:43",726,681,35,9,1,246,235,1,9,1,245,1,804,558,34,46,0,101,21,0,0,1,0,0,41,0,1,0,0,0,0
48,"MUNICIPIUL BUCUREŞTI - SECTOR 5","COLEGIUL NAȚIONAL ”GHEORGHE LAZĂR”",957,"BUCUREŞTI SECTORUL 5",179187,2,PART,PRCNCT,PCJ,PG_SV,"2025-12-08 05:00:57",846,784,55,7,0,262,255,0,7,0,262,0,1001,739,37,38,0,112,19,0,1,0,0,0,54,0,1,0,0,0,0
48,"MUNICIPIUL BUCUREŞTI - SECTOR 5","COLEGIUL NAȚIONAL ”GHEORGHE LAZĂR”",956,"BUCUREŞTI SECTORUL 5",179187,1,PART,PRCNCT,PCJ,PG_SV,"2025-12-07 21:52:03",671,633,29,9,0,265,256,0,9,0,265,0,800,535,51,63,0,91,15,0,0,5,0,0,36,1,2,1,0,0,0
48,"MUNICIPIUL BUCUREŞTI - SECTOR 5","COLEGIUL NAȚIONAL ”GHEORGHE LAZĂR”",960,"BUCUREŞTI SECTORUL 5",179187,1,PART,PRCNCT,PCJ,PG_SV,"2025-12-07 22:02:59",655,567,18,10,60,249,182,1,10,56,249,0,800,551,26,50,0,106,5,0,1,1,0,0,56,0,1,1,0,2,0
48,"MUNICIPIUL BUCUREŞTI - SECTOR 5","COLEGIUL NAȚIONAL ”GHEORGHE LAZĂR”",958,"BUCUREŞTI SECTORUL 5",179187,1,PART,PRCNCT,PCJ,PG_SV,"2025-12-07 22:10:55",471,390,27,8,46,176,125,0,8,43,175,1,600,424,15,45,2,45,8,0,0,0,0,0,59,0,0,0,0,1,0
49,"MUNICIPIUL BUCUREŞTI - SECTOR 6","COLEGIUL NAŢIONAL ”GRIGORE MOISIL”",1085,"BUCUREŞTI SECTORUL 6",179196,2,PART,PRCNCT,PCJ,PG_SV,"2025-12-08 05:11:22",1973,1911,37,24,1,851,826,0,24,1,851,0,2000,1149,109,79,1,516,58,1,0,0,0,0,80,0,5,0,0,0,2
49,"MUNICIPIUL BUCUREŞTI - SECTOR 6","COLEGIUL NAŢIONAL ”GRIGORE MOISIL”",1086,"BUCUREŞTI SECTORUL 6",179196,1,PART,PRCNCT,PCJ,PG_SV,"2025-12-07 23:15:19",1742,1713,21,8,0,677,669,0,8,0,671,6,1995,1318,58,104,0,354,28,0,0,1,0,0,118,2,2,0,1,0,3
49,"MUNICIPIUL BUCUREŞTI - SECTOR 6","COLEGIUL NAŢIONAL ”GRIGORE MOISIL”",1084,"BUCUREŞTI SECTORUL 6",179196,2,PART,PRCNCT,PCJ,PG_SV,"2025-12-08 04:40:15",1647,1575,55,17,0,707,690,0,17,0,704,3,1797,1090,75,54,0,450,66,0,0,0,0,0,57,0,0,0,2,0,0
49,"MUNICIPIUL BUCUREŞTI - SECTOR 6","COLEGIUL NAŢIONAL ”GRIGORE MOISIL”",1083,"BUCUREŞTI SECTORUL 6",179196,1,PART,PRCNCT,PCJ,PG_SV,"2025-12-07 23:39:15",1845,1823,7,15,0,801,786,0,15,0,798,3,2000,1199,90,84,2,446,46,1,0,1,0,0,124,2,2,0,0,0,0
44,"MUNICIPIUL BUCUREŞTI - SECTOR 1","COLEGIUL NAŢIONAL ”I.L. CARAGIALE”",66,"BUCUREŞTI SECTORUL 1",179141,1,PART,PRCNCT,PCJ,PG_SV,"2025-12-07 22:44:11",1033,1012,9,12,0,447,435,0,12,0,446,1,1120,673,79,98,1,177,24,0,0,1,2,0,61,0,1,1,1,0,0
44,"MUNICIPIUL BUCUREŞTI - SECTOR 1","COLEGIUL NAŢIONAL ”I.L. CARAGIALE”",65,"BUCUREŞTI SECTORUL 1",179141,1,PART,PRCNCT,PCJ,PG_SV,"2025-12-07 22:48:15",1003,940,47,12,4,396,379,1,12,4,391,5,1090,694,64,76,0,174,17,0,0,0,1,0,56,0,3,0,0,0,0
47,"MUNICIPIUL BUCUREŞTI - SECTOR 4","COLEGIUL NAŢIONAL ION CREANGĂ",675,"BUCUREŞTI SECTORUL 4",179178,1,PART,PRCNCT,PCJ,PG_SV,"2025-12-07 22:34:56",1408,1368,26,14,0,530,516,0,14,0,527,3,1500,970,95,67,0,213,37,2,0,0,0,0,109,1,1,0,0,2,0
47,"MUNICIPIUL BUCUREŞTI - SECTOR 4","COLEGIUL NAŢIONAL ION CREANGĂ",676,"BUCUREŞTI SECTORUL 4",179178,1,PART,PRCNCT,PCJ,PG_SV,"2025-12-07 22:36:40",935,911,11,13,0,322,309,0,13,0,322,0,1000,678,46,73,2,120,15,0,0,0,0,0,64,0,2,0,0,0,0
44,"MUNICIPIUL BUCUREŞTI - SECTOR 1","COLEGIUL NAŢIONAL ”ION NECULCE”",121,"BUCUREŞTI SECTORUL 1",179141,2,PART,PRCNCT,PCJ,PG_SV,"2025-12-08 00:03:07",1476,1442,21,13,0,612,598,1,13,0,609,3,1617,1005,102,112,1,262,34,0,1,1,0,0,92,1,0,1,0,1,1
44,"MUNICIPIUL BUCUREŞTI - SECTOR 1","COLEGIUL NAŢIONAL ”ION NECULCE”",125,"BUCUREŞTI SECTORUL 1",179141,1,PART,PRCNCT,PCJ,PG_SV,"2025-12-07 22:35:52",1500,1421,72,7,0,483,476,0,7,0,478,5,1650,1167,74,81,0,203,32,0,0,1,1,0,84,1,0,1,0,0,0
44,"MUNICIPIUL BUCUREŞTI - SECTOR 1","COLEGIUL NAŢIONAL ”ION NECULCE”",122,"BUCUREŞTI SECTORUL 1",179141,1,PART,PRCNCT,PCJ,PG_SV,"2025-12-07 23:13:25",1413,1389,17,7,0,522,515,0,7,0,519,3,1550,1028,91,82,0,227,31,1,1,0,0,0,84,0,0,0,0,2,0
44,"MUNICIPIUL BUCUREŞTI - SECTOR 1","COLEGIUL NAŢIONAL ”ION NECULCE”",124,"BUCUREŞTI SECTORUL 1",179141,1,PART,PRCNCT,PCJ,PG_SV,"2025-12-07 22:42:11",1450,1424,16,9,1,603,593,0,9,1,599,4,1590,987,77,92,0,303,29,0,0,1,0,0,93,1,0,1,0,1,1
44,"MUNICIPIUL BUCUREŞTI - SECTOR 1","COLEGIUL NAŢIONAL ”ION NECULCE”",123,"BUCUREŞTI SECTORUL 1",179141,2,PART,PRCNCT,PCJ,PG_SV,"2025-12-08 03:19:39",1494,1451,30,12,1,609,595,1,12,1,601,8,1639,1030,92,105,2,255,40,0,0,1,0,0,105,0,0,1,0,0,0
45,"MUNICIPIUL BUCUREŞTI - SECTOR 2","COLEGIUL NAŢIONAL ”IULIA HAŞDEU”",304,"BUCUREŞTI SECTORUL 2",179150,1,PART,PRCNCT,PCJ,PG_SV,"2025-12-07 22:58:17",1315,1297,8,10,0,531,521,0,10,0,526,5,1600,1069,78,123,2,186,27,0,0,0,0,0,107,0,1,2,0,0,0
45,"MUNICIPIUL BUCUREŞTI - SECTOR 2","COLEGIUL NAŢIONAL ”IULIA HAŞDEU”",306,"BUCUREŞTI SECTORUL 2",179150,1,PART,PRCNCT,PCJ,PG_SV,"2025-12-07 22:28:00",1490,1455,25,10,0,544,534,0,10,0,541,3,1600,1056,93,118,1,185,51,0,0,0,1,0,87,1,2,1,1,0,0
45,"MUNICIPIUL BUCUREŞTI - SECTOR 2","COLEGIUL NAŢIONAL ”IULIA HAŞDEU”",305,"BUCUREŞTI SECTORUL 2",179150,2,PART,PRCNCT,PCJ,PG_SV,"2025-12-08 02:31:04",1257,1226,19,12,0,407,395,0,12,0,405,2,1401,994,57,83,0,137,31,0,0,1,1,0,91,0,2,2,0,0,0
46,"MUNICIPIUL BUCUREŞTI - SECTOR 3","COLEGIUL NAŢIONAL ”MATEI BASARAB”;",381,"BUCUREŞTI SECTORUL 3",179169,3,PART,PRCNCT,PCJ,PG_SV,"2025-12-08 06:40:10",1781,1743,29,7,2,497,487,1,7,2,494,3,2000,1503,60,115,0,161,31,1,1,1,0,0,119,0,5,0,0,0,0
46,"MUNICIPIUL BUCUREŞTI - SECTOR 3","COLEGIUL NAŢIONAL ”MATEI BASARAB”;",382,"BUCUREŞTI SECTORUL 3",179169,1,PART,PRCNCT,PCJ,PG_SV,"2025-12-07 22:58:14",2011,1884,88,13,26,572,535,0,13,24,569,3,2000,1428,66,105,0,230,37,1,0,0,2,0,124,1,1,0,2,0,0
46,"MUNICIPIUL BUCUREŞTI - SECTOR 3","COLEGIUL NAŢIONAL ”MATEI BASARAB”;",380,"BUCUREŞTI SECTORUL 3",179169,1,PART,PRCNCT,PCJ,PG_SV,"2025-12-07 21:37:44",2407,2397,0,10,0,13,3,0,10,0,13,0,2600,2587,2,3,0,5,1,0,0,0,0,0,2,0,0,0,0,0,0
46,"MUNICIPIUL BUCUREŞTI - SECTOR 3","COLEGIUL NAŢIONAL ”MATEI BASARAB”;",383,"BUCUREŞTI SECTORUL 3",179169,1,PART,PRCNCT,PCJ,PG_SV,"2025-12-07 22:09:37",1836,1784,42,9,1,582,571,1,9,1,579,3,2000,1418,78,126,1,200,48,1,0,1,0,1,119,0,2,0,1,0,1
46,"MUNICIPIUL BUCUREŞTI - SECTOR 3","COLEGIUL NAȚIONAL ”MATEI BASARAB”",386,"BUCUREŞTI SECTORUL 3",179169,2,PART,PRCNCT,PCJ,PG_SV,"2025-12-07 22:28:15",2516,2509,0,7,0,8,1,0,7,0,8,0,2800,2792,0,2,0,0,1,0,0,0,0,0,5,0,0,0,0,0,0
46,"MUNICIPIUL BUCUREŞTI - SECTOR 3","COLEGIUL NAȚIONAL ”MATEI BASARAB”",384,"BUCUREŞTI SECTORUL 3",179169,1,PART,PRCNCT,PCJ,PG_SV,"2025-12-07 21:42:26",2487,2479,0,8,0,8,0,0,8,0,8,0,2800,2792,2,2,0,1,0,0,0,0,0,0,3,0,0,0,0,0,0
46,"MUNICIPIUL BUCUREŞTI - SECTOR 3","COLEGIUL NAȚIONAL ”MATEI BASARAB”",385,"BUCUREŞTI SECTORUL 3",179169,1,PART,PRCNCT,PCJ,PG_SV,"2025-12-07 21:22:04",2985,2975,1,9,0,13,4,0,9,0,13,0,3200,3187,0,6,0,2,2,0,0,0,0,0,3,0,0,0,0,0,0
47,"MUNICIPIUL BUCUREŞTI - SECTOR 4","COLEGIUL NAȚIONAL ”MIHAI EMINESCU”",664,"BUCUREŞTI SECTORUL 4",179178,2,PART,PRCNCT,PCJ,PG_SV,"2025-12-08 03:44:37",1288,1224,22,15,27,462,420,0,15,27,460,2,1400,938,77,73,3,159,16,0,1,1,0,0,121,1,2,2,1,0,3
47,"MUNICIPIUL BUCUREŞTI - SECTOR 4","COLEGIUL NAȚIONAL ”MIHAI EMINESCU”",667,"BUCUREŞTI SECTORUL 4",179178,1,PART,PRCNCT,PCJ,PG_SV,"2025-12-07 22:29:30",1345,1280,54,11,0,466,454,1,11,0,465,1,1500,1034,51,77,0,212,32,0,0,1,0,1,87,0,2,0,0,2,0
47,"MUNICIPIUL BUCUREŞTI - SECTOR 4","COLEGIUL NAȚIONAL ”MIHAI EMINESCU”",666,"BUCUREŞTI SECTORUL 4",179178,2,PART,PRCNCT,PCJ,PG_SV,"2025-12-08 04:07:15",1096,1069,18,9,0,380,371,0,9,0,378,2,1200,820,51,60,1,160,20,0,0,2,0,0,78,0,2,2,1,1,0
47,"MUNICIPIUL BUCUREŞTI - SECTOR 4","COLEGIUL NAȚIONAL ”MIHAI EMINESCU”",665,"BUCUREŞTI SECTORUL 4",179178,1,PART,PRCNCT,PCJ,PG_SV,"2025-12-07 22:08:40",1298,1246,43,9,0,405,394,2,9,0,399,6,1400,995,57,68,1,149,25,1,0,0,0,0,94,2,1,0,0,0,1
47,"MUNICIPIUL BUCUREŞTI - SECTOR 4","COLEGIUL NAȚIONAL ”MIHAI EMINESCU”",663,"BUCUREŞTI SECTORUL 4",179178,2,PART,PRCNCT,PCJ,PG_SV,"2025-12-08 02:36:29",1808,1746,52,10,0,547,536,1,10,0,544,3,1998,1451,71,111,0,222,22,0,0,0,1,0,112,2,1,1,0,1,0
45,"MUNICIPIUL BUCUREŞTI - SECTOR 2","COLEGIUL NAŢIONAL ”MIHAI VITEAZUL”",359,"BUCUREŞTI SECTORUL 2",179150,1,PART,PRCNCT,PCJ,PG_SV,"2025-12-07 22:40:35",1588,1536,27,12,13,618,593,0,12,13,616,2,1800,1182,119,93,1,230,63,1,5,1,1,1,98,1,0,0,1,1,0
45,"MUNICIPIUL BUCUREŞTI - SECTOR 2","COLEGIUL NAŢIONAL ”MIHAI VITEAZUL”",360,"BUCUREŞTI SECTORUL 2",179150,1,PART,PRCNCT,PCJ,PG_SV,"2025-12-07 22:52:23",1437,1388,32,6,11,521,502,2,6,11,515,6,1600,1079,69,86,1,188,43,0,1,3,0,0,118,1,2,0,1,2,0
47,"MUNICIPIUL BUCUREŞTI - SECTOR 4","COLEGIUL NAŢIONAL OCTAV ONICESCU",756,"BUCUREŞTI SECTORUL 4",179178,1,PART,PRCNCT,PCJ,PG_SV,"2025-12-07 22:42:32",1069,1060,3,6,0,410,404,0,6,0,406,4,1200,790,47,145,0,102,29,0,0,3,2,0,74,0,3,0,0,1,0
47,"MUNICIPIUL BUCUREŞTI - SECTOR 4","COLEGIUL NAŢIONAL OCTAV ONICESCU",755,"BUCUREŞTI SECTORUL 4",179178,1,PART,PRCNCT,PCJ,PG_SV,"2025-12-07 22:38:23",1647,1630,4,13,0,604,590,1,13,0,596,8,1800,1196,68,172,0,160,42,2,1,1,0,0,147,0,1,0,1,0,1
47,"MUNICIPIUL BUCUREŞTI - SECTOR 4","COLEGIUL NAŢIONAL OCTAV ONICESCU",758,"BUCUREŞTI SECTORUL 4",179178,1,PART,PRCNCT,PCJ,PG_SV,"2025-12-07 23:08:16",1296,1284,6,6,0,530,524,0,6,0,524,6,1400,870,89,173,1,126,26,0,1,0,0,0,104,1,0,1,2,0,0
47,"MUNICIPIUL BUCUREŞTI - SECTOR 4","COLEGIUL NAŢIONAL OCTAV ONICESCU",757,"BUCUREŞTI SECTORUL 4",179178,1,PART,PRCNCT,PCJ,PG_SV,"2025-12-07 22:25:50",1368,1356,3,9,0,489,480,0,9,0,487,2,1500,1011,45,185,1,115,22,0,0,1,0,0,112,0,1,1,0,2,2
44,"MUNICIPIUL BUCUREŞTI - SECTOR 1","COLEGIUL NAŢIONAL ”SFÂNTUL SAVA”",80,"BUCUREŞTI SECTORUL 1",179141,1,PART,PRCNCT,PCJ,PG_SV,"2025-12-07 22:27:43",1341,1231,101,9,0,393,383,1,9,0,389,4,1460,1067,64,63,1,169,28,1,0,0,0,0,62,0,1,0,0,0,0
44,"MUNICIPIUL BUCUREŞTI - SECTOR 1","COLEGIUL NAŢIONAL ”SFÂNTUL SAVA”",82,"BUCUREŞTI SECTORUL 1",179141,1,PART,PRCNCT,PCJ,PG_SV,"2025-12-07 22:39:09",1154,1085,59,9,1,376,366,0,9,1,374,2,1260,884,65,58,1,149,31,1,0,0,0,0,64,0,3,1,0,1,0
44,"MUNICIPIUL BUCUREŞTI - SECTOR 1","COLEGIUL NAŢIONAL ”SFÂNTUL SAVA”",81,"BUCUREŞTI SECTORUL 1",179141,1,PART,PRCNCT,PCJ,PG_SV,"2025-12-07 22:32:47",1288,1198,77,13,0,412,398,1,13,0,410,2,1400,988,61,71,2,176,27,0,0,1,0,0,72,0,0,0,0,0,0
45,"MUNICIPIUL BUCUREŞTI - SECTOR 2","COLEGIUL NAŢIONAL ”SPIRU HARET”",332,"BUCUREŞTI SECTORUL 2",179150,1,PART,PRCNCT,PCJ,PG_SV,"2025-12-07 23:26:21",1134,1096,21,17,0,453,435,1,17,0,451,2,1200,747,63,79,2,185,38,0,0,1,0,0,82,1,0,0,0,0,0
45,"MUNICIPIUL BUCUREŞTI - SECTOR 2","COLEGIUL NAŢIONAL ”SPIRU HARET”",331,"BUCUREŞTI SECTORUL 2",179150,2,PART,PRCNCT,PCJ,PG_SV,"2025-12-08 03:56:05",1138,1069,48,9,12,389,367,1,9,12,388,1,1200,811,55,65,0,164,39,0,0,0,0,0,63,1,1,0,0,0,0
45,"MUNICIPIUL BUCUREŞTI - SECTOR 2","COLEGIUL NAŢIONAL ”VICTOR BABEŞ”",231,"BUCUREŞTI SECTORUL 2",179150,3,PART,PRCNCT,PCJ,PG_SV,"2025-12-08 04:50:47",1813,1731,42,11,29,489,456,0,11,22,487,2,2000,1511,69,102,2,153,36,0,0,0,1,0,118,0,2,1,0,3,0
45,"MUNICIPIUL BUCUREŞTI - SECTOR 2","COLEGIUL NAŢIONAL ”VICTOR BABEŞ”",232,"BUCUREŞTI SECTORUL 2",179150,1,PART,PRCNCT,PCJ,PG_SV,"2025-12-07 22:52:16",1639,1626,8,5,0,442,437,0,5,0,440,2,1800,1358,81,101,1,121,24,0,0,1,1,0,106,0,1,1,2,0,0
45,"MUNICIPIUL BUCUREŞTI - SECTOR 2","COLEGIUL NAŢIONAL ”VICTOR BABEŞ”",233,"BUCUREŞTI SECTORUL 2",179150,1,PART,PRCNCT,PCJ,PG_SV,"2025-12-07 22:16:05",1943,1925,12,6,0,566,559,1,6,0,562,4,2200,1634,109,97,5,155,41,1,1,1,0,1,144,0,1,0,4,0,2
45,"MUNICIPIUL BUCUREŞTI - SECTOR 2","COLEGIUL NAŢIONAL ”VICTOR BABEŞ”",234,"BUCUREŞTI SECTORUL 2",179150,1,PART,PRCNCT,PCJ,PG_SV,"2025-12-07 22:04:38",2171,2099,58,14,0,532,518,0,14,0,528,4,2200,1668,68,112,1,174,31,0,0,1,0,0,134,2,3,2,0,0,0
46,"MUNICIPIUL BUCUREŞTI - SECTOR 3","COLEGIUL TEHNIC ”ANGHEL SALIGNY”;",474,"BUCUREŞTI SECTORUL 3",179169,2,PART,PRCNCT,PCJ,PG_SV,"2025-12-08 03:15:27",733,721,3,9,0,275,266,0,9,0,273,2,800,525,39,58,0,83,27,0,0,1,0,0,63,1,0,1,0,0,0
46,"MUNICIPIUL BUCUREŞTI - SECTOR 3","COLEGIUL TEHNIC ”ANGHEL SALIGNY”;",473,"BUCUREŞTI SECTORUL 3",179169,2,PART,PRCNCT,PCJ,PG_SV,"2025-12-08 03:21:40",687,676,5,6,0,194,188,0,6,0,190,4,798,604,31,53,0,58,5,0,0,0,1,0,41,0,0,0,0,1,0
49,"MUNICIPIUL BUCUREŞTI - SECTOR 6","COLEGIUL TEHNIC ”CAROL I”",1266,"BUCUREŞTI SECTORUL 6",179196,2,PART,PRCNCT,PCJ,PG_SV,"2025-12-08 02:45:06",1226,1212,8,6,0,437,431,0,6,0,435,2,1200,763,50,72,0,198,32,0,0,0,0,0,83,0,0,0,0,0,0
49,"MUNICIPIUL BUCUREŞTI - SECTOR 6","COLEGIUL TEHNIC ”CAROL I”",1264,"BUCUREŞTI SECTORUL 6",179196,3,PART,PRCNCT,PCJ,PG_SV,"2025-12-08 03:18:59",1069,1059,2,8,0,384,376,0,8,0,377,7,1000,616,39,59,0,189,10,0,1,2,0,0,73,0,0,0,0,1,3
49,"MUNICIPIUL BUCUREŞTI - SECTOR 6","COLEGIUL TEHNIC ”CAROL I”",1263,"BUCUREŞTI SECTORUL 6",179196,1,PART,PRCNCT,PCJ,PG_SV,"2025-12-07 22:50:49",1144,1131,5,8,0,415,407,0,8,0,413,2,1200,785,33,85,0,195,14,0,1,0,0,0,83,1,1,0,0,0,0
49,"MUNICIPIUL BUCUREŞTI - SECTOR 6","COLEGIUL TEHNIC ”CAROL I”",1265,"BUCUREŞTI SECTORUL 6",179196,1,PART,PRCNCT,PCJ,PG_SV,"2025-12-07 22:28:01",1244,1236,4,4,0,436,432,0,4,0,430,6,1200,764,53,71,0,211,15,1,1,0,1,1,73,0,1,2,0,0,0
46,"MUNICIPIUL BUCUREŞTI - SECTOR 3","COLEGIUL TEHNIC ”COSTIN D. NENIŢESCU”;",548,"BUCUREŞTI SECTORUL 3",179169,1,PART,PRCNCT,PCJ,PG_SV,"2025-12-07 23:09:57",1677,1649,11,17,0,598,581,0,17,0,590,8,1800,1202,118,105,2,192,52,1,1,0,1,2,110,0,3,1,2,0,0
46,"MUNICIPIUL BUCUREŞTI - SECTOR 3","COLEGIUL TEHNIC ”COSTIN D. NENIŢESCU”;",544,"BUCUREŞTI SECTORUL 3",179169,1,PART,PRCNCT,PCJ,PG_SV,"2025-12-07 22:53:55",1871,1855,5,11,0,699,688,0,11,0,694,5,1998,1299,137,77,0,278,59,1,1,1,0,0,132,2,3,2,0,0,1
46,"MUNICIPIUL BUCUREŞTI - SECTOR 3","COLEGIUL TEHNIC ”COSTIN D. NENIŢESCU”;",545,"BUCUREŞTI SECTORUL 3",179169,2,PART,PRCNCT,PCJ,PG_SV,"2025-12-08 07:35:36",1788,1773,11,4,0,539,535,0,4,0,530,9,1998,1459,80,144,2,120,31,0,0,2,0,2,142,2,2,3,0,0,0
46,"MUNICIPIUL BUCUREŞTI - SECTOR 3","COLEGIUL TEHNIC ”COSTIN D. NENIŢESCU”;",546,"BUCUREŞTI SECTORUL 3",179169,1,PART,PRCNCT,PCJ,PG_SV,"2025-12-07 22:24:10",1634,1616,12,6,0,513,507,0,6,0,507,6,1800,1287,89,124,1,119,40,0,0,1,1,0,131,0,0,0,0,0,1
46,"MUNICIPIUL BUCUREŞTI - SECTOR 3","COLEGIUL TEHNIC ”COSTIN D. NENIŢESCU”;",547,"BUCUREŞTI SECTORUL 3",179169,1,PART,PRCNCT,PCJ,PG_SV,"2025-12-07 22:40:23",1800,1790,3,7,0,629,621,1,7,0,624,5,2000,1371,96,119,0,191,49,0,1,1,0,0,159,1,1,1,1,2,2
46,"MUNICIPIUL BUCUREŞTI - SECTOR 3","COLEGIUL TEHNIC ”COSTIN D. NENIȚESCU”;",549,"BUCUREŞTI SECTORUL 3",179169,2,PART,PRCNCT,PCJ,PG_SV,"2025-12-08 00:06:26",1537,1532,2,3,0,11,8,0,3,0,11,0,1600,1589,1,1,0,4,2,0,0,0,0,0,3,0,0,0,0,0,0
46,"MUNICIPIUL BUCUREŞTI - SECTOR 3","COLEGIUL TEHNIC ”COSTIN D. NENIȚESCU”;",551,"BUCUREŞTI SECTORUL 3",179169,2,PART,PRCNCT,PCJ,PG_SV,"2025-12-08 04:22:09",2082,2050,26,6,0,330,324,0,6,0,329,1,2200,1870,80,41,1,125,41,2,1,0,0,0,36,0,1,0,0,1,0
46,"MUNICIPIUL BUCUREŞTI - SECTOR 3","COLEGIUL TEHNIC ”COSTIN D. NENIȚESCU”;",550,"BUCUREŞTI SECTORUL 3",179169,2,PART,PRCNCT,PCJ,PG_SV,"2025-12-07 23:55:02",1686,1680,0,6,0,27,21,0,6,0,27,0,1800,1773,9,3,0,4,4,0,0,0,0,0,5,0,0,0,1,1,0
44,"MUNICIPIUL BUCUREŞTI - SECTOR 1","COLEGIUL TEHNIC DE ARHITECTURĂ ŞI LUCRĂRI PUBLICE ”IOAN N. SOCOLESCU”",79,"BUCUREŞTI SECTORUL 1",179141,1,PART,PRCNCT,PCJ,PG_SV,"2025-12-07 22:30:28",964,891,67,6,0,317,311,0,6,0,317,0,1050,733,51,60,0,116,25,0,0,0,0,0,63,1,1,0,0,0,0
48,"MUNICIPIUL BUCUREŞTI - SECTOR 5","COLEGIUL TEHNIC ENERGETIC",864,"BUCUREŞTI SECTORUL 5",179187,1,PART,PRCNCT,PCJ,PG_SV,"2025-12-07 22:45:45",1302,1271,23,8,0,428,420,0,8,0,421,7,1400,972,58,124,0,100,18,1,2,1,0,0,112,1,2,0,1,0,1
48,"MUNICIPIUL BUCUREŞTI - SECTOR 5","COLEGIUL TEHNIC ENERGETIC",866,"BUCUREŞTI SECTORUL 5",179187,1,PART,PRCNCT,PCJ,PG_SV,"2025-12-07 22:23:29",1187,1012,169,6,0,343,337,0,6,0,339,4,1200,857,43,101,0,82,22,0,0,1,0,0,85,0,0,2,2,1,0
48,"MUNICIPIUL BUCUREŞTI - SECTOR 5","COLEGIUL TEHNIC ENERGETIC",865,"BUCUREŞTI SECTORUL 5",179187,1,PART,PRCNCT,PCJ,PG_SV,"2025-12-07 22:00:34",1005,995,2,8,0,289,281,0,8,0,284,5,1200,911,37,69,0,64,19,0,1,1,0,0,91,1,0,1,0,0,0
48,"MUNICIPIUL BUCUREŞTI - SECTOR 5","COLEGIUL TEHNIC ENERGETIC",863,"BUCUREŞTI SECTORUL 5",179187,1,PART,PRCNCT,PCJ,PG_SV,"2025-12-07 22:18:24",1156,1127,18,10,1,355,344,0,10,1,349,6,1200,845,57,91,2,76,27,0,0,1,0,0,85,0,3,1,1,4,1
44,"MUNICIPIUL BUCUREŞTI - SECTOR 1","COLEGIUL TEHNIC FEROVIAR ”MIHAI I”",143,"BUCUREŞTI SECTORUL 1",179141,1,PART,PRCNCT,PCJ,PG_SV,"2025-12-07 22:39:30",1128,1125,0,3,0,321,318,0,3,0,317,4,1240,919,40,68,0,113,10,0,0,1,0,0,81,2,0,1,0,0,1
44,"MUNICIPIUL BUCUREŞTI - SECTOR 1","COLEGIUL TEHNIC FEROVIAR ”MIHAI I”",142,"BUCUREŞTI SECTORUL 1",179141,3,PART,PRCNCT,PCJ,PG_SV,"2025-12-08 00:08:33",1193,1186,2,5,0,388,383,0,5,0,384,4,1310,922,44,72,1,105,10,0,0,0,0,0,149,0,0,1,1,1,0
49,"MUNICIPIUL BUCUREŞTI - SECTOR 6","COLEGIUL TEHNIC ”GHEORGHE ASACHI”",1092,"BUCUREŞTI SECTORUL 6",179196,3,PART,PRCNCT,PCJ,PG_SV,"2025-12-08 02:31:14",2042,1987,38,13,4,889,872,0,13,4,886,3,2200,1311,87,99,0,542,53,0,0,0,0,0,101,3,1,0,0,0,0
49,"MUNICIPIUL BUCUREŞTI - SECTOR 6","COLEGIUL TEHNIC ”GHEORGHE ASACHI”",1093,"BUCUREŞTI SECTORUL 6",179196,2,PART,PRCNCT,PCJ,PG_SV,"2025-12-08 02:04:16",1064,1050,3,11,0,408,397,0,11,0,405,3,1004,596,49,69,0,203,18,0,1,0,1,0,62,0,2,0,0,0,0
49,"MUNICIPIUL BUCUREŞTI - SECTOR 6","COLEGIUL TEHNIC ”GHEORGHE ASACHI”",1091,"BUCUREŞTI SECTORUL 6",179196,1,PART,PRCNCT,PCJ,PG_SV,"2025-12-07 22:43:36",1040,1030,2,8,0,415,407,0,8,0,410,5,1000,585,43,68,0,216,13,0,0,0,0,0,69,0,0,0,0,0,1
49,"MUNICIPIUL BUCUREŞTI - SECTOR 6","COLEGIUL TEHNIC ”GHEORGHE ASACHI”",1090,"BUCUREŞTI SECTORUL 6",179196,2,PART,PRCNCT,PCJ,PG_SV,"2025-12-08 00:59:03",1249,1235,10,4,0,465,460,1,4,0,462,3,1200,735,30,59,0,238,32,0,0,1,1,0,100,0,0,0,0,1,0
47,"MUNICIPIUL BUCUREŞTI - SECTOR 4","COLEGIUL TEHNIC GRIGORE CERCHEZ",678,"BUCUREŞTI SECTORUL 4",179178,1,PART,PRCNCT,PCJ,PG_SV,"2025-12-07 22:54:29",1336,1317,10,9,0,508,498,1,9,0,504,4,1500,992,78,103,3,179,39,0,0,1,0,0,99,1,0,0,0,1,0
47,"MUNICIPIUL BUCUREŞTI - SECTOR 4","COLEGIUL TEHNIC GRIGORE CERCHEZ",677,"BUCUREŞTI SECTORUL 4",179178,1,PART,PRCNCT,PCJ,PG_SV,"2025-12-07 22:37:38",935,901,22,12,0,383,370,1,12,0,382,1,1000,617,70,71,1,146,28,0,0,3,0,0,57,1,1,2,1,1,0
46,"MUNICIPIUL BUCUREŞTI - SECTOR 3","COLEGIUL TEHNIC ”MIHAI BRAVU”;",427,"BUCUREŞTI SECTORUL 3",179169,2,PART,PRCNCT,PCJ,PG_SV,"2025-12-08 02:27:35",1136,1104,23,9,0,417,408,0,9,0,415,2,1200,783,67,117,0,111,31,0,0,0,1,0,83,0,0,0,1,3,1
46,"MUNICIPIUL BUCUREŞTI - SECTOR 3","COLEGIUL TEHNIC ”MIHAI BRAVU”;",419,"BUCUREŞTI SECTORUL 3",179169,1,PART,PRCNCT,PCJ,PG_SV,"2025-12-07 21:55:22",1483,1453,21,9,0,347,338,0,9,0,341,6,1600,1253,50,66,0,141,13,0,0,0,1,0,62,1,0,3,1,1,2
46,"MUNICIPIUL BUCUREŞTI - SECTOR 3","COLEGIUL TEHNIC ”MIHAI BRAVU”;",431,"BUCUREŞTI SECTORUL 3",179169,1,PART,PRCNCT,PCJ,PG_SV,"2025-12-07 21:54:06",1054,1032,13,8,1,315,306,0,8,1,314,1,1200,885,51,60,1,97,23,0,1,1,0,0,73,0,1,1,1,0,4
46,"MUNICIPIUL BUCUREŞTI - SECTOR 3","COLEGIUL TEHNIC ”MIHAI BRAVU”;",430,"BUCUREŞTI SECTORUL 3",179169,1,PART,PRCNCT,PCJ,PG_SV,"2025-12-07 22:11:37",1305,1288,7,10,0,389,379,0,10,0,386,3,1400,1011,91,78,0,113,23,1,0,0,0,0,79,0,0,0,0,1,0
46,"MUNICIPIUL BUCUREŞTI - SECTOR 3","COLEGIUL TEHNIC ”MIHAI BRAVU”;",429,"BUCUREŞTI SECTORUL 3",179169,1,PART,PRCNCT,PCJ,PG_SV,"2025-12-07 22:07:43",1329,1308,12,8,1,489,479,1,8,1,484,5,1400,911,91,95,0,163,55,0,0,0,0,0,73,1,3,3,0,0,0
46,"MUNICIPIUL BUCUREŞTI - SECTOR 3","COLEGIUL TEHNIC ”MIHAI BRAVU”;",428,"BUCUREŞTI SECTORUL 3",179169,2,PART,PRCNCT,PCJ,PG_SV,"2025-12-08 04:45:39",1180,1169,2,9,0,413,404,0,9,0,411,2,1200,787,61,101,0,131,35,0,0,1,0,0,80,1,1,0,0,0,0
46,"MUNICIPIUL BUCUREŞTI - SECTOR 3","COLEGIUL TEHNIC ”MIHAI BRAVU”;",426,"BUCUREŞTI SECTORUL 3",179169,1,PART,PRCNCT,PCJ,PG_SV,"2025-12-07 21:53:03",1068,1049,7,12,0,403,391,0,12,0,402,1,1200,797,67,78,4,152,21,1,1,1,0,0,75,0,1,0,0,1,0
46,"MUNICIPIUL BUCUREŞTI - SECTOR 3","COLEGIUL TEHNIC ”MIHAI BRAVU”;",425,"BUCUREŞTI SECTORUL 3",179169,1,PART,PRCNCT,PCJ,PG_SV,"2025-12-07 22:17:38",1235,1217,8,10,0,432,422,0,10,0,428,4,1400,968,81,79,2,127,36,0,0,0,0,0,99,0,1,0,0,3,0
46,"MUNICIPIUL BUCUREŞTI - SECTOR 3","COLEGIUL TEHNIC ”MIHAI BRAVU”;",424,"BUCUREŞTI SECTORUL 3",179169,1,PART,PRCNCT,PCJ,PG_SV,"2025-12-07 23:00:55",1471,1456,8,7,0,519,512,0,7,0,513,6,1600,1081,85,99,0,148,47,2,0,1,2,0,120,3,2,2,1,0,1
46,"MUNICIPIUL BUCUREŞTI - SECTOR 3","COLEGIUL TEHNIC ”MIHAI BRAVU”;",423,"BUCUREŞTI SECTORUL 3",179169,1,PART,PRCNCT,PCJ,PG_SV,"2025-12-07 21:58:49",967,952,6,9,0,276,267,0,9,0,274,2,1000,724,43,40,0,91,14,0,0,2,1,0,82,0,0,0,1,0,0
46,"MUNICIPIUL BUCUREŞTI - SECTOR 3","COLEGIUL TEHNIC ”MIHAI BRAVU”;",422,"BUCUREŞTI SECTORUL 3",179169,1,PART,PRCNCT,PCJ,PG_SV,"2025-12-07 22:35:02",1497,1483,4,10,0,537,527,0,10,0,535,2,1600,1063,75,114,1,180,54,0,0,0,0,0,107,0,1,3,0,0,0
46,"MUNICIPIUL BUCUREŞTI - SECTOR 3","COLEGIUL TEHNIC ”MIHAI BRAVU”;",421,"BUCUREŞTI SECTORUL 3",179169,2,PART,PRCNCT,PCJ,PG_SV,"2025-12-08 03:00:42",1510,1350,147,11,2,519,506,0,11,2,513,6,1400,881,101,90,1,192,23,0,0,1,1,0,100,0,3,1,0,0,0
46,"MUNICIPIUL BUCUREŞTI - SECTOR 3","COLEGIUL TEHNIC ”MIHAI BRAVU”;",420,"BUCUREŞTI SECTORUL 3",179169,2,PART,PRCNCT,PCJ,PG_SV,"2025-12-07 23:49:31",1666,1538,117,11,0,519,508,0,11,0,514,5,1600,1081,93,92,0,204,34,0,0,1,1,1,83,0,2,1,1,1,0
44,"MUNICIPIUL BUCUREŞTI - SECTOR 1","COLEGIUL TEHNIC ” VALTER MĂRĂCINEANU”",141,"BUCUREŞTI SECTORUL 1",179141,1,PART,PRCNCT,PCJ,PG_SV,"2025-12-07 22:46:52",1181,1159,15,6,1,424,417,0,6,1,420,4,1300,876,49,71,1,165,18,0,0,1,1,0,112,0,0,1,0,0,1
44,"MUNICIPIUL BUCUREŞTI - SECTOR 1","COLEGIUL TEHNIC ” VALTER MĂRĂCINEANU”",139,"BUCUREŞTI SECTORUL 1",179141,1,PART,PRCNCT,PCJ,PG_SV,"2025-12-07 22:28:05",1114,1081,23,10,0,361,350,1,10,0,357,4,1210,849,39,68,0,134,16,0,1,0,1,0,88,2,4,0,2,1,1
44,"MUNICIPIUL BUCUREŞTI - SECTOR 1","COLEGIUL TEHNIC ” VALTER MĂRĂCINEANU”",140,"BUCUREŞTI SECTORUL 1",179141,2,PART,PRCNCT,PCJ,PG_SV,"2025-12-08 04:14:33",1389,1366,13,9,1,455,445,0,9,1,449,6,1520,1065,50,105,1,154,30,1,0,1,0,0,102,0,3,1,0,1,0
44,"MUNICIPIUL BUCUREŞTI - SECTOR 1","COLEGIUL TEHNOLOGIC ”VIACESLAV HARNAJ”",46,"BUCUREŞTI SECTORUL 1",179141,1,PART,PRCNCT,PCJ,PG_SV,"2025-12-07 22:15:25",1608,1547,50,9,2,615,604,0,9,2,613,2,1760,1145,102,120,0,256,31,0,0,2,1,0,101,0,0,0,0,0,0
44,"MUNICIPIUL BUCUREŞTI - SECTOR 1","COLEGIUL TEHNOLOGIC ”VIACESLAV HARNAJ”",45,"BUCUREŞTI SECTORUL 1",179141,1,PART,PRCNCT,PCJ,PG_SV,"2025-12-07 22:47:50",1796,1572,214,10,0,591,579,2,10,0,590,1,1959,1368,62,140,0,287,29,0,0,1,0,0,68,0,2,1,0,0,0
44,"MUNICIPIUL BUCUREŞTI - SECTOR 1","COLEGIUL TEHNOLOGIC ”VIACESLAV HARNAJ”",44,"BUCUREŞTI SECTORUL 1",179141,2,PART,PRCNCT,PCJ,PG_SV,"2025-12-08 05:02:58",1591,1536,50,5,0,608,603,0,5,0,604,4,1749,1141,77,122,1,258,30,0,0,2,0,0,111,0,2,0,0,0,1
49,"MUNICIPIUL BUCUREŞTI - SECTOR 6","COLEGIUL UCECOM ”SPIRU HARET”",1246,"BUCUREŞTI SECTORUL 6",179196,1,PART,PRCNCT,PCJ,PG_SV,"2025-12-07 23:26:26",1920,1817,91,12,0,786,774,0,12,0,785,1,2000,1214,114,70,0,461,56,1,0,1,0,0,80,2,0,0,0,0,0
49,"MUNICIPIUL BUCUREŞTI - SECTOR 6","COLEGIUL UCECOM ”SPIRU HARET”",1247,"BUCUREŞTI SECTORUL 6",179196,1,PART,PRCNCT,PCJ,PG_SV,"2025-12-07 23:34:18",1591,1521,59,11,0,718,707,0,11,0,717,1,2000,1282,117,47,0,476,50,0,0,0,0,0,26,0,0,0,0,1,0
45,"MUNICIPIUL BUCUREŞTI - SECTOR 2","COLEGUL TEHNIC ”DIMITRIE LEONIDA”",279,"BUCUREŞTI SECTORUL 2",179150,1,PART,PRCNCT,PCJ,PG_SV,"2025-12-07 22:56:47",1039,1004,11,10,14,369,345,0,10,14,368,1,1200,831,56,67,1,139,28,0,1,4,0,0,69,1,0,0,0,2,0
45,"MUNICIPIUL BUCUREŞTI - SECTOR 2","COLEGUL TEHNIC ”DIMITRIE LEONIDA”",280,"BUCUREŞTI SECTORUL 2",179150,2,PART,PRCNCT,PCJ,PG_SV,"2025-12-08 02:46:41",1291,1276,6,9,0,497,482,6,9,0,495,2,1400,903,89,117,0,157,25,0,1,2,1,0,103,0,0,0,0,0,0
44,"MUNICIPIUL BUCUREŞTI - SECTOR 1","COMPLEXUL SOCIAL DE SERVICII ”ODĂI”",61,"BUCUREŞTI SECTORUL 1",179141,1,PART,PRCNCT,PCJ,PG_SV,"2025-12-07 22:28:53",735,696,0,14,25,301,267,0,14,20,298,3,770,469,21,114,2,30,7,1,0,2,0,1,115,0,3,0,1,1,0
44,"MUNICIPIUL BUCUREŞTI - SECTOR 1","DIRECŢIA PUBLICĂ DE EVIDENŢĂ A PERSOANEI ŞI STARE CIVILĂ SECT.1",40,"BUCUREŞTI SECTORUL 1",179141,1,PART,PRCNCT,PCJ,PG_SV,"2025-12-07 23:16:46",1203,1121,55,11,16,483,456,0,11,16,482,1,1300,817,68,74,0,235,19,0,0,0,0,1,82,0,1,0,1,0,1
48,"MUNICIPIUL BUCUREŞTI - SECTOR 5","FACULTATEA DE DREPT",955,"BUCUREŞTI SECTORUL 5",179187,1,PART,PRCNCT,PCJ,PG_SV,"2025-12-07 21:57:46",614,550,59,3,2,187,182,0,3,2,187,0,800,613,22,48,0,66,15,0,0,0,2,0,33,0,1,0,0,0,0
48,"MUNICIPIUL BUCUREŞTI - SECTOR 5","FACULTATEA DE DREPT",954,"BUCUREŞTI SECTORUL 5",179187,1,PART,PRCNCT,PCJ,PG_SV,"2025-12-07 22:09:54",592,560,19,12,1,202,188,1,12,1,202,0,802,600,29,28,0,87,18,0,0,1,0,0,37,0,1,0,0,0,1
48,"MUNICIPIUL BUCUREŞTI - SECTOR 5","FACULTATEA DE DREPT",953,"BUCUREŞTI SECTORUL 5",179187,1,PART,PRCNCT,PCJ,PG_SV,"2025-12-07 22:21:08",630,612,8,9,1,253,242,1,9,1,250,3,802,549,27,32,0,127,17,0,1,0,1,0,44,0,0,0,1,0,0
47,"MUNICIPIUL BUCUREŞTI - SECTOR 4","GRĂDINIŢA ”ALBĂ CA ZĂPADA ȘI PITICII”-STRUCTURĂ ARONDATĂ ȘCOLII GIMNAZIALE ”GEORGE TOPÂRCEANU”",799,"BUCUREŞTI SECTORUL 4",179178,1,PART,PRCNCT,PCJ,PG_SV,"2025-12-07 22:06:20",1199,1188,3,8,0,364,356,0,8,0,361,3,1300,936,52,98,2,105,25,0,0,1,0,0,75,0,1,0,1,1,0
47,"MUNICIPIUL BUCUREŞTI - SECTOR 4","GRĂDINIŢA ”ALBĂ CA ZĂPADA ȘI PITICII”-STRUCTURĂ ARONDATĂ ȘCOLII GIMNAZIALE ”GEORGE TOPÂRCEANU”",797,"BUCUREŞTI SECTORUL 4",179178,1,PART,PRCNCT,PCJ,PG_SV,"2025-12-07 22:26:27",1035,1015,6,13,1,486,472,0,13,1,484,2,1100,614,56,144,0,139,30,0,0,1,1,1,102,0,5,1,0,1,3
47,"MUNICIPIUL BUCUREŞTI - SECTOR 4","GRĂDINIŢA ”ALBĂ CA ZĂPADA ȘI PITICII”-STRUCTURĂ ARONDATĂ ȘCOLII GIMNAZIALE ”GEORGE TOPÂRCEANU”",800,"BUCUREŞTI SECTORUL 4",179178,1,PART,PRCNCT,PCJ,PG_SV,"2025-12-07 21:53:33",1083,1073,4,6,0,294,288,0,6,0,291,3,1200,906,52,95,0,66,13,0,0,0,0,0,63,0,1,0,1,0,0
47,"MUNICIPIUL BUCUREŞTI - SECTOR 4","GRĂDINIŢA ”ALBĂ CA ZĂPADA ȘI PITICII”-STRUCTURĂ ARONDATĂ ȘCOLII GIMNAZIALE ”GEORGE TOPÂRCEANU”",798,"BUCUREŞTI SECTORUL 4",179178,1,PART,PRCNCT,PCJ,PG_SV,"2025-12-07 21:51:11",1255,1229,17,9,0,345,336,0,9,0,344,1,1400,1055,42,99,2,92,20,0,0,2,0,0,85,1,0,1,0,0,0
45,"MUNICIPIUL BUCUREŞTI - SECTOR 2","GRĂDINIȚA CLOPOȚEL (FOSTA GRADINIŢA NR. 201)",316,"BUCUREŞTI SECTORUL 2",179150,1,PART,PRCNCT,PCJ,PG_SV,"2025-12-07 22:14:47",1153,1138,9,6,0,460,454,0,6,0,458,2,1400,940,91,79,4,176,38,1,0,0,1,0,64,0,0,1,1,1,1
45,"MUNICIPIUL BUCUREŞTI - SECTOR 2","GRĂDINIȚA CLOPOȚEL (FOSTA GRADINIŢA NR. 201)",314,"BUCUREŞTI SECTORUL 2",179150,1,PART,PRCNCT,PCJ,PG_SV,"2025-12-07 22:11:51",1445,1427,11,7,0,620,613,0,7,0,616,4,1606,986,91,127,1,236,39,0,0,0,0,0,119,0,2,1,0,0,0
45,"MUNICIPIUL BUCUREŞTI - SECTOR 2","GRĂDINIȚA CLOPOȚEL (FOSTA GRADINIŢA NR. 201)",313,"BUCUREŞTI SECTORUL 2",179150,1,PART,PRCNCT,PCJ,PG_SV,"2025-12-07 21:57:56",1293,1277,10,6,0,524,518,0,6,0,517,7,1400,876,75,113,1,203,33,0,1,0,0,1,87,0,1,2,0,0,0
45,"MUNICIPIUL BUCUREŞTI - SECTOR 2","GRĂDINIȚA CLOPOȚEL (FOSTA GRADINIŢA NR. 201)",315,"BUCUREŞTI SECTORUL 2",179150,1,PART,PRCNCT,PCJ,PG_SV,"2025-12-07 22:23:14",1245,1219,20,6,0,464,457,1,6,0,458,6,1400,936,82,92,2,163,34,0,1,1,1,1,74,0,1,1,2,2,1
48,"MUNICIPIUL BUCUREŞTI - SECTOR 5","GRĂDINIȚA DIN CADRUL COLEGIULUI TEHNIC DE INDUSTRIE ALIMENTARĂ”DUMITRU MOȚOC”",926,"BUCUREŞTI SECTORUL 5",179187,1,PART,PRCNCT,PCJ,PG_SV,"2025-12-07 21:55:58",1217,1203,8,6,0,385,379,0,6,0,383,2,1400,1015,54,63,0,136,22,1,0,1,0,0,101,1,1,2,0,1,0
48,"MUNICIPIUL BUCUREŞTI - SECTOR 5","GRĂDINIȚA DIN CADRUL COLEGIULUI TEHNIC DE INDUSTRIE ALIMENTARĂ”DUMITRU MOȚOC”",927,"BUCUREŞTI SECTORUL 5",179187,1,PART,PRCNCT,PCJ,PG_SV,"2025-12-07 22:14:41",1239,1228,4,6,1,403,396,0,6,1,394,9,1400,997,55,105,0,107,22,0,0,1,0,0,102,0,0,0,1,0,1
49,"MUNICIPIUL BUCUREŞTI - SECTOR 6","GRĂDINIȚA ”FULG DE NEA”",1278,"BUCUREŞTI SECTORUL 6",179196,2,PART,PRCNCT,PCJ,PG_SV,"2025-12-08 00:07:18",1537,1527,2,8,0,567,559,0,8,0,563,4,1600,1033,53,83,0,297,29,1,0,0,0,0,99,0,0,1,0,0,0
49,"MUNICIPIUL BUCUREŞTI - SECTOR 6","GRĂDINIȚA ”FULG DE NEA”",1277,"BUCUREŞTI SECTORUL 6",179196,1,PART,PRCNCT,PCJ,PG_SV,"2025-12-07 22:08:08",983,975,0,8,0,290,282,0,8,0,289,1,1000,710,21,44,0,148,12,0,0,1,0,0,62,0,0,0,0,1,0
47,"MUNICIPIUL BUCUREŞTI - SECTOR 4","GRĂDINIŢA ”ÎNȘIR”TE MĂRGĂRITE”",828,"BUCUREŞTI SECTORUL 4",179178,1,PART,PRCNCT,PCJ,PG_SV,"2025-12-07 22:03:16",1407,1216,181,10,0,391,381,0,10,0,391,0,1500,1109,37,114,1,76,33,0,0,2,1,0,124,1,0,1,0,1,0
47,"MUNICIPIUL BUCUREŞTI - SECTOR 4","GRĂDINIŢA ”ÎNȘIR”TE MĂRGĂRITE”",827,"BUCUREŞTI SECTORUL 4",179178,1,PART,PRCNCT,PCJ,PG_SV,"2025-12-07 22:28:11",1226,1216,2,8,0,391,383,0,8,0,389,2,1300,909,63,114,0,81,25,1,0,0,0,0,103,0,1,0,0,0,1
45,"MUNICIPIUL BUCUREŞTI - SECTOR 2","GRĂDINIŢA LUMINIȚA (FOSTA GRADINITA NR. 16)",320,"BUCUREŞTI SECTORUL 2",179150,1,PART,PRCNCT,PCJ,PG_SV,"2025-12-07 22:57:43",1155,1130,17,8,0,448,440,0,8,0,443,5,1400,952,70,91,2,159,22,1,1,0,0,0,91,2,2,0,0,1,1
45,"MUNICIPIUL BUCUREŞTI - SECTOR 2","GRĂDINIŢA LUMINIȚA (FOSTA GRADINITA NR. 16)",321,"BUCUREŞTI SECTORUL 2",179150,2,PART,PRCNCT,PCJ,PG_SV,"2025-12-08 04:30:49",1143,1111,22,10,0,461,451,0,10,0,452,9,1200,739,87,74,0,178,34,1,0,0,0,0,75,0,1,1,0,1,0
48,"MUNICIPIUL BUCUREŞTI - SECTOR 5","GRĂDINIȚA NR.168",924,"BUCUREŞTI SECTORUL 5",179187,2,PART,PRCNCT,PCJ,PG_SV,"2025-12-08 04:01:40",1365,1335,15,15,0,508,493,0,15,0,506,2,1400,892,73,95,1,181,38,0,0,1,0,0,110,0,1,2,1,2,1
48,"MUNICIPIUL BUCUREŞTI - SECTOR 5","GRĂDINIȚA NR.168",925,"BUCUREŞTI SECTORUL 5",179187,2,PART,PRCNCT,PCJ,PG_SV,"2025-12-08 04:33:39",1226,1178,7,17,24,483,444,0,17,22,482,1,1200,717,102,84,2,165,36,1,1,1,0,0,88,0,1,1,0,0,0
45,"MUNICIPIUL BUCUREŞTI - SECTOR 2","GRADINIŢA NR. 189",278,"BUCUREŞTI SECTORUL 2",179150,1,PART,PRCNCT,PCJ,PG_SV,"2025-12-07 21:49:30",932,919,4,9,0,302,293,0,9,0,300,2,1200,898,42,85,3,86,12,1,1,0,2,0,66,0,2,0,0,0,0
45,"MUNICIPIUL BUCUREŞTI - SECTOR 2","GRADINIŢA NR. 189",277,"BUCUREŞTI SECTORUL 2",179150,2,PART,PRCNCT,PCJ,PG_SV,"2025-12-08 00:24:07",932,917,4,11,0,315,304,0,11,0,311,4,1200,885,42,81,2,82,19,0,0,1,1,0,78,2,0,0,1,1,1
48,"MUNICIPIUL BUCUREŞTI - SECTOR 5","GRĂDINIȚA NR.205",942,"BUCUREŞTI SECTORUL 5",179187,1,PART,PRCNCT,PCJ,PG_SV,"2025-12-07 22:25:06",965,956,1,8,0,358,350,0,8,0,355,3,1000,642,58,81,1,81,21,0,1,0,0,0,106,0,4,1,1,0,0
48,"MUNICIPIUL BUCUREŞTI - SECTOR 5","GRĂDINIȚA NR.205",940,"BUCUREŞTI SECTORUL 5",179187,1,PART,PRCNCT,PCJ,PG_SV,"2025-12-07 22:57:27",1028,1014,1,13,0,349,336,0,13,0,349,0,1200,851,30,110,1,81,13,0,2,1,0,0,107,0,3,0,0,1,0
48,"MUNICIPIUL BUCUREŞTI - SECTOR 5","GRĂDINIȚA NR.205",939,"BUCUREŞTI SECTORUL 5",179187,1,PART,PRCNCT,PCJ,PG_SV,"2025-12-07 22:39:09",1254,1249,0,5,0,460,455,0,5,0,454,6,1398,938,57,98,2,129,24,2,0,3,1,1,126,1,5,0,3,0,2
48,"MUNICIPIUL BUCUREŞTI - SECTOR 5","GRĂDINIȚA NR.205",943,"BUCUREŞTI SECTORUL 5",179187,1,PART,PRCNCT,PCJ,PG_SV,"2025-12-07 23:00:29",1099,1088,1,10,0,369,359,0,10,0,365,4,1200,831,46,85,1,106,10,0,0,2,0,0,110,0,2,1,1,1,0
48,"MUNICIPIUL BUCUREŞTI - SECTOR 5","GRĂDINIȚA NR.205",941,"BUCUREŞTI SECTORUL 5",179187,1,PART,PRCNCT,PCJ,PG_SV,"2025-12-07 22:05:38",1182,1166,5,11,0,441,430,0,11,0,435,6,1400,959,72,98,1,119,25,0,0,0,0,0,116,0,1,0,0,3,0
45,"MUNICIPIUL BUCUREŞTI - SECTOR 2","GRĂDINIŢA NR. 233",209,"BUCUREŞTI SECTORUL 2",179150,1,PART,PRCNCT,PCJ,PG_SV,"2025-12-07 23:04:45",1197,1175,13,9,0,453,444,0,9,0,450,3,1400,947,66,92,2,156,33,0,0,0,0,1,91,0,7,0,0,0,2
45,"MUNICIPIUL BUCUREŞTI - SECTOR 2","GRĂDINIŢA NR. 233",208,"BUCUREŞTI SECTORUL 2",179150,1,PART,PRCNCT,PCJ,PG_SV,"2025-12-07 22:22:05",1376,1332,35,9,0,430,421,0,9,0,424,6,1600,1170,57,97,0,151,23,0,1,1,1,1,84,2,4,0,0,2,0
49,"MUNICIPIUL BUCUREŞTI - SECTOR 6","GRĂDINIȚA NR. 246",1234,"BUCUREŞTI SECTORUL 6",179196,1,PART,PRCNCT,PCJ,PG_SV,"2025-12-07 23:17:57",1595,1582,5,8,0,681,673,0,8,0,681,0,1600,919,74,102,1,353,33,1,0,0,1,0,110,0,1,1,0,2,2
49,"MUNICIPIUL BUCUREŞTI - SECTOR 6","GRĂDINIȚA NR. 246",1233,"BUCUREŞTI SECTORUL 6",179196,1,PART,PRCNCT,PCJ,PG_SV,"2025-12-07 22:12:13",1372,1336,29,7,0,497,490,0,7,0,496,1,1400,903,67,72,0,264,10,0,0,0,0,0,82,0,0,0,0,1,0
45,"MUNICIPIUL BUCUREŞTI - SECTOR 2","GRĂDINIŢA NR. 256",322,"BUCUREŞTI SECTORUL 2",179150,1,PART,PRCNCT,PCJ,PG_SV,"2025-12-07 22:44:54",1467,1437,23,7,0,646,639,0,7,0,641,5,1600,954,110,105,1,294,31,0,0,0,1,0,97,1,0,1,0,0,0
45,"MUNICIPIUL BUCUREŞTI - SECTOR 2","GRADINIŢA NR. 280",260,"BUCUREŞTI SECTORUL 2",179150,1,PART,PRCNCT,PCJ,PG_SV,"2025-12-07 22:41:12",2132,2111,12,9,0,678,669,0,9,0,672,6,2200,1522,138,128,0,219,52,2,0,2,1,0,124,2,1,0,2,0,1
45,"MUNICIPIUL BUCUREŞTI - SECTOR 2","GRADINIŢA NR. 280",259,"BUCUREŞTI SECTORUL 2",179150,1,PART,PRCNCT,PCJ,PG_SV,"2025-12-07 22:01:59",1260,1239,10,11,0,396,385,0,11,0,390,6,1400,1004,58,97,0,126,19,1,0,0,0,0,84,2,2,0,0,0,1
44,"MUNICIPIUL BUCUREŞTI - SECTOR 1","GRĂDINIȚA NR. 46",152,"BUCUREŞTI SECTORUL 1",179141,2,PART,PRCNCT,PCJ,PG_SV,"2025-12-08 03:52:44",1211,1199,7,5,0,339,334,0,5,0,337,2,1330,991,34,68,0,97,17,0,0,2,1,0,116,0,1,0,0,0,1
44,"MUNICIPIUL BUCUREŞTI - SECTOR 1","GRĂDINIȚA NR. 46",151,"BUCUREŞTI SECTORUL 1",179141,1,PART,PRCNCT,PCJ,PG_SV,"2025-12-07 22:40:22",1311,1305,1,5,0,325,320,0,5,0,320,5,1450,1125,43,63,1,62,14,1,0,1,1,0,129,1,1,1,1,1,0
47,"MUNICIPIUL BUCUREŞTI - SECTOR 4","GRĂDINIȚA ”PANSELUȚA”-STRUCTURĂ ARONDATĂ ȘCOLII GIMNAZIALE NR.133",720,"BUCUREŞTI SECTORUL 4",179178,1,PART,PRCNCT,PCJ,PG_SV,"2025-12-07 22:29:23",1265,1260,0,4,1,478,473,0,4,1,465,13,1399,921,57,138,2,113,20,0,0,1,2,0,128,0,2,2,0,0,0
47,"MUNICIPIUL BUCUREŞTI - SECTOR 4","GRĂDINIȚA ”PANSELUȚA”-STRUCTURĂ ARONDATĂ ȘCOLII GIMNAZIALE NR.133",722,"BUCUREŞTI SECTORUL 4",179178,1,PART,PRCNCT,PCJ,PG_SV,"2025-12-07 22:48:57",1554,1549,0,5,0,514,509,0,5,0,511,3,1700,1186,67,164,1,110,28,0,0,2,0,0,132,1,3,1,1,1,0
47,"MUNICIPIUL BUCUREŞTI - SECTOR 4","GRĂDINIȚA ”PANSELUȚA”-STRUCTURĂ ARONDATĂ ȘCOLII GIMNAZIALE NR.133",721,"BUCUREŞTI SECTORUL 4",179178,2,PART,PRCNCT,PCJ,PG_SV,"2025-12-08 04:02:13",1519,1502,4,13,0,581,568,0,13,0,574,7,1700,1119,73,172,0,149,28,1,0,0,0,0,139,3,4,3,1,0,1
47,"MUNICIPIUL BUCUREŞTI - SECTOR 4","GRĂDINIȚA ”PANSELUȚA”-STRUCTURĂ ARONDATĂ ȘCOLII GIMNAZIALE NR.133",723,"BUCUREŞTI SECTORUL 4",179178,2,PART,PRCNCT,PCJ,PG_SV,"2025-12-08 01:41:52",1068,1051,7,9,1,384,374,0,9,1,380,4,1202,818,45,119,0,74,24,0,0,2,0,0,109,0,1,3,2,0,1
49,"MUNICIPIUL BUCUREŞTI - SECTOR 6","GRADINIȚA ȘCOLII GIMNAZIALE NR. 168",1252,"BUCUREŞTI SECTORUL 6",179196,1,PART,PRCNCT,PCJ,PG_SV,"2025-12-07 22:37:40",1594,1578,7,9,0,442,433,0,9,0,440,2,1600,1158,48,53,1,225,21,0,1,2,1,0,86,0,1,0,0,1,0
49,"MUNICIPIUL BUCUREŞTI - SECTOR 6","GRADINIȚA ȘCOLII GIMNAZIALE NR. 168",1251,"BUCUREŞTI SECTORUL 6",179196,2,PART,PRCNCT,PCJ,PG_SV,"2025-12-08 02:36:46",1228,1213,6,9,0,419,410,0,9,0,417,2,1200,781,40,66,0,194,16,1,1,2,1,0,92,0,2,1,1,0,0
49,"MUNICIPIUL BUCUREŞTI - SECTOR 6","GRADINIȚA ȘCOLII GIMNAZIALE NR. 168",1248,"BUCUREŞTI SECTORUL 6",179196,1,PART,PRCNCT,PCJ,PG_SV,"2025-12-07 22:57:09",1702,1644,21,7,30,482,444,1,7,30,478,4,1600,1118,50,74,0,205,16,0,3,1,0,1,126,0,0,2,0,0,0
49,"MUNICIPIUL BUCUREŞTI - SECTOR 6","GRADINIȚA ȘCOLII GIMNAZIALE NR. 168",1249,"BUCUREŞTI SECTORUL 6",179196,1,PART,PRCNCT,PCJ,PG_SV,"2025-12-07 22:16:34",1563,1550,7,6,0,438,432,0,6,0,434,4,1600,1162,39,67,1,208,18,1,0,0,0,0,98,0,2,0,0,0,0
49,"MUNICIPIUL BUCUREŞTI - SECTOR 6","GRADINIȚA ȘCOLII GIMNAZIALE NR. 168",1250,"BUCUREŞTI SECTORUL 6",179196,2,PART,PRCNCT,PCJ,PG_SV,"2025-12-08 02:41:57",1644,1628,10,6,0,509,503,0,6,0,507,2,1600,1091,50,70,0,248,21,0,0,0,0,1,113,3,1,0,0,0,0
47,"MUNICIPIUL BUCUREŞTI - SECTOR 4","GRĂDINIȚA VISTA",770,"BUCUREŞTI SECTORUL 4",179178,2,PART,PRCNCT,PCJ,PG_SV,"2025-12-08 03:46:00",1822,1804,8,10,0,508,498,0,10,0,501,7,2000,1492,74,133,4,114,26,0,0,1,0,0,145,1,1,0,0,1,1
47,"MUNICIPIUL BUCUREŞTI - SECTOR 4","GRĂDINIȚA VISTA",769,"BUCUREŞTI SECTORUL 4",179178,1,PART,PRCNCT,PCJ,PG_SV,"2025-12-07 22:22:42",1923,1889,26,8,0,620,612,0,8,0,615,5,2100,1480,108,174,1,151,38,0,0,1,0,1,138,1,1,1,0,0,0
48,"MUNICIPIUL BUCUREŞTI - SECTOR 5","GRĂDINȚA NR.178",961,"BUCUREŞTI SECTORUL 5",179187,1,PART,PRCNCT,PCJ,PG_SV,"2025-12-07 22:33:00",1769,1746,13,10,0,570,560,0,10,0,565,5,1800,1230,50,122,2,168,44,0,1,0,0,0,175,1,1,1,0,0,0
48,"MUNICIPIUL BUCUREŞTI - SECTOR 5","GRĂDINȚA NR.178",962,"BUCUREŞTI SECTORUL 5",179187,1,PART,PRCNCT,PCJ,PG_SV,"2025-12-07 22:01:30",923,911,3,8,1,243,234,0,8,1,241,2,1000,757,22,75,2,77,8,0,0,0,2,1,49,1,2,0,0,1,1
48,"MUNICIPIUL BUCUREŞTI - SECTOR 5","GRĂDINȚA NR.178",963,"BUCUREŞTI SECTORUL 5",179187,1,PART,PRCNCT,PCJ,PG_SV,"2025-12-07 22:41:29",1762,1751,0,11,0,525,514,0,11,0,518,7,2000,1475,63,104,4,154,31,0,0,3,0,1,151,2,0,1,1,3,0
47,"MUNICIPIUL BUCUREŞTI - SECTOR 4","GRAND ARENA - GRĂDINIȚA NR.4",849,"BUCUREŞTI SECTORUL 4",179178,1,PART,PRCNCT,PCJ,PG_SV,"2025-12-07 23:07:17",2002,1981,11,9,1,711,701,0,9,1,703,8,2200,1489,144,197,1,200,48,1,0,3,0,0,107,1,0,0,0,0,1
47,"MUNICIPIUL BUCUREŞTI - SECTOR 4","GRAND ARENA - GRĂDINIȚA NR.62",850,"BUCUREŞTI SECTORUL 4",179178,2,PART,PRCNCT,PCJ,PG_SV,"2025-12-08 02:54:52",1968,1951,9,8,0,681,673,0,8,0,680,1,2200,1519,139,178,4,205,57,1,0,0,0,0,93,0,2,0,0,0,1
47,"MUNICIPIUL BUCUREŞTI - SECTOR 4","GRAND ARENA - GRĂDINIȚA NR.62",851,"BUCUREŞTI SECTORUL 4",179178,1,PART,PRCNCT,PCJ,PG_SV,"2025-12-07 23:05:44",2090,2063,16,11,0,830,819,0,11,0,827,3,2300,1470,141,205,3,265,67,0,0,0,1,0,139,0,1,2,1,2,0
44,"MUNICIPIUL BUCUREŞTI - SECTOR 1","LICEUL DE ARTE PLASTICE ”NICOLAE TONITZA”",87,"BUCUREŞTI SECTORUL 1",179141,1,PART,PRCNCT,PCJ,PG_SV,"2025-12-07 22:04:50",1235,1196,30,9,0,489,480,0,9,0,482,7,1350,861,63,115,0,202,23,0,0,0,1,0,75,0,2,0,0,1,0
44,"MUNICIPIUL BUCUREŞTI - SECTOR 1","LICEUL DE ARTE PLASTICE ”NICOLAE TONITZA”",88,"BUCUREŞTI SECTORUL 1",179141,1,PART,PRCNCT,PCJ,PG_SV,"2025-12-07 22:28:14",1346,1289,49,8,0,525,516,1,8,0,522,3,1470,945,76,83,1,260,34,0,2,0,1,0,62,0,0,1,0,1,1
44,"MUNICIPIUL BUCUREŞTI - SECTOR 1","LICEUL DE ARTE PLASTICE ”NICOLAE TONITZA”",85,"BUCUREŞTI SECTORUL 1",179141,1,PART,PRCNCT,PCJ,PG_SV,"2025-12-07 23:04:03",1441,1398,32,11,0,511,500,0,11,0,507,4,1580,1069,80,86,1,201,51,1,2,0,1,0,83,0,0,0,0,0,1
44,"MUNICIPIUL BUCUREŞTI - SECTOR 1","LICEUL DE ARTE PLASTICE ”NICOLAE TONITZA”",86,"BUCUREŞTI SECTORUL 1",179141,1,PART,PRCNCT,PCJ,PG_SV,"2025-12-07 22:20:59",1033,1002,26,5,0,391,384,2,5,0,391,0,1140,749,72,71,1,169,19,0,0,0,0,1,56,0,1,0,0,1,0
44,"MUNICIPIUL BUCUREŞTI - SECTOR 1","LICEUL GRECO-CATOLIC ”TIMOTEI CIPARIU”",8,"BUCUREŞTI SECTORUL 1",179141,1,PART,PRCNCT,PCJ,PG_SV,"2025-12-07 23:02:15",1373,1360,5,8,0,521,512,1,8,0,514,7,1520,999,90,82,0,184,32,0,1,0,1,0,118,1,1,2,1,0,1
44,"MUNICIPIUL BUCUREŞTI - SECTOR 1","LICEUL GRECO-CATOLIC ”TIMOTEI CIPARIU”",7,"BUCUREŞTI SECTORUL 1",179141,1,PART,PRCNCT,PCJ,PG_SV,"2025-12-07 22:28:54",1292,1275,10,7,0,460,453,0,7,0,458,2,1420,960,64,80,2,190,16,0,0,2,0,0,96,2,3,0,1,0,2
44,"MUNICIPIUL BUCUREŞTI - SECTOR 1","LICEUL GRECO-CATOLIC ”TIMOTEI CIPARIU”",6,"BUCUREŞTI SECTORUL 1",179141,1,PART,PRCNCT,PCJ,PG_SV,"2025-12-07 23:18:28",1426,1386,28,12,0,557,545,0,12,0,553,4,1560,1003,89,97,0,256,25,2,0,1,0,1,78,1,2,0,0,1,0
49,"MUNICIPIUL BUCUREŞTI - SECTOR 6","LICEUL TEHNOLOGIC ”ANTIM IVIREANU”",1100,"BUCUREŞTI SECTORUL 6",179196,1,PART,PRCNCT,PCJ,PG_SV,"2025-12-07 22:49:54",1329,1308,10,11,0,712,701,0,11,0,710,2,1400,688,110,56,1,460,33,0,0,1,0,0,48,0,1,0,0,0,0
49,"MUNICIPIUL BUCUREŞTI - SECTOR 6","LICEUL TEHNOLOGIC ”ANTIM IVIREANU”",1101,"BUCUREŞTI SECTORUL 6",179196,2,PART,PRCNCT,PCJ,PG_SV,"2025-12-08 02:56:36",1595,1581,5,9,0,530,521,0,9,0,526,4,1600,1070,49,73,0,276,26,2,0,0,0,0,96,2,1,1,0,0,0
49,"MUNICIPIUL BUCUREŞTI - SECTOR 6","LICEUL TEHNOLOGIC ”ANTIM IVIREANU”",1099,"BUCUREŞTI SECTORUL 6",179196,1,PART,PRCNCT,PCJ,PG_SV,"2025-12-07 22:34:31",1080,1070,7,3,0,400,397,0,3,0,398,2,1000,600,28,52,0,215,17,0,0,0,1,1,82,0,0,1,0,0,1
49,"MUNICIPIUL BUCUREŞTI - SECTOR 6","LICEUL TEHNOLOGIC ”ANTIM IVIREANU”",1098,"BUCUREŞTI SECTORUL 6",179196,2,PART,PRCNCT,PCJ,PG_SV,"2025-12-08 02:16:47",1903,1876,13,14,0,713,699,0,14,0,709,4,2008,1295,72,97,1,360,43,1,0,0,1,0,126,0,1,0,1,3,3
49,"MUNICIPIUL BUCUREŞTI - SECTOR 6","LICEUL TEHNOLOGIC ”ANTIM IVIREANU”",1097,"BUCUREŞTI SECTORUL 6",179196,1,PART,PRCNCT,PCJ,PG_SV,"2025-12-07 22:42:27",1001,985,5,11,0,298,287,0,11,0,297,1,1000,702,28,52,0,135,8,0,0,1,0,0,69,1,1,1,0,1,0
49,"MUNICIPIUL BUCUREŞTI - SECTOR 6","LICEUL TEHNOLOGIC ”ANTIM IVIREANU”",1096,"BUCUREŞTI SECTORUL 6",179196,1,PART,PRCNCT,PCJ,PG_SV,"2025-12-07 22:39:38",1059,1033,18,8,0,435,426,1,8,0,431,4,1000,565,32,60,2,247,19,0,2,1,0,0,64,0,2,0,0,2,0
49,"MUNICIPIUL BUCUREŞTI - SECTOR 6","LICEUL TEHNOLOGIC ”ANTIM IVIREANU”",1095,"BUCUREŞTI SECTORUL 6",179196,2,PART,PRCNCT,PCJ,PG_SV,"2025-12-08 04:35:34",1083,1076,1,6,0,478,472,0,6,0,476,2,1000,522,50,55,0,232,37,0,0,1,0,0,98,1,0,0,0,1,1
49,"MUNICIPIUL BUCUREŞTI - SECTOR 6","LICEUL TEHNOLOGIC ”ANTIM IVIREANU”",1094,"BUCUREŞTI SECTORUL 6",179196,1,PART,PRCNCT,PCJ,PG_SV,"2025-12-07 22:21:01",1132,1119,3,10,0,403,393,0,10,0,402,1,1200,797,32,63,2,199,25,0,1,0,1,0,77,1,0,1,0,0,0
45,"MUNICIPIUL BUCUREŞTI - SECTOR 2","LICEUL TEHNOLOGIC CONSTANTIN BRÂNCUŞI",195,"BUCUREŞTI SECTORUL 2",179150,1,PART,PRCNCT,PCJ,PG_SV,"2025-12-07 22:40:35",2922,2552,338,26,6,972,939,3,26,4,970,2,2800,1828,233,117,1,483,63,0,0,0,0,0,67,3,0,3,0,0,0
49,"MUNICIPIUL BUCUREŞTI - SECTOR 6","LICEUL TEHNOLOGIC ”COSTIN C. KIRIŢESCU”",1219,"BUCUREŞTI SECTORUL 6",179196,1,PART,PRCNCT,PCJ,PG_SV,"2025-12-07 22:32:07",1246,1157,81,8,0,465,457,0,8,0,465,0,1200,735,48,64,0,250,25,0,0,0,1,1,71,1,1,1,1,1,0
49,"MUNICIPIUL BUCUREŞTI - SECTOR 6","LICEUL TEHNOLOGIC ”COSTIN C. KIRIŢESCU”",1215,"BUCUREŞTI SECTORUL 6",179196,2,PART,PRCNCT,PCJ,PG_SV,"2025-12-08 00:28:09",1218,1195,12,11,0,453,442,0,11,0,450,3,1200,747,27,85,2,220,30,0,0,1,0,1,79,0,2,0,0,2,1
49,"MUNICIPIUL BUCUREŞTI - SECTOR 6","LICEUL TEHNOLOGIC ”COSTIN C. KIRIŢESCU”",1216,"BUCUREŞTI SECTORUL 6",179196,1,PART,PRCNCT,PCJ,PG_SV,"2025-12-07 22:21:12",1236,1217,10,9,0,458,449,0,9,0,455,3,1204,746,41,80,0,207,18,0,0,1,0,0,105,1,1,0,0,1,0
49,"MUNICIPIUL BUCUREŞTI - SECTOR 6","LICEUL TEHNOLOGIC ”COSTIN C. KIRIŢESCU”",1217,"BUCUREŞTI SECTORUL 6",179196,2,PART,PRCNCT,PCJ,PG_SV,"2025-12-08 00:12:19",1294,1288,1,5,0,440,435,0,5,0,436,4,1400,960,50,75,0,217,24,0,0,0,0,0,68,1,0,1,0,0,0
49,"MUNICIPIUL BUCUREŞTI - SECTOR 6","LICEUL TEHNOLOGIC ”COSTIN C. KIRIŢESCU”",1223,"BUCUREŞTI SECTORUL 6",179196,2,PART,PRCNCT,PCJ,PG_SV,"2025-12-08 04:09:19",1703,1693,6,4,0,629,624,1,4,0,628,1,1800,1171,73,82,1,315,27,0,0,0,0,0,128,0,1,0,0,1,0
49,"MUNICIPIUL BUCUREŞTI - SECTOR 6","LICEUL TEHNOLOGIC ”COSTIN C. KIRIŢESCU”",1222,"BUCUREŞTI SECTORUL 6",179196,1,PART,PRCNCT,PCJ,PG_SV,"2025-12-07 22:30:17",1657,1642,5,10,0,637,627,0,10,0,634,3,1600,963,51,109,0,325,42,0,0,0,1,0,101,1,1,0,1,1,1
49,"MUNICIPIUL BUCUREŞTI - SECTOR 6","LICEUL TEHNOLOGIC ”COSTIN C. KIRIŢESCU”",1218,"BUCUREŞTI SECTORUL 6",179196,1,PART,PRCNCT,PCJ,PG_SV,"2025-12-07 22:16:58",952,920,28,4,0,336,332,0,4,0,334,2,1000,664,38,47,0,147,16,0,1,0,0,0,82,0,1,0,1,1,0
49,"MUNICIPIUL BUCUREŞTI - SECTOR 6","LICEUL TEHNOLOGIC ”COSTIN C. KIRIŢESCU”",1213,"BUCUREŞTI SECTORUL 6",179196,1,PART,PRCNCT,PCJ,PG_SV,"2025-12-07 22:46:03",1387,1342,39,6,0,547,541,0,6,0,545,2,1404,857,63,69,0,294,34,1,0,1,0,0,79,0,1,1,1,1,0
49,"MUNICIPIUL BUCUREŞTI - SECTOR 6","LICEUL TEHNOLOGIC ”COSTIN C. KIRIŢESCU”",1214,"BUCUREŞTI SECTORUL 6",179196,1,PART,PRCNCT,PCJ,PG_SV,"2025-12-07 23:15:58",1400,1374,5,21,0,540,518,1,21,0,537,3,1400,860,82,61,0,286,25,0,0,0,0,0,81,0,0,1,0,1,0
49,"MUNICIPIUL BUCUREŞTI - SECTOR 6","LICEUL TEHNOLOGIC ”COSTIN C. KIRIŢESCU”",1221,"BUCUREŞTI SECTORUL 6",179196,2,PART,PRCNCT,PCJ,PG_SV,"2025-12-08 00:21:51",1575,1538,30,7,0,635,628,0,7,0,632,3,1600,965,75,95,0,320,19,0,0,0,0,0,116,0,3,1,0,1,2
49,"MUNICIPIUL BUCUREŞTI - SECTOR 6","LICEUL TEHNOLOGIC ”COSTIN C. KIRIŢESCU”",1220,"BUCUREŞTI SECTORUL 6",179196,1,PART,PRCNCT,PCJ,PG_SV,"2025-12-07 22:44:54",1125,1073,42,10,0,475,465,0,10,0,474,1,996,521,41,89,0,208,24,0,0,2,0,0,106,2,1,0,0,1,0
48,"MUNICIPIUL BUCUREŞTI - SECTOR 5","LICEUL TEHNOLOGIC ”DIMITRIE GUSTI”",937,"BUCUREŞTI SECTORUL 5",179187,2,PART,PRCNCT,PCJ,PG_SV,"2025-12-08 04:07:09",1186,1167,8,11,0,447,436,0,11,0,444,3,1400,953,57,104,0,166,23,0,0,1,0,0,92,0,1,0,0,0,0
48,"MUNICIPIUL BUCUREŞTI - SECTOR 5","LICEUL TEHNOLOGIC ”DIMITRIE GUSTI”",938,"BUCUREŞTI SECTORUL 5",179187,1,PART,PRCNCT,PCJ,PG_SV,"2025-12-07 22:42:03",1156,1146,4,6,0,415,409,0,6,0,408,7,1200,785,54,73,1,136,34,0,0,0,1,0,103,2,3,0,0,0,1
48,"MUNICIPIUL BUCUREŞTI - SECTOR 5","LICEUL TEHNOLOGIC ”DIMITRIE GUSTI”",936,"BUCUREŞTI SECTORUL 5",179187,1,PART,PRCNCT,PCJ,PG_SV,"2025-12-07 22:51:41",1216,1200,2,14,0,501,487,0,14,0,500,1,1402,901,67,100,2,189,22,0,1,0,0,0,113,2,2,1,0,1,0
45,"MUNICIPIUL BUCUREŞTI - SECTOR 2","LICEUL TEHNOLOGIC ELECTRONICA INDUSTRIALĂ",303,"BUCUREŞTI SECTORUL 2",179150,1,PART,PRCNCT,PCJ,PG_SV,"2025-12-07 22:32:57",1228,1157,61,10,0,424,414,0,10,0,422,2,1400,976,67,102,0,152,21,0,0,0,0,0,80,0,0,0,0,0,0
45,"MUNICIPIUL BUCUREŞTI - SECTOR 2","LICEUL TEHNOLOGIC ELECTRONICA INDUSTRIALĂ",301,"BUCUREŞTI SECTORUL 2",179150,1,PART,PRCNCT,PCJ,PG_SV,"2025-12-07 22:11:21",1469,1432,26,11,0,526,513,2,11,0,524,2,1600,1074,76,115,0,185,31,0,0,2,1,0,110,0,0,3,0,0,1
45,"MUNICIPIUL BUCUREŞTI - SECTOR 2","LICEUL TEHNOLOGIC ELECTRONICA INDUSTRIALĂ",302,"BUCUREŞTI SECTORUL 2",179150,1,PART,PRCNCT,PCJ,PG_SV,"2025-12-07 22:04:33",1438,1395,33,10,0,480,469,1,10,0,471,9,1600,1120,57,104,0,152,39,1,4,0,1,0,110,0,0,1,1,1,0
46,"MUNICIPIUL BUCUREŞTI - SECTOR 3","LICEUL TEHNOLOGIC ”ELIE RADU”;",502,"BUCUREŞTI SECTORUL 3",179169,1,PART,PRCNCT,PCJ,PG_SV,"2025-12-07 21:54:09",1404,1357,34,6,7,407,394,0,6,7,403,4,1600,1193,42,102,3,105,37,1,0,4,0,3,97,1,2,1,5,0,0
46,"MUNICIPIUL BUCUREŞTI - SECTOR 3","LICEUL TEHNOLOGIC ”ELIE RADU”;",503,"BUCUREŞTI SECTORUL 3",179169,2,PART,PRCNCT,PCJ,PG_SV,"2025-12-07 23:26:54",1334,1328,0,6,0,369,363,0,6,0,366,3,1402,1033,76,90,3,101,21,0,0,2,1,0,69,0,2,1,0,0,0
46,"MUNICIPIUL BUCUREŞTI - SECTOR 3","LICEUL TEHNOLOGIC ”ELIE RADU”;",504,"BUCUREŞTI SECTORUL 3",179169,1,PART,PRCNCT,PCJ,PG_SV,"2025-12-07 22:12:34",940,934,1,5,0,279,279,0,0,0,275,4,1000,721,55,46,0,89,18,0,0,0,0,0,61,1,1,1,2,0,1
46,"MUNICIPIUL BUCUREŞTI - SECTOR 3","LICEUL TEHNOLOGIC ”ELIE RADU”;",505,"BUCUREŞTI SECTORUL 3",179169,3,PART,PRCNCT,PCJ,PG_SV,"2025-12-08 08:22:40",1508,1500,2,6,0,386,380,0,6,0,380,6,1601,1215,50,92,0,88,23,1,0,2,0,1,117,3,0,2,1,0,0
46,"MUNICIPIUL BUCUREŞTI - SECTOR 3","LICEUL TEHNOLOGIC ”ELIE RADU”;",506,"BUCUREŞTI SECTORUL 3",179169,1,PART,PRCNCT,PCJ,PG_SV,"2025-12-07 22:17:27",1412,1405,2,5,0,340,335,0,5,0,337,3,1600,1260,47,84,0,80,17,0,1,3,0,0,99,0,4,2,0,0,0
45,"MUNICIPIUL BUCUREŞTI - SECTOR 2","LICEUL TEHNOLOGIC ”I.C. BRĂTIANU” (FOST LICEUL TEHNOLOGIC MECANICĂ FINĂ)",309,"BUCUREŞTI SECTORUL 2",179150,1,PART,PRCNCT,PCJ,PG_SV,"2025-12-07 22:40:36",1064,992,67,5,0,338,332,1,5,0,336,2,1200,862,52,78,0,114,24,1,1,0,2,1,59,1,1,1,1,0,0
45,"MUNICIPIUL BUCUREŞTI - SECTOR 2","LICEUL TEHNOLOGIC ”I.C. BRĂTIANU” (FOST LICEUL TEHNOLOGIC MECANICĂ FINĂ)",308,"BUCUREŞTI SECTORUL 2",179150,1,PART,PRCNCT,PCJ,PG_SV,"2025-12-07 22:09:50",1135,1076,53,6,0,397,391,0,6,0,394,3,1200,803,40,90,1,173,29,0,0,1,0,0,59,0,1,0,0,0,0
45,"MUNICIPIUL BUCUREŞTI - SECTOR 2","LICEUL TEHNOLOGIC ”I.C. BRĂTIANU” (FOST LICEUL TEHNOLOGIC MECANICĂ FINĂ)",310,"BUCUREŞTI SECTORUL 2",179150,1,PART,PRCNCT,PCJ,PG_SV,"2025-12-07 22:05:02",1591,1556,28,7,0,574,567,0,7,0,571,3,1800,1226,83,110,0,236,44,0,0,1,0,0,94,1,1,0,0,1,0
45,"MUNICIPIUL BUCUREŞTI - SECTOR 2","LICEUL TEHNOLOGIC ”I.C. BRĂTIANU” (FOST LICEUL TEHNOLOGIC MECANICĂ FINĂ)",307,"BUCUREŞTI SECTORUL 2",179150,1,PART,PRCNCT,PCJ,PG_SV,"2025-12-07 22:00:50",1363,1349,6,8,0,529,521,0,8,0,525,4,1598,1069,90,82,0,233,34,0,0,0,0,0,81,2,0,2,1,0,0
49,"MUNICIPIUL BUCUREŞTI - SECTOR 6","LICEUL TEHNOLOGIC ”PETRU PONI”",1178,"BUCUREŞTI SECTORUL 6",179196,3,PART,PRCNCT,PCJ,PG_SV,"2025-12-08 03:59:12",1774,1735,26,13,0,553,539,1,13,0,548,5,1800,1247,68,65,3,270,47,0,0,0,2,0,90,1,1,0,0,1,0
49,"MUNICIPIUL BUCUREŞTI - SECTOR 6","LICEUL TEHNOLOGIC ”PETRU PONI”",1176,"BUCUREŞTI SECTORUL 6",179196,3,PART,PRCNCT,PCJ,PG_SV,"2025-12-08 03:38:20",1675,1657,8,10,0,681,670,1,10,0,680,1,1598,917,112,62,0,391,45,1,0,0,0,0,66,1,1,0,1,0,0
49,"MUNICIPIUL BUCUREŞTI - SECTOR 6","LICEUL TEHNOLOGIC ”PETRU PONI”",1177,"BUCUREŞTI SECTORUL 6",179196,1,PART,PRCNCT,PCJ,PG_SV,"2025-12-07 22:54:25",1817,1782,23,10,2,709,696,1,10,2,709,0,1800,1091,106,62,0,400,59,0,0,2,0,0,77,0,2,1,0,0,0
49,"MUNICIPIUL BUCUREŞTI - SECTOR 6","LICEUL TEHNOLOGIC ”PETRU PONI”",1175,"BUCUREŞTI SECTORUL 6",179196,1,PART,PRCNCT,PCJ,PG_SV,"2025-12-07 22:45:56",1556,1522,27,7,0,545,538,0,7,0,542,3,1600,1055,58,71,1,237,26,0,0,0,2,1,146,0,0,0,0,0,0
45,"MUNICIPIUL BUCUREŞTI - SECTOR 2","LICEUL TEHNOLOGIC ”SF. PANTELIMON”",252,"BUCUREŞTI SECTORUL 2",179150,1,PART,PRCNCT,PCJ,PG_SV,"2025-12-07 22:49:35",1767,1750,8,6,3,679,670,0,6,3,673,6,2000,1321,73,143,0,260,37,0,0,0,0,0,150,2,3,3,0,0,2
45,"MUNICIPIUL BUCUREŞTI - SECTOR 2","LICEUL TEHNOLOGIC ”SF. PANTELIMON”",254,"BUCUREŞTI SECTORUL 2",179150,1,PART,PRCNCT,PCJ,PG_SV,"2025-12-07 21:57:17",1206,1195,4,7,0,417,410,0,7,0,414,3,1400,983,63,99,2,142,23,0,0,2,0,0,82,0,0,0,0,1,0
45,"MUNICIPIUL BUCUREŞTI - SECTOR 2","LICEUL TEHNOLOGIC ”SF. PANTELIMON”",255,"BUCUREŞTI SECTORUL 2",179150,1,PART,PRCNCT,PCJ,PG_SV,"2025-12-07 22:33:26",1461,1442,9,10,0,497,487,0,10,0,488,9,1600,1103,88,107,1,170,35,0,0,0,0,1,82,0,4,0,0,0,0
45,"MUNICIPIUL BUCUREŞTI - SECTOR 2","LICEUL TEHNOLOGIC ”SF. PANTELIMON”",253,"BUCUREŞTI SECTORUL 2",179150,1,PART,PRCNCT,PCJ,PG_SV,"2025-12-07 22:30:59",1231,1205,20,6,0,465,459,0,6,0,464,1,1399,934,78,103,2,182,34,0,0,0,1,1,59,1,2,0,1,0,0
47,"MUNICIPIUL BUCUREŞTI - SECTOR 4","LICEUL TEOLOGIC ADVENTIST ”ȘTEFAN DEMETRESCU”(FOST LICEU TEHNOLOGIC DACIA)",718,"BUCUREŞTI SECTORUL 4",179178,1,PART,PRCNCT,PCJ,PG_SV,"2025-12-07 22:03:11",2123,2075,26,22,0,752,729,1,22,0,751,1,2300,1548,145,179,4,202,77,0,1,0,1,1,140,0,0,0,1,0,0
47,"MUNICIPIUL BUCUREŞTI - SECTOR 4","LICEUL TEOLOGIC ADVENTIST ”ȘTEFAN DEMETRESCU”(FOST LICEU TEHNOLOGIC DACIA)",713,"BUCUREŞTI SECTORUL 4",179178,1,PART,PRCNCT,PCJ,PG_SV,"2025-12-07 22:49:10",1935,1923,6,6,0,636,630,0,6,0,631,5,2100,1464,105,172,2,178,58,0,1,1,2,1,107,1,0,1,0,1,1
47,"MUNICIPIUL BUCUREŞTI - SECTOR 4","LICEUL TEOLOGIC ADVENTIST ”ȘTEFAN DEMETRESCU”(FOST LICEU TEHNOLOGIC DACIA)",714,"BUCUREŞTI SECTORUL 4",179178,1,PART,PRCNCT,PCJ,PG_SV,"2025-12-07 22:43:33",1951,1931,10,10,0,522,512,0,10,0,517,5,2101,1579,66,124,1,120,37,0,1,0,0,0,159,0,2,1,2,1,3
47,"MUNICIPIUL BUCUREŞTI - SECTOR 4","LICEUL TEOLOGIC ADVENTIST ”ȘTEFAN DEMETRESCU”(FOST LICEU TEHNOLOGIC DACIA)",715,"BUCUREŞTI SECTORUL 4",179178,1,PART,PRCNCT,PCJ,PG_SV,"2025-12-07 23:26:22",1827,1816,3,8,0,421,413,0,8,0,415,6,2000,1579,63,120,1,88,19,0,0,2,0,0,120,0,1,0,0,0,1
47,"MUNICIPIUL BUCUREŞTI - SECTOR 4","LICEUL TEOLOGIC ADVENTIST ”ȘTEFAN DEMETRESCU”(FOST LICEU TEHNOLOGIC DACIA)",716,"BUCUREŞTI SECTORUL 4",179178,1,PART,PRCNCT,PCJ,PG_SV,"2025-12-07 22:33:39",1838,1831,4,3,0,411,408,0,3,0,406,5,2000,1589,51,97,2,80,25,1,1,2,1,1,141,1,0,0,1,0,2
47,"MUNICIPIUL BUCUREŞTI - SECTOR 4","LICEUL TEOLOGIC ADVENTIST ”ȘTEFAN DEMETRESCU”(FOST LICEU TEHNOLOGIC DACIA)",719,"BUCUREŞTI SECTORUL 4",179178,1,PART,PRCNCT,PCJ,PG_SV,"2025-12-07 22:29:23",1945,1909,23,13,0,648,634,1,13,0,643,5,2100,1452,111,210,1,168,49,1,0,2,0,0,97,0,0,3,0,1,0
47,"MUNICIPIUL BUCUREŞTI - SECTOR 4","LICEUL TEOLOGIC ADVENTIST ”ȘTEFAN DEMETRESCU”(FOST LICEU TEHNOLOGIC DACIA)",717,"BUCUREŞTI SECTORUL 4",179178,1,PART,PRCNCT,PCJ,PG_SV,"2025-12-07 22:18:33",1959,1928,24,7,0,598,591,0,7,0,595,3,2200,1602,135,140,3,162,60,0,0,0,0,1,89,1,2,0,1,0,1
44,"MUNICIPIUL BUCUREŞTI - SECTOR 1","LICEUL TEORETIC ”ALEXANDRU VLAHUŢĂ”",99,"BUCUREŞTI SECTORUL 1",179141,1,PART,PRCNCT,PCJ,PG_SV,"2025-12-07 22:47:25",1214,1135,42,11,26,443,406,0,11,26,440,3,1300,857,51,85,0,188,15,1,2,1,0,0,89,0,6,1,1,0,0
44,"MUNICIPIUL BUCUREŞTI - SECTOR 1","LICEUL TEORETIC ”ALEXANDRU VLAHUŢĂ”",98,"BUCUREŞTI SECTORUL 1",179141,1,PART,PRCNCT,PCJ,PG_SV,"2025-12-07 23:13:13",1478,1424,40,14,0,634,619,1,14,0,628,6,1620,986,81,129,0,282,20,0,0,0,0,0,110,1,3,2,0,0,0
44,"MUNICIPIUL BUCUREŞTI - SECTOR 1","LICEUL TEORETIC ”ALEXANDRU VLAHUŢĂ”",97,"BUCUREŞTI SECTORUL 1",179141,1,PART,PRCNCT,PCJ,PG_SV,"2025-12-07 22:45:44",1186,1136,38,12,0,462,450,2,10,0,459,3,1290,828,65,82,0,214,21,0,0,0,0,0,74,1,1,1,0,0,0
46,"MUNICIPIUL BUCUREŞTI - SECTOR 3","LICEUL TEORETIC ”BENJAMIN FRANKLIN”;",465,"BUCUREŞTI SECTORUL 3",179169,3,PART,PRCNCT,PCJ,PG_SV,"2025-12-08 08:33:48",1258,1245,6,7,0,471,464,0,7,0,470,1,1400,929,80,67,2,189,32,0,0,2,1,0,88,2,3,1,1,2,0
46,"MUNICIPIUL BUCUREŞTI - SECTOR 3","LICEUL TEORETIC ”BENJAMIN FRANKLIN”;",467,"BUCUREŞTI SECTORUL 3",179169,1,PART,PRCNCT,PCJ,PG_SV,"2025-12-07 22:57:15",1034,1020,5,8,1,422,413,0,8,1,417,5,1200,778,62,95,1,135,29,0,0,0,2,0,85,1,1,3,2,1,0
46,"MUNICIPIUL BUCUREŞTI - SECTOR 3","LICEUL TEORETIC ”BENJAMIN FRANKLIN”;",466,"BUCUREŞTI SECTORUL 3",179169,2,PART,PRCNCT,PCJ,PG_SV,"2025-12-08 02:46:18",938,921,10,7,0,320,313,0,7,0,316,4,1000,680,80,55,1,90,17,0,1,0,0,0,71,0,0,0,1,0,0
46,"MUNICIPIUL BUCUREŞTI - SECTOR 3","LICEUL TEORETIC ”BENJAMIN FRANKLIN”;",464,"BUCUREŞTI SECTORUL 3",179169,2,PART,PRCNCT,PCJ,PG_SV,"2025-12-08 02:19:47",1219,1193,15,11,0,474,463,0,11,0,469,5,1395,921,71,88,1,168,52,3,1,0,0,0,81,0,0,0,3,1,0
44,"MUNICIPIUL BUCUREŞTI - SECTOR 1","LICEUL TEORETIC BILINGV ”MIGUEL DE CERVANTES”",103,"BUCUREŞTI SECTORUL 1",179141,1,PART,PRCNCT,PCJ,PG_SV,"2025-12-07 22:45:13",868,840,19,8,1,330,319,2,8,1,327,3,950,620,46,65,0,140,19,0,1,0,0,0,55,0,0,0,0,1,0
44,"MUNICIPIUL BUCUREŞTI - SECTOR 1","LICEUL TEORETIC BILINGV ”MIGUEL DE CERVANTES”",104,"BUCUREŞTI SECTORUL 1",179141,3,PART,PRCNCT,PCJ,PG_SV,"2025-12-08 04:20:12",947,919,14,14,0,347,330,3,14,0,347,0,1030,683,52,56,0,147,33,0,0,0,0,0,54,0,2,2,0,0,1
45,"MUNICIPIUL BUCUREŞTI - SECTOR 2","LICEUL TEORETIC ”C.A. ROSETTI ”",173,"BUCUREŞTI SECTORUL 2",179150,1,PART,PRCNCT,PCJ,PG_SV,"2025-12-07 22:52:26",956,932,14,9,1,368,357,1,9,1,366,2,1200,832,58,72,1,137,23,0,0,1,2,0,66,1,2,0,1,2,0
45,"MUNICIPIUL BUCUREŞTI - SECTOR 2","LICEUL TEORETIC ”C.A. ROSETTI ”",174,"BUCUREŞTI SECTORUL 2",179150,1,PART,PRCNCT,PCJ,PG_SV,"2025-12-07 22:35:50",1964,1872,74,18,0,739,721,0,18,0,730,9,2000,1261,135,123,0,310,44,0,1,0,0,2,107,1,4,0,1,1,1
45,"MUNICIPIUL BUCUREŞTI - SECTOR 2","LICEUL TEORETIC ”C.A. ROSETTI ”",175,"BUCUREŞTI SECTORUL 2",179150,1,PART,PRCNCT,PCJ,PG_SV,"2025-12-07 22:25:55",1519,1483,28,7,1,532,522,2,7,1,527,5,1600,1068,78,94,1,242,38,1,0,0,0,0,69,0,3,0,0,1,0
44,"MUNICIPIUL BUCUREŞTI - SECTOR 1","LICEUL TEORETIC ”C-TIN BRÂNCOVEANU”",20,"BUCUREŞTI SECTORUL 1",179141,1,PART,PRCNCT,PCJ,PG_SV,"2025-12-07 23:07:42",1177,1161,6,10,0,351,341,0,10,0,350,1,1290,939,49,85,1,126,22,0,0,0,0,0,63,0,0,1,0,3,0
44,"MUNICIPIUL BUCUREŞTI - SECTOR 1","LICEUL TEORETIC ”C-TIN BRÂNCOVEANU”",19,"BUCUREŞTI SECTORUL 1",179141,1,PART,PRCNCT,PCJ,PG_SV,"2025-12-07 22:48:11",1267,1250,6,11,0,496,485,0,11,0,490,4,1390,894,67,111,4,133,37,0,0,1,0,0,135,0,0,0,2,0,0
44,"MUNICIPIUL BUCUREŞTI - SECTOR 1","LICEUL TEORETIC ”C-TIN BRÂNCOVEANU”",18,"BUCUREŞTI SECTORUL 1",179141,1,PART,PRCNCT,PCJ,PG_SV,"2025-12-07 22:57:22",1080,1066,7,7,0,365,358,0,7,0,360,4,1180,815,41,71,0,116,18,0,0,1,0,0,111,1,0,0,0,1,0
44,"MUNICIPIUL BUCUREŞTI - SECTOR 1","LICEUL TEORETIC ”C-TIN BRÂNCOVEANU”",21,"BUCUREŞTI SECTORUL 1",179141,1,PART,PRCNCT,PCJ,PG_SV,"2025-12-07 22:11:15",1234,1226,1,6,1,459,452,0,6,1,457,2,1350,891,60,90,0,180,23,0,0,1,0,1,97,0,2,1,2,0,0
46,"MUNICIPIUL BUCUREŞTI - SECTOR 3","LICEUL TEORETIC ”DANTE ALIGHIERI”;",494,"BUCUREŞTI SECTORUL 3",179169,1,PART,PRCNCT,PCJ,PG_SV,"2025-12-07 22:01:20",1029,1023,1,5,0,408,403,0,5,0,408,0,1200,792,82,46,1,152,31,0,2,0,1,1,81,5,2,3,1,0,0
46,"MUNICIPIUL BUCUREŞTI - SECTOR 3","LICEUL TEORETIC ”DANTE ALIGHIERI”;",496,"BUCUREŞTI SECTORUL 3",179169,1,PART,PRCNCT,PCJ,PG_SV,"2025-12-07 22:06:53",1141,1131,5,5,0,439,434,0,5,0,435,4,1195,756,71,78,0,166,28,0,0,1,1,0,83,1,4,1,1,0,0
46,"MUNICIPIUL BUCUREŞTI - SECTOR 3","LICEUL TEORETIC ”DANTE ALIGHIERI”;",495,"BUCUREŞTI SECTORUL 3",179169,2,PART,PRCNCT,PCJ,PG_SV,"2025-12-08 01:20:39",1027,1008,6,12,1,418,405,0,12,1,414,4,1200,782,62,85,0,139,33,0,1,0,1,2,81,3,4,2,0,1,0
46,"MUNICIPIUL BUCUREŞTI - SECTOR 3","LICEUL TEORETIC ”DANTE ALIGHIERI”;",492,"BUCUREŞTI SECTORUL 3",179169,1,PART,PRCNCT,PCJ,PG_SV,"2025-12-07 22:15:20",1357,1345,3,9,0,559,550,0,9,0,552,7,1400,841,130,112,3,174,42,1,1,0,1,0,84,0,1,0,1,1,1
46,"MUNICIPIUL BUCUREŞTI - SECTOR 3","LICEUL TEORETIC ”DANTE ALIGHIERI”;",493,"BUCUREŞTI SECTORUL 3",179169,2,PART,PRCNCT,PCJ,PG_SV,"2025-12-08 06:00:11",1261,1247,4,10,0,484,474,0,10,0,480,4,1400,916,80,111,4,121,44,2,0,0,0,1,109,3,1,0,2,1,1
46,"MUNICIPIUL BUCUREŞTI - SECTOR 3","LICEUL TEORETIC „DANTE ALIGHIERI”",475,"BUCUREŞTI SECTORUL 3",179169,1,PART,PRCNCT,PCJ,PG_SV,"2025-12-07 22:06:09",1233,1224,1,6,2,375,367,0,6,2,372,3,1400,1025,68,64,2,120,35,0,1,0,0,0,79,0,0,0,0,1,2
46,"MUNICIPIUL BUCUREŞTI - SECTOR 3","LICEUL TEORETIC „DANTE ALIGHIERI”",476,"BUCUREŞTI SECTORUL 3",179169,1,PART,PRCNCT,PCJ,PG_SV,"2025-12-07 22:41:20",1274,1260,5,9,0,471,461,1,9,0,468,3,1400,929,93,63,1,182,40,0,0,0,0,0,88,1,0,0,0,0,0
46,"MUNICIPIUL BUCUREŞTI - SECTOR 3","LICEUL TEORETIC „DANTE ALIGHIERI”",480,"BUCUREŞTI SECTORUL 3",179169,1,PART,PRCNCT,PCJ,PG_SV,"2025-12-07 21:59:47",1186,1173,5,8,0,435,427,0,8,0,432,3,1200,765,78,75,1,170,38,0,0,0,0,0,68,0,0,1,0,0,1
46,"MUNICIPIUL BUCUREŞTI - SECTOR 3","LICEUL TEORETIC „DANTE ALIGHIERI”",479,"BUCUREŞTI SECTORUL 3",179169,1,PART,PRCNCT,PCJ,PG_SV,"2025-12-07 22:02:53",1397,1384,6,7,0,507,500,0,7,0,503,4,1600,1093,93,63,1,211,43,0,0,0,1,1,86,1,2,1,0,0,0
46,"MUNICIPIUL BUCUREŞTI - SECTOR 3","LICEUL TEORETIC „DANTE ALIGHIERI”",478,"BUCUREŞTI SECTORUL 3",179169,1,PART,PRCNCT,PCJ,PG_SV,"2025-12-07 22:17:21",1386,1372,5,9,0,491,482,0,9,0,487,4,1600,1109,92,81,0,193,43,1,1,0,0,0,74,0,1,1,0,0,0
46,"MUNICIPIUL BUCUREŞTI - SECTOR 3","LICEUL TEORETIC „DANTE ALIGHIERI”",477,"BUCUREŞTI SECTORUL 3",179169,1,PART,PRCNCT,PCJ,PG_SV,"2025-12-07 21:50:00",1198,1176,15,7,0,352,345,0,7,0,348,4,1400,1048,71,45,0,130,34,0,0,0,1,0,65,0,0,1,0,1,0
46,"MUNICIPIUL BUCUREŞTI - SECTOR 3","LICEUL TEORETIC ”DECEBAL”;",508,"BUCUREŞTI SECTORUL 3",179169,1,PART,PRCNCT,PCJ,PG_SV,"2025-12-07 21:44:41",1313,1297,11,5,0,366,361,0,5,0,365,1,1400,1034,57,74,0,98,27,0,1,0,0,0,102,0,2,1,0,3,0
46,"MUNICIPIUL BUCUREŞTI - SECTOR 3","LICEUL TEORETIC ”DECEBAL”;",510,"BUCUREŞTI SECTORUL 3",179169,2,PART,PRCNCT,PCJ,PG_SV,"2025-12-08 03:32:33",1261,1250,5,6,0,279,273,0,6,0,274,5,1400,1121,42,57,1,48,17,0,0,0,0,0,106,1,0,1,0,0,1
46,"MUNICIPIUL BUCUREŞTI - SECTOR 3","LICEUL TEORETIC ”DECEBAL”;",507,"BUCUREŞTI SECTORUL 3",179169,2,PART,PRCNCT,PCJ,PG_SV,"2025-12-08 02:47:49",1038,1023,7,8,0,344,336,0,8,0,341,3,1202,858,53,88,0,81,14,0,0,4,0,0,95,0,2,3,1,0,0
46,"MUNICIPIUL BUCUREŞTI - SECTOR 3","LICEUL TEORETIC ”DECEBAL”;",509,"BUCUREŞTI SECTORUL 3",179169,1,PART,PRCNCT,PCJ,PG_SV,"2025-12-07 21:53:55",1330,1319,6,5,0,317,312,0,5,0,316,1,1400,1083,39,93,0,54,16,0,0,1,0,0,108,1,1,1,2,0,0
48,"MUNICIPIUL BUCUREŞTI - SECTOR 5","LICEUL TEORETIC ”DIMITRIE BOLINTINEANU”",950,"BUCUREŞTI SECTORUL 5",179187,1,PART,PRCNCT,PCJ,PG_SV,"2025-12-07 22:22:35",1130,1121,1,8,0,370,362,0,8,0,366,4,1198,828,38,87,1,108,23,0,0,2,1,0,105,0,1,0,0,0,0
48,"MUNICIPIUL BUCUREŞTI - SECTOR 5","LICEUL TEORETIC ”DIMITRIE BOLINTINEANU”",952,"BUCUREŞTI SECTORUL 5",179187,1,PART,PRCNCT,PCJ,PG_SV,"2025-12-07 22:09:46",858,852,2,4,0,278,274,0,4,0,278,0,1000,722,41,77,0,61,13,0,0,1,0,0,80,0,0,1,1,2,1
48,"MUNICIPIUL BUCUREŞTI - SECTOR 5","LICEUL TEORETIC ”DIMITRIE BOLINTINEANU”",948,"BUCUREŞTI SECTORUL 5",179187,1,PART,PRCNCT,PCJ,PG_SV,"2025-12-07 22:24:19",1144,1133,3,8,0,384,376,0,8,0,379,5,1400,1016,51,96,1,92,13,2,2,2,0,0,113,1,2,2,0,0,2
48,"MUNICIPIUL BUCUREŞTI - SECTOR 5","LICEUL TEORETIC ”DIMITRIE BOLINTINEANU”",947,"BUCUREŞTI SECTORUL 5",179187,2,PART,PRCNCT,PCJ,PG_SV,"2025-12-07 23:54:04",1220,1213,1,6,0,388,382,0,6,0,382,6,1399,1011,30,110,2,92,27,0,0,1,1,1,110,2,2,0,1,2,1
48,"MUNICIPIUL BUCUREŞTI - SECTOR 5","LICEUL TEORETIC ”DIMITRIE BOLINTINEANU”",946,"BUCUREŞTI SECTORUL 5",179187,1,PART,PRCNCT,PCJ,PG_SV,"2025-12-07 22:09:32",1032,1025,0,7,0,348,341,0,7,0,346,2,1200,852,53,104,0,76,18,1,1,1,0,1,87,0,2,1,0,0,1
48,"MUNICIPIUL BUCUREŞTI - SECTOR 5","LICEUL TEORETIC ”DIMITRIE BOLINTINEANU”",945,"BUCUREŞTI SECTORUL 5",179187,2,PART,PRCNCT,PCJ,PG_SV,"2025-12-08 03:47:42",853,842,2,8,1,296,286,1,8,1,294,2,999,703,37,59,1,94,18,0,0,1,0,1,83,0,0,0,0,0,0
48,"MUNICIPIUL BUCUREŞTI - SECTOR 5","LICEUL TEORETIC ”DIMITRIE BOLINTINEANU”",944,"BUCUREŞTI SECTORUL 5",179187,2,PART,PRCNCT,PCJ,PG_SV,"2025-12-08 03:31:34",949,936,5,8,0,333,325,0,8,0,332,1,1000,667,32,98,0,101,9,0,0,2,1,0,88,0,1,0,0,0,0
48,"MUNICIPIUL BUCUREŞTI - SECTOR 5","LICEUL TEORETIC ”DIMITRIE BOLINTINEANU”",951,"BUCUREŞTI SECTORUL 5",179187,2,PART,PRCNCT,PCJ,PG_SV,"2025-12-07 23:33:47",1159,1146,9,4,0,306,302,0,4,0,304,2,1200,894,35,86,0,80,12,0,0,2,0,0,83,1,1,1,2,0,1
48,"MUNICIPIUL BUCUREŞTI - SECTOR 5","LICEUL TEORETIC ”DIMITRIE BOLINTINEANU”",949,"BUCUREŞTI SECTORUL 5",179187,2,PART,PRCNCT,PCJ,PG_SV,"2025-12-07 23:35:14",1284,1273,3,8,0,309,301,0,8,0,307,2,1400,1091,25,88,0,61,14,1,1,1,1,0,111,2,0,2,0,0,0
49,"MUNICIPIUL BUCUREŞTI - SECTOR 6","LICEUL TEORETIC ”EUGEN LOVINESCU”",1117,"BUCUREŞTI SECTORUL 6",179196,2,PART,PRCNCT,PCJ,PG_SV,"2025-12-08 04:22:42",1491,1480,4,7,0,618,611,0,7,0,610,8,1399,781,48,85,1,330,24,1,0,0,1,1,114,1,1,2,0,0,1
49,"MUNICIPIUL BUCUREŞTI - SECTOR 6","LICEUL TEORETIC ”EUGEN LOVINESCU”",1121,"BUCUREŞTI SECTORUL 6",179196,2,PART,PRCNCT,PCJ,PG_SV,"2025-12-08 04:21:32",1088,1078,2,7,1,403,395,0,7,1,403,0,999,596,30,53,0,236,18,1,1,0,0,0,60,0,0,0,1,2,1
49,"MUNICIPIUL BUCUREŞTI - SECTOR 6","LICEUL TEORETIC ”EUGEN LOVINESCU”",1120,"BUCUREŞTI SECTORUL 6",179196,1,PART,PRCNCT,PCJ,PG_SV,"2025-12-07 22:17:34",1158,1149,4,5,0,438,433,0,5,0,436,2,1200,762,47,89,0,188,19,0,0,2,0,0,85,0,3,2,0,1,0
49,"MUNICIPIUL BUCUREŞTI - SECTOR 6","LICEUL TEORETIC ”EUGEN LOVINESCU”",1119,"BUCUREŞTI SECTORUL 6",179196,1,PART,PRCNCT,PCJ,PG_SV,"2025-12-07 22:48:06",1269,1260,3,6,0,542,535,1,6,0,537,5,1200,658,53,67,1,286,33,0,0,0,0,0,92,0,1,1,1,2,0
49,"MUNICIPIUL BUCUREŞTI - SECTOR 6","LICEUL TEORETIC ”EUGEN LOVINESCU”",1116,"BUCUREŞTI SECTORUL 6",179196,1,PART,PRCNCT,PCJ,PG_SV,"2025-12-07 22:24:40",1181,1171,1,9,0,480,471,0,9,0,476,4,1200,720,41,66,1,271,17,0,0,0,1,0,76,0,2,0,1,0,0
49,"MUNICIPIUL BUCUREŞTI - SECTOR 6","LICEUL TEORETIC ”EUGEN LOVINESCU”",1123,"BUCUREŞTI SECTORUL 6",179196,1,PART,PRCNCT,PCJ,PG_SV,"2025-12-07 22:23:53",810,797,5,8,0,289,280,1,8,0,287,2,800,511,20,58,0,157,8,0,0,1,0,0,41,0,1,0,0,1,0
49,"MUNICIPIUL BUCUREŞTI - SECTOR 6","LICEUL TEORETIC ”EUGEN LOVINESCU”",1122,"BUCUREŞTI SECTORUL 6",179196,1,PART,PRCNCT,PCJ,PG_SV,"2025-12-07 22:00:13",1080,1072,2,6,0,427,421,0,6,0,423,4,1000,573,36,69,0,223,14,0,2,1,0,0,76,0,1,1,0,0,0
49,"MUNICIPIUL BUCUREŞTI - SECTOR 6","LICEUL TEORETIC ”EUGEN LOVINESCU”",1115,"BUCUREŞTI SECTORUL 6",179196,2,PART,PRCNCT,PCJ,PG_SV,"2025-12-08 04:35:51",1441,1437,0,4,0,590,586,0,4,0,588,2,1600,1010,60,110,2,308,21,0,1,0,0,0,84,0,0,0,0,1,1
49,"MUNICIPIUL BUCUREŞTI - SECTOR 6","LICEUL TEORETIC ”EUGEN LOVINESCU”",1118,"BUCUREŞTI SECTORUL 6",179196,2,PART,PRCNCT,PCJ,PG_SV,"2025-12-08 03:57:57",1393,1373,14,6,0,518,512,0,6,0,514,4,1400,882,48,80,0,257,33,0,0,1,0,0,94,0,0,0,0,1,0
48,"MUNICIPIUL BUCUREŞTI - SECTOR 5","LICEUL TEORETIC ”ION BARBU”",965,"BUCUREŞTI SECTORUL 5",179187,1,PART,PRCNCT,PCJ,PG_SV,"2025-12-07 22:33:07",1246,1233,8,5,0,415,410,0,5,0,412,3,1400,985,64,81,0,166,22,0,0,0,0,0,76,0,0,1,0,1,1
48,"MUNICIPIUL BUCUREŞTI - SECTOR 5","LICEUL TEORETIC ”ION BARBU”",969,"BUCUREŞTI SECTORUL 5",179187,1,PART,PRCNCT,PCJ,PG_SV,"2025-12-07 22:29:40",1851,1812,27,12,0,717,705,0,12,0,710,7,1998,1281,92,128,0,258,35,0,0,3,0,1,191,0,1,1,0,0,0
48,"MUNICIPIUL BUCUREŞTI - SECTOR 5","LICEUL TEORETIC ”ION BARBU”",970,"BUCUREŞTI SECTORUL 5",179187,4,PART,PRCNCT,PCJ,PG_SV,"2025-12-08 04:58:59",886,877,1,8,0,379,371,0,8,0,378,1,1000,621,46,62,1,191,23,0,0,0,1,0,53,0,0,1,0,0,0
48,"MUNICIPIUL BUCUREŞTI - SECTOR 5","LICEUL TEORETIC ”ION BARBU”",967,"BUCUREŞTI SECTORUL 5",179187,1,PART,PRCNCT,PCJ,PG_SV,"2025-12-07 22:48:12",1080,1072,1,7,0,403,396,0,7,0,401,2,1200,797,61,80,2,139,15,0,2,0,0,0,94,0,6,1,0,0,1
48,"MUNICIPIUL BUCUREŞTI - SECTOR 5","LICEUL TEORETIC ”ION BARBU”",966,"BUCUREŞTI SECTORUL 5",179187,1,PART,PRCNCT,PCJ,PG_SV,"2025-12-07 22:18:51",929,920,3,5,1,423,417,0,5,1,420,3,1000,577,53,75,0,187,12,1,1,0,0,0,85,2,0,1,2,0,1
48,"MUNICIPIUL BUCUREŞTI - SECTOR 5","LICEUL TEORETIC ”ION BARBU”",968,"BUCUREŞTI SECTORUL 5",179187,1,PART,PRCNCT,PCJ,PG_SV,"2025-12-07 23:00:12",1174,1163,4,7,0,467,460,0,7,0,462,5,1200,733,47,109,1,178,17,0,0,1,0,1,100,0,0,2,3,3,0
48,"MUNICIPIUL BUCUREŞTI - SECTOR 5","LICEUL TEORETIC ”ION BARBU”",964,"BUCUREŞTI SECTORUL 5",179187,2,PART,PRCNCT,PCJ,PG_SV,"2025-12-08 02:07:36",1105,1091,6,8,0,367,359,0,8,0,367,0,1200,833,62,71,0,149,19,0,0,0,0,0,64,0,1,0,0,0,1
48,"MUNICIPIUL BUCUREŞTI - SECTOR 5","LICEUL TEORETIC ”ION BARBU”",971,"BUCUREŞTI SECTORUL 5",179187,1,PART,PRCNCT,PCJ,PG_SV,"2025-12-07 22:24:59",830,810,13,7,0,291,284,0,7,0,290,1,1000,709,38,40,0,130,15,0,0,1,0,1,63,1,0,0,0,1,0
48,"MUNICIPIUL BUCUREŞTI - SECTOR 5","LICEUL TEORETIC ”ION BARBU”",972,"BUCUREŞTI SECTORUL 5",179187,1,PART,PRCNCT,PCJ,PG_SV,"2025-12-07 23:00:13",1389,1356,19,14,0,562,548,0,14,0,561,1,1400,838,74,110,2,233,40,0,0,1,0,0,99,0,0,0,1,1,0
44,"MUNICIPIUL BUCUREŞTI - SECTOR 1","LICEUL TEORETIC ”JEAN MONNET”",69,"BUCUREŞTI SECTORUL 1",179141,2,PART,PRCNCT,PCJ,PG_SV,"2025-12-08 01:27:15",1499,1352,137,10,0,547,536,1,10,0,544,3,1640,1093,73,131,0,240,14,0,0,0,1,0,83,0,0,2,0,0,0
44,"MUNICIPIUL BUCUREŞTI - SECTOR 1","LICEUL TEORETIC ”JEAN MONNET”",70,"BUCUREŞTI SECTORUL 1",179141,1,PART,PRCNCT,PCJ,PG_SV,"2025-12-07 22:51:51",1361,1320,31,10,0,541,530,1,10,0,540,1,1490,949,86,103,0,239,18,0,1,0,0,0,91,0,0,2,0,0,0
45,"MUNICIPIUL BUCUREŞTI - SECTOR 2","LICEUL TEORETIC ”LUCIAN BLAGA”",271,"BUCUREŞTI SECTORUL 2",179150,2,PART,PRCNCT,PCJ,PG_SV,"2025-12-08 04:17:37",1686,1676,5,5,0,482,477,0,5,0,472,10,1800,1318,56,111,0,91,26,0,1,1,2,1,175,2,3,2,1,0,0
45,"MUNICIPIUL BUCUREŞTI - SECTOR 2","LICEUL TEORETIC ”LUCIAN BLAGA”",269,"BUCUREŞTI SECTORUL 2",179150,1,PART,PRCNCT,PCJ,PG_SV,"2025-12-07 22:24:40",1681,1668,6,7,0,504,497,0,7,0,498,6,1800,1296,62,133,2,120,30,1,0,3,0,1,139,0,3,1,1,0,2
45,"MUNICIPIUL BUCUREŞTI - SECTOR 2","LICEUL TEORETIC ”LUCIAN BLAGA”",267,"BUCUREŞTI SECTORUL 2",179150,1,PART,PRCNCT,PCJ,PG_SV,"2025-12-07 23:05:31",1528,1510,13,5,0,429,424,0,5,0,424,5,1600,1171,42,108,2,94,22,1,0,0,2,0,149,0,2,2,0,0,0
45,"MUNICIPIUL BUCUREŞTI - SECTOR 2","LICEUL TEORETIC ”LUCIAN BLAGA”",268,"BUCUREŞTI SECTORUL 2",179150,2,PART,PRCNCT,PCJ,PG_SV,"2025-12-08 03:34:09",1579,1570,1,8,0,260,252,0,8,0,259,1,1800,1540,32,63,0,30,13,0,1,2,1,1,112,0,3,0,0,0,1
45,"MUNICIPIUL BUCUREŞTI - SECTOR 2","LICEUL TEORETIC ”LUCIAN BLAGA”",270,"BUCUREŞTI SECTORUL 2",179150,2,PART,PRCNCT,PCJ,PG_SV,"2025-12-08 03:39:31",1698,1681,11,6,0,427,421,0,6,0,423,4,1800,1373,59,112,2,79,24,1,0,2,0,2,138,0,1,1,1,0,1
49,"MUNICIPIUL BUCUREŞTI - SECTOR 6","LICEUL TEORETIC ”MARIN PREDA”",1261,"BUCUREŞTI SECTORUL 6",179196,2,PART,PRCNCT,PCJ,PG_SV,"2025-12-08 03:54:20",1423,1378,39,6,0,510,504,0,6,0,505,5,1412,902,56,80,1,231,21,0,1,1,1,0,108,1,2,0,1,1,0
49,"MUNICIPIUL BUCUREŞTI - SECTOR 6","LICEUL TEORETIC ”MARIN PREDA”",1255,"BUCUREŞTI SECTORUL 6",179196,1,PART,PRCNCT,PCJ,PG_SV,"2025-12-07 22:16:16",1559,1520,30,9,0,460,451,0,9,0,456,4,1600,1140,43,73,1,214,21,0,0,0,0,0,100,0,1,1,0,2,0
49,"MUNICIPIUL BUCUREŞTI - SECTOR 6","LICEUL TEORETIC ”MARIN PREDA”",1253,"BUCUREŞTI SECTORUL 6",179196,2,PART,PRCNCT,PCJ,PG_SV,"2025-12-08 02:42:00",1497,1492,0,5,0,460,455,0,5,0,455,5,1600,1140,49,64,0,206,32,1,0,0,0,0,103,0,0,0,0,0,0
49,"MUNICIPIUL BUCUREŞTI - SECTOR 6","LICEUL TEORETIC ”MARIN PREDA”",1254,"BUCUREŞTI SECTORUL 6",179196,1,PART,PRCNCT,PCJ,PG_SV,"2025-12-07 22:07:00",1556,1546,3,7,0,484,476,1,7,0,480,4,1600,1116,51,81,3,240,17,0,0,0,0,0,82,2,0,1,0,3,0
49,"MUNICIPIUL BUCUREŞTI - SECTOR 6","LICEUL TEORETIC ”MARIN PREDA”",1256,"BUCUREŞTI SECTORUL 6",179196,1,PART,PRCNCT,PCJ,PG_SV,"2025-12-07 22:24:52",1284,1272,8,4,0,414,409,1,4,0,410,4,1400,986,45,44,0,203,24,0,2,0,0,0,91,0,1,0,0,0,0
49,"MUNICIPIUL BUCUREŞTI - SECTOR 6","LICEUL TEORETIC ”MARIN PREDA”",1262,"BUCUREŞTI SECTORUL 6",179196,1,PART,PRCNCT,PCJ,PG_SV,"2025-12-07 21:47:07",1298,1286,3,9,0,446,437,0,9,0,442,4,1400,954,47,64,0,200,23,0,0,0,0,0,107,1,0,0,0,0,0
49,"MUNICIPIUL BUCUREŞTI - SECTOR 6","LICEUL TEORETIC ”MARIN PREDA”",1257,"BUCUREŞTI SECTORUL 6",179196,1,PART,PRCNCT,PCJ,PG_SV,"2025-12-07 23:05:15",1200,1186,4,10,0,406,396,0,10,0,400,6,1200,794,41,65,1,187,14,0,0,0,0,0,83,1,4,1,1,2,0
49,"MUNICIPIUL BUCUREŞTI - SECTOR 6","LICEUL TEORETIC ”MARIN PREDA”",1258,"BUCUREŞTI SECTORUL 6",179196,1,PART,PRCNCT,PCJ,PG_SV,"2025-12-07 22:26:31",1359,1355,0,4,0,475,471,0,4,0,469,6,1398,923,59,94,1,187,25,0,0,0,0,0,98,0,1,1,1,0,2
49,"MUNICIPIUL BUCUREŞTI - SECTOR 6","LICEUL TEORETIC ”MARIN PREDA”",1259,"BUCUREŞTI SECTORUL 6",179196,2,PART,PRCNCT,PCJ,PG_SV,"2025-12-08 00:04:36",1530,1518,7,5,0,453,448,0,5,0,447,6,1600,1147,44,69,1,194,23,0,0,1,0,0,104,2,4,3,0,1,1
49,"MUNICIPIUL BUCUREŞTI - SECTOR 6","LICEUL TEORETIC ”MARIN PREDA”",1260,"BUCUREŞTI SECTORUL 6",179196,1,PART,PRCNCT,PCJ,PG_SV,"2025-12-07 21:58:58",1206,1195,3,8,0,454,446,0,8,0,443,11,1200,746,26,66,0,211,30,0,0,1,0,0,105,0,2,1,1,0,0
46,"MUNICIPIUL BUCUREŞTI - SECTOR 3","LICEUL TEORETIC ”NICHITA STĂNESCU”;",593,"BUCUREŞTI SECTORUL 3",179169,1,PART,PRCNCT,PCJ,PG_SV,"2025-12-07 21:45:32",1161,1146,4,11,0,332,321,0,11,0,330,2,1200,868,63,70,1,88,19,0,1,2,0,0,84,0,2,0,0,0,0
46,"MUNICIPIUL BUCUREŞTI - SECTOR 3","LICEUL TEORETIC ”NICHITA STĂNESCU”;",599,"BUCUREŞTI SECTORUL 3",179169,2,PART,PRCNCT,PCJ,PG_SV,"2025-12-07 23:54:52",1129,1119,4,6,0,333,327,0,6,0,327,6,1200,867,57,47,1,129,19,0,1,0,0,0,73,0,0,0,0,0,0
46,"MUNICIPIUL BUCUREŞTI - SECTOR 3","LICEUL TEORETIC ”NICHITA STĂNESCU”;",598,"BUCUREŞTI SECTORUL 3",179169,2,PART,PRCNCT,PCJ,PG_SV,"2025-12-08 05:10:50",1230,1219,3,8,0,471,463,0,8,0,466,5,1400,929,72,111,0,139,39,0,0,0,0,0,102,0,0,1,1,1,0
46,"MUNICIPIUL BUCUREŞTI - SECTOR 3","LICEUL TEORETIC ”NICHITA STĂNESCU”;",597,"BUCUREŞTI SECTORUL 3",179169,1,PART,PRCNCT,PCJ,PG_SV,"2025-12-07 22:25:07",1400,1381,11,8,0,416,408,0,8,0,408,8,1605,1189,64,94,1,91,30,1,1,0,0,0,121,1,0,2,1,1,0
46,"MUNICIPIUL BUCUREŞTI - SECTOR 3","LICEUL TEORETIC ”NICHITA STĂNESCU”;",596,"BUCUREŞTI SECTORUL 3",179169,1,PART,PRCNCT,PCJ,PG_SV,"2025-12-07 22:26:48",1260,1239,13,8,0,406,398,0,8,0,402,4,1400,994,64,71,4,124,44,0,0,2,1,0,87,0,3,1,0,1,0
46,"MUNICIPIUL BUCUREŞTI - SECTOR 3","LICEUL TEORETIC ”NICHITA STĂNESCU”;",595,"BUCUREŞTI SECTORUL 3",179169,2,PART,PRCNCT,PCJ,PG_SV,"2025-12-08 06:04:07",1035,1018,12,5,0,410,405,0,5,0,406,4,1200,790,85,60,1,147,24,0,0,1,0,0,84,0,3,0,1,0,0
46,"MUNICIPIUL BUCUREŞTI - SECTOR 3","LICEUL TEORETIC ”NICHITA STĂNESCU”;",594,"BUCUREŞTI SECTORUL 3",179169,1,PART,PRCNCT,PCJ,PG_SV,"2025-12-07 21:42:39",1594,1580,6,8,0,284,276,0,8,0,280,4,1800,1516,42,57,1,88,18,0,0,0,0,1,71,0,0,0,0,1,1
46,"MUNICIPIUL BUCUREŞTI - SECTOR 3","LICEUL TEORETIC ”NICHITA STĂNESCU”;",592,"BUCUREŞTI SECTORUL 3",179169,1,PART,PRCNCT,PCJ,PG_SV,"2025-12-07 22:09:04",1029,1016,5,8,0,320,311,1,8,0,319,1,1200,880,57,75,1,93,15,1,1,0,0,0,75,0,1,0,0,0,0
46,"MUNICIPIUL BUCUREŞTI - SECTOR 3","LICEUL TEORETIC ”NICHITA STĂNESCU”;",601,"BUCUREŞTI SECTORUL 3",179169,1,PART,PRCNCT,PCJ,PG_SV,"2025-12-07 22:01:01",1249,1239,1,9,0,455,446,0,9,0,451,4,1400,945,92,71,0,153,32,0,1,0,0,0,97,0,0,3,1,0,1
46,"MUNICIPIUL BUCUREŞTI - SECTOR 3","LICEUL TEORETIC ”NICHITA STĂNESCU”;",600,"BUCUREŞTI SECTORUL 3",179169,1,PART,PRCNCT,PCJ,PG_SV,"2025-12-07 22:17:47",1541,1522,8,11,0,561,550,0,11,0,558,3,1600,1039,92,97,0,205,53,2,0,2,0,0,102,0,0,1,1,1,2
44,"MUNICIPIUL BUCUREŞTI - SECTOR 1","LICEUL TEORETIC ”NICOLAE IORGA”",2,"BUCUREŞTI SECTORUL 1",179141,1,PART,PRCNCT,PCJ,PG_SV,"2025-12-07 22:08:59",1128,1102,10,16,0,512,496,0,16,0,510,2,1230,718,96,89,0,224,37,0,0,0,0,0,60,0,0,2,2,0,0
44,"MUNICIPIUL BUCUREŞTI - SECTOR 1","LICEUL TEORETIC ”NICOLAE IORGA”",3,"BUCUREŞTI SECTORUL 1",179141,1,PART,PRCNCT,PCJ,PG_SV,"2025-12-07 22:38:16",1182,1162,9,11,0,521,510,0,11,0,515,6,1289,768,81,77,0,223,29,0,0,0,0,0,103,0,1,0,0,0,1
44,"MUNICIPIUL BUCUREŞTI - SECTOR 1","LICEUL TEORETIC ”NICOLAE IORGA”",4,"BUCUREŞTI SECTORUL 1",179141,1,PART,PRCNCT,PCJ,PG_SV,"2025-12-07 22:48:57",1086,957,115,12,2,358,344,0,12,2,356,2,1180,822,59,67,1,132,30,0,0,0,0,0,63,0,1,1,1,1,0
44,"MUNICIPIUL BUCUREŞTI - SECTOR 1","LICEUL TEORETIC ”NICOLAE IORGA”",1,"BUCUREŞTI SECTORUL 1",179141,1,PART,PRCNCT,PCJ,PG_SV,"2025-12-07 22:01:34",1341,1314,16,11,0,249,238,0,11,0,246,3,1480,1231,47,52,0,74,10,1,0,0,0,0,61,0,0,1,0,0,0
44,"MUNICIPIUL BUCUREŞTI - SECTOR 1","LICEUL TEORETIC ”NICOLAE IORGA”",5,"BUCUREŞTI SECTORUL 1",179141,1,PART,PRCNCT,PCJ,PG_SV,"2025-12-07 22:38:40",1195,1173,12,9,1,527,517,0,9,1,524,3,1300,773,69,99,0,240,34,0,0,0,0,0,75,0,3,2,1,0,1
45,"MUNICIPIUL BUCUREŞTI - SECTOR 2","LICEUL TEORETIC ”TRAIAN”",177,"BUCUREŞTI SECTORUL 2",179150,2,PART,PRCNCT,PCJ,PG_SV,"2025-12-08 04:02:32",1733,1703,19,11,0,637,626,0,11,0,634,3,1800,1163,110,136,0,204,42,0,2,0,1,0,134,0,3,0,0,1,1
45,"MUNICIPIUL BUCUREŞTI - SECTOR 2","LICEUL TEORETIC ”TRAIAN”",179,"BUCUREŞTI SECTORUL 2",179150,1,PART,PRCNCT,PCJ,PG_SV,"2025-12-07 23:10:01",1776,1730,39,7,0,687,680,0,7,0,685,2,2000,1313,116,146,0,252,35,0,0,0,0,0,131,1,2,1,1,0,0
45,"MUNICIPIUL BUCUREŞTI - SECTOR 2","LICEUL TEORETIC ”TRAIAN”",178,"BUCUREŞTI SECTORUL 2",179150,1,PART,PRCNCT,PCJ,PG_SV,"2025-12-07 22:23:57",1801,1770,22,9,0,615,606,0,9,0,606,9,2000,1385,84,121,0,193,34,1,1,0,0,0,168,0,3,1,0,0,0
45,"MUNICIPIUL BUCUREŞTI - SECTOR 2","LICEUL TEORETIC ”TRAIAN”",176,"BUCUREŞTI SECTORUL 2",179150,1,PART,PRCNCT,PCJ,PG_SV,"2025-12-07 23:03:03",1819,1777,34,8,0,740,732,0,8,0,732,8,1999,1259,111,151,1,293,39,0,0,2,0,2,129,1,2,1,0,0,0
49,"MUNICIPIUL BUCUREŞTI - SECTOR 6","LICEUL TEORETIC ”TUDOR VLADIMIRESCU”",1243,"BUCUREŞTI SECTORUL 6",179196,1,PART,PRCNCT,PCJ,PG_SV,"2025-12-07 22:39:24",1444,1389,42,13,0,783,770,0,13,0,781,2,1400,617,124,36,0,525,51,0,0,0,0,0,43,0,1,1,0,0,0
49,"MUNICIPIUL BUCUREŞTI - SECTOR 6","LICEUL TEORETIC ”TUDOR VLADIMIRESCU”",1240,"BUCUREŞTI SECTORUL 6",179196,1,PART,PRCNCT,PCJ,PG_SV,"2025-12-07 23:22:57",1593,1554,29,10,0,670,660,0,10,0,665,5,1600,930,66,92,0,386,47,0,0,5,1,0,61,0,2,1,3,1,0
49,"MUNICIPIUL BUCUREŞTI - SECTOR 6","LICEUL TEORETIC ”TUDOR VLADIMIRESCU”",1241,"BUCUREŞTI SECTORUL 6",179196,2,PART,PRCNCT,PCJ,PG_SV,"2025-12-08 04:02:55",1655,1639,9,6,1,736,729,0,6,1,731,5,1600,864,79,118,0,368,41,1,1,3,0,0,111,2,3,1,1,1,1
49,"MUNICIPIUL BUCUREŞTI - SECTOR 6","LICEUL TEORETIC ”TUDOR VLADIMIRESCU”",1242,"BUCUREŞTI SECTORUL 6",179196,1,PART,PRCNCT,PCJ,PG_SV,"2025-12-07 23:04:08",1290,1280,3,7,0,546,539,0,7,0,545,1,1400,854,51,105,1,261,24,0,1,1,0,0,98,1,0,1,0,1,0
49,"MUNICIPIUL BUCUREŞTI - SECTOR 6","LICEUL TEORETIC ”TUDOR VLADIMIRESCU”",1244,"BUCUREŞTI SECTORUL 6",179196,2,PART,PRCNCT,PCJ,PG_SV,"2025-12-08 04:20:26",1429,1294,127,8,0,552,544,0,8,0,550,2,1400,848,62,78,1,277,33,1,1,3,0,0,93,0,0,0,1,0,0
49,"MUNICIPIUL BUCUREŞTI - SECTOR 6","ŞCOALA GIMNAZIALĂ ”ADRIAN PĂUNESCU”",1069,"BUCUREŞTI SECTORUL 6",179196,1,PART,PRCNCT,PCJ,PG_SV,"2025-12-07 21:59:34",1295,1286,1,8,0,539,531,0,8,0,538,1,1400,861,57,60,0,315,19,0,0,0,0,0,82,0,0,2,1,2,0
49,"MUNICIPIUL BUCUREŞTI - SECTOR 6","ŞCOALA GIMNAZIALĂ ”ADRIAN PĂUNESCU”",1068,"BUCUREŞTI SECTORUL 6",179196,1,PART,PRCNCT,PCJ,PG_SV,"2025-12-07 22:39:02",1230,1219,6,5,0,475,470,0,5,0,471,4,1200,725,39,75,1,244,20,0,0,0,1,0,84,1,3,0,0,3,0
49,"MUNICIPIUL BUCUREŞTI - SECTOR 6","ŞCOALA GIMNAZIALĂ ”ADRIAN PĂUNESCU”",1066,"BUCUREŞTI SECTORUL 6",179196,1,PART,PRCNCT,PCJ,PG_SV,"2025-12-07 21:57:04",1248,1237,7,4,0,490,486,0,4,0,486,4,1200,710,56,71,0,235,24,1,1,0,1,0,96,0,0,1,0,0,0
49,"MUNICIPIUL BUCUREŞTI - SECTOR 6","ŞCOALA GIMNAZIALĂ ”ADRIAN PĂUNESCU”",1067,"BUCUREŞTI SECTORUL 6",179196,1,PART,PRCNCT,PCJ,PG_SV,"2025-12-07 22:18:01",723,707,9,7,0,227,220,0,7,0,226,1,800,573,25,45,0,97,15,0,0,1,0,0,40,0,0,0,1,1,1
49,"MUNICIPIUL BUCUREŞTI - SECTOR 6","ŞCOALA GIMNAZIALĂ ”ADRIAN PĂUNESCU”",1065,"BUCUREŞTI SECTORUL 6",179196,1,PART,PRCNCT,PCJ,PG_SV,"2025-12-07 22:43:06",1132,1104,17,11,0,448,437,0,11,0,442,6,1200,752,41,77,1,205,23,0,2,1,0,0,87,1,1,0,0,2,1
49,"MUNICIPIUL BUCUREŞTI - SECTOR 6","ŞCOALA GIMNAZIALĂ ”ADRIAN PĂUNESCU”",1070,"BUCUREŞTI SECTORUL 6",179196,2,PART,PRCNCT,PCJ,PG_SV,"2025-12-07 23:22:01",1129,1115,7,7,0,420,413,0,7,0,420,0,1200,780,31,69,1,225,11,0,0,0,0,0,82,1,0,0,0,0,0
44,"MUNICIPIUL BUCUREŞTI - SECTOR 1","ŞCOALA GIMNAZIALĂ ”ALEXANDRU COSTESCU” NR.182",110,"BUCUREŞTI SECTORUL 1",179141,1,PART,PRCNCT,PCJ,PG_SV,"2025-12-07 22:23:17",1300,1278,11,11,0,495,484,0,11,0,491,4,1420,925,76,87,0,196,24,0,0,1,0,0,100,2,1,4,0,0,0
44,"MUNICIPIUL BUCUREŞTI - SECTOR 1","ŞCOALA GIMNAZIALĂ ”ALEXANDRU COSTESCU” NR.182",112,"BUCUREŞTI SECTORUL 1",179141,1,PART,PRCNCT,PCJ,PG_SV,"2025-12-07 22:21:26",1293,1279,7,7,0,473,466,0,7,0,470,3,1410,937,75,83,0,198,22,0,0,2,0,0,87,0,2,1,0,0,0
44,"MUNICIPIUL BUCUREŞTI - SECTOR 1","ŞCOALA GIMNAZIALĂ ”ALEXANDRU COSTESCU” NR.182",113,"BUCUREŞTI SECTORUL 1",179141,1,PART,PRCNCT,PCJ,PG_SV,"2025-12-07 22:43:35",1429,1408,12,9,0,506,497,0,9,0,503,3,1560,1054,73,94,0,158,40,0,0,1,0,0,132,1,2,2,0,0,0
44,"MUNICIPIUL BUCUREŞTI - SECTOR 1","ŞCOALA GIMNAZIALĂ ”ALEXANDRU COSTESCU” NR.182",111,"BUCUREŞTI SECTORUL 1",179141,1,PART,PRCNCT,PCJ,PG_SV,"2025-12-07 22:03:12",1379,1358,14,7,0,474,467,0,7,0,468,6,1520,1046,64,77,1,188,27,1,0,2,0,1,97,0,4,4,0,1,1
44,"MUNICIPIUL BUCUREŞTI - SECTOR 1","ȘCOALA GIMNAZIALĂ ”ALEXANDRU COSTESCU” NR.182",114,"BUCUREŞTI SECTORUL 1",179141,1,PART,PRCNCT,PCJ,PG_SV,"2025-12-07 23:10:45",1361,1344,11,6,0,444,438,0,6,0,442,2,1510,1066,53,86,2,154,12,0,0,1,0,0,129,0,1,1,1,2,0
46,"MUNICIPIUL BUCUREŞTI - SECTOR 3","ȘCOALA GIMNAZIALĂ „ALEXANDRU IOAN CUZA”",470,"BUCUREŞTI SECTORUL 3",179169,1,PART,PRCNCT,PCJ,PG_SV,"2025-12-07 22:18:16",1249,1229,13,7,0,412,405,0,7,0,409,3,1400,988,75,107,4,103,17,0,0,0,1,0,97,2,1,0,1,1,0
46,"MUNICIPIUL BUCUREŞTI - SECTOR 3","ȘCOALA GIMNAZIALĂ „ALEXANDRU IOAN CUZA”",472,"BUCUREŞTI SECTORUL 3",179169,2,PART,PRCNCT,PCJ,PG_SV,"2025-12-08 07:06:51",1825,1812,2,10,1,642,631,0,10,1,639,3,2006,1364,116,117,2,222,48,0,3,1,1,2,122,1,0,2,1,0,1
46,"MUNICIPIUL BUCUREŞTI - SECTOR 3","ȘCOALA GIMNAZIALĂ „ALEXANDRU IOAN CUZA”",469,"BUCUREŞTI SECTORUL 3",179169,1,PART,PRCNCT,PCJ,PG_SV,"2025-12-07 23:13:16",1234,1221,6,7,0,469,462,0,7,0,459,10,1401,932,68,115,2,139,17,1,1,0,0,0,110,2,1,1,0,0,2
46,"MUNICIPIUL BUCUREŞTI - SECTOR 3","ȘCOALA GIMNAZIALĂ „ALEXANDRU IOAN CUZA”",468,"BUCUREŞTI SECTORUL 3",179169,1,PART,PRCNCT,PCJ,PG_SV,"2025-12-07 22:07:51",1136,1128,2,6,0,406,400,0,6,0,406,0,1200,794,52,83,2,133,25,0,1,1,1,0,103,0,0,0,1,3,1
46,"MUNICIPIUL BUCUREŞTI - SECTOR 3","ȘCOALA GIMNAZIALĂ „ALEXANDRU IOAN CUZA”",471,"BUCUREŞTI SECTORUL 3",179169,2,PART,PRCNCT,PCJ,PG_SV,"2025-12-08 08:54:28",1231,1218,3,10,0,487,477,0,10,0,484,3,1400,913,72,66,2,206,37,0,1,1,1,1,91,0,1,1,1,2,1
44,"MUNICIPIUL BUCUREŞTI - SECTOR 1","ȘCOALA GIMNAZIALĂ ”AVENOR”",119,"BUCUREŞTI SECTORUL 1",179141,1,PART,PRCNCT,PCJ,PG_SV,"2025-12-07 23:15:05",1650,1608,30,12,0,739,727,0,12,0,737,2,1800,1061,120,101,4,413,26,0,1,1,0,0,70,0,0,1,0,0,0
44,"MUNICIPIUL BUCUREŞTI - SECTOR 1","ȘCOALA GIMNAZIALĂ ”AVENOR”",120,"BUCUREŞTI SECTORUL 1",179141,1,PART,PRCNCT,PCJ,PG_SV,"2025-12-07 23:40:12",1662,1628,23,11,0,739,728,0,11,0,736,3,1820,1081,139,99,0,406,29,1,1,1,0,0,58,0,0,1,0,0,1
47,"MUNICIPIUL BUCUREŞTI - SECTOR 4","ŞCOALA GIMNAZIALĂ AVRAM IANCU",767,"BUCUREŞTI SECTORUL 4",179178,1,PART,PRCNCT,PCJ,PG_SV,"2025-12-07 22:42:53",1883,1843,32,8,0,565,557,0,8,0,559,6,2100,1535,74,158,0,134,35,2,1,1,0,0,147,1,2,3,0,1,0
47,"MUNICIPIUL BUCUREŞTI - SECTOR 4","ŞCOALA GIMNAZIALĂ AVRAM IANCU",768,"BUCUREŞTI SECTORUL 4",179178,1,PART,PRCNCT,PCJ,PG_SV,"2025-12-07 23:12:21",1758,1744,5,8,1,670,661,0,8,1,666,4,1900,1230,94,206,0,177,41,1,1,0,0,0,142,1,2,0,0,0,1
47,"MUNICIPIUL BUCUREŞTI - SECTOR 4","ŞCOALA GIMNAZIALĂ AVRAM IANCU",766,"BUCUREŞTI SECTORUL 4",179178,1,PART,PRCNCT,PCJ,PG_SV,"2025-12-07 23:11:02",2017,2006,5,5,1,597,591,0,5,1,591,6,2198,1601,85,160,2,138,46,0,0,0,0,0,152,0,4,0,0,0,4
47,"MUNICIPIUL BUCUREŞTI - SECTOR 4","ŞCOALA GIMNAZIALĂ AVRAM IANCU",765,"BUCUREŞTI SECTORUL 4",179178,1,PART,PRCNCT,PCJ,PG_SV,"2025-12-07 23:25:13",1719,1704,5,9,1,677,667,0,9,1,674,3,1900,1223,109,199,2,162,50,1,0,2,2,0,138,2,0,4,1,0,2
47,"MUNICIPIUL BUCUREŞTI - SECTOR 4","ŞCOALA GIMNAZIALĂ AVRAM IANCU",764,"BUCUREŞTI SECTORUL 4",179178,1,PART,PRCNCT,PCJ,PG_SV,"2025-12-07 23:14:53",1925,1910,10,5,0,658,653,0,5,0,654,4,2098,1440,101,185,1,159,50,0,1,1,0,0,151,0,1,2,1,1,0
46,"MUNICIPIUL BUCUREŞTI - SECTOR 3","ŞCOALA GIMNAZIALĂ ”BARBU DELAVRANCEA”",375,"BUCUREŞTI SECTORUL 3",179169,1,PART,PRCNCT,PCJ,PG_SV,"2025-12-07 23:28:39",1775,1642,122,10,1,579,565,3,10,1,578,1,1800,1221,86,152,0,211,25,0,1,0,0,0,101,1,1,0,0,0,0
46,"MUNICIPIUL BUCUREŞTI - SECTOR 3","ŞCOALA GIMNAZIALĂ ”BARBU DELAVRANCEA”",379,"BUCUREŞTI SECTORUL 3",179169,2,PART,PRCNCT,PCJ,PG_SV,"2025-12-08 02:35:49",3093,3070,0,8,15,58,35,0,8,15,58,0,3400,3342,10,16,1,18,0,0,1,1,0,0,11,0,0,0,0,0,0
46,"MUNICIPIUL BUCUREŞTI - SECTOR 3","ŞCOALA GIMNAZIALĂ ”BARBU DELAVRANCEA”",376,"BUCUREŞTI SECTORUL 3",179169,1,PART,PRCNCT,PCJ,PG_SV,"2025-12-07 21:30:03",3038,3024,3,11,0,25,14,0,11,0,25,0,3400,3375,3,4,0,10,0,0,0,0,0,0,6,0,1,1,0,0,0
46,"MUNICIPIUL BUCUREŞTI - SECTOR 3","ŞCOALA GIMNAZIALĂ ”BARBU DELAVRANCEA”",378,"BUCUREŞTI SECTORUL 3",179169,1,PART,PRCNCT,PCJ,PG_SV,"2025-12-07 21:39:34",2992,2984,0,8,0,15,7,0,8,0,15,0,3200,3185,0,4,0,2,1,0,0,0,0,0,8,0,0,0,0,0,0
46,"MUNICIPIUL BUCUREŞTI - SECTOR 3","ȘCOALA GIMNAZIALĂ ”BARBU DELAVRANCEA”",377,"BUCUREŞTI SECTORUL 3",179169,1,PART,PRCNCT,PCJ,PG_SV,"2025-12-07 21:29:57",2861,2853,0,8,0,18,10,0,8,0,18,0,3200,3182,2,5,0,6,1,0,0,0,0,0,4,0,0,0,0,0,0
46,"MUNICIPIUL BUCUREŞTI - SECTOR 3","ȘCOALA GIMNAZIALĂ „BARBU DELAVRANCEA”",374,"BUCUREŞTI SECTORUL 3",179169,1,PART,PRCNCT,PCJ,PG_SV,"2025-12-07 23:27:19",1345,1308,29,7,1,408,400,0,7,1,406,2,1396,988,52,84,2,139,31,0,0,0,0,0,96,1,0,0,1,0,0
46,"MUNICIPIUL BUCUREŞTI - SECTOR 3","ȘCOALA GIMNAZIALĂ „BARBU DELAVRANCEA”",370,"BUCUREŞTI SECTORUL 3",179169,1,PART,PRCNCT,PCJ,PG_SV,"2025-12-07 22:00:28",740,647,54,8,31,142,103,1,8,30,139,3,800,658,15,37,0,40,12,1,0,1,0,0,32,0,0,0,0,1,0
46,"MUNICIPIUL BUCUREŞTI - SECTOR 3","ȘCOALA GIMNAZIALĂ „BARBU DELAVRANCEA”",371,"BUCUREŞTI SECTORUL 3",179169,1,PART,PRCNCT,PCJ,PG_SV,"2025-12-07 22:01:59",869,701,116,9,43,218,168,0,9,41,217,1,800,582,24,67,2,61,13,0,0,0,0,0,48,0,0,1,0,1,0
46,"MUNICIPIUL BUCUREŞTI - SECTOR 3","ȘCOALA GIMNAZIALĂ „BARBU DELAVRANCEA”",372,"BUCUREŞTI SECTORUL 3",179169,1,PART,PRCNCT,PCJ,PG_SV,"2025-12-07 22:52:52",1170,1127,32,11,0,224,213,0,11,0,221,3,1200,976,30,36,1,66,17,1,0,0,0,0,67,2,0,1,0,0,0
46,"MUNICIPIUL BUCUREŞTI - SECTOR 3","ȘCOALA GIMNAZIALĂ „BARBU DELAVRANCEA”",373,"BUCUREŞTI SECTORUL 3",179169,1,PART,PRCNCT,PCJ,PG_SV,"2025-12-07 22:10:13",950,900,38,12,0,242,230,0,12,0,240,2,1000,758,34,49,0,72,16,0,0,0,0,1,66,0,1,0,0,1,0
46,"MUNICIPIUL BUCUREŞTI - SECTOR 3","ȘCOALA GIMNAZIALĂ „BARBU DELAVRANCEA”",369,"BUCUREŞTI SECTORUL 3",179169,1,PART,PRCNCT,PCJ,PG_SV,"2025-12-07 22:51:29",1495,1412,76,7,0,210,202,1,7,0,207,3,1600,1390,26,37,0,72,21,0,1,1,0,0,46,2,1,0,0,0,0
46,"MUNICIPIUL BUCUREŞTI - SECTOR 3","ŞCOALA GIMNAZIALĂ ”CEZAR BOLLIAC”;",396,"BUCUREŞTI SECTORUL 3",179169,2,PART,PRCNCT,PCJ,PG_SV,"2025-12-08 04:09:29",1428,1366,55,7,0,590,581,2,7,0,588,2,1600,1010,107,106,2,216,35,0,0,0,1,0,116,3,1,0,0,0,1
46,"MUNICIPIUL BUCUREŞTI - SECTOR 3","ŞCOALA GIMNAZIALĂ ”CEZAR BOLLIAC”;",395,"BUCUREŞTI SECTORUL 3",179169,1,PART,PRCNCT,PCJ,PG_SV,"2025-12-07 22:42:53",1512,1461,40,11,0,603,592,0,11,0,596,7,1600,997,92,113,1,251,40,1,1,1,0,0,92,0,2,1,0,1,0
46,"MUNICIPIUL BUCUREŞTI - SECTOR 3","ŞCOALA GIMNAZIALĂ ”CEZAR BOLLIAC”;",394,"BUCUREŞTI SECTORUL 3",179169,2,PART,PRCNCT,PCJ,PG_SV,"2025-12-08 06:52:48",1486,1440,35,11,0,570,559,0,11,0,566,4,1600,1030,83,99,1,203,29,0,0,1,0,0,141,0,3,1,2,3,0
46,"MUNICIPIUL BUCUREŞTI - SECTOR 3","ŞCOALA GIMNAZIALĂ ”CEZAR BOLLIAC”;",397,"BUCUREŞTI SECTORUL 3",179169,2,PART,PRCNCT,PCJ,PG_SV,"2025-12-08 07:58:22",1462,1428,25,8,1,606,596,1,8,1,605,1,1600,994,108,95,0,250,29,0,1,0,0,1,119,0,0,1,1,0,0
46,"MUNICIPIUL BUCUREŞTI - SECTOR 3","ŞCOALA GIMNAZIALĂ ”CEZAR BOLLIAC”;",398,"BUCUREŞTI SECTORUL 3",179169,2,PART,PRCNCT,PCJ,PG_SV,"2025-12-08 07:18:20",1190,1149,31,10,0,502,492,0,10,0,495,7,1198,696,77,107,2,169,33,0,0,3,1,0,98,1,0,3,0,0,1
46,"MUNICIPIUL BUCUREŞTI - SECTOR 3","ŞCOALA GIMNAZIALĂ ”CEZAR BOLLIAC”;",399,"BUCUREŞTI SECTORUL 3",179169,2,PART,PRCNCT,PCJ,PG_SV,"2025-12-08 09:38:51",1648,1588,49,10,1,650,639,0,10,1,642,8,1810,1160,104,87,0,289,29,0,0,0,0,0,128,1,0,2,0,2,0
46,"MUNICIPIUL BUCUREŞTI - SECTOR 3","ŞCOALA GIMNAZIALĂ ”CEZAR BOLLIAC”;",400,"BUCUREŞTI SECTORUL 3",179169,1,PART,PRCNCT,PCJ,PG_SV,"2025-12-07 22:36:17",1383,1358,18,7,0,538,531,0,7,0,534,4,1398,860,81,94,1,204,37,0,1,2,1,0,111,1,0,1,0,0,0
46,"MUNICIPIUL BUCUREŞTI - SECTOR 3","ŞCOALA GIMNAZIALĂ ”CEZAR BOLLIAC”;",401,"BUCUREŞTI SECTORUL 3",179169,1,PART,PRCNCT,PCJ,PG_SV,"2025-12-07 22:47:38",1426,1408,10,8,0,612,604,0,8,0,607,5,1600,988,107,115,2,246,28,0,0,0,0,1,103,0,1,3,1,0,0
49,"MUNICIPIUL BUCUREŞTI - SECTOR 6","ŞCOALA GIMNAZIALĂ CONSTANTIN BRANCUSI",1183,"BUCUREŞTI SECTORUL 6",179196,1,PART,PRCNCT,PCJ,PG_SV,"2025-12-07 22:15:42",1802,1792,5,5,0,519,514,0,5,0,517,2,1800,1281,69,59,1,252,27,0,0,0,0,1,108,0,0,0,0,0,0
49,"MUNICIPIUL BUCUREŞTI - SECTOR 6","ŞCOALA GIMNAZIALĂ CONSTANTIN BRANCUSI",1185,"BUCUREŞTI SECTORUL 6",179196,2,PART,PRCNCT,PCJ,PG_SV,"2025-12-08 03:50:04",1791,1781,4,6,0,529,523,0,6,0,523,6,1800,1271,53,89,0,229,27,0,1,0,0,0,122,0,0,0,1,1,0
49,"MUNICIPIUL BUCUREŞTI - SECTOR 6","ŞCOALA GIMNAZIALĂ CONSTANTIN BRANCUSI",1184,"BUCUREŞTI SECTORUL 6",179196,1,PART,PRCNCT,PCJ,PG_SV,"2025-12-07 22:52:29",1844,1821,9,11,3,603,589,0,11,3,602,1,1800,1197,72,73,0,297,53,0,0,1,0,0,104,0,1,0,1,0,0
49,"MUNICIPIUL BUCUREŞTI - SECTOR 6","ŞCOALA GIMNAZIALĂ ”CONSTANTIN BRÂNCUŞI”",1194,"BUCUREŞTI SECTORUL 6",179196,2,PART,PRCNCT,PCJ,PG_SV,"2025-12-08 01:34:48",1308,1282,7,11,8,492,472,1,11,8,490,2,1400,908,44,86,0,230,24,0,0,0,0,1,98,0,1,1,1,2,2
49,"MUNICIPIUL BUCUREŞTI - SECTOR 6","ŞCOALA GIMNAZIALĂ ”CONSTANTIN BRÂNCUŞI”",1197,"BUCUREŞTI SECTORUL 6",179196,1,PART,PRCNCT,PCJ,PG_SV,"2025-12-07 22:51:30",834,827,1,6,0,334,328,0,6,0,330,4,800,466,29,62,0,156,10,0,0,0,0,0,70,0,2,1,0,0,0
49,"MUNICIPIUL BUCUREŞTI - SECTOR 6","ŞCOALA GIMNAZIALĂ ”CONSTANTIN BRÂNCUŞI”",1192,"BUCUREŞTI SECTORUL 6",179196,1,PART,PRCNCT,PCJ,PG_SV,"2025-12-07 22:22:07",1296,1281,4,11,0,466,454,1,11,0,463,3,1400,934,42,88,0,228,15,0,0,2,2,0,85,0,0,0,0,1,0
49,"MUNICIPIUL BUCUREŞTI - SECTOR 6","ŞCOALA GIMNAZIALĂ ”CONSTANTIN BRÂNCUŞI”",1196,"BUCUREŞTI SECTORUL 6",179196,1,PART,PRCNCT,PCJ,PG_SV,"2025-12-07 22:03:39",1459,1447,2,10,0,624,614,0,10,0,622,2,1400,776,69,114,0,286,26,0,0,2,2,0,115,0,5,2,0,0,1
49,"MUNICIPIUL BUCUREŞTI - SECTOR 6","ŞCOALA GIMNAZIALĂ ”CONSTANTIN BRÂNCUŞI”",1195,"BUCUREŞTI SECTORUL 6",179196,1,PART,PRCNCT,PCJ,PG_SV,"2025-12-07 23:00:13",1102,1086,9,7,0,390,383,0,7,0,389,1,1000,610,37,72,1,174,18,1,0,1,0,0,81,0,2,1,0,0,1
49,"MUNICIPIUL BUCUREŞTI - SECTOR 6","ŞCOALA GIMNAZIALĂ ”CONSTANTIN BRÂNCUŞI”",1198,"BUCUREŞTI SECTORUL 6",179196,2,PART,PRCNCT,PCJ,PG_SV,"2025-12-08 01:41:42",934,880,48,6,0,379,373,0,6,0,374,5,1000,621,55,74,0,139,17,0,0,0,2,0,83,0,2,2,0,0,0
49,"MUNICIPIUL BUCUREŞTI - SECTOR 6","ŞCOALA GIMNAZIALĂ ”CONSTANTIN BRÂNCUŞI”",1193,"BUCUREŞTI SECTORUL 6",179196,1,PART,PRCNCT,PCJ,PG_SV,"2025-12-07 22:44:46",1261,1250,7,4,0,468,464,0,4,0,465,3,1400,932,78,63,0,220,32,1,0,0,0,0,68,1,1,0,0,0,1
47,"MUNICIPIUL BUCUREŞTI - SECTOR 4","ŞCOALA GIMNAZIALĂ EMIL RACOVIŢĂ",779,"BUCUREŞTI SECTORUL 4",179178,1,PART,PRCNCT,PCJ,PG_SV,"2025-12-07 23:32:30",1895,1875,9,11,0,725,714,0,11,0,719,6,2100,1375,103,207,4,182,62,0,1,2,0,0,155,1,1,0,0,1,0
47,"MUNICIPIUL BUCUREŞTI - SECTOR 4","ŞCOALA GIMNAZIALĂ EMIL RACOVIŢĂ",781,"BUCUREŞTI SECTORUL 4",179178,1,PART,PRCNCT,PCJ,PG_SV,"2025-12-07 23:54:14",1453,1439,5,9,0,525,516,0,9,0,523,2,1599,1074,75,167,2,119,20,0,0,2,1,0,134,0,0,0,0,2,1
47,"MUNICIPIUL BUCUREŞTI - SECTOR 4","ŞCOALA GIMNAZIALĂ EMIL RACOVIŢĂ",780,"BUCUREŞTI SECTORUL 4",179178,1,PART,PRCNCT,PCJ,PG_SV,"2025-12-07 22:29:47",1492,1467,16,9,0,440,431,0,9,0,434,6,1602,1162,63,125,1,94,32,0,1,0,1,0,114,0,1,0,0,2,0
47,"MUNICIPIUL BUCUREŞTI - SECTOR 4","ŞCOALA GIMNAZIALĂ EMIL RACOVIŢĂ",778,"BUCUREŞTI SECTORUL 4",179178,1,PART,PRCNCT,PCJ,PG_SV,"2025-12-07 22:34:07",1383,1373,1,9,0,485,476,0,9,0,482,3,1500,1015,86,136,0,93,31,0,0,0,1,0,122,2,4,0,1,3,3
46,"MUNICIPIUL BUCUREŞTI - SECTOR 3","ŞCOALA GIMNAZIALĂ ”FEDERICO GARCIA LORCA”;",572,"BUCUREŞTI SECTORUL 3",179169,1,PART,PRCNCT,PCJ,PG_SV,"2025-12-07 22:34:42",1731,1717,8,6,0,770,761,3,6,0,766,4,1800,1030,130,122,0,325,76,1,0,2,1,0,100,3,4,0,0,2,0
46,"MUNICIPIUL BUCUREŞTI - SECTOR 3","ŞCOALA GIMNAZIALĂ ”FEDERICO GARCIA LORCA”;",574,"BUCUREŞTI SECTORUL 3",179169,2,PART,PRCNCT,PCJ,PG_SV,"2025-12-08 07:33:12",1170,1162,4,4,0,436,432,0,4,0,431,5,1200,764,66,69,0,146,42,0,0,1,1,0,101,2,0,0,1,2,0
46,"MUNICIPIUL BUCUREŞTI - SECTOR 3","ŞCOALA GIMNAZIALĂ ”FEDERICO GARCIA LORCA”;",571,"BUCUREŞTI SECTORUL 3",179169,3,PART,PRCNCT,PCJ,PG_SV,"2025-12-08 09:31:01",1166,1160,2,4,0,497,493,0,4,0,494,3,1200,703,57,114,1,188,48,0,0,0,0,0,83,0,1,1,1,0,0
46,"MUNICIPIUL BUCUREŞTI - SECTOR 3","ŞCOALA GIMNAZIALĂ ”FEDERICO GARCIA LORCA”;",575,"BUCUREŞTI SECTORUL 3",179169,1,PART,PRCNCT,PCJ,PG_SV,"2025-12-07 22:27:38",1277,1268,2,6,1,407,400,0,6,1,404,3,1400,993,67,83,3,141,24,0,1,0,0,0,81,0,2,0,1,0,1
46,"MUNICIPIUL BUCUREŞTI - SECTOR 3","ŞCOALA GIMNAZIALĂ ”FEDERICO GARCIA LORCA”;",569,"BUCUREŞTI SECTORUL 3",179169,1,PART,PRCNCT,PCJ,PG_SV,"2025-12-07 22:20:45",1166,1149,9,8,0,404,396,0,8,0,400,4,1200,796,71,67,1,148,31,0,1,0,0,0,75,2,0,1,0,2,1
46,"MUNICIPIUL BUCUREŞTI - SECTOR 3","ŞCOALA GIMNAZIALĂ ”FEDERICO GARCIA LORCA”;",570,"BUCUREŞTI SECTORUL 3",179169,1,PART,PRCNCT,PCJ,PG_SV,"2025-12-07 22:13:38",989,981,1,7,0,433,426,0,7,0,428,5,1000,567,75,77,1,164,45,0,0,0,0,0,64,2,0,0,0,0,0
46,"MUNICIPIUL BUCUREŞTI - SECTOR 3","ŞCOALA GIMNAZIALĂ ”FEDERICO GARCIA LORCA”;",573,"BUCUREŞTI SECTORUL 3",179169,2,PART,PRCNCT,PCJ,PG_SV,"2025-12-08 08:17:06",1361,1340,16,5,0,535,530,0,5,0,530,2,1400,865,89,104,1,203,32,1,0,4,0,0,89,2,0,2,1,1,1
45,"MUNICIPIUL BUCUREŞTI - SECTOR 2","ŞCOALA GIMNAZIALĂ ”FERDINAND I” (FOSTA ȘCOALĂ NR. 64)",296,"BUCUREŞTI SECTORUL 2",179150,1,PART,PRCNCT,PCJ,PG_SV,"2025-12-07 23:12:40",1411,1386,17,8,0,475,467,0,8,0,467,8,1600,1125,77,99,0,124,43,0,1,0,2,0,116,2,0,0,1,0,2
45,"MUNICIPIUL BUCUREŞTI - SECTOR 2","ŞCOALA GIMNAZIALĂ ”FERDINAND I” (FOSTA ȘCOALĂ NR. 64)",297,"BUCUREŞTI SECTORUL 2",179150,1,PART,PRCNCT,PCJ,PG_SV,"2025-12-07 22:06:52",1264,1239,21,4,0,441,437,0,4,0,437,4,1400,959,68,88,0,143,31,0,0,1,1,0,101,1,3,0,0,0,0
45,"MUNICIPIUL BUCUREŞTI - SECTOR 2","ŞCOALA GIMNAZIALĂ ”FERDINAND I” (FOSTA ȘCOALĂ NR. 64)",298,"BUCUREŞTI SECTORUL 2",179150,3,PART,PRCNCT,PCJ,PG_SV,"2025-12-08 02:52:35",1110,1099,1,10,0,405,395,0,10,0,402,3,1200,795,57,88,2,131,13,0,1,0,0,0,105,0,2,1,0,2,0
45,"MUNICIPIUL BUCUREŞTI - SECTOR 2","ŞCOALA GIMNAZIALĂ ”FERDINAND I” (FOSTA ȘCOALĂ NR. 64)",299,"BUCUREŞTI SECTORUL 2",179150,1,PART,PRCNCT,PCJ,PG_SV,"2025-12-07 22:12:10",1874,1835,28,11,0,591,580,0,11,0,583,8,2000,1409,90,123,1,158,40,2,1,3,1,2,152,1,3,2,2,1,1
45,"MUNICIPIUL BUCUREŞTI - SECTOR 2","ŞCOALA GIMNAZIALĂ ”FERDINAND I” (FOSTA ȘCOALĂ NR. 64)",300,"BUCUREŞTI SECTORUL 2",179150,2,PART,PRCNCT,PCJ,PG_SV,"2025-12-08 02:03:29",1326,1314,5,7,0,329,322,0,7,0,328,1,1600,1271,37,102,0,83,11,0,0,0,0,1,88,0,2,1,1,2,0
44,"MUNICIPIUL BUCUREŞTI - SECTOR 1","ŞCOALA GIMNAZIALĂ ”GEO BOGZA”",127,"BUCUREŞTI SECTORUL 1",179141,1,PART,PRCNCT,PCJ,PG_SV,"2025-12-07 22:11:09",1118,1106,4,8,0,414,406,0,8,0,409,5,1220,806,65,76,0,174,14,0,0,1,0,0,78,0,0,0,0,1,0
44,"MUNICIPIUL BUCUREŞTI - SECTOR 1","ŞCOALA GIMNAZIALĂ ”GEO BOGZA”",126,"BUCUREŞTI SECTORUL 1",179141,1,PART,PRCNCT,PCJ,PG_SV,"2025-12-07 22:11:00",1010,995,5,8,2,399,389,0,8,2,395,4,1110,711,55,56,1,157,24,1,0,1,0,0,97,0,0,2,1,0,0
44,"MUNICIPIUL BUCUREŞTI - SECTOR 1","ŞCOALA GIMNAZIALĂ ”GEO BOGZA”",128,"BUCUREŞTI SECTORUL 1",179141,1,PART,PRCNCT,PCJ,PG_SV,"2025-12-07 22:48:44",829,816,3,10,0,357,347,0,10,0,356,1,910,553,51,46,2,164,9,0,0,1,1,1,80,0,1,0,0,0,0
47,"MUNICIPIUL BUCUREŞTI - SECTOR 4","ŞCOALA GIMNAZIALĂ ”GEORGE BACOVIA”",793,"BUCUREŞTI SECTORUL 4",179178,1,PART,PRCNCT,PCJ,PG_SV,"2025-12-07 22:32:31",1808,1753,45,10,0,657,645,2,10,0,654,3,2000,1343,103,149,2,253,43,0,1,0,0,1,94,0,0,2,1,4,1
47,"MUNICIPIUL BUCUREŞTI - SECTOR 4","ŞCOALA GIMNAZIALĂ ”GEORGE BACOVIA”",795,"BUCUREŞTI SECTORUL 4",179178,1,PART,PRCNCT,PCJ,PG_SV,"2025-12-07 22:13:13",1636,1612,14,10,0,654,643,1,10,0,650,4,1800,1146,129,130,2,229,38,0,0,1,0,0,115,0,2,0,1,1,2
47,"MUNICIPIUL BUCUREŞTI - SECTOR 4","ŞCOALA GIMNAZIALĂ ”GEORGE BACOVIA”",796,"BUCUREŞTI SECTORUL 4",179178,1,PART,PRCNCT,PCJ,PG_SV,"2025-12-07 21:53:49",1651,1645,2,4,0,599,595,0,4,0,593,6,1800,1201,133,123,3,183,30,0,0,1,1,0,114,2,1,1,0,0,1
47,"MUNICIPIUL BUCUREŞTI - SECTOR 4","ŞCOALA GIMNAZIALĂ ”GEORGE BACOVIA”",791,"BUCUREŞTI SECTORUL 4",179178,1,PART,PRCNCT,PCJ,PG_SV,"2025-12-07 21:52:28",1203,1191,0,12,0,517,505,0,12,0,515,2,1300,783,76,126,1,168,24,0,0,0,2,1,110,2,2,0,1,1,1
47,"MUNICIPIUL BUCUREŞTI - SECTOR 4","ŞCOALA GIMNAZIALĂ ”GEORGE BACOVIA”",794,"BUCUREŞTI SECTORUL 4",179178,1,PART,PRCNCT,PCJ,PG_SV,"2025-12-07 22:05:14",1623,1611,6,6,0,616,610,0,6,0,610,6,1800,1184,98,142,0,182,31,1,0,0,0,1,151,0,4,0,0,0,0
47,"MUNICIPIUL BUCUREŞTI - SECTOR 4","ŞCOALA GIMNAZIALĂ ”GEORGE BACOVIA”",792,"BUCUREŞTI SECTORUL 4",179178,1,PART,PRCNCT,PCJ,PG_SV,"2025-12-07 22:19:42",1726,1705,12,9,0,647,638,0,9,0,635,12,1900,1253,121,123,0,218,34,1,1,2,3,0,129,1,0,0,0,0,2
47,"MUNICIPIUL BUCUREŞTI - SECTOR 4","ŞCOALA GIMNAZIALĂ ”GEORGE BACOVIA”",790,"BUCUREŞTI SECTORUL 4",179178,1,PART,PRCNCT,PCJ,PG_SV,"2025-12-07 23:03:46",1322,1305,7,10,0,512,502,0,10,0,509,3,1500,988,65,160,1,166,23,0,1,2,2,3,80,5,1,0,0,0,0
48,"MUNICIPIUL BUCUREŞTI - SECTOR 5","ȘCOALA GIMNAZIALĂ ”GEORGE CĂLINESCU”",909,"BUCUREŞTI SECTORUL 5",179187,2,PART,PRCNCT,PCJ,PG_SV,"2025-12-08 04:34:26",1625,1614,1,10,0,398,388,0,10,0,396,2,1800,1402,32,117,0,69,19,0,0,1,0,0,149,3,3,1,0,1,1
48,"MUNICIPIUL BUCUREŞTI - SECTOR 5","ȘCOALA GIMNAZIALĂ ”GEORGE CĂLINESCU”",908,"BUCUREŞTI SECTORUL 5",179187,1,PART,PRCNCT,PCJ,PG_SV,"2025-12-07 22:00:14",1515,1508,1,6,0,354,348,0,6,0,352,2,1600,1246,39,82,1,84,15,0,0,1,1,0,127,0,1,0,1,0,0
48,"MUNICIPIUL BUCUREŞTI - SECTOR 5","ȘCOALA GIMNAZIALĂ ”GEORGE CĂLINESCU”",910,"BUCUREŞTI SECTORUL 5",179187,1,PART,PRCNCT,PCJ,PG_SV,"2025-12-07 22:24:01",1546,1538,2,6,0,379,373,0,6,0,377,2,1600,1221,37,112,1,71,16,3,2,0,2,0,126,0,2,1,1,2,1
48,"MUNICIPIUL BUCUREŞTI - SECTOR 5","ȘCOALA GIMNAZIALĂ ”GEORGE CĂLINESCU”",907,"BUCUREŞTI SECTORUL 5",179187,1,PART,PRCNCT,PCJ,PG_SV,"2025-12-07 21:41:13",1256,1244,2,10,0,297,287,0,10,0,293,4,1400,1103,28,69,1,54,10,0,0,1,2,0,124,0,0,2,0,1,1
48,"MUNICIPIUL BUCUREŞTI - SECTOR 5","ȘCOALA GIMNAZIALĂ ”GEORGE CĂLINESCU”",906,"BUCUREŞTI SECTORUL 5",179187,1,PART,PRCNCT,PCJ,PG_SV,"2025-12-07 22:05:55",1301,1288,3,10,0,289,279,0,10,0,288,1,1400,1111,35,61,1,42,16,0,0,0,0,0,126,0,4,0,0,3,0
47,"MUNICIPIUL BUCUREŞTI - SECTOR 4","ŞCOALA GIMNAZIALĂ GEORGE TOPÂRCEANU",832,"BUCUREŞTI SECTORUL 4",179178,1,PART,PRCNCT,PCJ,PG_SV,"2025-12-07 22:20:09",1430,1418,6,6,0,499,493,0,6,0,493,6,1600,1101,52,202,1,101,13,0,2,2,0,0,116,0,0,2,1,0,1
47,"MUNICIPIUL BUCUREŞTI - SECTOR 4","ŞCOALA GIMNAZIALĂ GEORGE TOPÂRCEANU",831,"BUCUREŞTI SECTORUL 4",179178,1,PART,PRCNCT,PCJ,PG_SV,"2025-12-07 22:17:17",1279,1226,43,10,0,383,373,0,10,0,382,1,1400,1017,38,109,4,77,13,0,2,2,0,1,130,0,2,2,0,1,1
47,"MUNICIPIUL BUCUREŞTI - SECTOR 4","ŞCOALA GIMNAZIALĂ GEORGE TOPÂRCEANU",830,"BUCUREŞTI SECTORUL 4",179178,1,PART,PRCNCT,PCJ,PG_SV,"2025-12-07 21:50:34",1348,1339,4,5,0,463,458,0,5,0,459,4,1500,1037,55,132,0,94,21,0,0,0,1,0,153,1,1,1,0,0,0
47,"MUNICIPIUL BUCUREŞTI - SECTOR 4","ŞCOALA GIMNAZIALĂ GEORGE TOPÂRCEANU",829,"BUCUREŞTI SECTORUL 4",179178,1,PART,PRCNCT,PCJ,PG_SV,"2025-12-08 04:43:23",1354,1345,3,6,0,412,406,0,6,0,408,4,1500,1088,38,130,2,90,21,2,0,4,1,0,112,0,2,2,0,2,2
47,"MUNICIPIUL BUCUREŞTI - SECTOR 4","ŞCOALA GIMNAZIALĂ G-RAL EREMIA GRIGORESCU",730,"BUCUREŞTI SECTORUL 4",179178,1,PART,PRCNCT,PCJ,PG_SV,"2025-12-07 22:21:30",1589,1576,6,7,0,613,606,0,7,0,603,10,1800,1187,88,193,1,122,50,0,0,2,1,0,134,0,3,0,1,1,7
47,"MUNICIPIUL BUCUREŞTI - SECTOR 4","ŞCOALA GIMNAZIALĂ G-RAL EREMIA GRIGORESCU",734,"BUCUREŞTI SECTORUL 4",179178,2,PART,PRCNCT,PCJ,PG_SV,"2025-12-08 02:00:35",1620,1602,10,7,1,561,553,0,7,1,557,4,1798,1237,91,171,2,120,14,1,0,0,0,0,151,1,2,1,0,1,2
47,"MUNICIPIUL BUCUREŞTI - SECTOR 4","ŞCOALA GIMNAZIALĂ G-RAL EREMIA GRIGORESCU",733,"BUCUREŞTI SECTORUL 4",179178,1,PART,PRCNCT,PCJ,PG_SV,"2025-12-07 22:00:38",1662,1646,10,6,0,539,533,0,6,0,532,7,1800,1261,81,163,1,118,34,0,0,1,0,1,127,1,2,1,0,2,0
47,"MUNICIPIUL BUCUREŞTI - SECTOR 4","ŞCOALA GIMNAZIALĂ G-RAL EREMIA GRIGORESCU",729,"BUCUREŞTI SECTORUL 4",179178,1,PART,PRCNCT,PCJ,PG_SV,"2025-12-07 22:45:46",1486,1474,4,8,0,565,557,0,8,0,557,8,1600,1035,58,183,1,123,34,1,0,1,0,0,151,2,1,1,1,0,0
47,"MUNICIPIUL BUCUREŞTI - SECTOR 4","ŞCOALA GIMNAZIALĂ G-RAL EREMIA GRIGORESCU",732,"BUCUREŞTI SECTORUL 4",179178,1,PART,PRCNCT,PCJ,PG_SV,"2025-12-07 22:16:36",1888,1874,7,7,0,634,627,0,7,0,630,4,2100,1466,109,205,1,148,40,0,0,2,0,0,120,2,1,0,0,0,2
47,"MUNICIPIUL BUCUREŞTI - SECTOR 4","ŞCOALA GIMNAZIALĂ G-RAL EREMIA GRIGORESCU",731,"BUCUREŞTI SECTORUL 4",179178,1,PART,PRCNCT,PCJ,PG_SV,"2025-12-07 22:46:36",2100,2009,43,14,34,605,557,0,14,34,600,5,2300,1695,90,138,2,178,36,0,0,1,0,0,153,0,0,0,0,1,1
47,"MUNICIPIUL BUCUREŞTI - SECTOR 4","ŞCOALA GIMNAZIALĂ G-RAL EREMIA GRIGORESCU",728,"BUCUREŞTI SECTORUL 4",179178,1,PART,PRCNCT,PCJ,PG_SV,"2025-12-07 22:50:39",1733,1722,3,8,0,612,604,0,8,0,609,3,1900,1288,71,184,2,136,32,0,1,0,0,0,173,4,2,1,1,2,0
45,"MUNICIPIUL BUCUREŞTI - SECTOR 2","ŞCOALA GIMNAZIALĂ ”GRIGORE GHICA VOIEVOD”",203,"BUCUREŞTI SECTORUL 2",179150,1,PART,PRCNCT,PCJ,PG_SV,"2025-12-07 23:34:34",1795,1773,11,11,0,574,563,0,11,0,569,5,2000,1426,77,136,2,175,36,0,2,0,0,0,138,0,0,1,2,0,0
45,"MUNICIPIUL BUCUREŞTI - SECTOR 2","ŞCOALA GIMNAZIALĂ ”GRIGORE GHICA VOIEVOD”",207,"BUCUREŞTI SECTORUL 2",179150,1,PART,PRCNCT,PCJ,PG_SV,"2025-12-07 21:51:03",1546,1524,17,5,0,409,404,0,5,0,404,5,1800,1391,56,87,3,98,26,0,0,2,1,0,124,0,1,2,1,1,2
45,"MUNICIPIUL BUCUREŞTI - SECTOR 2","ŞCOALA GIMNAZIALĂ ”GRIGORE GHICA VOIEVOD”",206,"BUCUREŞTI SECTORUL 2",179150,1,PART,PRCNCT,PCJ,PG_SV,"2025-12-07 22:30:31",1322,1300,19,3,0,394,391,0,3,0,387,7,1400,1006,62,97,1,111,17,0,0,3,0,0,92,1,3,0,0,0,0
45,"MUNICIPIUL BUCUREŞTI - SECTOR 2","ŞCOALA GIMNAZIALĂ ”GRIGORE GHICA VOIEVOD”",205,"BUCUREŞTI SECTORUL 2",179150,1,PART,PRCNCT,PCJ,PG_SV,"2025-12-07 22:36:54",1607,1527,71,9,0,541,532,0,9,0,538,3,1800,1259,85,149,0,163,34,0,0,2,0,1,102,0,0,1,1,0,0
45,"MUNICIPIUL BUCUREŞTI - SECTOR 2","ŞCOALA GIMNAZIALĂ ”GRIGORE GHICA VOIEVOD”",204,"BUCUREŞTI SECTORUL 2",179150,1,PART,PRCNCT,PCJ,PG_SV,"2025-12-07 22:19:27",1677,1651,21,5,0,508,503,0,5,0,503,5,1800,1292,56,113,2,130,34,1,1,1,0,0,152,2,4,5,2,0,0
45,"MUNICIPIUL BUCUREŞTI - SECTOR 2","ŞCOALA GIMNAZIALĂ ”GRIGORE GHICA VOIEVOD”",202,"BUCUREŞTI SECTORUL 2",179150,2,PART,PRCNCT,PCJ,PG_SV,"2025-12-08 02:07:23",1474,1420,48,5,1,524,518,0,5,1,520,4,1600,1076,82,124,1,177,33,1,0,1,0,0,97,0,2,0,0,0,2
45,"MUNICIPIUL BUCUREŞTI - SECTOR 2","ŞCOALA GIMNAZIALĂ ”GRIGORE GHICA VOIEVOD”",201,"BUCUREŞTI SECTORUL 2",179150,1,PART,PRCNCT,PCJ,PG_SV,"2025-12-07 22:54:14",1647,1607,24,16,0,595,579,0,16,0,590,5,1800,1205,96,126,1,182,41,3,3,2,0,0,132,0,1,1,1,1,0
44,"MUNICIPIUL BUCUREŞTI - SECTOR 1","ŞCOALA GIMNAZIALĂ ”HERĂSTRĂU”",57,"BUCUREŞTI SECTORUL 1",179141,1,PART,PRCNCT,PCJ,PG_SV,"2025-12-07 23:42:09",1475,1385,83,7,0,585,578,0,7,0,583,2,1620,1035,93,127,0,245,29,0,0,1,0,2,82,0,2,0,0,2,0
44,"MUNICIPIUL BUCUREŞTI - SECTOR 1","ŞCOALA GIMNAZIALĂ ”HERĂSTRĂU”",51,"BUCUREŞTI SECTORUL 1",179141,1,PART,PRCNCT,PCJ,PG_SV,"2025-12-07 22:45:24",1512,1487,18,7,0,689,682,0,7,0,688,1,1660,971,138,133,1,254,32,2,1,1,0,0,123,0,2,0,0,1,0
44,"MUNICIPIUL BUCUREŞTI - SECTOR 1","ŞCOALA GIMNAZIALĂ ”HERĂSTRĂU”",55,"BUCUREŞTI SECTORUL 1",179141,1,PART,PRCNCT,PCJ,PG_SV,"2025-12-07 22:56:28",1286,1255,17,14,0,560,546,0,14,0,552,8,1400,840,96,119,0,199,34,0,0,0,0,0,99,1,2,2,0,0,0
44,"MUNICIPIUL BUCUREŞTI - SECTOR 1","ŞCOALA GIMNAZIALĂ ”HERĂSTRĂU”",54,"BUCUREŞTI SECTORUL 1",179141,2,PART,PRCNCT,PCJ,PG_SV,"2025-12-08 00:40:09",1362,1333,18,11,0,546,535,0,11,0,540,6,1500,954,109,71,2,237,31,0,0,0,0,0,83,0,2,4,1,0,0
44,"MUNICIPIUL BUCUREŞTI - SECTOR 1","ŞCOALA GIMNAZIALĂ ”HERĂSTRĂU”",49,"BUCUREŞTI SECTORUL 1",179141,1,PART,PRCNCT,PCJ,PG_SV,"2025-12-07 23:22:03",1397,1366,19,12,0,569,557,0,12,0,566,3,1530,961,103,118,0,210,22,3,1,0,1,0,103,0,1,3,0,1,0
44,"MUNICIPIUL BUCUREŞTI - SECTOR 1","ŞCOALA GIMNAZIALĂ ”HERĂSTRĂU”",47,"BUCUREŞTI SECTORUL 1",179141,1,PART,PRCNCT,PCJ,PG_SV,"2025-12-07 23:23:36",1555,1420,114,13,8,561,539,1,13,8,559,2,1690,1129,101,113,0,236,25,0,0,0,0,0,75,4,1,3,0,1,0
44,"MUNICIPIUL BUCUREŞTI - SECTOR 1","ŞCOALA GIMNAZIALĂ ”HERĂSTRĂU”",53,"BUCUREŞTI SECTORUL 1",179141,1,PART,PRCNCT,PCJ,PG_SV,"2025-12-07 23:07:21",1272,1227,37,8,0,529,521,0,8,0,523,6,1390,861,93,122,0,202,21,0,0,0,0,0,79,1,2,0,0,0,3
44,"MUNICIPIUL BUCUREŞTI - SECTOR 1","ŞCOALA GIMNAZIALĂ ”HERĂSTRĂU”",52,"BUCUREŞTI SECTORUL 1",179141,1,PART,PRCNCT,PCJ,PG_SV,"2025-12-07 22:57:40",1653,1447,198,8,0,606,597,1,8,0,606,0,1810,1204,125,117,1,269,21,1,0,0,0,0,71,1,0,0,0,0,0
44,"MUNICIPIUL BUCUREŞTI - SECTOR 1","ŞCOALA GIMNAZIALĂ ”HERĂSTRĂU”",58,"BUCUREŞTI SECTORUL 1",179141,1,PART,PRCNCT,PCJ,PG_SV,"2025-12-07 23:29:46",1299,1276,11,12,0,507,495,0,12,0,501,6,1420,913,89,95,0,189,21,0,0,0,1,0,104,0,1,0,1,0,0
44,"MUNICIPIUL BUCUREŞTI - SECTOR 1","ŞCOALA GIMNAZIALĂ ”HERĂSTRĂU”",48,"BUCUREŞTI SECTORUL 1",179141,1,PART,PRCNCT,PCJ,PG_SV,"2025-12-07 22:35:13",1527,1485,29,13,0,683,670,0,13,0,680,3,1668,985,117,144,2,293,37,0,0,0,0,0,83,2,2,0,0,0,0
44,"MUNICIPIUL BUCUREŞTI - SECTOR 1","ŞCOALA GIMNAZIALĂ ”HERĂSTRĂU”",50,"BUCUREŞTI SECTORUL 1",179141,1,PART,PRCNCT,PCJ,PG_SV,"2025-12-07 22:31:22",1468,1372,86,10,0,563,553,0,10,0,561,2,1610,1047,94,112,0,242,25,0,0,1,1,0,82,0,4,0,0,0,0
44,"MUNICIPIUL BUCUREŞTI - SECTOR 1","ŞCOALA GIMNAZIALĂ ”HERĂSTRĂU”",56,"BUCUREŞTI SECTORUL 1",179141,1,PART,PRCNCT,PCJ,PG_SV,"2025-12-07 22:52:03",1279,1242,24,13,0,562,548,1,13,0,561,1,1399,837,111,87,1,237,29,2,0,0,0,1,92,0,1,0,0,0,0
45,"MUNICIPIUL BUCUREŞTI - SECTOR 2","ȘCOALA GIMNAZIALĂ ”IANCULUI”",367,"BUCUREŞTI SECTORUL 2",179150,1,PART,PRCNCT,PCJ,PG_SV,"2025-12-07 22:33:01",1296,1277,12,7,0,457,450,0,7,0,455,2,1398,941,71,85,2,164,34,1,0,1,0,0,94,0,1,1,1,0,0
45,"MUNICIPIUL BUCUREŞTI - SECTOR 2","ȘCOALA GIMNAZIALĂ ”IANCULUI”",368,"BUCUREŞTI SECTORUL 2",179150,1,PART,PRCNCT,PCJ,PG_SV,"2025-12-07 23:29:45",1846,1805,34,6,1,624,616,1,6,1,623,1,2091,1467,94,114,1,248,40,2,0,1,1,0,118,0,2,2,0,0,0
47,"MUNICIPIUL BUCUREŞTI - SECTOR 4","ŞCOALA GIMNAZIALĂ ”IENĂCHIŢĂ VĂCĂRESCU”-STRUCTURĂ ARONDATĂ ȘCOLII GIMNAZIALE ”MĂRȚIȘOR”",670,"BUCUREŞTI SECTORUL 4",179178,1,PART,PRCNCT,PCJ,PG_SV,"2025-12-07 22:20:08",1045,985,57,3,0,382,379,0,3,0,378,4,1200,818,66,81,0,126,16,0,0,0,1,0,85,0,1,0,1,0,1
47,"MUNICIPIUL BUCUREŞTI - SECTOR 4","ŞCOALA GIMNAZIALĂ ”IENĂCHIŢĂ VĂCĂRESCU”-STRUCTURĂ ARONDATĂ ȘCOLII GIMNAZIALE ”MĂRȚIȘOR”",671,"BUCUREŞTI SECTORUL 4",179178,1,PART,PRCNCT,PCJ,PG_SV,"2025-12-07 22:52:49",1590,1552,27,11,0,661,650,0,11,0,656,5,1706,1045,132,99,2,276,33,0,0,0,1,0,109,1,0,1,1,0,1
47,"MUNICIPIUL BUCUREŞTI - SECTOR 4","ŞCOALA GIMNAZIALĂ ”IENĂCHIŢĂ VĂCĂRESCU”-STRUCTURĂ ARONDATĂ ȘCOLII GIMNAZIALE ”MĂRȚIȘOR”",668,"BUCUREŞTI SECTORUL 4",179178,1,PART,PRCNCT,PCJ,PG_SV,"2025-12-07 23:07:41",995,967,19,9,0,365,354,2,9,0,361,4,1100,735,47,62,0,142,24,1,1,0,0,0,79,0,0,5,0,0,0
47,"MUNICIPIUL BUCUREŞTI - SECTOR 4","ŞCOALA GIMNAZIALĂ ”IENĂCHIŢĂ VĂCĂRESCU”-STRUCTURĂ ARONDATĂ ȘCOLII GIMNAZIALE ”MĂRȚIȘOR”",669,"BUCUREŞTI SECTORUL 4",179178,1,PART,PRCNCT,PCJ,PG_SV,"2025-12-07 22:54:25",1124,1079,21,10,14,430,404,2,10,14,426,4,1200,770,55,87,1,144,28,1,1,1,0,1,103,1,3,0,0,0,0
49,"MUNICIPIUL BUCUREŞTI - SECTOR 6","ŞCOALA GIMNAZIALĂ ”ION DUMITRIU”",1171,"BUCUREŞTI SECTORUL 6",179196,1,PART,PRCNCT,PCJ,PG_SV,"2025-12-07 22:35:49",1389,1373,9,7,0,500,493,0,7,0,499,1,1400,900,33,84,1,248,13,1,3,1,0,0,110,1,1,2,1,0,0
49,"MUNICIPIUL BUCUREŞTI - SECTOR 6","ŞCOALA GIMNAZIALĂ ”ION DUMITRIU”",1166,"BUCUREŞTI SECTORUL 6",179196,2,PART,PRCNCT,PCJ,PG_SV,"2025-12-08 03:31:38",1119,1112,0,7,0,398,391,0,7,0,391,7,1200,802,31,90,1,154,24,0,0,0,1,0,87,1,0,0,0,2,0
49,"MUNICIPIUL BUCUREŞTI - SECTOR 6","ŞCOALA GIMNAZIALĂ ”ION DUMITRIU”",1167,"BUCUREŞTI SECTORUL 6",179196,1,PART,PRCNCT,PCJ,PG_SV,"2025-12-07 22:11:52",1625,1611,5,9,0,576,567,0,9,0,572,4,1600,1024,43,101,2,237,42,0,0,1,0,0,141,0,0,2,0,2,1
49,"MUNICIPIUL BUCUREŞTI - SECTOR 6","ŞCOALA GIMNAZIALĂ ”ION DUMITRIU”",1173,"BUCUREŞTI SECTORUL 6",179196,1,PART,PRCNCT,PCJ,PG_SV,"2025-12-07 22:28:30",1565,1553,3,9,0,467,458,0,9,0,462,5,1600,1133,43,72,1,197,24,0,1,1,1,0,120,0,1,0,0,0,1
49,"MUNICIPIUL BUCUREŞTI - SECTOR 6","ŞCOALA GIMNAZIALĂ ”ION DUMITRIU”",1170,"BUCUREŞTI SECTORUL 6",179196,1,PART,PRCNCT,PCJ,PG_SV,"2025-12-07 23:07:55",1154,1145,2,7,0,358,351,0,7,0,353,5,1200,842,30,67,2,152,26,0,0,1,0,0,75,0,0,0,0,0,0
49,"MUNICIPIUL BUCUREŞTI - SECTOR 6","ŞCOALA GIMNAZIALĂ ”ION DUMITRIU”",1169,"BUCUREŞTI SECTORUL 6",179196,1,PART,PRCNCT,PCJ,PG_SV,"2025-12-07 21:52:36",1494,1482,7,5,0,485,480,0,5,0,484,1,1600,1115,56,91,2,199,19,1,1,2,0,0,109,0,0,3,1,0,0
49,"MUNICIPIUL BUCUREŞTI - SECTOR 6","ŞCOALA GIMNAZIALĂ ”ION DUMITRIU”",1172,"BUCUREŞTI SECTORUL 6",179196,2,PART,PRCNCT,PCJ,PG_SV,"2025-12-08 04:16:26",1654,1639,9,6,0,618,612,0,6,0,614,4,1594,976,49,93,0,311,30,1,0,0,0,0,126,0,0,2,0,1,1
49,"MUNICIPIUL BUCUREŞTI - SECTOR 6","ŞCOALA GIMNAZIALĂ ”ION DUMITRIU”",1168,"BUCUREŞTI SECTORUL 6",179196,1,PART,PRCNCT,PCJ,PG_SV,"2025-12-07 21:55:12",1199,1190,3,6,0,438,432,0,6,0,436,2,1200,762,44,89,0,166,23,0,0,0,0,1,108,0,0,1,1,0,3
49,"MUNICIPIUL BUCUREŞTI - SECTOR 6","ŞCOALA GIMNAZIALĂ ”ION DUMITRIU”",1165,"BUCUREŞTI SECTORUL 6",179196,1,PART,PRCNCT,PCJ,PG_SV,"2025-12-07 22:56:51",1412,1400,7,5,0,485,480,0,5,0,479,6,1400,915,56,83,1,236,17,0,3,2,0,0,79,0,2,0,0,0,0
49,"MUNICIPIUL BUCUREŞTI - SECTOR 6","ŞCOALA GIMNAZIALĂ ”ION DUMITRIU”",1164,"BUCUREŞTI SECTORUL 6",179196,1,PART,PRCNCT,PCJ,PG_SV,"2025-12-07 23:01:44",1177,1167,3,7,0,415,408,0,7,0,414,1,1200,785,39,66,0,193,29,0,0,0,0,0,87,0,0,0,0,0,0
47,"MUNICIPIUL BUCUREŞTI - SECTOR 4","ŞCOALA GIMNAZIALĂ ”IONEL TEODOREANU”",842,"BUCUREŞTI SECTORUL 4",179178,2,PART,PRCNCT,PCJ,PG_SV,"2025-12-08 01:52:13",1495,1482,6,6,1,374,367,0,6,1,368,6,1596,1222,26,118,4,32,13,1,0,0,1,0,170,1,1,0,0,1,0
47,"MUNICIPIUL BUCUREŞTI - SECTOR 4","ŞCOALA GIMNAZIALĂ ”IONEL TEODOREANU”",840,"BUCUREŞTI SECTORUL 4",179178,1,PART,PRCNCT,PCJ,PG_SV,"2025-12-07 22:19:31",1357,1345,8,4,0,493,489,0,4,0,486,7,1500,1007,59,193,1,109,23,2,1,2,1,0,90,1,2,1,0,1,0
47,"MUNICIPIUL BUCUREŞTI - SECTOR 4","ŞCOALA GIMNAZIALĂ ”IONEL TEODOREANU”",841,"BUCUREŞTI SECTORUL 4",179178,1,PART,PRCNCT,PCJ,PG_SV,"2025-12-07 21:57:14",1415,1407,3,5,0,461,456,0,5,0,455,6,1600,1139,66,138,1,86,20,0,0,3,1,0,132,2,1,1,2,0,2
47,"MUNICIPIUL BUCUREŞTI - SECTOR 4","ŞCOALA GIMNAZIALĂ ”IONEL TEODOREANU”",844,"BUCUREŞTI SECTORUL 4",179178,1,PART,PRCNCT,PCJ,PG_SV,"2025-12-07 22:18:13",1378,1369,1,8,0,452,444,0,8,0,447,5,1500,1048,58,166,0,71,24,0,0,1,0,0,126,0,1,0,0,0,0
47,"MUNICIPIUL BUCUREŞTI - SECTOR 4","ŞCOALA GIMNAZIALĂ ”IONEL TEODOREANU”",839,"BUCUREŞTI SECTORUL 4",179178,1,PART,PRCNCT,PCJ,PG_SV,"2025-12-07 22:48:25",1220,1211,2,7,0,446,439,0,7,0,442,4,1300,854,54,134,1,105,25,1,0,1,1,0,116,1,1,0,0,1,1
47,"MUNICIPIUL BUCUREŞTI - SECTOR 4","ŞCOALA GIMNAZIALĂ ”IONEL TEODOREANU”",843,"BUCUREŞTI SECTORUL 4",179178,1,PART,PRCNCT,PCJ,PG_SV,"2025-12-07 22:23:33",1524,1516,0,8,0,418,410,0,8,0,409,9,1700,1282,40,137,0,51,23,0,0,1,0,1,152,1,2,1,0,0,0
48,"MUNICIPIUL BUCUREŞTI - SECTOR 5","ȘCOALA GIMNAZIALĂ ION I.C. BRĂTIANU",898,"BUCUREŞTI SECTORUL 5",179187,1,PART,PRCNCT,PCJ,PG_SV,"2025-12-07 22:19:08",1207,1198,1,8,0,344,336,0,8,0,335,9,1400,1056,43,79,1,82,16,0,0,0,0,0,111,1,1,0,0,1,0
48,"MUNICIPIUL BUCUREŞTI - SECTOR 5","ȘCOALA GIMNAZIALĂ ION I.C. BRĂTIANU",896,"BUCUREŞTI SECTORUL 5",179187,1,PART,PRCNCT,PCJ,PG_SV,"2025-12-07 22:07:19",997,988,1,8,0,345,337,0,8,0,342,3,1200,855,35,71,1,92,27,0,0,0,1,1,107,2,3,0,0,0,2
48,"MUNICIPIUL BUCUREŞTI - SECTOR 5","ȘCOALA GIMNAZIALĂ ION I.C. BRĂTIANU",897,"BUCUREŞTI SECTORUL 5",179187,1,PART,PRCNCT,PCJ,PG_SV,"2025-12-07 22:00:46",1329,1320,1,8,0,428,420,0,8,0,425,3,1400,972,37,113,6,103,26,1,0,3,0,0,131,1,2,0,0,1,1
48,"MUNICIPIUL BUCUREŞTI - SECTOR 5","ȘCOALA GIMNAZIALĂ ION I.C. BRĂTIANU",905,"BUCUREŞTI SECTORUL 5",179187,1,PART,PRCNCT,PCJ,PG_SV,"2025-12-07 23:06:53",1395,1379,10,6,0,335,329,0,6,0,325,10,1600,1265,50,76,2,77,18,2,2,1,0,0,94,0,1,0,0,1,1
48,"MUNICIPIUL BUCUREŞTI - SECTOR 5","ȘCOALA GIMNAZIALĂ ION I.C. BRĂTIANU",899,"BUCUREŞTI SECTORUL 5",179187,2,PART,PRCNCT,PCJ,PG_SV,"2025-12-08 04:16:39",1289,1282,2,5,0,374,369,0,5,0,368,6,1400,1026,51,77,0,77,23,0,0,2,0,0,135,0,1,1,1,0,0
48,"MUNICIPIUL BUCUREŞTI - SECTOR 5","ȘCOALA GIMNAZIALĂ ION I.C. BRĂTIANU",900,"BUCUREŞTI SECTORUL 5",179187,2,PART,PRCNCT,PCJ,PG_SV,"2025-12-08 00:11:44",1066,1058,0,7,1,306,298,0,7,1,302,4,1200,894,33,89,0,83,17,0,0,1,0,0,75,0,3,1,0,0,0
48,"MUNICIPIUL BUCUREŞTI - SECTOR 5","ȘCOALA GIMNAZIALĂ ION I.C. BRĂTIANU",901,"BUCUREŞTI SECTORUL 5",179187,2,PART,PRCNCT,PCJ,PG_SV,"2025-12-08 03:34:38",1261,1255,1,5,0,208,203,0,5,0,200,8,1400,1192,9,65,2,16,14,1,1,3,0,0,89,0,0,0,0,0,0
48,"MUNICIPIUL BUCUREŞTI - SECTOR 5","ȘCOALA GIMNAZIALĂ ION I.C. BRĂTIANU",902,"BUCUREŞTI SECTORUL 5",179187,2,PART,PRCNCT,PCJ,PG_SV,"2025-12-08 01:47:19",1594,1579,1,7,7,229,215,0,7,7,227,2,1600,1371,24,59,0,28,2,0,1,2,1,0,108,0,0,0,1,1,0
48,"MUNICIPIUL BUCUREŞTI - SECTOR 5","ȘCOALA GIMNAZIALĂ ION I.C. BRĂTIANU",903,"BUCUREŞTI SECTORUL 5",179187,1,PART,PRCNCT,PCJ,PG_SV,"2025-12-07 21:54:36",1342,1334,0,8,0,285,277,0,8,0,280,5,1400,1115,29,75,0,61,21,0,0,0,0,0,93,0,0,0,1,0,0
48,"MUNICIPIUL BUCUREŞTI - SECTOR 5","ȘCOALA GIMNAZIALĂ ION I.C. BRĂTIANU",904,"BUCUREŞTI SECTORUL 5",179187,1,PART,PRCNCT,PCJ,PG_SV,"2025-12-07 21:52:51",1156,1143,5,8,0,310,302,0,8,0,308,2,1200,890,36,85,1,71,19,0,0,1,1,0,89,0,0,3,1,1,0
48,"MUNICIPIUL BUCUREŞTI - SECTOR 5","ȘCOALA GIMNAZIALĂ ION I.C. BRĂTIANU",895,"BUCUREŞTI SECTORUL 5",179187,1,PART,PRCNCT,PCJ,PG_SV,"2025-12-07 22:10:42",1018,1008,1,9,0,367,358,0,9,0,365,2,1200,833,54,101,1,92,26,0,0,0,1,0,89,0,0,0,1,0,0
46,"MUNICIPIUL BUCUREŞTI - SECTOR 3","ŞCOALA GIMNAZIALĂ ”LEONARDO DA VINCI”;",460,"BUCUREŞTI SECTORUL 3",179169,2,PART,PRCNCT,PCJ,PG_SV,"2025-12-08 08:28:00",1051,1027,15,9,0,418,409,0,9,0,415,3,1200,782,68,83,2,129,28,0,1,0,0,0,98,0,3,2,0,1,0
46,"MUNICIPIUL BUCUREŞTI - SECTOR 3","ŞCOALA GIMNAZIALĂ ”LEONARDO DA VINCI”;",455,"BUCUREŞTI SECTORUL 3",179169,1,PART,PRCNCT,PCJ,PG_SV,"2025-12-07 22:09:19",1730,1591,117,13,9,595,573,0,13,9,590,5,1800,1205,102,89,1,238,41,1,0,1,0,0,112,1,1,3,0,0,0
46,"MUNICIPIUL BUCUREŞTI - SECTOR 3","ŞCOALA GIMNAZIALĂ ”LEONARDO DA VINCI”;",456,"BUCUREŞTI SECTORUL 3",179169,1,PART,PRCNCT,PCJ,PG_SV,"2025-12-07 22:33:27",1296,1282,5,9,0,459,450,0,9,0,451,8,1400,941,73,81,1,159,39,1,0,0,0,0,94,0,1,0,2,0,0
46,"MUNICIPIUL BUCUREŞTI - SECTOR 3","ŞCOALA GIMNAZIALĂ ”LEONARDO DA VINCI”;",463,"BUCUREŞTI SECTORUL 3",179169,1,PART,PRCNCT,PCJ,PG_SV,"2025-12-07 22:12:16",1148,1111,28,9,0,415,406,0,9,0,413,2,1200,785,70,76,0,158,30,1,0,1,0,0,71,2,0,1,0,2,1
46,"MUNICIPIUL BUCUREŞTI - SECTOR 3","ŞCOALA GIMNAZIALĂ ”LEONARDO DA VINCI”;",462,"BUCUREŞTI SECTORUL 3",179169,1,PART,PRCNCT,PCJ,PG_SV,"2025-12-07 22:29:01",953,896,5,12,40,388,340,0,12,36,386,2,1004,616,64,100,0,121,17,1,0,0,1,0,74,1,2,3,2,0,0
46,"MUNICIPIUL BUCUREŞTI - SECTOR 3","ŞCOALA GIMNAZIALĂ ”LEONARDO DA VINCI”;",461,"BUCUREŞTI SECTORUL 3",179169,1,PART,PRCNCT,PCJ,PG_SV,"2025-12-07 22:04:48",1000,992,3,5,0,430,425,0,5,0,427,3,1000,570,68,105,0,125,28,0,0,0,0,0,95,1,2,2,1,0,0
46,"MUNICIPIUL BUCUREŞTI - SECTOR 3","ŞCOALA GIMNAZIALĂ ”LEONARDO DA VINCI”;",459,"BUCUREŞTI SECTORUL 3",179169,2,PART,PRCNCT,PCJ,PG_SV,"2025-12-08 06:12:18",1112,1099,4,9,0,497,488,0,9,0,494,3,1200,703,105,77,5,182,33,0,0,3,2,0,81,2,1,0,2,1,0
46,"MUNICIPIUL BUCUREŞTI - SECTOR 3","ŞCOALA GIMNAZIALĂ ”LEONARDO DA VINCI”;",458,"BUCUREŞTI SECTORUL 3",179169,1,PART,PRCNCT,PCJ,PG_SV,"2025-12-07 22:46:56",1182,1168,5,9,0,440,431,0,9,0,437,3,1202,762,77,99,0,146,23,0,1,0,0,0,89,0,1,1,0,0,0
46,"MUNICIPIUL BUCUREŞTI - SECTOR 3","ŞCOALA GIMNAZIALĂ ”LEONARDO DA VINCI”;",457,"BUCUREŞTI SECTORUL 3",179169,1,PART,PRCNCT,PCJ,PG_SV,"2025-12-07 22:50:10",1404,1379,13,12,0,451,439,0,12,0,451,0,1600,1149,79,74,2,147,35,0,0,0,0,0,108,2,1,0,1,2,0
46,"MUNICIPIUL BUCUREŞTI - SECTOR 3","ȘCOALA GIMNAZIALĂ „LIVIU REBREANU”",588,"BUCUREŞTI SECTORUL 3",179169,2,PART,PRCNCT,PCJ,PG_SV,"2025-12-08 05:09:14",1208,1200,2,6,0,461,455,0,6,0,459,2,1400,939,76,100,0,156,33,0,0,1,1,1,85,2,1,1,1,1,0
46,"MUNICIPIUL BUCUREŞTI - SECTOR 3","ȘCOALA GIMNAZIALĂ „LIVIU REBREANU”",585,"BUCUREŞTI SECTORUL 3",179169,1,PART,PRCNCT,PCJ,PG_SV,"2025-12-07 21:50:02",986,969,10,7,0,380,373,0,7,0,378,2,1000,620,60,65,0,115,39,0,0,0,1,0,93,1,1,2,1,0,0
46,"MUNICIPIUL BUCUREŞTI - SECTOR 3","ȘCOALA GIMNAZIALĂ „LIVIU REBREANU”",584,"BUCUREŞTI SECTORUL 3",179169,1,PART,PRCNCT,PCJ,PG_SV,"2025-12-07 22:02:59",1248,1240,2,6,0,452,446,0,6,0,450,2,1400,948,66,93,0,101,36,0,0,0,0,0,149,0,0,2,1,0,2
46,"MUNICIPIUL BUCUREŞTI - SECTOR 3","ȘCOALA GIMNAZIALĂ „LIVIU REBREANU”",589,"BUCUREŞTI SECTORUL 3",179169,2,PART,PRCNCT,PCJ,PG_SV,"2025-12-08 06:28:18",1251,1245,4,2,0,470,468,0,2,0,463,5,1400,930,66,106,0,167,28,0,1,0,1,0,91,1,1,1,0,0,0
46,"MUNICIPIUL BUCUREŞTI - SECTOR 3","ȘCOALA GIMNAZIALĂ „LIVIU REBREANU”",590,"BUCUREŞTI SECTORUL 3",179169,1,PART,PRCNCT,PCJ,PG_SV,"2025-12-07 23:01:04",1194,1185,6,3,0,442,439,0,3,0,440,2,1400,958,74,92,1,162,23,0,0,1,2,0,77,1,1,4,0,2,0
46,"MUNICIPIUL BUCUREŞTI - SECTOR 3","ȘCOALA GIMNAZIALĂ „LIVIU REBREANU”",591,"BUCUREŞTI SECTORUL 3",179169,2,PART,PRCNCT,PCJ,PG_SV,"2025-12-08 00:00:42",1387,1376,4,7,0,473,465,1,7,0,470,3,1600,1127,73,77,0,196,35,0,2,0,0,0,78,1,5,1,0,0,2
46,"MUNICIPIUL BUCUREŞTI - SECTOR 3","ȘCOALA GIMNAZIALĂ „LIVIU REBREANU”",586,"BUCUREŞTI SECTORUL 3",179169,2,PART,PRCNCT,PCJ,PG_SV,"2025-12-08 05:03:46",1267,1233,23,11,0,444,433,0,11,0,441,3,1400,956,85,70,2,146,32,1,1,2,1,1,94,1,1,2,1,1,0
46,"MUNICIPIUL BUCUREŞTI - SECTOR 3","ȘCOALA GIMNAZIALĂ „LIVIU REBREANU”",587,"BUCUREŞTI SECTORUL 3",179169,2,PART,PRCNCT,PCJ,PG_SV,"2025-12-08 08:41:33",1214,1183,21,10,0,441,431,0,10,0,439,2,1400,959,78,74,0,150,40,1,0,0,1,0,87,1,4,1,1,1,0
48,"MUNICIPIUL BUCUREŞTI - SECTOR 5","ȘCOALA GIMNAZIALĂ ”LUCEAFĂRUL”",886,"BUCUREŞTI SECTORUL 5",179187,1,PART,PRCNCT,PCJ,PG_SV,"2025-12-07 21:51:18",1008,996,3,9,0,332,323,0,9,0,328,4,1200,868,37,86,1,90,14,0,0,1,1,0,93,0,1,0,2,1,1
48,"MUNICIPIUL BUCUREŞTI - SECTOR 5","ȘCOALA GIMNAZIALĂ ”LUCEAFĂRUL”",889,"BUCUREŞTI SECTORUL 5",179187,1,PART,PRCNCT,PCJ,PG_SV,"2025-12-07 22:41:41",1272,1252,14,5,1,389,383,0,5,1,381,8,1400,1011,55,64,1,111,31,1,0,0,0,0,112,0,1,3,1,1,0
48,"MUNICIPIUL BUCUREŞTI - SECTOR 5","ȘCOALA GIMNAZIALĂ ”LUCEAFĂRUL”",890,"BUCUREŞTI SECTORUL 5",179187,1,PART,PRCNCT,PCJ,PG_SV,"2025-12-07 22:05:07",1034,1012,17,5,0,345,338,2,5,0,343,2,1200,855,51,68,0,116,22,0,0,1,0,0,82,0,1,1,0,1,0
48,"MUNICIPIUL BUCUREŞTI - SECTOR 5","ȘCOALA GIMNAZIALĂ ”LUCEAFĂRUL”",884,"BUCUREŞTI SECTORUL 5",179187,1,PART,PRCNCT,PCJ,PG_SV,"2025-12-07 22:18:48",1060,1045,3,12,0,398,386,0,12,0,390,8,1200,802,56,102,3,109,14,0,2,0,1,0,101,0,2,0,0,0,0
48,"MUNICIPIUL BUCUREŞTI - SECTOR 5","ȘCOALA GIMNAZIALĂ ”LUCEAFĂRUL”",888,"BUCUREŞTI SECTORUL 5",179187,2,PART,PRCNCT,PCJ,PG_SV,"2025-12-08 01:43:10",1379,1343,26,10,0,481,471,0,10,0,481,0,1404,923,76,81,0,208,24,0,0,0,0,0,88,1,2,0,1,0,0
48,"MUNICIPIUL BUCUREŞTI - SECTOR 5","ȘCOALA GIMNAZIALĂ ”LUCEAFĂRUL”",887,"BUCUREŞTI SECTORUL 5",179187,1,PART,PRCNCT,PCJ,PG_SV,"2025-12-07 22:15:12",1137,1123,7,7,0,363,356,0,7,0,361,2,1204,841,47,77,0,125,11,2,0,0,0,0,97,0,2,0,0,0,0
48,"MUNICIPIUL BUCUREŞTI - SECTOR 5","ȘCOALA GIMNAZIALĂ ”LUCEAFĂRUL”",885,"BUCUREŞTI SECTORUL 5",179187,1,PART,PRCNCT,PCJ,PG_SV,"2025-12-07 21:59:28",1442,1378,46,18,0,516,498,0,18,0,512,4,1400,884,47,122,2,194,37,0,1,0,0,0,104,0,1,1,1,1,1
45,"MUNICIPIUL BUCUREŞTI - SECTOR 2","ȘCOALA GIMNAZIALĂ ”MAICA DOMNULUI” (FOSTA ŞCOALA NR. 26)",341,"BUCUREŞTI SECTORUL 2",179150,1,PART,PRCNCT,PCJ,PG_SV,"2025-12-07 22:19:12",1105,1086,9,10,0,342,331,1,10,0,342,0,1199,857,43,65,1,141,16,1,0,0,0,0,72,0,1,2,0,0,0
45,"MUNICIPIUL BUCUREŞTI - SECTOR 2","ȘCOALA GIMNAZIALĂ ”MAICA DOMNULUI” (FOSTA ŞCOALA NR. 26)",342,"BUCUREŞTI SECTORUL 2",179150,3,PART,PRCNCT,PCJ,PG_SV,"2025-12-08 01:16:33",1263,1218,34,11,0,498,484,3,11,0,494,4,1400,902,80,115,0,174,32,0,0,1,0,0,88,0,1,2,0,1,0
45,"MUNICIPIUL BUCUREŞTI - SECTOR 2","ŞCOALA GIMNAZIALĂ ”MAICA DOMNULUI” (FOSTA ȘCOALĂ NR. 50)",358,"BUCUREŞTI SECTORUL 2",179150,1,PART,PRCNCT,PCJ,PG_SV,"2025-12-07 22:46:10",1667,1627,32,8,0,561,552,1,8,0,560,1,1801,1240,83,118,0,180,37,0,1,0,1,0,137,0,2,0,0,0,1
45,"MUNICIPIUL BUCUREŞTI - SECTOR 2","ŞCOALA GIMNAZIALĂ ”MAICA DOMNULUI” (FOSTA ȘCOALĂ NR. 50)",356,"BUCUREŞTI SECTORUL 2",179150,2,PART,PRCNCT,PCJ,PG_SV,"2025-12-08 03:16:48",1389,1333,42,13,1,589,574,1,13,1,585,4,1602,1013,88,116,3,248,33,1,0,0,0,0,90,2,2,0,0,1,1
45,"MUNICIPIUL BUCUREŞTI - SECTOR 2","ŞCOALA GIMNAZIALĂ ”MAICA DOMNULUI” (FOSTA ȘCOALĂ NR. 50)",357,"BUCUREŞTI SECTORUL 2",179150,1,PART,PRCNCT,PCJ,PG_SV,"2025-12-08 00:12:21",1388,1370,8,10,0,551,541,0,10,0,549,2,1599,1048,115,98,0,212,46,0,1,1,0,0,74,0,1,0,0,1,0
45,"MUNICIPIUL BUCUREŞTI - SECTOR 2","ŞCOALA GIMNAZIALĂ ”MARIA ROSETTI”",172,"BUCUREŞTI SECTORUL 2",179150,1,PART,PRCNCT,PCJ,PG_SV,"2025-12-07 22:21:46",890,860,15,15,0,337,321,1,15,0,334,3,1000,663,65,49,1,152,23,0,0,0,0,1,42,0,0,0,0,1,0
45,"MUNICIPIUL BUCUREŞTI - SECTOR 2","ŞCOALA GIMNAZIALĂ ”MARIA ROSETTI”",171,"BUCUREŞTI SECTORUL 2",179150,2,PART,PRCNCT,PCJ,PG_SV,"2025-12-08 03:03:36",898,874,12,12,0,369,356,1,12,0,368,1,1000,631,57,77,0,168,21,1,0,0,0,0,42,1,1,0,0,0,0
45,"MUNICIPIUL BUCUREŞTI - SECTOR 2","ŞCOALA GIMNAZIALĂ ”MARIA ROSETTI”",170,"BUCUREŞTI SECTORUL 2",179150,2,PART,PRCNCT,PCJ,PG_SV,"2025-12-08 03:05:10",1756,1704,44,8,0,753,744,1,8,0,751,2,1800,1047,123,142,0,365,35,1,0,1,0,0,81,0,1,1,0,1,0
47,"MUNICIPIUL BUCUREŞTI - SECTOR 4","ŞCOALA GIMNAZIALĂ ”MĂRŢIŞOR”",748,"BUCUREŞTI SECTORUL 4",179178,1,PART,PRCNCT,PCJ,PG_SV,"2025-12-07 22:39:50",1210,1196,5,9,0,506,497,0,9,0,505,1,1300,794,94,128,0,157,28,1,0,0,0,3,92,0,1,0,0,1,0
47,"MUNICIPIUL BUCUREŞTI - SECTOR 4","ŞCOALA GIMNAZIALĂ ”MĂRŢIŞOR”",747,"BUCUREŞTI SECTORUL 4",179178,1,PART,PRCNCT,PCJ,PG_SV,"2025-12-07 23:43:55",2001,1957,28,16,0,888,872,0,16,0,883,5,2200,1312,206,133,1,315,61,0,0,2,1,0,156,3,1,2,1,1,0
47,"MUNICIPIUL BUCUREŞTI - SECTOR 4","ŞCOALA GIMNAZIALĂ ”MĂRŢIŞOR”",746,"BUCUREŞTI SECTORUL 4",179178,1,PART,PRCNCT,PCJ,PG_SV,"2025-12-07 23:30:17",1861,1840,14,7,0,781,774,0,7,0,779,2,2002,1221,152,149,4,290,58,0,0,4,1,0,114,0,1,3,2,1,0
47,"MUNICIPIUL BUCUREŞTI - SECTOR 4","ŞCOALA GIMNAZIALĂ ”MĂRŢIŞOR”",749,"BUCUREŞTI SECTORUL 4",179178,2,PART,PRCNCT,PCJ,PG_SV,"2025-12-08 03:12:37",1475,1463,4,8,0,541,533,0,8,0,532,9,1600,1059,74,145,1,148,30,0,1,2,1,1,128,0,0,1,0,0,0
47,"MUNICIPIUL BUCUREŞTI - SECTOR 4","ŞCOALA GIMNAZIALĂ ”MĂRŢIŞOR”",745,"BUCUREŞTI SECTORUL 4",179178,1,PART,PRCNCT,PCJ,PG_SV,"2025-12-07 22:50:10",1535,1521,7,7,0,544,537,0,7,0,535,9,1700,1156,72,125,0,163,30,1,0,1,0,0,137,2,0,1,0,2,1
46,"MUNICIPIUL BUCUREŞTI - SECTOR 3","ŞCOALA GIMNAZIALĂ ”MIHAI BOTEZ”;",483,"BUCUREŞTI SECTORUL 3",179169,1,PART,PRCNCT,PCJ,PG_SV,"2025-12-07 22:16:29",1722,1706,5,11,0,621,610,0,11,0,618,3,1800,1179,106,121,3,215,56,3,0,1,0,1,110,0,1,1,0,0,0
46,"MUNICIPIUL BUCUREŞTI - SECTOR 3","ŞCOALA GIMNAZIALĂ ”MIHAI BOTEZ”;",488,"BUCUREŞTI SECTORUL 3",179169,1,PART,PRCNCT,PCJ,PG_SV,"2025-12-07 21:52:06",1226,1218,2,6,0,394,388,0,6,0,392,2,1400,1006,72,84,1,114,24,0,0,0,1,0,93,0,1,2,0,0,0
46,"MUNICIPIUL BUCUREŞTI - SECTOR 3","ŞCOALA GIMNAZIALĂ ”MIHAI BOTEZ”;",491,"BUCUREŞTI SECTORUL 3",179169,1,PART,PRCNCT,PCJ,PG_SV,"2025-12-07 22:11:33",1495,1483,4,8,0,463,455,0,8,0,460,3,1600,1137,64,99,1,134,43,0,0,0,1,0,111,0,3,0,0,4,0
46,"MUNICIPIUL BUCUREŞTI - SECTOR 3","ŞCOALA GIMNAZIALĂ ”MIHAI BOTEZ”;",490,"BUCUREŞTI SECTORUL 3",179169,1,PART,PRCNCT,PCJ,PG_SV,"2025-12-07 23:04:27",1343,1331,7,5,0,448,443,0,5,0,446,2,1400,952,69,106,1,120,33,0,3,0,0,0,102,2,5,0,0,3,2
46,"MUNICIPIUL BUCUREŞTI - SECTOR 3","ŞCOALA GIMNAZIALĂ ”MIHAI BOTEZ”;",489,"BUCUREŞTI SECTORUL 3",179169,2,PART,PRCNCT,PCJ,PG_SV,"2025-12-07 23:43:49",1388,1375,5,8,0,457,449,0,8,0,450,7,1600,1143,69,121,2,125,20,0,0,1,0,0,104,0,3,1,4,0,0
46,"MUNICIPIUL BUCUREŞTI - SECTOR 3","ŞCOALA GIMNAZIALĂ ”MIHAI BOTEZ”;",487,"BUCUREŞTI SECTORUL 3",179169,1,PART,PRCNCT,PCJ,PG_SV,"2025-12-07 22:07:15",1229,1219,1,9,0,413,404,0,9,0,406,7,1400,987,72,99,1,103,25,0,0,1,0,1,104,0,0,0,0,0,0
46,"MUNICIPIUL BUCUREŞTI - SECTOR 3","ŞCOALA GIMNAZIALĂ ”MIHAI BOTEZ”;",485,"BUCUREŞTI SECTORUL 3",179169,1,PART,PRCNCT,PCJ,PG_SV,"2025-12-07 21:57:45",1282,1274,0,8,0,453,445,0,8,0,448,5,1400,947,69,100,2,126,32,0,0,1,1,0,114,0,1,0,0,2,0
46,"MUNICIPIUL BUCUREŞTI - SECTOR 3","ŞCOALA GIMNAZIALĂ ”MIHAI BOTEZ”;",486,"BUCUREŞTI SECTORUL 3",179169,1,PART,PRCNCT,PCJ,PG_SV,"2025-12-07 23:15:20",1280,1265,6,9,0,477,468,0,9,0,475,2,1400,923,85,94,0,137,28,0,2,1,0,1,119,0,1,3,0,1,3
46,"MUNICIPIUL BUCUREŞTI - SECTOR 3","ŞCOALA GIMNAZIALĂ ”MIHAI BOTEZ”;",484,"BUCUREŞTI SECTORUL 3",179169,2,PART,PRCNCT,PCJ,PG_SV,"2025-12-08 02:36:52",1790,1666,113,11,0,584,573,0,11,0,583,1,1800,1216,97,90,1,228,45,0,0,2,3,0,114,2,0,0,0,1,0
46,"MUNICIPIUL BUCUREŞTI - SECTOR 3","ŞCOALA GIMNAZIALĂ ”MIHAI BOTEZ”;",482,"BUCUREŞTI SECTORUL 3",179169,1,PART,PRCNCT,PCJ,PG_SV,"2025-12-07 21:55:29",1247,1241,2,4,0,453,449,0,4,0,449,3,1402,949,90,89,1,133,32,1,0,1,0,0,96,0,1,2,1,1,1
46,"MUNICIPIUL BUCUREŞTI - SECTOR 3","ŞCOALA GIMNAZIALĂ ”MIHAI BOTEZ”;",481,"BUCUREŞTI SECTORUL 3",179169,1,PART,PRCNCT,PCJ,PG_SV,"2025-12-07 22:26:54",1449,1435,5,9,0,538,529,0,9,0,533,5,1600,1062,102,84,0,216,37,3,0,1,0,0,85,1,4,0,0,0,0
48,"MUNICIPIUL BUCUREŞTI - SECTOR 5","ȘCOALA GIMNAZIALĂ ”MIRCEA SÂNTIMBREANU”",1018,"BUCUREŞTI SECTORUL 5",179187,1,PART,PRCNCT,PCJ,PG_SV,"2025-12-07 21:57:53",911,902,4,5,0,348,343,0,5,0,346,2,1000,652,37,94,2,92,14,0,0,3,0,0,100,0,2,0,1,0,1
48,"MUNICIPIUL BUCUREŞTI - SECTOR 5","ȘCOALA GIMNAZIALĂ ”MIRCEA SÂNTIMBREANU”",1017,"BUCUREŞTI SECTORUL 5",179187,1,PART,PRCNCT,PCJ,PG_SV,"2025-12-07 21:47:57",866,858,0,8,0,343,335,0,8,0,341,2,1000,657,56,63,1,124,19,0,0,0,1,0,73,1,1,1,1,0,0
48,"MUNICIPIUL BUCUREŞTI - SECTOR 5","ȘCOALA GIMNAZIALĂ ”MIRCEA SÂNTIMBREANU”",1019,"BUCUREŞTI SECTORUL 5",179187,1,PART,PRCNCT,PCJ,PG_SV,"2025-12-07 22:03:26",900,895,0,5,0,276,271,0,5,0,275,1,1000,724,26,93,0,59,12,0,0,2,0,1,74,2,1,0,2,2,1
48,"MUNICIPIUL BUCUREŞTI - SECTOR 5","ȘCOALA GIMNAZIALĂ ”MIRCEA SÂNTIMBREANU”",1015,"BUCUREŞTI SECTORUL 5",179187,1,PART,PRCNCT,PCJ,PG_SV,"2025-12-07 22:14:48",942,929,7,6,0,358,352,0,6,0,355,3,1000,642,35,82,0,98,18,0,0,1,0,0,113,1,3,0,1,2,1
48,"MUNICIPIUL BUCUREŞTI - SECTOR 5","ȘCOALA GIMNAZIALĂ ”MIRCEA SÂNTIMBREANU”",1016,"BUCUREŞTI SECTORUL 5",179187,1,PART,PRCNCT,PCJ,PG_SV,"2025-12-07 21:39:24",901,892,0,9,0,285,276,0,9,0,283,2,1000,715,34,76,2,62,13,0,0,0,1,0,88,1,1,4,1,0,0
44,"MUNICIPIUL BUCUREŞTI - SECTOR 1","ŞCOALA GIMNAZIALĂ ”NICOLAE GRIGORESCU”",30,"BUCUREŞTI SECTORUL 1",179141,1,PART,PRCNCT,PCJ,PG_SV,"2025-12-07 23:16:39",1371,1360,5,6,0,576,570,0,6,0,573,3,1500,924,94,104,1,231,33,1,0,0,0,1,102,2,1,3,0,0,0
44,"MUNICIPIUL BUCUREŞTI - SECTOR 1","ŞCOALA GIMNAZIALĂ ”NICOLAE GRIGORESCU”",29,"BUCUREŞTI SECTORUL 1",179141,2,PART,PRCNCT,PCJ,PG_SV,"2025-12-07 23:44:55",1326,1302,13,11,0,483,471,1,11,0,481,2,1449,966,87,99,0,179,20,0,1,0,1,0,88,2,2,2,0,0,0
44,"MUNICIPIUL BUCUREŞTI - SECTOR 1","ŞCOALA GIMNAZIALĂ ”NICOLAE GRIGORESCU”",31,"BUCUREŞTI SECTORUL 1",179141,1,PART,PRCNCT,PCJ,PG_SV,"2025-12-07 23:15:05",1341,1325,9,7,0,491,484,0,7,0,488,3,1480,989,83,85,0,189,22,1,0,0,0,0,107,0,1,0,0,0,0
46,"MUNICIPIUL BUCUREŞTI - SECTOR 3","ŞCOALA GIMNAZIALĂ ”NICOLAE LABIŞ”;",522,"BUCUREŞTI SECTORUL 3",179169,1,PART,PRCNCT,PCJ,PG_SV,"2025-12-07 22:10:27",1302,1284,4,14,0,480,466,0,14,0,475,5,1400,920,115,66,1,207,38,0,2,1,0,0,43,0,0,0,0,0,2
46,"MUNICIPIUL BUCUREŞTI - SECTOR 3","ŞCOALA GIMNAZIALĂ ”NICOLAE LABIŞ”;",527,"BUCUREŞTI SECTORUL 3",179169,1,PART,PRCNCT,PCJ,PG_SV,"2025-12-07 23:04:51",1172,1150,15,7,0,540,533,0,7,0,535,5,1200,660,94,90,2,195,51,0,0,0,0,0,101,0,1,0,0,1,0
46,"MUNICIPIUL BUCUREŞTI - SECTOR 3","ŞCOALA GIMNAZIALĂ ”NICOLAE LABIŞ”;",528,"BUCUREŞTI SECTORUL 3",179169,1,PART,PRCNCT,PCJ,PG_SV,"2025-12-07 22:28:12",1180,1158,12,10,0,470,459,1,10,0,468,2,1200,730,97,75,0,179,40,0,3,0,0,1,65,0,1,5,0,1,1
46,"MUNICIPIUL BUCUREŞTI - SECTOR 3","ŞCOALA GIMNAZIALĂ ”NICOLAE LABIŞ”;",523,"BUCUREŞTI SECTORUL 3",179169,1,PART,PRCNCT,PCJ,PG_SV,"2025-12-07 21:57:32",1797,1782,10,5,0,557,552,0,5,0,552,5,2000,1443,81,98,3,186,36,0,0,0,0,0,136,1,2,3,3,0,3
46,"MUNICIPIUL BUCUREŞTI - SECTOR 3","ŞCOALA GIMNAZIALĂ ”NICOLAE LABIŞ”;",524,"BUCUREŞTI SECTORUL 3",179169,1,PART,PRCNCT,PCJ,PG_SV,"2025-12-07 22:22:17",1346,1334,3,9,0,453,444,0,9,0,453,0,1400,947,77,97,1,142,27,0,3,2,0,1,99,2,1,0,0,0,1
46,"MUNICIPIUL BUCUREŞTI - SECTOR 3","ŞCOALA GIMNAZIALĂ ”NICOLAE LABIŞ”;",525,"BUCUREŞTI SECTORUL 3",179169,1,PART,PRCNCT,PCJ,PG_SV,"2025-12-07 22:15:02",1510,1495,6,9,0,519,510,0,9,0,516,3,1600,1081,108,80,5,162,33,0,0,0,1,0,125,0,1,1,0,0,0
46,"MUNICIPIUL BUCUREŞTI - SECTOR 3","ŞCOALA GIMNAZIALĂ ”NICOLAE LABIŞ”;",526,"BUCUREŞTI SECTORUL 3",179169,1,PART,PRCNCT,PCJ,PG_SV,"2025-12-07 22:30:30",1631,1624,2,5,0,526,521,0,5,0,525,1,1801,1275,96,98,2,157,33,0,1,1,1,2,131,1,1,0,1,0,0
46,"MUNICIPIUL BUCUREŞTI - SECTOR 3","ŞCOALA GIMNAZIALĂ ”NICOLAE LABIŞ”;",521,"BUCUREŞTI SECTORUL 3",179169,2,PART,PRCNCT,PCJ,PG_SV,"2025-12-08 08:20:51",1415,1398,2,15,0,550,535,0,15,0,547,3,1600,1050,99,108,0,184,43,1,0,0,0,1,107,0,1,0,3,0,0
44,"MUNICIPIUL BUCUREŞTI - SECTOR 1","ŞCOALA GIMNAZIALĂ ”NICOLAE TITULESCU”",92,"BUCUREŞTI SECTORUL 1",179141,1,PART,PRCNCT,PCJ,PG_SV,"2025-12-07 23:22:06",1165,1142,13,9,1,463,452,1,9,1,460,3,1280,817,70,65,1,176,27,0,2,1,1,0,113,0,3,1,0,0,0
44,"MUNICIPIUL BUCUREŞTI - SECTOR 1","ŞCOALA GIMNAZIALĂ ”NICOLAE TITULESCU”",93,"BUCUREŞTI SECTORUL 1",179141,1,PART,PRCNCT,PCJ,PG_SV,"2025-12-07 22:25:10",920,904,11,5,0,338,333,0,5,0,335,3,1010,672,58,59,1,151,18,0,0,1,0,0,45,0,0,0,0,1,1
44,"MUNICIPIUL BUCUREŞTI - SECTOR 1","ŞCOALA GIMNAZIALĂ ”NICOLAE TITULESCU”",94,"BUCUREŞTI SECTORUL 1",179141,1,PART,PRCNCT,PCJ,PG_SV,"2025-12-07 22:17:08",1295,1268,19,7,1,535,525,2,7,1,528,7,1420,885,69,100,0,239,25,2,0,2,0,0,80,2,5,2,0,2,0
44,"MUNICIPIUL BUCUREŞTI - SECTOR 1","ŞCOALA GIMNAZIALĂ ”NICOLAE TITULESCU”",95,"BUCUREŞTI SECTORUL 1",179141,1,PART,PRCNCT,PCJ,PG_SV,"2025-12-07 22:39:02",1156,1132,11,12,1,436,423,0,12,1,430,6,1270,834,50,120,0,154,25,0,0,0,0,0,78,2,0,1,0,0,0
44,"MUNICIPIUL BUCUREŞTI - SECTOR 1","ȘCOALA GIMNAZIALĂ ”NICOLAE TITULESCU”",96,"BUCUREŞTI SECTORUL 1",179141,1,PART,PRCNCT,PCJ,PG_SV,"2025-12-07 23:13:22",1404,1342,52,10,0,613,602,1,10,0,610,3,1540,927,94,115,0,290,30,0,0,1,0,3,76,0,0,0,1,0,0
47,"MUNICIPIUL BUCUREŞTI - SECTOR 4","ŞCOALA GIMNAZIALĂ NR. 108",760,"BUCUREŞTI SECTORUL 4",179178,1,PART,PRCNCT,PCJ,PG_SV,"2025-12-07 23:12:55",1218,1197,9,11,1,498,486,0,11,1,490,8,1300,802,75,167,2,112,35,1,3,3,0,1,88,1,0,1,0,1,0
47,"MUNICIPIUL BUCUREŞTI - SECTOR 4","ŞCOALA GIMNAZIALĂ NR. 108",759,"BUCUREŞTI SECTORUL 4",179178,2,PART,PRCNCT,PCJ,PG_SV,"2025-12-08 03:49:16",1243,1225,7,11,0,470,458,1,11,0,468,2,1398,928,57,121,3,138,30,0,0,0,0,0,116,0,2,1,0,0,0
47,"MUNICIPIUL BUCUREŞTI - SECTOR 4","ŞCOALA GIMNAZIALĂ NR. 108",763,"BUCUREŞTI SECTORUL 4",179178,1,PART,PRCNCT,PCJ,PG_SV,"2025-12-07 23:25:46",1224,1215,1,8,0,442,434,0,8,0,442,0,1400,958,65,113,1,116,26,0,0,0,0,0,112,2,3,1,0,2,1
47,"MUNICIPIUL BUCUREŞTI - SECTOR 4","ŞCOALA GIMNAZIALĂ NR. 108",762,"BUCUREŞTI SECTORUL 4",179178,1,PART,PRCNCT,PCJ,PG_SV,"2025-12-07 22:38:33",1374,1363,4,7,0,511,504,0,7,0,507,4,1500,989,56,142,1,146,29,2,0,1,0,0,124,0,2,0,1,2,1
47,"MUNICIPIUL BUCUREŞTI - SECTOR 4","ŞCOALA GIMNAZIALĂ NR. 108",761,"BUCUREŞTI SECTORUL 4",179178,1,PART,PRCNCT,PCJ,PG_SV,"2025-12-07 22:14:40",1298,1291,2,5,0,464,459,0,5,0,460,4,1400,936,54,161,2,113,31,0,0,0,0,0,98,0,0,1,0,0,0
46,"MUNICIPIUL BUCUREŞTI - SECTOR 3","ŞCOALA GIMNAZIALĂ NR.112;",559,"BUCUREŞTI SECTORUL 3",179169,1,PART,PRCNCT,PCJ,PG_SV,"2025-12-07 21:43:04",1035,1023,5,7,0,305,298,0,7,0,303,2,1200,895,46,66,0,81,19,0,0,0,0,0,90,0,0,0,0,1,0
46,"MUNICIPIUL BUCUREŞTI - SECTOR 3","ŞCOALA GIMNAZIALĂ NR.112;",552,"BUCUREŞTI SECTORUL 3",179169,2,PART,PRCNCT,PCJ,PG_SV,"2025-12-08 01:53:59",1102,1093,5,4,0,373,369,0,4,0,366,7,1200,827,43,103,1,72,36,0,2,2,0,0,95,2,6,1,1,1,1
46,"MUNICIPIUL BUCUREŞTI - SECTOR 3","ŞCOALA GIMNAZIALĂ NR.112;",553,"BUCUREŞTI SECTORUL 3",179169,1,PART,PRCNCT,PCJ,PG_SV,"2025-12-07 22:38:14",1078,1065,7,6,0,368,362,0,6,0,363,5,1200,832,51,86,2,77,25,0,0,0,0,1,120,0,1,0,0,0,0
46,"MUNICIPIUL BUCUREŞTI - SECTOR 3","ŞCOALA GIMNAZIALĂ NR.112;",561,"BUCUREŞTI SECTORUL 3",179169,1,PART,PRCNCT,PCJ,PG_SV,"2025-12-07 21:41:12",1073,1065,3,5,0,265,260,0,5,0,261,4,1200,935,45,49,2,35,20,1,2,0,1,0,100,0,1,2,2,0,1
46,"MUNICIPIUL BUCUREŞTI - SECTOR 3","ŞCOALA GIMNAZIALĂ NR.112;",558,"BUCUREŞTI SECTORUL 3",179169,1,PART,PRCNCT,PCJ,PG_SV,"2025-12-07 21:54:39",1047,1044,0,3,0,312,309,0,3,0,311,1,1200,888,47,67,0,79,15,0,2,1,0,1,94,0,1,3,0,0,1
46,"MUNICIPIUL BUCUREŞTI - SECTOR 3","ŞCOALA GIMNAZIALĂ NR.112;",557,"BUCUREŞTI SECTORUL 3",179169,1,PART,PRCNCT,PCJ,PG_SV,"2025-12-07 22:27:56",1106,1102,0,4,0,426,422,0,4,0,420,6,1200,774,66,115,1,105,31,0,0,3,1,1,92,0,0,4,0,0,1
46,"MUNICIPIUL BUCUREŞTI - SECTOR 3","ŞCOALA GIMNAZIALĂ NR.112;",556,"BUCUREŞTI SECTORUL 3",179169,1,PART,PRCNCT,PCJ,PG_SV,"2025-12-07 23:11:43",1132,1124,3,5,0,450,445,0,5,0,446,4,1200,750,68,111,1,145,14,0,0,2,2,0,102,1,0,0,0,0,0
46,"MUNICIPIUL BUCUREŞTI - SECTOR 3","ŞCOALA GIMNAZIALĂ NR.112;",555,"BUCUREŞTI SECTORUL 3",179169,1,PART,PRCNCT,PCJ,PG_SV,"2025-12-07 22:06:40",1397,1391,1,5,0,539,534,0,5,0,535,4,1600,1061,106,107,1,147,42,0,0,4,1,1,120,0,1,3,1,0,1
46,"MUNICIPIUL BUCUREŞTI - SECTOR 3","ŞCOALA GIMNAZIALĂ NR.112;",554,"BUCUREŞTI SECTORUL 3",179169,1,PART,PRCNCT,PCJ,PG_SV,"2025-12-07 21:42:06",1180,1167,5,8,0,329,321,0,8,0,328,1,1200,871,47,83,0,83,17,2,0,2,0,0,89,1,3,1,0,0,0
46,"MUNICIPIUL BUCUREŞTI - SECTOR 3","ŞCOALA GIMNAZIALĂ NR.112;",560,"BUCUREŞTI SECTORUL 3",179169,1,PART,PRCNCT,PCJ,PG_SV,"2025-12-07 22:13:23",1375,1360,10,5,0,518,512,1,5,0,513,5,1600,1082,73,129,3,154,41,0,0,0,1,1,108,0,1,0,2,0,0
47,"MUNICIPIUL BUCUREŞTI - SECTOR 4","ŞCOALA GIMNAZIALĂ NR. 113",741,"BUCUREŞTI SECTORUL 4",179178,1,PART,PRCNCT,PCJ,PG_SV,"2025-12-07 22:36:12",1603,1590,2,11,0,609,598,0,11,0,606,3,1800,1191,86,176,0,166,41,0,1,1,0,1,129,1,1,0,1,1,1
47,"MUNICIPIUL BUCUREŞTI - SECTOR 4","ŞCOALA GIMNAZIALĂ NR. 113",735,"BUCUREŞTI SECTORUL 4",179178,1,PART,PRCNCT,PCJ,PG_SV,"2025-12-07 22:37:20",1406,1358,3,9,36,479,435,0,9,35,475,4,1500,1021,65,143,1,91,25,0,1,1,0,1,142,0,2,1,0,2,0
47,"MUNICIPIUL BUCUREŞTI - SECTOR 4","ŞCOALA GIMNAZIALĂ NR. 113",736,"BUCUREŞTI SECTORUL 4",179178,1,PART,PRCNCT,PCJ,PG_SV,"2025-12-07 22:33:33",1469,1423,3,8,35,528,490,0,8,30,523,5,1600,1072,40,180,2,133,27,0,0,2,1,0,131,0,2,1,2,0,2
47,"MUNICIPIUL BUCUREŞTI - SECTOR 4","ŞCOALA GIMNAZIALĂ NR. 113",739,"BUCUREŞTI SECTORUL 4",179178,1,PART,PRCNCT,PCJ,PG_SV,"2025-12-07 21:57:46",1610,1592,11,7,0,656,648,1,7,0,638,18,1800,1144,85,211,1,144,37,0,0,1,2,0,149,0,2,4,0,1,1
47,"MUNICIPIUL BUCUREŞTI - SECTOR 4","ŞCOALA GIMNAZIALĂ NR. 113",738,"BUCUREŞTI SECTORUL 4",179178,1,PART,PRCNCT,PCJ,PG_SV,"2025-12-07 23:05:15",1405,1378,3,8,16,532,510,0,8,14,529,3,1500,968,78,175,2,125,22,1,0,4,1,0,117,1,2,0,1,0,0
47,"MUNICIPIUL BUCUREŞTI - SECTOR 4","ŞCOALA GIMNAZIALĂ NR. 113",737,"BUCUREŞTI SECTORUL 4",179178,1,PART,PRCNCT,PCJ,PG_SV,"2025-12-07 21:57:07",1477,1435,1,8,33,483,444,0,8,31,482,1,1600,1117,49,140,4,116,33,0,0,1,0,0,131,0,2,2,2,0,2
47,"MUNICIPIUL BUCUREŞTI - SECTOR 4","ŞCOALA GIMNAZIALĂ NR. 113",744,"BUCUREŞTI SECTORUL 4",179178,1,PART,PRCNCT,PCJ,PG_SV,"2025-12-07 22:40:41",1805,1780,16,9,0,703,694,0,9,0,694,9,2000,1297,111,183,1,208,33,1,1,0,1,0,152,1,0,2,0,0,0
47,"MUNICIPIUL BUCUREŞTI - SECTOR 4","ŞCOALA GIMNAZIALĂ NR. 113",743,"BUCUREŞTI SECTORUL 4",179178,1,PART,PRCNCT,PCJ,PG_SV,"2025-12-07 22:40:28",1873,1858,7,8,0,652,644,0,8,0,648,4,2099,1447,82,180,1,190,42,0,0,1,0,0,144,2,1,2,1,2,0
47,"MUNICIPIUL BUCUREŞTI - SECTOR 4","ŞCOALA GIMNAZIALĂ NR. 113",742,"BUCUREŞTI SECTORUL 4",179178,1,PART,PRCNCT,PCJ,PG_SV,"2025-12-07 22:13:19",1700,1690,4,6,0,710,704,0,6,0,704,6,1900,1190,115,195,3,192,40,0,0,2,0,0,147,3,3,1,1,2,0
47,"MUNICIPIUL BUCUREŞTI - SECTOR 4","ŞCOALA GIMNAZIALĂ NR. 113",740,"BUCUREŞTI SECTORUL 4",179178,1,PART,PRCNCT,PCJ,PG_SV,"2025-12-07 22:07:03",1659,1650,1,8,0,635,627,0,8,0,629,6,1800,1165,84,219,0,139,35,0,1,1,1,0,142,1,1,1,0,2,2
48,"MUNICIPIUL BUCUREŞTI - SECTOR 5","ȘCOALA GIMNAZIALĂ NR.115",976,"BUCUREŞTI SECTORUL 5",179187,3,PART,PRCNCT,PCJ,PG_SV,"2025-12-08 05:16:20",1076,1058,9,9,0,429,420,0,9,0,427,2,1198,769,55,108,1,144,20,0,1,1,0,0,90,0,5,1,0,0,1
48,"MUNICIPIUL BUCUREŞTI - SECTOR 5","ȘCOALA GIMNAZIALĂ NR.115",973,"BUCUREŞTI SECTORUL 5",179187,1,PART,PRCNCT,PCJ,PG_SV,"2025-12-07 22:34:09",1303,1291,3,9,0,442,433,0,9,0,439,3,1400,958,58,98,0,156,30,0,0,2,0,0,95,0,0,0,0,0,0
48,"MUNICIPIUL BUCUREŞTI - SECTOR 5","ȘCOALA GIMNAZIALĂ NR.115",974,"BUCUREŞTI SECTORUL 5",179187,2,PART,PRCNCT,PCJ,PG_SV,"2025-12-08 02:05:25",1143,1114,22,6,1,457,450,0,6,1,452,5,1200,743,65,95,2,163,29,0,0,1,0,1,93,0,1,0,0,2,0
48,"MUNICIPIUL BUCUREŞTI - SECTOR 5","ȘCOALA GIMNAZIALĂ NR.115",975,"BUCUREŞTI SECTORUL 5",179187,2,PART,PRCNCT,PCJ,PG_SV,"2025-12-08 04:37:32",1278,1267,4,7,0,475,468,0,7,0,473,2,1400,925,66,82,1,174,23,0,1,0,0,0,122,0,2,0,1,0,1
48,"MUNICIPIUL BUCUREŞTI - SECTOR 5","ȘCOALA GIMNAZIALĂ NR.115",977,"BUCUREŞTI SECTORUL 5",179187,2,PART,PRCNCT,PCJ,PG_SV,"2025-12-08 03:57:02",1210,1190,11,9,0,476,466,1,9,0,474,2,1198,722,77,99,0,175,42,0,0,0,0,0,80,1,0,0,0,0,0
48,"MUNICIPIUL BUCUREŞTI - SECTOR 5","ȘCOALA GIMNAZIALĂ NR.115",978,"BUCUREŞTI SECTORUL 5",179187,2,PART,PRCNCT,PCJ,PG_SV,"2025-12-08 04:28:55",1127,1110,3,14,0,397,383,0,14,0,390,7,1200,803,57,81,1,134,17,0,0,3,1,0,90,1,0,2,0,3,0
46,"MUNICIPIUL BUCUREŞTI - SECTOR 3","ŞCOALA GIMNAZIALĂ NR.116;",616,"BUCUREŞTI SECTORUL 3",179169,1,PART,PRCNCT,PCJ,PG_SV,"2025-12-07 23:18:24",1898,1886,2,10,0,593,583,0,10,0,585,8,2000,1407,97,131,1,165,44,0,0,3,1,0,135,0,0,1,3,2,2
46,"MUNICIPIUL BUCUREŞTI - SECTOR 3","ŞCOALA GIMNAZIALĂ NR.116;",613,"BUCUREŞTI SECTORUL 3",179169,2,PART,PRCNCT,PCJ,PG_SV,"2025-12-08 09:07:36",2877,2827,40,10,0,971,961,0,10,0,964,7,3198,2227,186,141,2,321,106,0,0,0,0,2,197,2,2,4,1,0,0
46,"MUNICIPIUL BUCUREŞTI - SECTOR 3","ŞCOALA GIMNAZIALĂ NR.116;",614,"BUCUREŞTI SECTORUL 3",179169,2,PART,PRCNCT,PCJ,PG_SV,"2025-12-08 04:48:32",2244,2215,22,7,0,625,618,0,7,0,625,0,2400,1775,147,82,0,226,73,0,0,0,0,0,95,0,1,0,1,0,0
46,"MUNICIPIUL BUCUREŞTI - SECTOR 3","ŞCOALA GIMNAZIALĂ NR.116;",615,"BUCUREŞTI SECTORUL 3",179169,1,PART,PRCNCT,PCJ,PG_SV,"2025-12-07 22:36:49",1987,1972,7,8,0,664,656,0,8,0,659,5,2200,1536,94,144,2,180,49,4,0,1,0,0,173,2,1,4,2,2,1
46,"MUNICIPIUL BUCUREŞTI - SECTOR 3","ŞCOALA GIMNAZIALĂ NR.116;",619,"BUCUREŞTI SECTORUL 3",179169,1,PART,PRCNCT,PCJ,PG_SV,"2025-12-07 23:57:56",2159,2146,8,5,0,722,716,1,5,0,717,5,2400,1678,133,100,1,234,57,1,1,1,0,1,177,4,3,1,1,1,1
46,"MUNICIPIUL BUCUREŞTI - SECTOR 3","ŞCOALA GIMNAZIALĂ NR.116;",617,"BUCUREŞTI SECTORUL 3",179169,1,PART,PRCNCT,PCJ,PG_SV,"2025-12-07 22:31:39",2129,2120,3,6,0,648,642,0,6,0,643,5,2400,1752,123,101,0,238,64,0,2,1,3,1,104,1,1,0,2,1,1
46,"MUNICIPIUL BUCUREŞTI - SECTOR 3","ŞCOALA GIMNAZIALĂ NR.116;",618,"BUCUREŞTI SECTORUL 3",179169,1,PART,PRCNCT,PCJ,PG_SV,"2025-12-07 22:25:45",1890,1888,0,2,0,487,485,0,2,0,480,7,2000,1513,73,126,1,121,23,0,1,3,1,0,127,1,3,0,0,0,0
46,"MUNICIPIUL BUCUREŞTI - SECTOR 3","ȘCOALA GIMNAZIALĂ NR.116;",620,"BUCUREŞTI SECTORUL 3",179169,2,PART,PRCNCT,PCJ,PG_SV,"2025-12-08 07:50:07",2818,2792,18,8,0,958,950,0,8,0,950,8,3001,2043,199,126,4,355,105,1,1,1,0,1,142,1,3,2,4,2,3
49,"MUNICIPIUL BUCUREŞTI - SECTOR 6","ŞCOALA GIMNAZIALĂ NR.117",1236,"BUCUREŞTI SECTORUL 6",179196,1,PART,PRCNCT,PCJ,PG_SV,"2025-12-07 22:52:22",1588,1576,4,8,0,531,523,0,8,0,527,4,1600,1069,60,75,2,249,33,0,0,0,0,0,102,0,4,1,0,1,0
49,"MUNICIPIUL BUCUREŞTI - SECTOR 6","ŞCOALA GIMNAZIALĂ NR.117",1235,"BUCUREŞTI SECTORUL 6",179196,1,PART,PRCNCT,PCJ,PG_SV,"2025-12-07 23:15:28",1660,1618,28,14,0,734,718,2,14,0,731,3,1600,866,125,93,2,405,33,0,0,0,0,1,69,0,3,0,0,0,0
49,"MUNICIPIUL BUCUREŞTI - SECTOR 6","ŞCOALA GIMNAZIALĂ NR.117",1239,"BUCUREŞTI SECTORUL 6",179196,2,PART,PRCNCT,PCJ,PG_SV,"2025-12-08 01:27:42",1438,1424,9,5,0,562,557,0,5,0,560,2,1400,838,58,70,0,301,20,0,0,3,0,0,101,0,1,2,1,2,1
49,"MUNICIPIUL BUCUREŞTI - SECTOR 6","ŞCOALA GIMNAZIALĂ NR.117",1237,"BUCUREŞTI SECTORUL 6",179196,1,PART,PRCNCT,PCJ,PG_SV,"2025-12-07 22:12:39",1417,1402,7,8,0,439,431,0,8,0,434,5,1400,961,29,75,0,156,23,0,0,1,0,1,139,1,5,0,1,1,2
49,"MUNICIPIUL BUCUREŞTI - SECTOR 6","ŞCOALA GIMNAZIALĂ NR.117",1238,"BUCUREŞTI SECTORUL 6",179196,1,PART,PRCNCT,PCJ,PG_SV,"2025-12-08 00:23:01",1127,1118,4,5,0,334,329,0,5,0,330,4,1200,866,37,65,0,140,10,0,0,1,0,1,71,2,1,0,0,1,1
47,"MUNICIPIUL BUCUREŞTI - SECTOR 4","ŞCOALA GIMNAZIALĂ NR. 119",826,"BUCUREŞTI SECTORUL 4",179178,1,PART,PRCNCT,PCJ,PG_SV,"2025-12-07 22:19:46",1799,1789,1,9,0,465,456,0,9,0,461,4,2000,1535,60,145,3,75,19,1,0,0,1,0,153,0,0,1,0,2,1
47,"MUNICIPIUL BUCUREŞTI - SECTOR 4","ŞCOALA GIMNAZIALĂ NR. 119",822,"BUCUREŞTI SECTORUL 4",179178,1,PART,PRCNCT,PCJ,PG_SV,"2025-12-07 22:03:21",1450,1419,22,9,0,374,365,0,9,0,369,5,1600,1226,31,118,1,86,12,0,1,2,0,0,115,0,0,2,0,0,1
47,"MUNICIPIUL BUCUREŞTI - SECTOR 4","ŞCOALA GIMNAZIALĂ NR. 119",821,"BUCUREŞTI SECTORUL 4",179178,2,PART,PRCNCT,PCJ,PG_SV,"2025-12-07 23:46:33",1677,1652,19,6,0,389,383,0,6,0,388,1,1800,1411,37,115,1,52,16,1,0,3,0,0,158,1,0,0,1,2,1
47,"MUNICIPIUL BUCUREŞTI - SECTOR 4","ŞCOALA GIMNAZIALĂ NR. 119",823,"BUCUREŞTI SECTORUL 4",179178,1,PART,PRCNCT,PCJ,PG_SV,"2025-12-07 22:50:29",1756,1741,8,7,0,643,636,0,7,0,632,11,1900,1257,80,234,3,118,40,0,0,1,0,1,152,0,0,1,2,0,0
47,"MUNICIPIUL BUCUREŞTI - SECTOR 4","ŞCOALA GIMNAZIALĂ NR. 119",824,"BUCUREŞTI SECTORUL 4",179178,1,PART,PRCNCT,PCJ,PG_SV,"2025-12-07 22:14:29",1787,1780,1,6,0,593,587,0,6,0,587,6,2000,1407,75,168,3,120,27,0,0,1,3,4,181,1,1,2,1,0,0
47,"MUNICIPIUL BUCUREŞTI - SECTOR 4","ŞCOALA GIMNAZIALĂ NR. 119",825,"BUCUREŞTI SECTORUL 4",179178,1,PART,PRCNCT,PCJ,PG_SV,"2025-12-07 22:36:25",1798,1792,1,5,0,625,620,0,5,0,623,2,2000,1375,64,195,3,111,31,2,1,2,0,0,211,0,2,0,0,1,0
48,"MUNICIPIUL BUCUREŞTI - SECTOR 5","ȘCOALA GIMNAZIALĂ NR.124",1028,"BUCUREŞTI SECTORUL 5",179187,1,PART,PRCNCT,PCJ,PG_SV,"2025-12-07 22:07:07",993,984,2,7,0,315,308,0,7,0,314,1,1200,885,47,75,1,76,24,0,0,1,0,0,79,2,2,1,3,1,2
48,"MUNICIPIUL BUCUREŞTI - SECTOR 5","ȘCOALA GIMNAZIALĂ NR.124",1026,"BUCUREŞTI SECTORUL 5",179187,1,PART,PRCNCT,PCJ,PG_SV,"2025-12-07 22:23:25",969,930,34,5,0,300,295,0,5,0,297,3,1000,700,36,74,1,85,16,0,1,1,0,0,82,1,0,0,0,0,0
48,"MUNICIPIUL BUCUREŞTI - SECTOR 5","ȘCOALA GIMNAZIALĂ NR.124",1025,"BUCUREŞTI SECTORUL 5",179187,1,PART,PRCNCT,PCJ,PG_SV,"2025-12-07 22:03:44",904,895,1,8,0,275,267,0,8,0,271,4,1000,725,27,80,0,71,15,0,1,0,0,0,74,0,0,1,0,1,1
48,"MUNICIPIUL BUCUREŞTI - SECTOR 5","ȘCOALA GIMNAZIALĂ NR.124",1024,"BUCUREŞTI SECTORUL 5",179187,1,PART,PRCNCT,PCJ,PG_SV,"2025-12-07 21:43:44",1036,1032,0,4,0,306,302,0,4,0,303,3,1200,894,42,80,0,89,13,0,0,0,0,0,72,0,3,0,2,0,2
48,"MUNICIPIUL BUCUREŞTI - SECTOR 5","ȘCOALA GIMNAZIALĂ NR.124",1023,"BUCUREŞTI SECTORUL 5",179187,1,PART,PRCNCT,PCJ,PG_SV,"2025-12-07 21:56:35",1062,1040,12,10,0,337,327,0,10,0,332,5,1200,863,32,102,0,76,20,0,2,0,0,0,94,1,3,0,1,0,1
48,"MUNICIPIUL BUCUREŞTI - SECTOR 5","ȘCOALA GIMNAZIALĂ NR.124",1022,"BUCUREŞTI SECTORUL 5",179187,1,PART,PRCNCT,PCJ,PG_SV,"2025-12-07 21:33:08",1114,1102,2,10,0,378,368,0,10,0,375,3,1200,822,39,90,0,114,8,0,0,1,0,0,122,0,0,1,0,0,0
48,"MUNICIPIUL BUCUREŞTI - SECTOR 5","ȘCOALA GIMNAZIALĂ NR.124",1021,"BUCUREŞTI SECTORUL 5",179187,2,PART,PRCNCT,PCJ,PG_SV,"2025-12-08 00:38:07",978,962,7,9,0,361,352,0,9,0,358,3,1200,839,35,83,1,106,18,0,0,1,1,0,106,0,5,1,1,0,0
48,"MUNICIPIUL BUCUREŞTI - SECTOR 5","ȘCOALA GIMNAZIALĂ NR.124",1020,"BUCUREŞTI SECTORUL 5",179187,1,PART,PRCNCT,PCJ,PG_SV,"2025-12-07 22:40:56",1066,1059,0,7,0,355,348,0,7,0,350,5,1200,845,39,104,0,77,19,0,1,0,0,1,104,1,4,0,0,0,0
48,"MUNICIPIUL BUCUREŞTI - SECTOR 5","ȘCOALA GIMNAZIALĂ NR.124",1031,"BUCUREŞTI SECTORUL 5",179187,1,PART,PRCNCT,PCJ,PG_SV,"2025-12-07 21:57:38",1046,1038,0,8,0,255,247,0,8,0,250,5,1200,945,18,53,1,57,9,0,0,1,0,1,106,1,2,0,0,1,0
48,"MUNICIPIUL BUCUREŞTI - SECTOR 5","ȘCOALA GIMNAZIALĂ NR.124",1030,"BUCUREŞTI SECTORUL 5",179187,2,PART,PRCNCT,PCJ,PG_SV,"2025-12-08 00:02:00",1143,1131,2,10,0,325,315,0,10,0,323,2,1200,875,25,78,1,97,22,0,2,4,0,0,89,0,1,0,3,1,0
48,"MUNICIPIUL BUCUREŞTI - SECTOR 5","ȘCOALA GIMNAZIALĂ NR.124",1029,"BUCUREŞTI SECTORUL 5",179187,1,PART,PRCNCT,PCJ,PG_SV,"2025-12-07 21:45:04",1055,1047,1,7,0,355,348,0,7,0,350,5,1200,845,25,99,1,89,20,0,0,0,0,1,113,1,1,0,0,0,0
48,"MUNICIPIUL BUCUREŞTI - SECTOR 5","ȘCOALA GIMNAZIALĂ NR.124",1027,"BUCUREŞTI SECTORUL 5",179187,1,PART,PRCNCT,PCJ,PG_SV,"2025-12-07 21:42:01",977,968,2,7,0,321,314,0,7,0,320,1,1200,879,32,80,0,97,16,0,0,3,0,0,89,0,0,0,3,0,0
48,"MUNICIPIUL BUCUREŞTI - SECTOR 5","ȘCOALA GIMNAZIALĂ NR.125",1004,"BUCUREŞTI SECTORUL 5",179187,1,PART,PRCNCT,PCJ,PG_SV,"2025-12-07 23:36:53",1593,1507,1,6,79,412,347,0,6,59,407,5,1600,1188,35,98,0,88,10,1,0,3,1,0,168,0,0,3,0,0,0
48,"MUNICIPIUL BUCUREŞTI - SECTOR 5","ȘCOALA GIMNAZIALĂ NR.125",1002,"BUCUREŞTI SECTORUL 5",179187,1,PART,PRCNCT,PCJ,PG_SV,"2025-12-07 22:17:01",1895,1837,4,12,42,611,564,0,12,35,606,5,2000,1389,59,165,1,136,25,1,0,2,1,0,213,0,2,1,0,0,0
48,"MUNICIPIUL BUCUREŞTI - SECTOR 5","ȘCOALA GIMNAZIALĂ NR.125",1003,"BUCUREŞTI SECTORUL 5",179187,1,PART,PRCNCT,PCJ,PG_SV,"2025-12-07 22:19:04",1934,1886,3,7,38,476,450,0,7,19,470,6,2000,1524,46,111,0,88,15,0,0,4,2,0,196,0,1,1,1,3,2
48,"MUNICIPIUL BUCUREŞTI - SECTOR 5","ȘCOALA GIMNAZIALĂ NR.126",1013,"BUCUREŞTI SECTORUL 5",179187,1,PART,PRCNCT,PCJ,PG_SV,"2025-12-07 22:25:27",1288,1174,3,9,102,404,326,0,9,69,399,5,1400,996,43,115,4,81,22,2,2,7,2,1,113,0,1,2,2,2,0
48,"MUNICIPIUL BUCUREŞTI - SECTOR 5","ȘCOALA GIMNAZIALĂ NR.126",1012,"BUCUREŞTI SECTORUL 5",179187,1,PART,PRCNCT,PCJ,PG_SV,"2025-12-07 22:08:45",1353,1251,1,6,95,439,338,0,6,95,434,5,1400,961,38,101,5,99,21,0,1,5,2,0,151,1,3,4,1,1,1
48,"MUNICIPIUL BUCUREŞTI - SECTOR 5","ȘCOALA GIMNAZIALĂ NR.126",1011,"BUCUREŞTI SECTORUL 5",179187,1,PART,PRCNCT,PCJ,PG_SV,"2025-12-07 22:49:14",1893,1878,3,12,0,714,702,0,12,0,704,10,2000,1286,68,131,0,260,39,2,0,0,0,0,194,0,2,5,0,2,1
48,"MUNICIPIUL BUCUREŞTI - SECTOR 5","ȘCOALA GIMNAZIALĂ NR.126",1014,"BUCUREŞTI SECTORUL 5",179187,2,PART,PRCNCT,PCJ,PG_SV,"2025-12-08 03:58:26",1545,1539,0,6,0,278,272,0,6,0,273,5,1600,1322,20,69,1,57,8,0,0,0,1,0,111,0,2,1,0,2,1
48,"MUNICIPIUL BUCUREŞTI - SECTOR 5","ȘCOALA GIMNAZIALĂ NR.127",998,"BUCUREŞTI SECTORUL 5",179187,1,PART,PRCNCT,PCJ,PG_SV,"2025-12-07 22:08:28",1916,1907,2,7,0,458,451,0,7,0,455,3,2000,1542,62,102,1,70,18,0,1,0,0,0,196,0,3,0,1,0,1
48,"MUNICIPIUL BUCUREŞTI - SECTOR 5","ȘCOALA GIMNAZIALĂ NR.127",999,"BUCUREŞTI SECTORUL 5",179187,1,PART,PRCNCT,PCJ,PG_SV,"2025-12-07 23:06:29",1975,1960,8,7,0,504,497,0,7,0,503,1,2000,1496,54,91,2,141,26,0,0,0,1,0,184,1,1,2,0,0,0
48,"MUNICIPIUL BUCUREŞTI - SECTOR 5","ȘCOALA GIMNAZIALĂ NR.127",1001,"BUCUREŞTI SECTORUL 5",179187,2,PART,PRCNCT,PCJ,PG_SV,"2025-12-08 00:14:48",1968,1955,6,7,0,517,510,0,7,0,516,1,2000,1483,50,134,1,114,27,0,2,1,1,0,181,1,0,2,0,1,1
48,"MUNICIPIUL BUCUREŞTI - SECTOR 5","ȘCOALA GIMNAZIALĂ NR.127",1000,"BUCUREŞTI SECTORUL 5",179187,1,PART,PRCNCT,PCJ,PG_SV,"2025-12-07 23:16:41",1919,1909,0,10,0,505,495,0,10,0,494,11,2000,1495,45,119,0,97,25,0,3,1,1,1,196,1,1,1,1,2,0
48,"MUNICIPIUL BUCUREŞTI - SECTOR 5","ȘCOALA GIMNAZIALĂ NR.127",997,"BUCUREŞTI SECTORUL 5",179187,1,PART,PRCNCT,PCJ,PG_SV,"2025-12-07 22:33:20",1886,1858,18,10,0,462,452,0,10,0,457,5,2000,1538,36,100,3,103,18,1,0,1,1,0,192,0,0,0,1,1,0
48,"MUNICIPIUL BUCUREŞTI - SECTOR 5","ȘCOALA GIMNAZIALĂ NR.128",987,"BUCUREŞTI SECTORUL 5",179187,1,PART,PRCNCT,PCJ,PG_SV,"2025-12-07 22:10:43",697,677,11,9,0,298,289,0,9,0,298,0,800,502,26,93,1,121,9,0,0,0,0,0,45,1,1,0,0,1,0
48,"MUNICIPIUL BUCUREŞTI - SECTOR 5","ȘCOALA GIMNAZIALĂ NR.128",988,"BUCUREŞTI SECTORUL 5",179187,1,PART,PRCNCT,PCJ,PG_SV,"2025-12-07 22:16:12",649,638,0,11,0,294,283,0,11,0,290,4,800,506,34,64,2,113,16,0,0,0,0,0,59,1,1,0,0,0,0
48,"MUNICIPIUL BUCUREŞTI - SECTOR 5","ȘCOALA GIMNAZIALĂ NR.128",980,"BUCUREŞTI SECTORUL 5",179187,1,PART,PRCNCT,PCJ,PG_SV,"2025-12-07 21:46:11",921,903,9,9,0,348,339,0,9,0,346,2,1000,652,31,66,4,161,23,1,0,0,0,0,59,0,0,0,0,0,1
48,"MUNICIPIUL BUCUREŞTI - SECTOR 5","ȘCOALA GIMNAZIALĂ NR.128",981,"BUCUREŞTI SECTORUL 5",179187,1,PART,PRCNCT,PCJ,PG_SV,"2025-12-07 22:01:56",1065,1029,14,7,15,376,356,0,7,13,376,0,1200,824,41,59,0,220,21,1,0,1,0,0,33,0,0,0,0,0,0
48,"MUNICIPIUL BUCUREŞTI - SECTOR 5","ȘCOALA GIMNAZIALĂ NR.128",982,"BUCUREŞTI SECTORUL 5",179187,1,PART,PRCNCT,PCJ,PG_SV,"2025-12-07 21:59:28",845,829,6,10,0,318,308,0,10,0,315,3,1002,684,49,61,0,138,12,0,0,0,0,0,55,0,0,0,0,0,0
48,"MUNICIPIUL BUCUREŞTI - SECTOR 5","ȘCOALA GIMNAZIALĂ NR.128",983,"BUCUREŞTI SECTORUL 5",179187,1,PART,PRCNCT,PCJ,PG_SV,"2025-12-07 22:07:34",1088,1069,11,8,0,476,468,0,8,0,475,1,1200,724,78,92,1,222,18,0,0,0,0,0,59,0,3,1,0,1,0
48,"MUNICIPIUL BUCUREŞTI - SECTOR 5","ȘCOALA GIMNAZIALĂ NR.128",984,"BUCUREŞTI SECTORUL 5",179187,1,PART,PRCNCT,PCJ,PG_SV,"2025-12-07 22:31:25",928,895,12,21,0,350,329,0,21,0,345,5,1005,655,53,54,0,148,22,1,0,1,0,0,64,0,1,0,1,0,0
48,"MUNICIPIUL BUCUREŞTI - SECTOR 5","ȘCOALA GIMNAZIALĂ NR.128",985,"BUCUREŞTI SECTORUL 5",179187,1,PART,PRCNCT,PCJ,PG_SV,"2025-12-07 22:02:55",896,847,41,8,0,225,217,0,8,0,224,1,1000,775,26,41,2,71,16,0,0,1,0,0,64,0,1,1,0,0,1
48,"MUNICIPIUL BUCUREŞTI - SECTOR 5","ȘCOALA GIMNAZIALĂ NR.128",989,"BUCUREŞTI SECTORUL 5",179187,2,PART,PRCNCT,PCJ,PG_SV,"2025-12-08 04:16:15",1203,1119,61,7,16,487,463,1,7,16,484,3,1400,913,40,94,0,208,33,0,0,0,0,0,107,0,0,0,1,1,0
48,"MUNICIPIUL BUCUREŞTI - SECTOR 5","ȘCOALA GIMNAZIALĂ NR.128",990,"BUCUREŞTI SECTORUL 5",179187,1,PART,PRCNCT,PCJ,PG_SV,"2025-12-07 22:57:50",803,783,11,9,0,348,339,0,9,0,345,3,998,650,46,81,0,156,12,1,0,0,0,0,46,1,0,0,0,0,2
48,"MUNICIPIUL BUCUREŞTI - SECTOR 5","ȘCOALA GIMNAZIALĂ NR.128",979,"BUCUREŞTI SECTORUL 5",179187,1,PART,PRCNCT,PCJ,PG_SV,"2025-12-07 22:03:05",1032,1008,15,9,0,421,412,0,9,0,417,4,1200,779,50,72,0,176,29,0,0,0,0,0,89,0,0,0,1,0,0
48,"MUNICIPIUL BUCUREŞTI - SECTOR 5","ȘCOALA GIMNAZIALĂ NR.128",986,"BUCUREŞTI SECTORUL 5",179187,2,PART,PRCNCT,PCJ,PG_SV,"2025-12-08 00:16:07",1014,893,107,14,0,308,294,0,14,0,306,2,1000,692,42,50,0,129,19,0,0,0,0,0,62,2,1,1,0,0,0
47,"MUNICIPIUL BUCUREŞTI - SECTOR 4","ŞCOALA GIMNAZIALĂ NR. 129",836,"BUCUREŞTI SECTORUL 4",179178,2,PART,PRCNCT,PCJ,PG_SV,"2025-12-08 01:10:37",1510,1498,3,8,1,594,585,0,8,1,588,6,1700,1106,83,169,2,147,36,1,1,2,0,1,138,0,2,2,0,3,1
47,"MUNICIPIUL BUCUREŞTI - SECTOR 4","ŞCOALA GIMNAZIALĂ NR. 129",835,"BUCUREŞTI SECTORUL 4",179178,1,PART,PRCNCT,PCJ,PG_SV,"2025-12-07 22:26:05",1525,1514,4,7,0,502,495,0,7,0,497,5,1700,1198,61,166,2,125,31,2,0,1,0,0,104,0,4,0,1,0,0
47,"MUNICIPIUL BUCUREŞTI - SECTOR 4","ŞCOALA GIMNAZIALĂ NR. 129",837,"BUCUREŞTI SECTORUL 4",179178,1,PART,PRCNCT,PCJ,PG_SV,"2025-12-07 22:06:15",1241,1232,4,5,0,396,391,0,5,0,396,0,1400,1004,46,121,0,100,26,0,0,0,0,0,98,2,1,0,0,0,2
47,"MUNICIPIUL BUCUREŞTI - SECTOR 4","ŞCOALA GIMNAZIALĂ NR. 129",833,"BUCUREŞTI SECTORUL 4",179178,2,PART,PRCNCT,PCJ,PG_SV,"2025-12-08 01:22:10",1301,1289,1,11,0,484,473,0,11,0,478,6,1400,916,63,133,1,139,32,0,0,2,0,0,102,2,4,0,0,0,0
47,"MUNICIPIUL BUCUREŞTI - SECTOR 4","ŞCOALA GIMNAZIALĂ NR. 129",834,"BUCUREŞTI SECTORUL 4",179178,1,PART,PRCNCT,PCJ,PG_SV,"2025-12-07 22:14:59",1401,1389,3,9,0,597,588,0,9,0,592,5,1500,903,81,186,0,148,21,0,0,1,0,1,152,0,1,0,0,1,0
47,"MUNICIPIUL BUCUREŞTI - SECTOR 4","ȘCOALA GIMNAZIALĂ NR. 129",838,"BUCUREŞTI SECTORUL 4",179178,1,PART,PRCNCT,PCJ,PG_SV,"2025-12-07 21:58:34",1302,1292,1,9,0,470,461,0,9,0,462,8,1400,930,74,136,3,112,22,1,0,1,0,0,107,1,3,0,1,0,1
44,"MUNICIPIUL BUCUREŞTI - SECTOR 1","ŞCOALA GIMNAZIALĂ NR.13",12,"BUCUREŞTI SECTORUL 1",179141,1,PART,PRCNCT,PCJ,PG_SV,"2025-12-07 22:07:40",1214,1205,1,8,0,397,389,0,8,0,391,6,1340,943,43,79,4,97,30,0,0,0,1,0,130,0,3,2,0,0,2
44,"MUNICIPIUL BUCUREŞTI - SECTOR 1","ŞCOALA GIMNAZIALĂ NR.13",10,"BUCUREŞTI SECTORUL 1",179141,1,PART,PRCNCT,PCJ,PG_SV,"2025-12-07 22:46:48",1295,1282,1,12,0,423,411,0,12,0,415,8,1410,987,39,84,1,87,20,1,0,2,0,1,173,1,1,2,0,0,3
44,"MUNICIPIUL BUCUREŞTI - SECTOR 1","ŞCOALA GIMNAZIALĂ NR.13",11,"BUCUREŞTI SECTORUL 1",179141,1,PART,PRCNCT,PCJ,PG_SV,"2025-12-07 23:39:23",1258,1221,14,7,16,463,440,0,7,16,461,2,1360,897,83,77,0,186,19,0,0,1,2,0,88,0,2,2,0,0,1
44,"MUNICIPIUL BUCUREŞTI - SECTOR 1","ȘCOALA GIMNAZIALĂ NR.13",9,"BUCUREŞTI SECTORUL 1",179141,1,PART,PRCNCT,PCJ,PG_SV,"2025-12-07 22:23:50",1334,1320,6,8,0,507,497,2,8,0,503,4,1460,953,81,96,0,192,23,1,1,0,0,0,106,0,1,1,0,1,0
48,"MUNICIPIUL BUCUREŞTI - SECTOR 5","ȘCOALA GIMNAZIALĂ NR.131",1010,"BUCUREŞTI SECTORUL 5",179187,1,PART,PRCNCT,PCJ,PG_SV,"2025-12-07 22:21:51",1960,1951,2,7,0,452,445,0,7,0,446,6,2000,1548,37,92,0,110,20,0,1,0,1,0,177,1,3,0,2,2,0
48,"MUNICIPIUL BUCUREŞTI - SECTOR 5","ȘCOALA GIMNAZIALĂ NR.131",1005,"BUCUREŞTI SECTORUL 5",179187,1,PART,PRCNCT,PCJ,PG_SV,"2025-12-07 22:46:40",1485,1406,1,7,71,404,351,0,7,46,396,8,1600,1196,45,78,4,64,5,0,0,4,0,0,188,1,1,4,0,1,1
48,"MUNICIPIUL BUCUREŞTI - SECTOR 5","ȘCOALA GIMNAZIALĂ NR.131",1007,"BUCUREŞTI SECTORUL 5",179187,1,PART,PRCNCT,PCJ,PG_SV,"2025-12-07 22:22:15",1398,1334,3,9,52,315,254,0,9,52,306,9,1404,1089,27,97,2,63,16,0,1,1,1,0,94,1,2,1,0,0,0
48,"MUNICIPIUL BUCUREŞTI - SECTOR 5","ȘCOALA GIMNAZIALĂ NR.131",1008,"BUCUREŞTI SECTORUL 5",179187,1,PART,PRCNCT,PCJ,PG_SV,"2025-12-07 22:47:24",1876,1833,33,4,6,466,456,0,4,6,465,1,2200,1734,41,106,1,90,24,1,1,3,1,1,191,1,0,1,0,3,0
48,"MUNICIPIUL BUCUREŞTI - SECTOR 5","ȘCOALA GIMNAZIALĂ NR.131",1009,"BUCUREŞTI SECTORUL 5",179187,1,PART,PRCNCT,PCJ,PG_SV,"2025-12-07 22:36:16",1565,1492,1,4,68,503,431,0,4,68,500,3,1602,1099,41,124,4,105,24,0,4,2,0,0,190,1,3,1,0,0,1
48,"MUNICIPIUL BUCUREŞTI - SECTOR 5","ȘCOALA GIMNAZIALĂ NR.131",1006,"BUCUREŞTI SECTORUL 5",179187,1,PART,PRCNCT,PCJ,PG_SV,"2025-12-07 22:26:57",1680,1601,2,9,68,406,357,0,9,40,398,8,1800,1394,43,95,4,70,13,2,1,6,1,1,159,0,0,1,1,0,1
47,"MUNICIPIUL BUCUREŞTI - SECTOR 4","ŞCOALA GIMNAZIALĂ NR. 133",726,"BUCUREŞTI SECTORUL 4",179178,1,PART,PRCNCT,PCJ,PG_SV,"2025-12-07 22:49:04",1453,1418,11,9,15,527,504,0,9,14,522,5,1604,1077,79,168,2,119,31,0,2,0,0,0,115,0,2,2,1,1,0
47,"MUNICIPIUL BUCUREŞTI - SECTOR 4","ŞCOALA GIMNAZIALĂ NR. 133",727,"BUCUREŞTI SECTORUL 4",179178,1,PART,PRCNCT,PCJ,PG_SV,"2025-12-07 23:00:05",1482,1420,6,9,47,617,561,0,9,47,605,12,1600,983,81,165,2,174,35,3,1,4,4,0,131,0,1,2,1,1,0
47,"MUNICIPIUL BUCUREŞTI - SECTOR 4","ȘCOALA GIMNAZIALĂ NR. 133",725,"BUCUREŞTI SECTORUL 4",179178,1,PART,PRCNCT,PCJ,PG_SV,"2025-12-07 22:09:33",1442,1402,6,10,24,508,474,0,10,24,505,3,1600,1092,65,165,2,107,21,0,0,0,0,0,132,4,4,3,2,0,0
47,"MUNICIPIUL BUCUREŞTI - SECTOR 4","ȘCOALA GIMNAZIALĂ NR. 133",724,"BUCUREŞTI SECTORUL 4",179178,1,PART,PRCNCT,PCJ,PG_SV,"2025-12-07 22:34:57",1726,1665,0,12,49,609,552,0,12,45,603,6,1800,1191,73,183,1,128,38,1,4,7,0,3,155,4,3,1,1,1,0
48,"MUNICIPIUL BUCUREŞTI - SECTOR 5","ȘCOALA GIMNAZIALĂ NR.134",856,"BUCUREŞTI SECTORUL 5",179187,1,PART,PRCNCT,PCJ,PG_SV,"2025-12-07 22:09:03",1401,1386,8,6,1,384,377,0,6,1,382,2,1600,1216,34,140,3,39,25,3,0,1,1,0,132,1,2,0,0,1,0
48,"MUNICIPIUL BUCUREŞTI - SECTOR 5","ȘCOALA GIMNAZIALĂ NR.134",862,"BUCUREŞTI SECTORUL 5",179187,1,PART,PRCNCT,PCJ,PG_SV,"2025-12-07 22:06:16",1495,1485,2,8,0,276,267,1,8,0,275,1,1600,1324,17,100,3,41,5,1,1,0,1,0,103,0,0,1,0,2,0
48,"MUNICIPIUL BUCUREŞTI - SECTOR 5","ȘCOALA GIMNAZIALĂ NR.134",861,"BUCUREŞTI SECTORUL 5",179187,4,PART,PRCNCT,PCJ,PG_SV,"2025-12-08 05:18:05",1609,1598,0,11,0,287,276,0,11,0,280,7,1800,1513,25,83,1,25,17,0,1,2,0,1,123,0,1,0,0,1,0
48,"MUNICIPIUL BUCUREŞTI - SECTOR 5","ȘCOALA GIMNAZIALĂ NR.134",860,"BUCUREŞTI SECTORUL 5",179187,1,PART,PRCNCT,PCJ,PG_SV,"2025-12-07 22:04:20",1628,1621,0,7,0,284,277,0,7,0,275,9,1800,1516,11,87,2,40,5,0,1,0,1,0,120,0,5,1,1,1,0
48,"MUNICIPIUL BUCUREŞTI - SECTOR 5","ȘCOALA GIMNAZIALĂ NR.134",859,"BUCUREŞTI SECTORUL 5",179187,1,PART,PRCNCT,PCJ,PG_SV,"2025-12-07 22:23:57",1637,1626,2,9,0,306,297,0,9,0,302,4,1800,1494,23,94,2,37,11,0,0,1,1,1,126,1,1,1,0,2,1
48,"MUNICIPIUL BUCUREŞTI - SECTOR 5","ȘCOALA GIMNAZIALĂ NR.134",858,"BUCUREŞTI SECTORUL 5",179187,1,PART,PRCNCT,PCJ,PG_SV,"2025-12-07 22:22:49",1944,1934,1,9,0,372,363,0,9,0,368,4,2000,1628,20,85,1,63,16,0,1,0,0,0,180,1,0,0,1,0,0
48,"MUNICIPIUL BUCUREŞTI - SECTOR 5","ȘCOALA GIMNAZIALĂ NR.134",857,"BUCUREŞTI SECTORUL 5",179187,1,PART,PRCNCT,PCJ,PG_SV,"2025-12-07 22:05:42",1400,1387,7,6,0,333,327,0,6,0,326,7,1600,1267,25,93,2,42,13,1,2,2,0,0,144,0,1,0,1,0,0
48,"MUNICIPIUL BUCUREŞTI - SECTOR 5","ȘCOALA GIMNAZIALĂ NR.134",855,"BUCUREŞTI SECTORUL 5",179187,3,PART,PRCNCT,PCJ,PG_SV,"2025-12-08 01:14:45",1618,1602,3,12,1,331,318,0,12,1,326,5,1800,1469,26,93,1,39,11,1,0,1,0,0,150,0,1,0,1,1,1
48,"MUNICIPIUL BUCUREŞTI - SECTOR 5","ȘCOALA GIMNAZIALĂ NR.134",854,"BUCUREŞTI SECTORUL 5",179187,1,PART,PRCNCT,PCJ,PG_SV,"2025-12-07 22:15:22",1426,1416,1,9,0,355,346,0,9,0,353,2,1600,1245,36,88,1,38,19,0,1,1,1,0,162,1,2,3,0,0,0
48,"MUNICIPIUL BUCUREŞTI - SECTOR 5","ȘCOALA GIMNAZIALĂ NR.134",853,"BUCUREŞTI SECTORUL 5",179187,1,PART,PRCNCT,PCJ,PG_SV,"2025-12-07 23:17:26",1940,1885,43,12,0,520,508,0,12,0,518,2,2002,1482,37,150,3,88,22,0,1,1,0,0,206,1,3,3,0,1,2
48,"MUNICIPIUL BUCUREŞTI - SECTOR 5","ȘCOALA GIMNAZIALĂ NR.134",852,"BUCUREŞTI SECTORUL 5",179187,2,PART,PRCNCT,PCJ,PG_SV,"2025-12-08 04:37:01",1821,1805,2,14,0,191,177,0,14,0,188,3,2000,1809,14,55,0,42,9,3,0,1,0,0,62,1,0,0,0,1,0
48,"MUNICIPIUL BUCUREŞTI - SECTOR 5","ȘCOALA GIMNAZIALĂ NR.135",893,"BUCUREŞTI SECTORUL 5",179187,1,PART,PRCNCT,PCJ,PG_SV,"2025-12-07 21:56:19",1183,1174,2,7,0,345,338,0,7,0,340,5,1400,1055,33,92,0,87,11,1,0,0,1,0,109,0,2,3,0,1,0
48,"MUNICIPIUL BUCUREŞTI - SECTOR 5","ȘCOALA GIMNAZIALĂ NR.135",892,"BUCUREŞTI SECTORUL 5",179187,1,PART,PRCNCT,PCJ,PG_SV,"2025-12-07 22:40:27",1251,1236,5,10,0,464,454,0,10,0,459,5,1400,936,50,114,1,133,21,0,1,1,0,1,132,1,2,1,0,0,1
48,"MUNICIPIUL BUCUREŞTI - SECTOR 5","ȘCOALA GIMNAZIALĂ NR.135",894,"BUCUREŞTI SECTORUL 5",179187,1,PART,PRCNCT,PCJ,PG_SV,"2025-12-07 22:48:33",1620,1611,1,8,0,525,517,0,8,0,520,5,1806,1281,62,100,3,146,20,2,2,1,3,0,175,1,2,2,0,0,1
48,"MUNICIPIUL BUCUREŞTI - SECTOR 5","ȘCOALA GIMNAZIALĂ NR.135",891,"BUCUREŞTI SECTORUL 5",179187,2,PART,PRCNCT,PCJ,PG_SV,"2025-12-08 05:09:52",1064,1051,3,10,0,385,375,0,10,0,375,10,1206,821,37,79,2,117,13,0,0,0,0,0,120,0,2,0,1,3,1
48,"MUNICIPIUL BUCUREŞTI - SECTOR 5","ȘCOALA GIMNAZIALĂ NR.136",871,"BUCUREŞTI SECTORUL 5",179187,2,PART,PRCNCT,PCJ,PG_SV,"2025-12-08 04:02:16",1415,1407,0,8,0,279,271,0,8,0,277,2,1600,1321,22,108,4,25,6,0,2,1,0,0,108,1,0,0,0,0,0
48,"MUNICIPIUL BUCUREŞTI - SECTOR 5","ȘCOALA GIMNAZIALĂ NR.136",869,"BUCUREŞTI SECTORUL 5",179187,1,PART,PRCNCT,PCJ,PG_SV,"2025-12-07 22:02:17",1740,1737,0,3,0,197,194,0,3,0,191,6,1800,1603,14,89,3,6,5,0,0,3,0,0,66,0,1,2,1,1,0
48,"MUNICIPIUL BUCUREŞTI - SECTOR 5","ȘCOALA GIMNAZIALĂ NR.136",870,"BUCUREŞTI SECTORUL 5",179187,1,PART,PRCNCT,PCJ,PG_SV,"2025-12-07 22:01:52",1210,1204,0,6,0,242,236,0,6,0,240,2,1400,1158,8,85,1,24,16,0,1,0,1,1,98,0,1,3,0,1,0
48,"MUNICIPIUL BUCUREŞTI - SECTOR 5","ȘCOALA GIMNAZIALĂ NR.136",873,"BUCUREŞTI SECTORUL 5",179187,1,PART,PRCNCT,PCJ,PG_SV,"2025-12-07 22:05:43",1397,1389,0,8,0,268,260,0,8,0,264,4,1602,1334,14,74,0,41,19,0,1,2,0,0,109,1,0,2,0,1,0
48,"MUNICIPIUL BUCUREŞTI - SECTOR 5","ȘCOALA GIMNAZIALĂ NR.136",872,"BUCUREŞTI SECTORUL 5",179187,3,PART,PRCNCT,PCJ,PG_SV,"2025-12-08 05:14:19",1421,1410,4,7,0,267,260,0,7,0,263,4,1600,1333,25,84,1,31,10,1,0,1,1,0,108,0,0,0,0,1,0
48,"MUNICIPIUL BUCUREŞTI - SECTOR 5","ȘCOALA GIMNAZIALĂ NR.136",867,"BUCUREŞTI SECTORUL 5",179187,1,PART,PRCNCT,PCJ,PG_SV,"2025-12-07 21:47:10",1724,1713,1,10,0,263,253,0,10,0,259,4,1800,1537,20,75,2,36,14,0,0,0,0,2,106,0,0,1,0,1,2
48,"MUNICIPIUL BUCUREŞTI - SECTOR 5","ȘCOALA GIMNAZIALĂ NR.136",868,"BUCUREŞTI SECTORUL 5",179187,1,PART,PRCNCT,PCJ,PG_SV,"2025-12-07 22:41:56",1226,1218,0,8,0,185,177,0,8,0,181,4,1400,1215,12,56,2,22,9,0,0,0,1,0,75,0,0,3,1,0,0
49,"MUNICIPIUL BUCUREŞTI - SECTOR 6","ŞCOALA GIMNAZIALĂ NR.142",1229,"BUCUREŞTI SECTORUL 6",179196,1,PART,PRCNCT,PCJ,PG_SV,"2025-12-07 22:37:39",1571,1558,4,9,0,542,533,0,9,0,539,3,1600,1058,58,109,0,213,32,0,0,0,0,0,117,1,2,1,1,3,2
49,"MUNICIPIUL BUCUREŞTI - SECTOR 6","ŞCOALA GIMNAZIALĂ NR.142",1227,"BUCUREŞTI SECTORUL 6",179196,1,PART,PRCNCT,PCJ,PG_SV,"2025-12-07 22:13:56",1409,1400,3,6,0,465,459,0,6,0,462,3,1400,935,35,71,1,190,28,0,0,0,0,1,133,0,2,0,0,1,0
49,"MUNICIPIUL BUCUREŞTI - SECTOR 6","ŞCOALA GIMNAZIALĂ NR.142",1226,"BUCUREŞTI SECTORUL 6",179196,1,PART,PRCNCT,PCJ,PG_SV,"2025-12-07 22:26:10",1469,1451,15,3,0,616,613,0,3,0,613,3,1400,784,81,91,3,308,33,0,1,1,1,0,85,1,3,0,1,2,2
49,"MUNICIPIUL BUCUREŞTI - SECTOR 6","ŞCOALA GIMNAZIALĂ NR.142",1225,"BUCUREŞTI SECTORUL 6",179196,2,PART,PRCNCT,PCJ,PG_SV,"2025-12-08 02:47:17",1260,1244,13,3,0,459,456,0,3,0,456,3,1200,741,39,96,0,200,25,1,1,1,0,0,88,0,1,2,0,1,1
49,"MUNICIPIUL BUCUREŞTI - SECTOR 6","ŞCOALA GIMNAZIALĂ NR.142",1224,"BUCUREŞTI SECTORUL 6",179196,1,PART,PRCNCT,PCJ,PG_SV,"2025-12-07 21:58:32",1056,1043,2,11,0,351,340,0,11,0,350,1,1000,649,31,50,0,155,20,0,0,0,0,0,90,0,1,1,1,1,0
49,"MUNICIPIUL BUCUREŞTI - SECTOR 6","ŞCOALA GIMNAZIALĂ NR.142",1232,"BUCUREŞTI SECTORUL 6",179196,1,PART,PRCNCT,PCJ,PG_SV,"2025-12-07 22:33:01",1328,1294,25,9,0,473,464,0,9,0,468,5,1400,927,53,59,2,229,21,0,1,0,1,1,99,0,1,1,0,0,0
49,"MUNICIPIUL BUCUREŞTI - SECTOR 6","ŞCOALA GIMNAZIALĂ NR.142",1228,"BUCUREŞTI SECTORUL 6",179196,1,PART,PRCNCT,PCJ,PG_SV,"2025-12-07 22:35:40",1209,1182,21,6,0,399,393,0,6,0,395,4,1200,801,41,52,0,181,21,0,1,0,2,0,95,0,0,1,0,0,1
49,"MUNICIPIUL BUCUREŞTI - SECTOR 6","ŞCOALA GIMNAZIALĂ NR.142",1231,"BUCUREŞTI SECTORUL 6",179196,1,PART,PRCNCT,PCJ,PG_SV,"2025-12-07 22:03:05",1195,1180,9,6,0,422,416,0,6,0,420,2,1200,778,25,81,0,183,21,0,0,0,0,0,106,0,2,0,1,0,1
49,"MUNICIPIUL BUCUREŞTI - SECTOR 6","ŞCOALA GIMNAZIALĂ NR.142",1230,"BUCUREŞTI SECTORUL 6",179196,1,PART,PRCNCT,PCJ,PG_SV,"2025-12-07 22:04:40",1350,1337,0,13,0,473,460,0,13,0,470,3,1400,927,42,75,0,193,21,0,3,0,0,0,131,1,1,1,0,1,1
48,"MUNICIPIUL BUCUREŞTI - SECTOR 5","ȘCOALA GIMNAZIALĂ NR.143",1043,"BUCUREŞTI SECTORUL 5",179187,1,PART,PRCNCT,PCJ,PG_SV,"2025-12-07 22:11:31",970,962,3,5,0,317,312,0,5,0,317,0,1200,883,33,57,0,129,28,0,0,0,0,0,67,1,2,0,0,0,0
48,"MUNICIPIUL BUCUREŞTI - SECTOR 5","ȘCOALA GIMNAZIALĂ NR.143",1045,"BUCUREŞTI SECTORUL 5",179187,1,PART,PRCNCT,PCJ,PG_SV,"2025-12-07 22:13:46",1025,1018,1,6,0,310,304,0,6,0,306,4,1200,890,28,67,0,87,27,0,0,0,0,0,96,0,0,0,0,1,0
48,"MUNICIPIUL BUCUREŞTI - SECTOR 5","ȘCOALA GIMNAZIALĂ NR.143",1046,"BUCUREŞTI SECTORUL 5",179187,1,PART,PRCNCT,PCJ,PG_SV,"2025-12-07 22:23:26",1086,1078,1,7,0,345,338,0,7,0,342,3,1202,857,45,86,2,92,18,0,0,4,0,0,91,2,0,1,1,0,0
48,"MUNICIPIUL BUCUREŞTI - SECTOR 5","ȘCOALA GIMNAZIALĂ NR.143",1047,"BUCUREŞTI SECTORUL 5",179187,1,PART,PRCNCT,PCJ,PG_SV,"2025-12-07 22:13:07",877,871,0,6,0,268,262,0,6,0,266,2,1000,732,25,57,0,93,13,0,0,0,0,0,74,1,0,1,0,2,0
48,"MUNICIPIUL BUCUREŞTI - SECTOR 5","ȘCOALA GIMNAZIALĂ NR.143",1049,"BUCUREŞTI SECTORUL 5",179187,2,PART,PRCNCT,PCJ,PG_SV,"2025-12-08 01:47:01",921,913,2,6,0,303,297,0,6,0,301,2,1037,734,32,66,0,98,16,1,1,0,0,0,81,1,1,1,2,0,1
48,"MUNICIPIUL BUCUREŞTI - SECTOR 5","ȘCOALA GIMNAZIALĂ NR.143",1048,"BUCUREŞTI SECTORUL 5",179187,1,PART,PRCNCT,PCJ,PG_SV,"2025-12-07 21:49:30",1042,1032,2,8,0,259,251,0,8,0,259,0,1200,941,25,63,0,76,10,1,0,1,0,0,82,0,0,0,0,1,0
48,"MUNICIPIUL BUCUREŞTI - SECTOR 5","ȘCOALA GIMNAZIALĂ NR.143",1044,"BUCUREŞTI SECTORUL 5",179187,1,PART,PRCNCT,PCJ,PG_SV,"2025-12-07 22:13:16",1193,1182,3,8,0,386,378,0,8,0,379,7,1400,1014,52,80,2,132,22,0,0,0,0,0,86,1,3,0,0,1,0
48,"MUNICIPIUL BUCUREŞTI - SECTOR 5","ȘCOALA GIMNAZIALĂ NR.143",1040,"BUCUREŞTI SECTORUL 5",179187,2,PART,PRCNCT,PCJ,PG_SV,"2025-12-08 03:49:55",932,914,11,6,1,324,317,0,6,1,323,1,1200,876,31,84,2,107,17,1,0,0,0,0,76,1,2,1,1,0,0
48,"MUNICIPIUL BUCUREŞTI - SECTOR 5","ȘCOALA GIMNAZIALĂ NR.143",1039,"BUCUREŞTI SECTORUL 5",179187,1,PART,PRCNCT,PCJ,PG_SV,"2025-12-07 22:00:56",1050,1039,0,11,0,364,353,0,11,0,363,1,1200,836,53,109,0,93,18,0,1,0,0,0,87,0,0,1,0,0,1
48,"MUNICIPIUL BUCUREŞTI - SECTOR 5","ȘCOALA GIMNAZIALĂ NR.143",1038,"BUCUREŞTI SECTORUL 5",179187,2,PART,PRCNCT,PCJ,PG_SV,"2025-12-07 23:17:24",1054,1041,1,12,0,318,306,0,12,0,317,1,1200,882,33,90,0,98,8,0,1,0,0,0,83,0,2,1,0,1,0
48,"MUNICIPIUL BUCUREŞTI - SECTOR 5","ȘCOALA GIMNAZIALĂ NR.143",1037,"BUCUREŞTI SECTORUL 5",179187,1,PART,PRCNCT,PCJ,PG_SV,"2025-12-07 21:55:27",1113,1100,2,11,0,305,294,0,11,0,305,0,1200,895,35,99,1,84,12,0,0,1,0,0,69,0,1,1,1,0,1
48,"MUNICIPIUL BUCUREŞTI - SECTOR 5","ȘCOALA GIMNAZIALĂ NR.143",1036,"BUCUREŞTI SECTORUL 5",179187,1,PART,PRCNCT,PCJ,PG_SV,"2025-12-07 21:58:55",1003,994,1,8,0,327,319,0,8,0,327,0,1200,873,38,79,1,99,21,0,0,1,0,0,88,0,0,0,0,0,0
48,"MUNICIPIUL BUCUREŞTI - SECTOR 5","ȘCOALA GIMNAZIALĂ NR.143",1041,"BUCUREŞTI SECTORUL 5",179187,1,PART,PRCNCT,PCJ,PG_SV,"2025-12-07 21:44:05",1169,1161,2,6,0,352,346,0,6,0,344,8,1200,848,22,102,2,99,20,0,1,2,2,0,92,1,1,0,0,0,0
48,"MUNICIPIUL BUCUREŞTI - SECTOR 5","ȘCOALA GIMNAZIALĂ NR.143",1042,"BUCUREŞTI SECTORUL 5",179187,1,PART,PRCNCT,PCJ,PG_SV,"2025-12-07 22:00:39",993,986,3,4,0,330,326,0,4,0,328,2,1200,870,43,82,0,86,18,0,0,1,0,0,98,0,0,0,0,0,0
48,"MUNICIPIUL BUCUREŞTI - SECTOR 5","ȘCOALA GIMNAZIALĂ NR.144",1034,"BUCUREŞTI SECTORUL 5",179187,2,PART,PRCNCT,PCJ,PG_SV,"2025-12-08 04:29:29",1736,1717,5,14,0,582,568,0,14,0,576,6,1800,1218,57,83,2,282,31,1,1,2,0,0,109,1,0,0,2,0,5
48,"MUNICIPIUL BUCUREŞTI - SECTOR 5","ȘCOALA GIMNAZIALĂ NR.144",1033,"BUCUREŞTI SECTORUL 5",179187,1,PART,PRCNCT,PCJ,PG_SV,"2025-12-07 23:21:42",1899,1882,9,8,0,597,589,0,8,0,591,6,2000,1403,51,81,0,241,34,0,1,0,0,0,175,4,1,0,1,2,0
48,"MUNICIPIUL BUCUREŞTI - SECTOR 5","ȘCOALA GIMNAZIALĂ NR.144",1032,"BUCUREŞTI SECTORUL 5",179187,1,PART,PRCNCT,PCJ,PG_SV,"2025-12-07 22:05:03",1601,1588,2,11,0,596,585,0,11,0,593,3,1600,1004,55,85,0,294,32,0,0,0,1,0,120,1,0,1,1,0,3
48,"MUNICIPIUL BUCUREŞTI - SECTOR 5","ȘCOALA GIMNAZIALĂ NR.144",1035,"BUCUREŞTI SECTORUL 5",179187,1,PART,PRCNCT,PCJ,PG_SV,"2025-12-07 22:23:23",1234,1220,1,13,0,481,468,0,13,0,477,4,1400,919,46,69,1,231,29,0,0,0,0,0,98,0,3,0,0,0,0
45,"MUNICIPIUL BUCUREŞTI - SECTOR 2","ŞCOALA GIMNAZIALĂ NR. 145",237,"BUCUREŞTI SECTORUL 2",179150,1,PART,PRCNCT,PCJ,PG_SV,"2025-12-07 22:57:27",2158,2128,20,10,0,583,573,0,10,0,577,6,2400,1817,92,133,1,177,29,1,0,2,0,0,137,1,2,1,0,1,0
45,"MUNICIPIUL BUCUREŞTI - SECTOR 2","ŞCOALA GIMNAZIALĂ NR. 145",243,"BUCUREŞTI SECTORUL 2",179150,3,PART,PRCNCT,PCJ,PG_SV,"2025-12-08 01:38:56",1719,1629,82,8,0,401,391,2,8,0,397,4,1800,1399,48,91,2,92,18,0,0,5,0,0,132,2,3,0,0,2,2
45,"MUNICIPIUL BUCUREŞTI - SECTOR 2","ŞCOALA GIMNAZIALĂ NR. 145",238,"BUCUREŞTI SECTORUL 2",179150,1,PART,PRCNCT,PCJ,PG_SV,"2025-12-07 22:00:47",1494,1484,0,10,0,500,490,0,10,0,497,3,1600,1100,99,83,0,124,38,1,1,0,1,0,141,2,4,2,1,0,0
45,"MUNICIPIUL BUCUREŞTI - SECTOR 2","ŞCOALA GIMNAZIALĂ NR. 145",239,"BUCUREŞTI SECTORUL 2",179150,1,PART,PRCNCT,PCJ,PG_SV,"2025-12-07 22:40:17",1591,1581,1,9,0,449,440,0,9,0,443,6,1800,1351,44,120,1,96,21,0,1,3,0,0,142,2,5,1,0,4,3
45,"MUNICIPIUL BUCUREŞTI - SECTOR 2","ŞCOALA GIMNAZIALĂ NR. 145",240,"BUCUREŞTI SECTORUL 2",179150,1,PART,PRCNCT,PCJ,PG_SV,"2025-12-07 22:24:10",1686,1677,3,6,0,325,319,0,6,0,321,4,1600,1275,24,84,2,58,19,0,1,1,1,0,128,0,0,1,0,2,0
45,"MUNICIPIUL BUCUREŞTI - SECTOR 2","ŞCOALA GIMNAZIALĂ NR. 145",241,"BUCUREŞTI SECTORUL 2",179150,1,PART,PRCNCT,PCJ,PG_SV,"2025-12-07 22:30:23",1508,1496,4,8,0,410,402,0,8,0,403,7,1600,1190,71,81,1,116,28,0,0,0,0,0,102,0,1,0,2,1,0
45,"MUNICIPIUL BUCUREŞTI - SECTOR 2","ŞCOALA GIMNAZIALĂ NR. 145",242,"BUCUREŞTI SECTORUL 2",179150,1,PART,PRCNCT,PCJ,PG_SV,"2025-12-07 21:55:44",1681,1650,20,11,0,470,459,0,11,0,466,4,1800,1330,87,99,1,136,27,0,1,2,1,0,111,0,0,1,0,0,0
45,"MUNICIPIUL BUCUREŞTI - SECTOR 2","ŞCOALA GIMNAZIALĂ NR. 145",244,"BUCUREŞTI SECTORUL 2",179150,2,PART,PRCNCT,PCJ,PG_SV,"2025-12-08 03:09:02",1472,1461,3,8,0,264,256,0,8,0,261,3,1601,1337,16,92,3,14,17,0,0,2,1,0,110,2,1,1,0,2,0
46,"MUNICIPIUL BUCUREŞTI - SECTOR 3","ŞCOALA GIMNAZIALĂ NR.149;",603,"BUCUREŞTI SECTORUL 3",179169,1,PART,PRCNCT,PCJ,PG_SV,"2025-12-07 22:14:51",1766,1716,40,10,0,423,413,0,10,0,420,3,1800,1377,74,81,1,126,31,0,0,0,0,0,102,1,1,2,1,0,0
46,"MUNICIPIUL BUCUREŞTI - SECTOR 3","ŞCOALA GIMNAZIALĂ NR.149;",602,"BUCUREŞTI SECTORUL 3",179169,2,PART,PRCNCT,PCJ,PG_SV,"2025-12-08 08:58:45",1877,1867,3,7,0,673,666,0,7,0,662,10,2000,1327,104,139,5,191,49,0,0,1,0,0,164,2,3,1,1,2,0
46,"MUNICIPIUL BUCUREŞTI - SECTOR 3","ŞCOALA GIMNAZIALĂ NR.149;",604,"BUCUREŞTI SECTORUL 3",179169,1,PART,PRCNCT,PCJ,PG_SV,"2025-12-07 22:47:49",2129,2104,8,17,0,754,737,0,17,0,745,9,2400,1646,160,105,1,256,100,0,0,1,0,0,116,1,2,1,0,2,0
48,"MUNICIPIUL BUCUREŞTI - SECTOR 5","ȘCOALA GIMNAZIALĂ NR.150",995,"BUCUREŞTI SECTORUL 5",179187,1,PART,PRCNCT,PCJ,PG_SV,"2025-12-07 22:13:10",653,638,4,11,0,293,282,0,11,0,293,0,800,507,48,29,0,143,22,1,0,0,0,0,48,0,1,0,0,1,0
48,"MUNICIPIUL BUCUREŞTI - SECTOR 5","ȘCOALA GIMNAZIALĂ NR.150",996,"BUCUREŞTI SECTORUL 5",179187,1,PART,PRCNCT,PCJ,PG_SV,"2025-12-07 22:05:26",741,719,10,12,0,321,309,0,12,0,321,0,800,479,57,45,1,153,21,0,0,0,1,1,42,0,0,0,0,0,0
48,"MUNICIPIUL BUCUREŞTI - SECTOR 5","ȘCOALA GIMNAZIALĂ NR.150",991,"BUCUREŞTI SECTORUL 5",179187,1,PART,PRCNCT,PCJ,PG_SV,"2025-12-07 22:07:19",641,624,5,12,0,255,243,0,12,0,252,3,800,545,34,41,0,112,23,0,2,0,0,0,36,3,0,1,0,0,0
48,"MUNICIPIUL BUCUREŞTI - SECTOR 5","ȘCOALA GIMNAZIALĂ NR.150",992,"BUCUREŞTI SECTORUL 5",179187,1,PART,PRCNCT,PCJ,PG_SV,"2025-12-07 22:15:46",669,647,8,14,0,287,272,1,14,0,286,1,800,513,36,43,0,138,14,0,0,0,0,0,52,0,1,0,1,1,0
48,"MUNICIPIUL BUCUREŞTI - SECTOR 5","ȘCOALA GIMNAZIALĂ NR.150",993,"BUCUREŞTI SECTORUL 5",179187,1,PART,PRCNCT,PCJ,PG_SV,"2025-12-07 22:16:04",701,679,12,10,0,287,276,1,10,0,285,2,800,513,43,46,0,121,13,0,0,2,0,0,58,0,2,0,0,0,0
48,"MUNICIPIUL BUCUREŞTI - SECTOR 5","ȘCOALA GIMNAZIALĂ NR.150",994,"BUCUREŞTI SECTORUL 5",179187,1,PART,PRCNCT,PCJ,PG_SV,"2025-12-07 22:29:45",672,644,17,11,0,294,283,0,11,0,289,5,800,506,43,48,2,121,17,0,0,0,0,1,54,0,1,1,1,0,0
49,"MUNICIPIUL BUCUREŞTI - SECTOR 6","ŞCOALA GIMNAZIALĂ NR.153",1285,"BUCUREŞTI SECTORUL 6",179196,2,PART,PRCNCT,PCJ,PG_SV,"2025-12-08 01:58:44",1163,1156,0,7,0,271,264,0,7,0,270,1,1200,929,18,56,0,79,13,0,0,3,0,0,99,0,0,0,1,1,0
49,"MUNICIPIUL BUCUREŞTI - SECTOR 6","ŞCOALA GIMNAZIALĂ NR.153",1287,"BUCUREŞTI SECTORUL 6",179196,1,PART,PRCNCT,PCJ,PG_SV,"2025-12-07 21:40:42",1044,1036,0,8,0,220,212,0,8,0,217,3,1000,780,8,42,1,57,12,0,0,0,0,0,96,0,0,1,0,0,0
44,"MUNICIPIUL BUCUREŞTI - SECTOR 1","ŞCOALA GIMNAZIALĂ NR.153",153,"BUCUREŞTI SECTORUL 1",179141,1,PART,PRCNCT,PCJ,PG_SV,"2025-12-07 22:38:45",1461,1457,3,1,0,323,322,0,1,0,313,10,1620,1297,11,117,1,40,10,1,1,3,0,1,121,1,0,2,0,2,2
49,"MUNICIPIUL BUCUREŞTI - SECTOR 6","ŞCOALA GIMNAZIALĂ NR.153",1286,"BUCUREŞTI SECTORUL 6",179196,1,PART,PRCNCT,PCJ,PG_SV,"2025-12-07 22:30:55",1545,1533,5,7,0,322,315,0,7,0,318,4,1600,1278,21,66,2,85,11,0,1,3,1,0,124,0,0,2,2,0,0
49,"MUNICIPIUL BUCUREŞTI - SECTOR 6","ŞCOALA GIMNAZIALĂ NR.156",1204,"BUCUREŞTI SECTORUL 6",179196,1,PART,PRCNCT,PCJ,PG_SV,"2025-12-07 23:10:39",1692,1686,3,3,0,720,717,0,3,0,715,5,1800,1080,63,103,0,367,33,0,0,0,1,0,140,1,3,4,0,0,0
49,"MUNICIPIUL BUCUREŞTI - SECTOR 6","ŞCOALA GIMNAZIALĂ NR.156",1212,"BUCUREŞTI SECTORUL 6",179196,1,PART,PRCNCT,PCJ,PG_SV,"2025-12-07 22:44:57",1978,1939,31,8,0,722,714,0,8,0,719,3,2000,1278,99,74,0,382,46,0,0,0,2,0,109,1,0,3,2,1,0
49,"MUNICIPIUL BUCUREŞTI - SECTOR 6","ŞCOALA GIMNAZIALĂ NR.156",1211,"BUCUREŞTI SECTORUL 6",179196,2,PART,PRCNCT,PCJ,PG_SV,"2025-12-08 03:42:35",1438,1429,3,5,1,517,511,0,5,1,513,4,1800,1283,56,99,0,252,15,0,0,1,0,0,87,0,1,1,0,1,0
49,"MUNICIPIUL BUCUREŞTI - SECTOR 6","ŞCOALA GIMNAZIALĂ NR.156",1210,"BUCUREŞTI SECTORUL 6",179196,2,PART,PRCNCT,PCJ,PG_SV,"2025-12-08 02:42:55",1367,1353,9,4,1,458,453,0,4,1,457,1,1400,942,30,79,2,244,20,1,0,0,0,0,77,0,1,2,0,0,1
49,"MUNICIPIUL BUCUREŞTI - SECTOR 6","ŞCOALA GIMNAZIALĂ NR.156",1209,"BUCUREŞTI SECTORUL 6",179196,1,PART,PRCNCT,PCJ,PG_SV,"2025-12-07 23:37:47",1813,1787,20,6,0,571,565,0,6,0,561,10,1800,1229,64,81,0,274,35,0,2,0,1,1,99,0,2,1,0,1,0
49,"MUNICIPIUL BUCUREŞTI - SECTOR 6","ŞCOALA GIMNAZIALĂ NR.156",1208,"BUCUREŞTI SECTORUL 6",179196,1,PART,PRCNCT,PCJ,PG_SV,"2025-12-07 23:56:20",2035,1983,32,20,0,870,850,0,20,0,870,0,2002,1132,81,87,0,494,50,0,0,1,1,2,149,0,4,0,0,1,0
49,"MUNICIPIUL BUCUREŞTI - SECTOR 6","ŞCOALA GIMNAZIALĂ NR.156",1207,"BUCUREŞTI SECTORUL 6",179196,1,PART,PRCNCT,PCJ,PG_SV,"2025-12-07 22:40:12",1598,1573,15,10,0,693,683,0,10,0,689,4,1600,907,68,93,2,360,45,1,2,1,1,0,112,0,0,1,0,2,1
49,"MUNICIPIUL BUCUREŞTI - SECTOR 6","ŞCOALA GIMNAZIALĂ NR.156",1206,"BUCUREŞTI SECTORUL 6",179196,1,PART,PRCNCT,PCJ,PG_SV,"2025-12-07 22:53:46",1609,1604,1,3,1,646,642,0,3,1,643,3,1600,954,73,91,2,312,34,0,0,1,0,0,124,0,3,1,0,2,0
49,"MUNICIPIUL BUCUREŞTI - SECTOR 6","ŞCOALA GIMNAZIALĂ NR.156",1205,"BUCUREŞTI SECTORUL 6",179196,1,PART,PRCNCT,PCJ,PG_SV,"2025-12-07 22:45:57",1461,1453,1,6,1,578,571,0,6,1,570,8,1600,1022,51,99,1,276,28,1,0,2,0,2,107,0,1,0,0,1,1
49,"MUNICIPIUL BUCUREŞTI - SECTOR 6","ŞCOALA GIMNAZIALĂ NR.156",1203,"BUCUREŞTI SECTORUL 6",179196,1,PART,PRCNCT,PCJ,PG_SV,"2025-12-07 22:21:02",1478,1466,8,4,0,501,497,0,4,0,497,4,1600,1099,48,83,1,250,15,0,1,3,0,1,94,0,0,0,0,1,0
49,"MUNICIPIUL BUCUREŞTI - SECTOR 6","ŞCOALA GIMNAZIALĂ NR.161",1288,"BUCUREŞTI SECTORUL 6",179196,1,PART,PRCNCT,PCJ,PG_SV,"2025-12-07 22:02:09",1196,1188,0,8,0,198,190,0,8,0,196,2,1200,1002,16,38,1,47,13,1,0,0,0,1,77,1,1,0,0,0,0
44,"MUNICIPIUL BUCUREŞTI - SECTOR 1","ŞCOALA GIMNAZIALĂ NR.162",144,"BUCUREŞTI SECTORUL 1",179141,1,PART,PRCNCT,PCJ,PG_SV,"2025-12-07 22:09:06",1388,1380,1,6,1,389,382,0,6,1,389,0,1520,1131,42,80,3,115,16,1,0,2,2,0,120,1,2,1,2,1,1
44,"MUNICIPIUL BUCUREŞTI - SECTOR 1","ŞCOALA GIMNAZIALĂ NR.162",145,"BUCUREŞTI SECTORUL 1",179141,1,PART,PRCNCT,PCJ,PG_SV,"2025-12-07 22:05:35",1400,1393,1,6,0,407,401,0,6,0,403,4,1530,1123,30,78,2,133,18,2,0,1,0,0,134,0,3,0,0,2,0
49,"MUNICIPIUL BUCUREŞTI - SECTOR 6","ŞCOALA GIMNAZIALĂ NR.162",1283,"BUCUREŞTI SECTORUL 6",179196,1,PART,PRCNCT,PCJ,PG_SV,"2025-12-07 22:14:17",1084,1071,4,9,0,344,335,0,9,0,339,5,1000,656,29,46,2,137,21,1,0,0,1,0,99,0,1,1,1,0,0
49,"MUNICIPIUL BUCUREŞTI - SECTOR 6","ŞCOALA GIMNAZIALĂ NR.162",1284,"BUCUREŞTI SECTORUL 6",179196,1,PART,PRCNCT,PCJ,PG_SV,"2025-12-07 22:34:08",1761,1735,13,13,0,515,502,0,13,0,510,5,1800,1285,49,71,0,231,30,1,0,0,0,0,124,0,3,0,0,1,0
49,"MUNICIPIUL BUCUREŞTI - SECTOR 6","ŞCOALA GIMNAZIALĂ NR.163",1271,"BUCUREŞTI SECTORUL 6",179196,1,PART,PRCNCT,PCJ,PG_SV,"2025-12-07 22:41:47",1208,1194,6,8,0,423,414,1,8,0,420,3,1200,777,54,57,1,187,23,0,0,1,0,0,92,1,2,1,0,0,1
49,"MUNICIPIUL BUCUREŞTI - SECTOR 6","ŞCOALA GIMNAZIALĂ NR.163",1272,"BUCUREŞTI SECTORUL 6",179196,2,PART,PRCNCT,PCJ,PG_SV,"2025-12-08 00:28:30",1129,1087,33,9,0,372,363,0,9,0,371,1,1200,828,44,76,0,156,12,0,0,0,1,0,82,0,0,0,0,0,0
49,"MUNICIPIUL BUCUREŞTI - SECTOR 6","ŞCOALA GIMNAZIALĂ NR.163",1273,"BUCUREŞTI SECTORUL 6",179196,2,PART,PRCNCT,PCJ,PG_SV,"2025-12-08 00:35:46",1176,1164,3,9,0,410,401,0,9,0,404,6,1200,790,35,72,0,156,25,0,2,2,0,0,110,0,0,1,1,0,0
49,"MUNICIPIUL BUCUREŞTI - SECTOR 6","ŞCOALA GIMNAZIALĂ NR.163",1267,"BUCUREŞTI SECTORUL 6",179196,1,PART,PRCNCT,PCJ,PG_SV,"2025-12-07 22:32:04",1517,1504,9,4,0,510,506,0,4,0,507,3,1599,1089,40,82,1,258,18,0,0,0,1,0,102,0,2,2,0,1,0
49,"MUNICIPIUL BUCUREŞTI - SECTOR 6","ŞCOALA GIMNAZIALĂ NR.163",1268,"BUCUREŞTI SECTORUL 6",179196,2,PART,PRCNCT,PCJ,PG_SV,"2025-12-08 01:35:35",1402,1374,18,10,0,469,459,0,10,0,467,2,1400,931,60,64,1,198,23,2,2,0,0,0,109,1,1,2,0,3,1
49,"MUNICIPIUL BUCUREŞTI - SECTOR 6","ŞCOALA GIMNAZIALĂ NR.163",1269,"BUCUREŞTI SECTORUL 6",179196,1,PART,PRCNCT,PCJ,PG_SV,"2025-12-07 22:21:31",1120,1110,3,7,0,357,350,0,7,0,353,4,1200,843,38,54,1,174,27,1,2,0,1,0,54,0,0,0,1,0,0
49,"MUNICIPIUL BUCUREŞTI - SECTOR 6","ŞCOALA GIMNAZIALĂ NR.163",1270,"BUCUREŞTI SECTORUL 6",179196,1,PART,PRCNCT,PCJ,PG_SV,"2025-12-07 22:44:25",1052,1044,2,6,0,338,332,0,6,0,336,2,1000,662,35,51,1,150,16,2,0,1,0,0,72,4,2,1,0,1,0
49,"MUNICIPIUL BUCUREŞTI - SECTOR 6","ŞCOALA GIMNAZIALĂ NR.164",1089,"BUCUREŞTI SECTORUL 6",179196,1,PART,PRCNCT,PCJ,PG_SV,"2025-12-07 22:17:25",895,873,13,9,0,350,341,0,9,0,350,0,998,648,39,54,0,178,23,1,0,1,0,0,52,0,0,1,0,0,1
49,"MUNICIPIUL BUCUREŞTI - SECTOR 6","ŞCOALA GIMNAZIALĂ NR.164",1088,"BUCUREŞTI SECTORUL 6",179196,1,PART,PRCNCT,PCJ,PG_SV,"2025-12-07 21:49:39",1050,1039,5,6,0,417,411,0,6,0,414,3,1000,583,28,63,2,214,29,1,0,0,0,0,75,1,0,0,0,1,0
49,"MUNICIPIUL BUCUREŞTI - SECTOR 6","ŞCOALA GIMNAZIALĂ NR.164",1087,"BUCUREŞTI SECTORUL 6",179196,1,PART,PRCNCT,PCJ,PG_SV,"2025-12-07 22:27:53",936,925,5,6,0,381,375,0,6,0,381,0,1000,619,37,53,0,207,16,0,0,0,0,0,62,0,1,1,0,3,1
47,"MUNICIPIUL BUCUREŞTI - SECTOR 4","ŞCOALA GIMNAZIALĂ NR. 165",816,"BUCUREŞTI SECTORUL 4",179178,1,PART,PRCNCT,PCJ,PG_SV,"2025-12-07 22:44:47",1508,1497,2,9,0,490,481,0,9,0,484,6,1600,1110,51,162,0,81,25,2,1,2,1,1,153,0,1,2,0,2,0
47,"MUNICIPIUL BUCUREŞTI - SECTOR 4","ŞCOALA GIMNAZIALĂ NR. 165",820,"BUCUREŞTI SECTORUL 4",179178,1,PART,PRCNCT,PCJ,PG_SV,"2025-12-07 22:40:10",1662,1656,1,5,0,432,427,0,5,0,430,2,1800,1368,31,123,1,92,29,3,0,3,0,1,139,2,4,1,1,0,0
47,"MUNICIPIUL BUCUREŞTI - SECTOR 4","ŞCOALA GIMNAZIALĂ NR. 165",819,"BUCUREŞTI SECTORUL 4",179178,1,PART,PRCNCT,PCJ,PG_SV,"2025-12-07 22:18:14",1903,1887,9,7,0,555,548,0,7,0,553,2,2100,1545,68,170,5,116,19,0,1,2,1,0,167,1,1,1,1,0,0
47,"MUNICIPIUL BUCUREŞTI - SECTOR 4","ŞCOALA GIMNAZIALĂ NR. 165",818,"BUCUREŞTI SECTORUL 4",179178,2,PART,PRCNCT,PCJ,PG_SV,"2025-12-08 04:50:58",2007,1994,2,11,0,619,608,0,11,0,616,3,2200,1581,96,161,0,159,60,1,2,1,3,0,128,1,1,0,0,1,2
47,"MUNICIPIUL BUCUREŞTI - SECTOR 4","ŞCOALA GIMNAZIALĂ NR. 165",812,"BUCUREŞTI SECTORUL 4",179178,1,PART,PRCNCT,PCJ,PG_SV,"2025-12-07 22:04:20",1625,1616,2,7,0,464,457,0,7,0,458,6,1800,1336,42,163,1,95,27,0,0,0,0,0,125,2,1,1,1,0,0
47,"MUNICIPIUL BUCUREŞTI - SECTOR 4","ŞCOALA GIMNAZIALĂ NR. 165",817,"BUCUREŞTI SECTORUL 4",179178,3,PART,PRCNCT,PCJ,PG_SV,"2025-12-08 04:37:17",1780,1771,2,5,2,556,549,0,5,2,549,7,1996,1440,53,217,3,79,15,1,0,3,0,0,172,1,0,1,2,0,2
47,"MUNICIPIUL BUCUREŞTI - SECTOR 4","ŞCOALA GIMNAZIALĂ NR. 165",815,"BUCUREŞTI SECTORUL 4",179178,1,PART,PRCNCT,PCJ,PG_SV,"2025-12-07 22:37:55",1659,1641,9,9,0,419,410,0,9,0,416,3,1800,1381,30,144,3,83,18,0,0,2,1,0,129,0,1,0,3,0,2
47,"MUNICIPIUL BUCUREŞTI - SECTOR 4","ŞCOALA GIMNAZIALĂ NR. 165",814,"BUCUREŞTI SECTORUL 4",179178,1,PART,PRCNCT,PCJ,PG_SV,"2025-12-07 22:05:42",1625,1614,3,8,0,451,443,0,8,0,445,6,1800,1349,55,135,0,69,23,1,1,0,1,0,153,1,4,0,0,2,0
47,"MUNICIPIUL BUCUREŞTI - SECTOR 4","ŞCOALA GIMNAZIALĂ NR. 165",813,"BUCUREŞTI SECTORUL 4",179178,2,PART,PRCNCT,PCJ,PG_SV,"2025-12-08 02:23:41",1702,1690,5,6,1,508,501,0,6,1,504,4,1900,1392,49,162,1,107,29,0,3,1,1,0,141,0,0,3,3,2,2
49,"MUNICIPIUL BUCUREŞTI - SECTOR 6","ŞCOALA GIMNAZIALĂ NR.167 - CONTAINER",1276,"BUCUREŞTI SECTORUL 6",179196,1,PART,PRCNCT,PCJ,PG_SV,"2025-12-07 22:27:42",1088,1073,7,8,0,416,408,0,8,0,411,5,1000,584,30,75,0,203,14,0,0,0,0,0,87,0,0,2,0,0,0
49,"MUNICIPIUL BUCUREŞTI - SECTOR 6","ŞCOALA GIMNAZIALĂ NR.167 - CONTAINER",1275,"BUCUREŞTI SECTORUL 6",179196,1,PART,PRCNCT,PCJ,PG_SV,"2025-12-07 22:32:46",1333,1319,4,10,0,427,417,0,10,0,424,3,1400,973,41,82,0,197,17,0,1,0,0,0,80,0,3,1,1,1,0
49,"MUNICIPIUL BUCUREŞTI - SECTOR 6","ŞCOALA GIMNAZIALĂ NR.167 - CONTAINER",1274,"BUCUREŞTI SECTORUL 6",179196,1,PART,PRCNCT,PCJ,PG_SV,"2025-12-07 22:01:59",1201,1191,3,7,0,331,324,0,7,0,331,0,1200,869,28,50,0,158,15,0,1,0,1,0,74,0,1,0,0,1,2
49,"MUNICIPIUL BUCUREŞTI - SECTOR 6","ŞCOALA GIMNAZIALĂ NR.167 - CONTAINER",1281,"BUCUREŞTI SECTORUL 6",179196,1,PART,PRCNCT,PCJ,PG_SV,"2025-12-07 22:08:29",1048,1038,2,8,0,389,381,0,8,0,383,6,1000,611,47,62,1,169,13,0,0,0,0,0,89,0,1,0,0,1,0
49,"MUNICIPIUL BUCUREŞTI - SECTOR 6","ŞCOALA GIMNAZIALĂ NR.167 - CONTAINER",1280,"BUCUREŞTI SECTORUL 6",179196,2,PART,PRCNCT,PCJ,PG_SV,"2025-12-08 02:33:26",977,963,6,8,0,359,351,0,8,0,356,3,1000,641,30,41,0,188,22,0,0,1,0,0,68,0,4,1,0,1,0
49,"MUNICIPIUL BUCUREŞTI - SECTOR 6","ŞCOALA GIMNAZIALĂ NR.167 - CONTAINER",1279,"BUCUREŞTI SECTORUL 6",179196,1,PART,PRCNCT,PCJ,PG_SV,"2025-12-07 21:57:39",1422,1410,8,4,0,495,491,0,4,0,492,3,1400,905,48,70,0,223,22,0,0,0,0,0,123,5,1,0,0,0,0
49,"MUNICIPIUL BUCUREŞTI - SECTOR 6","ŞCOALA GIMNAZIALĂ NR.167 - CONTAINER",1282,"BUCUREŞTI SECTORUL 6",179196,1,PART,PRCNCT,PCJ,PG_SV,"2025-12-07 22:47:48",1242,1231,3,8,0,437,429,0,8,0,433,4,1200,763,39,61,2,216,21,1,0,0,1,0,89,0,1,1,0,1,0
49,"MUNICIPIUL BUCUREŞTI - SECTOR 6","ŞCOALA GIMNAZIALĂ NR.169 CORPII",1105,"BUCUREŞTI SECTORUL 6",179196,1,PART,PRCNCT,PCJ,PG_SV,"2025-12-07 22:10:31",1190,1168,17,5,0,487,482,0,5,0,485,2,1200,713,30,68,1,277,18,1,2,0,0,0,82,2,3,0,0,1,0
49,"MUNICIPIUL BUCUREŞTI - SECTOR 6","ŞCOALA GIMNAZIALĂ NR.169 CORPII",1102,"BUCUREŞTI SECTORUL 6",179196,1,PART,PRCNCT,PCJ,PG_SV,"2025-12-07 22:57:35",1089,1075,8,6,0,422,416,0,6,0,418,4,1000,578,36,70,1,216,32,0,1,0,1,0,61,0,0,0,0,0,0
49,"MUNICIPIUL BUCUREŞTI - SECTOR 6","ŞCOALA GIMNAZIALĂ NR.169 CORPII",1103,"BUCUREŞTI SECTORUL 6",179196,1,PART,PRCNCT,PCJ,PG_SV,"2025-12-07 22:07:39",1016,1011,1,4,0,360,356,0,4,0,357,3,1000,640,23,54,1,187,12,0,0,0,1,0,76,0,2,0,0,1,0
49,"MUNICIPIUL BUCUREŞTI - SECTOR 6","ŞCOALA GIMNAZIALĂ NR.169 CORPII",1106,"BUCUREŞTI SECTORUL 6",179196,2,PART,PRCNCT,PCJ,PG_SV,"2025-12-08 00:09:02",1065,1054,3,7,1,419,410,1,7,1,417,2,1000,581,27,59,0,240,18,0,1,0,0,0,69,2,0,0,1,0,0
49,"MUNICIPIUL BUCUREŞTI - SECTOR 6","ŞCOALA GIMNAZIALĂ NR.169 CORPII",1104,"BUCUREŞTI SECTORUL 6",179196,1,PART,PRCNCT,PCJ,PG_SV,"2025-12-07 23:27:25",1285,1271,4,10,0,533,523,0,10,0,528,5,1400,867,36,68,2,322,18,0,0,0,1,0,80,1,0,0,0,0,0
49,"MUNICIPIUL BUCUREŞTI - SECTOR 6","ŞCOALA GIMNAZIALĂ NR.169 CORPII",1107,"BUCUREŞTI SECTORUL 6",179196,1,PART,PRCNCT,PCJ,PG_SV,"2025-12-07 22:50:01",1140,1074,58,6,2,402,394,0,6,2,401,1,1000,598,53,64,1,189,16,1,0,0,0,0,75,0,0,0,2,0,0
49,"MUNICIPIUL BUCUREŞTI - SECTOR 6","ŞCOALA GIMNAZIALĂ NR.169 SALA DE SPORT",1109,"BUCUREŞTI SECTORUL 6",179196,1,PART,PRCNCT,PCJ,PG_SV,"2025-12-07 21:57:14",1228,1214,4,10,0,512,502,0,10,0,507,5,1200,688,44,74,1,259,27,0,0,2,0,0,95,1,0,1,2,0,1
49,"MUNICIPIUL BUCUREŞTI - SECTOR 6","ŞCOALA GIMNAZIALĂ NR.169 SALA DE SPORT",1108,"BUCUREŞTI SECTORUL 6",179196,1,PART,PRCNCT,PCJ,PG_SV,"2025-12-07 22:06:39",1279,1268,4,7,0,500,492,1,7,0,495,5,1200,700,45,60,1,285,26,0,1,1,0,0,75,0,0,0,0,0,1
49,"MUNICIPIUL BUCUREŞTI - SECTOR 6","ŞCOALA GIMNAZIALĂ NR.169 SALA DE SPORT",1110,"BUCUREŞTI SECTORUL 6",179196,2,PART,PRCNCT,PCJ,PG_SV,"2025-12-07 23:33:00",1164,1153,2,8,1,500,491,0,8,1,499,1,1200,700,40,63,2,269,22,1,2,0,1,1,94,0,0,2,0,0,2
44,"MUNICIPIUL BUCUREŞTI - SECTOR 1","ŞCOALA GIMNAZIALĂ NR.178",23,"BUCUREŞTI SECTORUL 1",179141,2,PART,PRCNCT,PCJ,PG_SV,"2025-12-08 02:04:02",1148,1129,11,8,0,455,447,0,8,0,443,12,1260,805,60,84,0,175,24,0,2,1,0,0,92,0,3,1,0,0,1
44,"MUNICIPIUL BUCUREŞTI - SECTOR 1","ŞCOALA GIMNAZIALĂ NR.178",24,"BUCUREŞTI SECTORUL 1",179141,1,PART,PRCNCT,PCJ,PG_SV,"2025-12-07 22:46:30",1121,1104,11,5,1,429,423,0,5,1,426,3,1220,791,68,73,1,152,23,0,0,1,1,0,101,0,2,1,0,2,1
44,"MUNICIPIUL BUCUREŞTI - SECTOR 1","ȘCOALA GIMNAZIALĂ NR.178",22,"BUCUREŞTI SECTORUL 1",179141,1,PART,PRCNCT,PCJ,PG_SV,"2025-12-07 23:40:10",1265,1250,2,13,0,479,465,1,13,0,469,10,1390,911,91,95,0,143,19,0,0,0,0,0,114,0,2,0,0,4,1
44,"MUNICIPIUL BUCUREŞTI - SECTOR 1","ŞCOALA GIMNAZIALĂ NR.179",15,"BUCUREŞTI SECTORUL 1",179141,2,PART,PRCNCT,PCJ,PG_SV,"2025-12-08 03:03:41",1358,1341,7,10,0,538,528,0,10,0,536,2,1490,952,106,91,0,195,50,1,0,1,0,0,90,0,1,1,0,0,0
44,"MUNICIPIUL BUCUREŞTI - SECTOR 1","ŞCOALA GIMNAZIALĂ NR.179",16,"BUCUREŞTI SECTORUL 1",179141,1,PART,PRCNCT,PCJ,PG_SV,"2025-12-07 22:05:23",1172,1161,1,10,0,474,464,0,10,0,473,1,1281,807,90,75,1,194,28,0,1,0,0,0,77,4,1,0,1,1,0
44,"MUNICIPIUL BUCUREŞTI - SECTOR 1","ŞCOALA GIMNAZIALĂ NR.179",17,"BUCUREŞTI SECTORUL 1",179141,2,PART,PRCNCT,PCJ,PG_SV,"2025-12-08 04:12:47",1351,1339,5,7,0,549,542,0,7,0,547,2,1478,929,90,104,0,213,20,2,0,2,1,0,108,1,3,2,1,0,0
44,"MUNICIPIUL BUCUREŞTI - SECTOR 1","ŞCOALA GIMNAZIALĂ NR.179",13,"BUCUREŞTI SECTORUL 1",179141,1,PART,PRCNCT,PCJ,PG_SV,"2025-12-07 22:14:12",1318,1306,6,6,0,417,411,0,6,0,416,1,1440,1023,65,73,2,148,29,1,0,0,0,0,96,0,0,1,0,0,1
44,"MUNICIPIUL BUCUREŞTI - SECTOR 1","ŞCOALA GIMNAZIALĂ NR.179",14,"BUCUREŞTI SECTORUL 1",179141,1,PART,PRCNCT,PCJ,PG_SV,"2025-12-07 23:07:59",1364,1327,9,9,19,583,554,1,9,19,576,7,1470,887,92,92,2,221,15,1,1,3,0,0,140,0,4,2,1,2,0
44,"MUNICIPIUL BUCUREŞTI - SECTOR 1","ŞCOALA GIMNAZIALĂ NR.181",161,"BUCUREŞTI SECTORUL 1",179141,1,PART,PRCNCT,PCJ,PG_SV,"2025-12-07 22:46:09",1306,1292,10,4,0,489,485,0,4,0,482,7,1430,941,83,90,1,152,21,0,0,0,0,0,127,0,5,1,0,1,1
44,"MUNICIPIUL BUCUREŞTI - SECTOR 1","ŞCOALA GIMNAZIALĂ NR.181",160,"BUCUREŞTI SECTORUL 1",179141,1,PART,PRCNCT,PCJ,PG_SV,"2025-12-07 23:09:51",1214,1209,0,5,0,363,358,0,5,0,355,7,1330,967,28,89,2,108,11,0,0,1,0,0,111,2,1,0,0,1,1
44,"MUNICIPIUL BUCUREŞTI - SECTOR 1","ŞCOALA GIMNAZIALĂ NR.181",159,"BUCUREŞTI SECTORUL 1",179141,1,PART,PRCNCT,PCJ,PG_SV,"2025-12-07 22:17:25",1212,1166,42,4,0,443,439,0,4,0,439,4,1330,887,60,95,3,131,10,1,1,3,0,0,129,0,3,1,0,0,2
44,"MUNICIPIUL BUCUREŞTI - SECTOR 1","ŞCOALA GIMNAZIALĂ NR.181",162,"BUCUREŞTI SECTORUL 1",179141,1,PART,PRCNCT,PCJ,PG_SV,"2025-12-07 22:35:31",1144,1134,2,8,0,372,364,0,8,0,364,8,1260,888,54,86,0,117,12,0,1,3,0,0,91,0,0,0,0,0,0
44,"MUNICIPIUL BUCUREŞTI - SECTOR 1","ŞCOALA GIMNAZIALĂ NR.183",148,"BUCUREŞTI SECTORUL 1",179141,1,PART,PRCNCT,PCJ,PG_SV,"2025-12-07 22:29:41",1660,1551,102,7,0,581,574,0,7,0,577,4,1820,1239,104,97,0,202,40,0,0,0,1,0,122,2,2,2,1,1,3
44,"MUNICIPIUL BUCUREŞTI - SECTOR 1","ŞCOALA GIMNAZIALĂ NR.183",149,"BUCUREŞTI SECTORUL 1",179141,2,PART,PRCNCT,PCJ,PG_SV,"2025-12-08 01:18:49",1624,1531,83,10,0,538,528,0,10,0,534,4,1780,1242,87,94,1,196,30,0,1,0,0,0,113,3,2,0,3,3,1
44,"MUNICIPIUL BUCUREŞTI - SECTOR 1","ŞCOALA GIMNAZIALĂ NR.183",146,"BUCUREŞTI SECTORUL 1",179141,1,PART,PRCNCT,PCJ,PG_SV,"2025-12-07 22:40:21",1419,1379,34,6,0,362,356,0,6,0,357,5,1560,1198,43,80,0,100,11,0,0,1,0,0,117,0,1,1,1,2,0
44,"MUNICIPIUL BUCUREŞTI - SECTOR 1","ŞCOALA GIMNAZIALĂ NR.183",147,"BUCUREŞTI SECTORUL 1",179141,2,PART,PRCNCT,PCJ,PG_SV,"2025-12-08 01:45:44",1412,1368,38,6,0,386,380,0,6,0,381,5,1550,1164,46,82,2,96,22,0,0,2,1,0,126,0,2,0,1,0,1
44,"MUNICIPIUL BUCUREŞTI - SECTOR 1","ȘCOALA GIMNAZIALĂ NR.183",150,"BUCUREŞTI SECTORUL 1",179141,1,PART,PRCNCT,PCJ,PG_SV,"2025-12-07 23:09:19",1548,1505,35,8,0,536,528,0,8,0,534,2,1690,1154,80,143,1,142,39,1,2,2,0,0,121,0,1,0,0,1,1
44,"MUNICIPIUL BUCUREŞTI - SECTOR 1","ŞCOALA GIMNAZIALĂ NR.184",154,"BUCUREŞTI SECTORUL 1",179141,1,PART,PRCNCT,PCJ,PG_SV,"2025-12-08 00:25:23",1668,1647,13,8,0,538,530,0,8,0,531,7,1850,1312,83,94,0,193,35,0,1,0,0,0,122,0,1,0,1,0,1
44,"MUNICIPIUL BUCUREŞTI - SECTOR 1","ŞCOALA GIMNAZIALĂ NR.184",157,"BUCUREŞTI SECTORUL 1",179141,1,PART,PRCNCT,PCJ,PG_SV,"2025-12-07 22:16:07",1540,1532,2,6,0,424,418,0,6,0,420,4,1690,1266,48,100,0,112,18,0,0,0,2,0,133,0,4,0,0,2,1
44,"MUNICIPIUL BUCUREŞTI - SECTOR 1","ŞCOALA GIMNAZIALĂ NR.184",156,"BUCUREŞTI SECTORUL 1",179141,2,PART,PRCNCT,PCJ,PG_SV,"2025-12-08 05:15:30",1615,1605,4,6,0,453,447,0,6,0,446,7,1770,1317,57,100,2,119,15,2,1,1,0,0,143,0,1,0,3,1,1
44,"MUNICIPIUL BUCUREŞTI - SECTOR 1","ŞCOALA GIMNAZIALĂ NR.184",155,"BUCUREŞTI SECTORUL 1",179141,1,PART,PRCNCT,PCJ,PG_SV,"2025-12-07 23:09:48",1617,1604,3,10,0,405,395,0,10,0,402,3,1780,1375,46,55,0,128,23,1,1,0,0,0,142,0,3,0,1,2,0
44,"MUNICIPIUL BUCUREŞTI - SECTOR 1","ȘCOALA GIMNAZIALĂ NR.184",158,"BUCUREŞTI SECTORUL 1",179141,2,PART,PRCNCT,PCJ,PG_SV,"2025-12-08 02:34:47",1634,1612,15,7,0,561,554,0,7,0,557,4,1790,1229,78,129,2,160,45,0,0,1,0,4,134,2,1,1,0,0,0
48,"MUNICIPIUL BUCUREŞTI - SECTOR 5","ȘCOALA GIMNAZIALĂ NR.188",879,"BUCUREŞTI SECTORUL 5",179187,1,PART,PRCNCT,PCJ,PG_SV,"2025-12-07 22:21:27",951,938,7,5,1,282,276,0,5,1,277,5,1000,718,24,77,4,68,12,1,0,1,0,0,87,0,2,0,1,0,0
48,"MUNICIPIUL BUCUREŞTI - SECTOR 5","ȘCOALA GIMNAZIALĂ NR.188",881,"BUCUREŞTI SECTORUL 5",179187,1,PART,PRCNCT,PCJ,PG_SV,"2025-12-07 22:00:15",839,833,0,6,0,297,291,0,6,0,292,5,1000,703,40,93,0,76,13,0,1,0,0,0,67,0,1,0,0,0,1
48,"MUNICIPIUL BUCUREŞTI - SECTOR 5","ȘCOALA GIMNAZIALĂ NR.188",883,"BUCUREŞTI SECTORUL 5",179187,1,PART,PRCNCT,PCJ,PG_SV,"2025-12-07 22:09:09",763,752,2,9,0,215,206,0,9,0,211,4,1000,785,17,54,1,65,10,1,0,0,2,1,58,0,0,0,1,0,1
48,"MUNICIPIUL BUCUREŞTI - SECTOR 5","ȘCOALA GIMNAZIALĂ NR.188",882,"BUCUREŞTI SECTORUL 5",179187,1,PART,PRCNCT,PCJ,PG_SV,"2025-12-07 22:03:42",1179,967,200,11,1,307,295,0,11,1,303,4,1000,693,46,80,2,73,28,0,0,1,0,0,73,0,0,0,0,0,0
48,"MUNICIPIUL BUCUREŞTI - SECTOR 5","ȘCOALA GIMNAZIALĂ NR.188",880,"BUCUREŞTI SECTORUL 5",179187,1,PART,PRCNCT,PCJ,PG_SV,"2025-12-07 22:05:06",1331,1298,27,6,0,451,445,0,6,0,444,7,1398,947,67,125,1,121,13,0,0,1,0,0,111,0,1,1,2,0,1
47,"MUNICIPIUL BUCUREŞTI - SECTOR 4","ŞCOALA GIMNAZIALĂ NR. 189",772,"BUCUREŞTI SECTORUL 4",179178,1,PART,PRCNCT,PCJ,PG_SV,"2025-12-07 22:27:50",1249,1234,4,10,1,460,449,0,10,1,456,4,1400,940,63,110,0,138,38,0,1,0,0,0,104,0,1,1,0,0,0
47,"MUNICIPIUL BUCUREŞTI - SECTOR 4","ŞCOALA GIMNAZIALĂ NR. 189",773,"BUCUREŞTI SECTORUL 4",179178,2,PART,PRCNCT,PCJ,PG_SV,"2025-12-08 02:25:16",1732,1724,2,5,1,519,513,0,5,1,516,3,1900,1381,78,167,1,124,24,0,1,0,0,0,116,1,0,0,2,1,1
47,"MUNICIPIUL BUCUREŞTI - SECTOR 4","ŞCOALA GIMNAZIALĂ NR. 189",774,"BUCUREŞTI SECTORUL 4",179178,1,PART,PRCNCT,PCJ,PG_SV,"2025-12-07 23:00:29",1498,1483,4,11,0,534,523,0,11,0,531,3,1600,1066,77,170,3,134,15,1,0,0,0,0,125,1,1,1,2,0,1
47,"MUNICIPIUL BUCUREŞTI - SECTOR 4","ŞCOALA GIMNAZIALĂ NR. 189",771,"BUCUREŞTI SECTORUL 4",179178,1,PART,PRCNCT,PCJ,PG_SV,"2025-12-07 22:16:00",923,915,5,3,0,281,278,0,3,0,274,7,1000,719,33,91,0,54,16,0,0,0,0,0,77,0,0,2,1,0,0
47,"MUNICIPIUL BUCUREŞTI - SECTOR 4","ȘCOALA GIMNAZIALĂ NR. 189",776,"BUCUREŞTI SECTORUL 4",179178,1,PART,PRCNCT,PCJ,PG_SV,"2025-12-07 22:08:45",938,932,0,6,0,352,346,0,6,0,346,6,1000,648,67,95,0,92,18,1,0,0,1,2,68,0,1,0,0,0,1
47,"MUNICIPIUL BUCUREŞTI - SECTOR 4","ȘCOALA GIMNAZIALĂ NR. 189",777,"BUCUREŞTI SECTORUL 4",179178,1,PART,PRCNCT,PCJ,PG_SV,"2025-12-07 22:05:45",1314,1300,6,8,0,531,523,0,8,0,527,4,1400,869,73,179,2,123,30,0,0,0,0,1,113,0,0,2,1,1,2
47,"MUNICIPIUL BUCUREŞTI - SECTOR 4","ȘCOALA GIMNAZIALĂ NR. 189",775,"BUCUREŞTI SECTORUL 4",179178,1,PART,PRCNCT,PCJ,PG_SV,"2025-12-07 22:55:47",1167,1150,9,8,0,397,389,0,8,0,393,4,1302,905,54,126,1,81,19,0,0,1,1,0,108,0,0,1,1,0,0
47,"MUNICIPIUL BUCUREŞTI - SECTOR 4","ŞCOALA GIMNAZIALĂ NR. 190",703,"BUCUREŞTI SECTORUL 4",179178,1,PART,PRCNCT,PCJ,PG_SV,"2025-12-07 23:05:47",1018,1004,5,9,0,381,372,0,9,0,378,3,1100,719,68,95,5,112,20,0,0,1,2,0,73,0,0,0,2,0,0
47,"MUNICIPIUL BUCUREŞTI - SECTOR 4","ŞCOALA GIMNAZIALĂ NR. 190",701,"BUCUREŞTI SECTORUL 4",179178,1,PART,PRCNCT,PCJ,PG_SV,"2025-12-07 23:14:55",1280,1262,5,13,0,496,483,0,13,0,486,10,1404,908,52,160,0,109,27,0,0,2,0,0,132,3,0,1,0,0,0
47,"MUNICIPIUL BUCUREŞTI - SECTOR 4","ŞCOALA GIMNAZIALĂ NR. 190",698,"BUCUREŞTI SECTORUL 4",179178,1,PART,PRCNCT,PCJ,PG_SV,"2025-12-07 22:37:29",1538,1516,7,15,0,578,563,0,15,0,573,5,1691,1113,104,152,1,138,36,0,0,1,0,0,135,0,1,0,0,1,4
47,"MUNICIPIUL BUCUREŞTI - SECTOR 4","ŞCOALA GIMNAZIALĂ NR. 190",699,"BUCUREŞTI SECTORUL 4",179178,1,PART,PRCNCT,PCJ,PG_SV,"2025-12-07 22:31:03",1190,1181,1,7,1,435,427,0,7,1,432,3,1300,865,61,116,0,145,23,0,0,0,0,0,84,1,0,1,1,0,0
47,"MUNICIPIUL BUCUREŞTI - SECTOR 4","ŞCOALA GIMNAZIALĂ NR. 190",700,"BUCUREŞTI SECTORUL 4",179178,1,PART,PRCNCT,PCJ,PG_SV,"2025-12-07 22:35:47",1184,1167,7,10,0,503,493,0,10,0,500,3,1300,797,89,110,2,172,33,0,1,1,0,0,89,0,1,1,0,0,1
47,"MUNICIPIUL BUCUREŞTI - SECTOR 4","ŞCOALA GIMNAZIALĂ NR. 190",707,"BUCUREŞTI SECTORUL 4",179178,1,PART,PRCNCT,PCJ,PG_SV,"2025-12-07 22:19:26",1195,1182,6,6,1,383,370,6,6,1,378,5,1300,917,42,98,0,116,17,1,0,1,1,0,96,1,0,3,1,0,1
47,"MUNICIPIUL BUCUREŞTI - SECTOR 4","ŞCOALA GIMNAZIALĂ NR. 190",706,"BUCUREŞTI SECTORUL 4",179178,1,PART,PRCNCT,PCJ,PG_SV,"2025-12-07 23:00:22",1672,1653,8,10,1,724,713,0,10,1,717,7,1800,1076,127,179,1,207,39,0,0,4,0,1,154,0,1,1,1,0,2
47,"MUNICIPIUL BUCUREŞTI - SECTOR 4","ŞCOALA GIMNAZIALĂ NR. 190",705,"BUCUREŞTI SECTORUL 4",179178,1,PART,PRCNCT,PCJ,PG_SV,"2025-12-07 23:10:10",1613,1575,28,10,0,674,664,0,10,0,666,8,1800,1126,91,177,0,209,31,0,0,5,0,0,147,1,1,2,1,0,1
47,"MUNICIPIUL BUCUREŞTI - SECTOR 4","ŞCOALA GIMNAZIALĂ NR. 190",704,"BUCUREŞTI SECTORUL 4",179178,1,PART,PRCNCT,PCJ,PG_SV,"2025-12-07 22:26:46",1163,1147,3,13,0,455,442,0,13,0,451,4,1295,840,64,112,0,139,33,0,1,0,0,1,97,0,1,0,1,2,0
47,"MUNICIPIUL BUCUREŞTI - SECTOR 4","ŞCOALA GIMNAZIALĂ NR. 190",702,"BUCUREŞTI SECTORUL 4",179178,1,PART,PRCNCT,PCJ,PG_SV,"2025-12-07 22:28:26",1179,1164,5,8,2,445,435,0,8,2,442,3,1300,855,61,143,1,122,25,0,0,2,1,0,82,1,0,1,3,0,0
47,"MUNICIPIUL BUCUREŞTI - SECTOR 4","ȘCOALA GIMNAZIALĂ NR. 190",693,"BUCUREŞTI SECTORUL 4",179178,1,PART,PRCNCT,PCJ,PG_SV,"2025-12-07 23:08:06",1613,1567,35,11,0,706,694,1,11,0,705,1,1800,1094,127,187,2,233,42,0,0,0,0,0,106,8,0,0,0,0,0
47,"MUNICIPIUL BUCUREŞTI - SECTOR 4","ȘCOALA GIMNAZIALĂ NR. 190",708,"BUCUREŞTI SECTORUL 4",179178,1,PART,PRCNCT,PCJ,PG_SV,"2025-12-07 22:19:42",1118,1107,1,10,0,334,324,0,10,0,332,2,1200,866,45,98,1,91,16,0,0,1,0,0,79,0,0,0,1,0,0
47,"MUNICIPIUL BUCUREŞTI - SECTOR 4","ȘCOALA GIMNAZIALĂ NR. 190",696,"BUCUREŞTI SECTORUL 4",179178,1,PART,PRCNCT,PCJ,PG_SV,"2025-12-07 22:56:17",1613,1595,10,8,0,787,779,0,8,0,785,2,1800,1013,134,193,2,306,41,0,0,1,0,1,103,0,2,0,0,1,1
47,"MUNICIPIUL BUCUREŞTI - SECTOR 4","ȘCOALA GIMNAZIALĂ NR. 190",695,"BUCUREŞTI SECTORUL 4",179178,1,PART,PRCNCT,PCJ,PG_SV,"2025-12-07 22:30:17",1046,1037,4,5,0,455,450,0,5,0,451,4,1200,745,69,116,0,161,21,0,0,0,1,0,76,3,1,0,0,2,1
47,"MUNICIPIUL BUCUREŞTI - SECTOR 4","ȘCOALA GIMNAZIALĂ NR. 190",694,"BUCUREŞTI SECTORUL 4",179178,1,PART,PRCNCT,PCJ,PG_SV,"2025-12-07 22:39:47",1229,1208,8,13,0,500,487,0,13,0,498,2,1300,800,85,112,1,171,28,1,0,0,1,0,95,1,2,0,1,0,0
47,"MUNICIPIUL BUCUREŞTI - SECTOR 4","ȘCOALA GIMNAZIALĂ NR. 190",697,"BUCUREŞTI SECTORUL 4",179178,1,PART,PRCNCT,PCJ,PG_SV,"2025-12-07 23:51:01",1442,1422,9,11,0,624,613,0,11,0,619,5,1590,966,91,144,0,221,33,0,2,1,0,0,119,2,2,1,1,1,1
44,"MUNICIPIUL BUCUREŞTI - SECTOR 1","SCOALA GIMNAZIALĂ NR. 192",163,"BUCUREŞTI SECTORUL 1",179141,1,PART,PRCNCT,PCJ,PG_SV,"2025-12-07 23:29:17",1570,1551,7,12,0,580,567,1,12,0,573,7,1710,1130,95,111,2,219,38,0,0,1,0,0,101,0,3,1,1,1,0
44,"MUNICIPIUL BUCUREŞTI - SECTOR 1","ŞCOALA GIMNAZIALĂ NR.192",165,"BUCUREŞTI SECTORUL 1",179141,1,PART,PRCNCT,PCJ,PG_SV,"2025-12-07 23:09:42",1541,1528,6,7,0,560,552,1,7,0,550,10,1700,1140,103,95,2,204,30,1,0,1,0,0,111,0,1,0,0,1,1
44,"MUNICIPIUL BUCUREŞTI - SECTOR 1","ȘCOALA GIMNAZIALĂ NR.192",164,"BUCUREŞTI SECTORUL 1",179141,1,PART,PRCNCT,PCJ,PG_SV,"2025-12-07 22:57:53",1685,1648,10,20,7,686,659,0,20,7,675,11,1830,1144,124,91,1,298,53,0,0,2,0,1,102,1,0,0,1,0,1
49,"MUNICIPIUL BUCUREŞTI - SECTOR 6","ŞCOALA GIMNAZIALĂ NR.193",1079,"BUCUREŞTI SECTORUL 6",179196,1,PART,PRCNCT,PCJ,PG_SV,"2025-12-07 22:15:41",1012,992,12,8,0,413,405,0,8,0,410,3,1000,587,57,69,0,194,23,0,1,1,0,0,61,0,2,0,0,0,2
49,"MUNICIPIUL BUCUREŞTI - SECTOR 6","ŞCOALA GIMNAZIALĂ NR.193",1080,"BUCUREŞTI SECTORUL 6",179196,2,PART,PRCNCT,PCJ,PG_SV,"2025-12-08 01:22:08",1035,1024,6,5,0,453,448,0,5,0,451,2,1000,547,46,68,1,225,20,0,1,0,1,0,87,1,0,1,0,0,0
49,"MUNICIPIUL BUCUREŞTI - SECTOR 6","ŞCOALA GIMNAZIALĂ NR.193",1081,"BUCUREŞTI SECTORUL 6",179196,1,PART,PRCNCT,PCJ,PG_SV,"2025-12-07 23:10:02",873,860,3,10,0,339,329,0,10,0,334,5,1000,661,39,43,1,175,14,0,1,1,0,0,59,0,0,0,0,1,0
49,"MUNICIPIUL BUCUREŞTI - SECTOR 6","ŞCOALA GIMNAZIALĂ NR.193",1082,"BUCUREŞTI SECTORUL 6",179196,1,PART,PRCNCT,PCJ,PG_SV,"2025-12-07 23:13:17",1097,1088,4,5,0,448,443,0,5,0,443,5,1000,552,45,62,1,231,19,0,0,0,0,0,80,1,1,0,1,2,0
47,"MUNICIPIUL BUCUREŞTI - SECTOR 4","ŞCOALA GIMNAZIALĂ NR. 194",786,"BUCUREŞTI SECTORUL 4",179178,1,PART,PRCNCT,PCJ,PG_SV,"2025-12-07 22:30:10",1051,1038,4,9,0,357,348,0,9,0,357,0,1200,843,49,113,1,91,11,0,0,1,1,1,87,0,0,0,0,1,1
47,"MUNICIPIUL BUCUREŞTI - SECTOR 4","ŞCOALA GIMNAZIALĂ NR. 194",785,"BUCUREŞTI SECTORUL 4",179178,1,PART,PRCNCT,PCJ,PG_SV,"2025-12-07 23:33:11",1402,1386,3,13,0,533,520,0,13,0,529,4,1500,967,77,174,0,128,30,0,0,1,1,1,109,2,1,1,4,0,0
47,"MUNICIPIUL BUCUREŞTI - SECTOR 4","ŞCOALA GIMNAZIALĂ NR. 194",787,"BUCUREŞTI SECTORUL 4",179178,1,PART,PRCNCT,PCJ,PG_SV,"2025-12-07 22:51:01",1111,1095,3,8,5,470,457,0,8,5,466,4,1200,730,69,143,2,117,32,1,1,3,0,2,93,0,1,1,1,0,0
47,"MUNICIPIUL BUCUREŞTI - SECTOR 4","ŞCOALA GIMNAZIALĂ NR. 194",782,"BUCUREŞTI SECTORUL 4",179178,1,PART,PRCNCT,PCJ,PG_SV,"2025-12-07 22:12:26",936,928,1,7,0,365,357,1,7,0,363,2,1000,635,63,92,2,88,42,0,1,1,0,1,70,1,1,0,1,0,0
47,"MUNICIPIUL BUCUREŞTI - SECTOR 4","ŞCOALA GIMNAZIALĂ NR. 194",783,"BUCUREŞTI SECTORUL 4",179178,2,PART,PRCNCT,PCJ,PG_SV,"2025-12-08 02:06:04",834,827,0,7,0,312,305,0,7,0,308,4,900,588,45,106,1,69,22,0,0,0,0,1,62,0,0,0,0,1,1
47,"MUNICIPIUL BUCUREŞTI - SECTOR 4","ŞCOALA GIMNAZIALĂ NR. 194",784,"BUCUREŞTI SECTORUL 4",179178,1,PART,PRCNCT,PCJ,PG_SV,"2025-12-07 22:26:13",1155,1142,2,11,0,452,441,0,11,0,446,6,1300,848,73,121,0,124,30,0,0,0,0,1,93,0,2,0,1,0,1
47,"MUNICIPIUL BUCUREŞTI - SECTOR 4","ȘCOALA GIMNAZIALĂ NR. 194",788,"BUCUREŞTI SECTORUL 4",179178,1,PART,PRCNCT,PCJ,PG_SV,"2025-12-07 22:42:27",910,897,3,10,0,318,308,0,10,0,317,1,1000,682,47,102,1,85,14,0,2,0,0,0,65,0,0,0,0,1,0
47,"MUNICIPIUL BUCUREŞTI - SECTOR 4","ȘCOALA GIMNAZIALĂ NR. 194",789,"BUCUREŞTI SECTORUL 4",179178,1,PART,PRCNCT,PCJ,PG_SV,"2025-12-07 22:35:04",1104,1092,1,11,0,400,389,0,11,0,396,4,1200,800,60,125,2,88,15,3,1,1,2,1,96,0,0,1,0,0,1
46,"MUNICIPIUL BUCUREŞTI - SECTOR 3","ŞCOALA GIMNAZIALĂ NR.195;",501,"BUCUREŞTI SECTORUL 3",179169,2,PART,PRCNCT,PCJ,PG_SV,"2025-12-08 06:58:09",990,962,22,6,0,348,342,0,6,0,346,2,1000,652,84,62,0,114,17,0,0,1,0,0,63,3,0,2,0,0,0
46,"MUNICIPIUL BUCUREŞTI - SECTOR 3","ŞCOALA GIMNAZIALĂ NR.195;",499,"BUCUREŞTI SECTORUL 3",179169,2,PART,PRCNCT,PCJ,PG_SV,"2025-12-08 00:14:48",1057,1043,3,8,3,458,447,0,8,3,454,4,1200,742,88,67,2,181,35,3,1,0,1,1,70,4,0,1,0,0,0
46,"MUNICIPIUL BUCUREŞTI - SECTOR 3","ŞCOALA GIMNAZIALĂ NR.195;",498,"BUCUREŞTI SECTORUL 3",179169,1,PART,PRCNCT,PCJ,PG_SV,"2025-12-07 22:33:46",1106,1096,3,7,0,494,487,0,7,0,486,8,1200,706,108,77,1,187,35,1,1,0,1,0,73,0,0,0,0,2,0
46,"MUNICIPIUL BUCUREŞTI - SECTOR 3","ŞCOALA GIMNAZIALĂ NR.195;",497,"BUCUREŞTI SECTORUL 3",179169,1,PART,PRCNCT,PCJ,PG_SV,"2025-12-07 22:19:28",1150,1138,5,7,0,503,496,0,7,0,499,4,1200,697,107,66,1,223,41,3,0,1,0,0,55,0,1,0,0,0,1
46,"MUNICIPIUL BUCUREŞTI - SECTOR 3","ŞCOALA GIMNAZIALĂ NR.195;",500,"BUCUREŞTI SECTORUL 3",179169,2,PART,PRCNCT,PCJ,PG_SV,"2025-12-08 03:25:47",914,901,7,6,0,353,347,0,6,0,350,3,1000,647,65,60,1,140,14,0,0,2,1,0,63,1,1,2,0,0,0
49,"MUNICIPIUL BUCUREŞTI - SECTOR 6","ŞCOALA GIMNAZIALĂ NR.197",1071,"BUCUREŞTI SECTORUL 6",179196,1,PART,PRCNCT,PCJ,PG_SV,"2025-12-07 22:50:54",1492,1471,14,7,0,667,660,0,7,0,663,4,1402,735,68,93,0,362,34,0,0,2,0,0,101,1,0,0,0,1,1
49,"MUNICIPIUL BUCUREŞTI - SECTOR 6","ŞCOALA GIMNAZIALĂ NR.197",1075,"BUCUREŞTI SECTORUL 6",179196,2,PART,PRCNCT,PCJ,PG_SV,"2025-12-08 04:40:53",1075,1045,20,10,0,409,398,1,10,0,403,6,1000,591,48,51,0,219,24,1,0,0,1,0,54,2,1,1,0,1,0
49,"MUNICIPIUL BUCUREŞTI - SECTOR 6","ŞCOALA GIMNAZIALĂ NR.197",1074,"BUCUREŞTI SECTORUL 6",179196,1,PART,PRCNCT,PCJ,PG_SV,"2025-12-07 23:21:36",1266,1250,1,15,0,577,562,0,15,0,573,4,1200,623,67,98,1,286,30,0,0,0,0,0,85,1,1,2,1,0,1
49,"MUNICIPIUL BUCUREŞTI - SECTOR 6","ŞCOALA GIMNAZIALĂ NR.197",1073,"BUCUREŞTI SECTORUL 6",179196,2,PART,PRCNCT,PCJ,PG_SV,"2025-12-08 01:21:38",926,914,2,10,0,393,383,0,10,0,389,4,1000,607,20,57,0,211,20,0,0,0,1,0,77,1,0,0,2,0,0
49,"MUNICIPIUL BUCUREŞTI - SECTOR 6","ŞCOALA GIMNAZIALĂ NR.197",1072,"BUCUREŞTI SECTORUL 6",179196,1,PART,PRCNCT,PCJ,PG_SV,"2025-12-07 22:36:31",992,974,12,6,0,406,400,0,6,0,405,1,1000,594,45,45,0,227,17,0,0,0,0,0,70,0,0,0,0,1,0
49,"MUNICIPIUL BUCUREŞTI - SECTOR 6","ŞCOALA GIMNAZIALĂ NR.197",1077,"BUCUREŞTI SECTORUL 6",179196,1,PART,PRCNCT,PCJ,PG_SV,"2025-12-07 23:20:40",877,860,11,6,0,332,326,0,6,0,332,0,800,468,42,49,0,163,18,0,0,2,0,0,56,1,0,1,0,0,0
49,"MUNICIPIUL BUCUREŞTI - SECTOR 6","ŞCOALA GIMNAZIALĂ NR.197",1076,"BUCUREŞTI SECTORUL 6",179196,1,PART,PRCNCT,PCJ,PG_SV,"2025-12-07 21:59:46",1013,1004,2,7,0,427,420,0,7,0,425,2,1000,573,36,84,0,196,28,0,1,0,0,0,78,1,0,0,0,1,0
49,"MUNICIPIUL BUCUREŞTI - SECTOR 6","ŞCOALA GIMNAZIALĂ NR.198",1187,"BUCUREŞTI SECTORUL 6",179196,1,PART,PRCNCT,PCJ,PG_SV,"2025-12-07 22:00:28",1671,1632,32,7,0,533,526,0,7,0,532,1,1600,1067,41,89,1,271,22,0,0,1,0,0,103,1,1,1,0,1,0
49,"MUNICIPIUL BUCUREŞTI - SECTOR 6","ŞCOALA GIMNAZIALĂ NR.198",1191,"BUCUREŞTI SECTORUL 6",179196,1,PART,PRCNCT,PCJ,PG_SV,"2025-12-07 22:44:10",1671,1662,3,6,0,650,644,0,6,0,643,7,1600,950,78,75,0,300,46,1,1,1,1,1,136,0,0,1,1,1,0
49,"MUNICIPIUL BUCUREŞTI - SECTOR 6","ŞCOALA GIMNAZIALĂ NR.198",1190,"BUCUREŞTI SECTORUL 6",179196,1,PART,PRCNCT,PCJ,PG_SV,"2025-12-07 22:39:05",1631,1616,4,9,2,597,586,0,9,2,596,1,1600,1003,60,90,1,279,21,1,0,0,1,0,139,1,2,1,0,0,0
49,"MUNICIPIUL BUCUREŞTI - SECTOR 6","ŞCOALA GIMNAZIALĂ NR.198",1189,"BUCUREŞTI SECTORUL 6",179196,2,PART,PRCNCT,PCJ,PG_SV,"2025-12-08 04:13:58",1382,1361,12,9,0,575,566,0,9,0,572,3,1399,824,59,72,2,261,31,0,1,0,0,0,143,0,2,1,0,0,0
49,"MUNICIPIUL BUCUREŞTI - SECTOR 6","ŞCOALA GIMNAZIALĂ NR.198",1188,"BUCUREŞTI SECTORUL 6",179196,2,PART,PRCNCT,PCJ,PG_SV,"2025-12-08 03:53:55",1314,1302,7,5,0,462,457,0,5,0,460,2,1402,940,41,97,0,194,22,1,0,1,0,0,101,2,1,0,0,0,0
49,"MUNICIPIUL BUCUREŞTI - SECTOR 6","ŞCOALA GIMNAZIALĂ NR.198",1186,"BUCUREŞTI SECTORUL 6",179196,1,PART,PRCNCT,PCJ,PG_SV,"2025-12-07 22:06:39",1646,1623,16,7,0,572,565,0,7,0,570,2,1600,1028,65,102,0,257,23,0,0,1,0,0,122,0,0,0,0,0,0
48,"MUNICIPIUL BUCUREŞTI - SECTOR 5","ȘCOALA GIMNAZIALĂ NR.2",878,"BUCUREŞTI SECTORUL 5",179187,1,PART,PRCNCT,PCJ,PG_SV,"2025-12-07 21:51:15",1361,1351,3,7,0,287,280,0,7,0,284,3,1400,1113,29,72,2,48,13,0,0,0,0,0,118,1,0,0,0,1,0
48,"MUNICIPIUL BUCUREŞTI - SECTOR 5","ȘCOALA GIMNAZIALĂ NR.2",874,"BUCUREŞTI SECTORUL 5",179187,1,PART,PRCNCT,PCJ,PG_SV,"2025-12-07 22:03:29",1202,1164,0,38,0,266,228,0,38,0,260,6,1400,1134,18,75,2,36,13,0,0,0,0,1,113,0,1,0,1,0,0
48,"MUNICIPIUL BUCUREŞTI - SECTOR 5","ȘCOALA GIMNAZIALĂ NR.2",875,"BUCUREŞTI SECTORUL 5",179187,1,PART,PRCNCT,PCJ,PG_SV,"2025-12-07 22:40:06",1386,1371,0,14,1,292,277,0,14,1,286,6,1400,1108,19,77,4,41,26,0,0,0,0,0,116,0,1,1,0,1,0
48,"MUNICIPIUL BUCUREŞTI - SECTOR 5","ȘCOALA GIMNAZIALĂ NR.2",876,"BUCUREŞTI SECTORUL 5",179187,1,PART,PRCNCT,PCJ,PG_SV,"2025-12-07 21:57:01",1158,1139,5,13,1,277,263,0,13,1,273,4,1200,923,28,68,1,40,19,2,0,2,0,0,109,0,0,0,1,3,0
48,"MUNICIPIUL BUCUREŞTI - SECTOR 5","ȘCOALA GIMNAZIALĂ NR.2",877,"BUCUREŞTI SECTORUL 5",179187,1,PART,PRCNCT,PCJ,PG_SV,"2025-12-07 22:24:26",1007,998,3,6,0,207,201,0,6,0,203,4,1200,993,13,46,2,28,22,1,0,0,0,2,87,0,0,1,1,0,0
46,"MUNICIPIUL BUCUREŞTI - SECTOR 3","ŞCOALA GIMNAZIALĂ NR.20;",539,"BUCUREŞTI SECTORUL 3",179169,2,PART,PRCNCT,PCJ,PG_SV,"2025-12-08 01:47:23",1811,1793,5,10,3,611,598,0,10,3,608,3,2000,1389,125,114,0,185,43,2,0,1,0,1,131,0,1,1,2,1,1
46,"MUNICIPIUL BUCUREŞTI - SECTOR 3","ŞCOALA GIMNAZIALĂ NR.20;",540,"BUCUREŞTI SECTORUL 3",179169,1,PART,PRCNCT,PCJ,PG_SV,"2025-12-07 22:22:26",1477,1466,3,8,0,588,580,0,8,0,584,4,1600,1012,101,98,1,184,63,1,1,0,0,1,124,3,1,2,1,2,1
46,"MUNICIPIUL BUCUREŞTI - SECTOR 3","ŞCOALA GIMNAZIALĂ NR.20;",541,"BUCUREŞTI SECTORUL 3",179169,1,PART,PRCNCT,PCJ,PG_SV,"2025-12-07 22:54:46",1723,1707,7,9,0,569,560,0,9,0,567,2,1800,1231,103,120,3,166,29,0,1,2,0,0,135,0,4,1,2,1,0
46,"MUNICIPIUL BUCUREŞTI - SECTOR 3","ŞCOALA GIMNAZIALĂ NR.20;",542,"BUCUREŞTI SECTORUL 3",179169,1,PART,PRCNCT,PCJ,PG_SV,"2025-12-07 22:41:08",1726,1717,2,7,0,625,618,0,7,0,619,6,2000,1375,90,124,1,186,36,0,2,2,0,1,167,1,3,2,1,3,0
46,"MUNICIPIUL BUCUREŞTI - SECTOR 3","ŞCOALA GIMNAZIALĂ NR.20;",543,"BUCUREŞTI SECTORUL 3",179169,1,PART,PRCNCT,PCJ,PG_SV,"2025-12-07 22:26:51",1350,1331,12,7,0,486,479,0,7,0,478,8,1400,914,78,120,1,113,39,0,1,2,0,1,114,0,4,4,0,0,1
46,"MUNICIPIUL BUCUREŞTI - SECTOR 3","ŞCOALA GIMNAZIALĂ NR.20;",538,"BUCUREŞTI SECTORUL 3",179169,2,PART,PRCNCT,PCJ,PG_SV,"2025-12-08 04:23:38",1310,1299,4,7,0,442,435,0,7,0,439,3,1400,958,63,103,2,124,30,1,0,1,0,0,112,1,1,0,0,0,1
46,"MUNICIPIUL BUCUREŞTI - SECTOR 3","ŞCOALA GIMNAZIALĂ NR.200;",563,"BUCUREŞTI SECTORUL 3",179169,1,PART,PRCNCT,PCJ,PG_SV,"2025-12-07 22:01:27",1486,1477,3,6,0,566,559,1,6,0,563,3,1600,1034,106,113,1,165,40,1,0,1,1,0,133,0,0,1,0,1,0
46,"MUNICIPIUL BUCUREŞTI - SECTOR 3","ŞCOALA GIMNAZIALĂ NR.200;",566,"BUCUREŞTI SECTORUL 3",179169,2,PART,PRCNCT,PCJ,PG_SV,"2025-12-08 04:34:30",1334,1327,2,5,0,378,373,0,5,0,371,7,1398,1020,66,89,0,79,32,1,3,1,1,0,92,1,0,0,0,4,2
46,"MUNICIPIUL BUCUREŞTI - SECTOR 3","ŞCOALA GIMNAZIALĂ NR.200;",565,"BUCUREŞTI SECTORUL 3",179169,2,PART,PRCNCT,PCJ,PG_SV,"2025-12-08 03:58:02",1410,1402,4,4,0,415,411,0,4,0,408,7,1600,1185,71,95,1,103,31,0,0,0,1,1,102,1,1,0,0,0,1
46,"MUNICIPIUL BUCUREŞTI - SECTOR 3","ŞCOALA GIMNAZIALĂ NR.200;",564,"BUCUREŞTI SECTORUL 3",179169,3,PART,PRCNCT,PCJ,PG_SV,"2025-12-08 04:20:06",1716,1697,8,5,6,623,612,0,5,6,616,7,1800,1177,144,103,1,213,42,1,0,0,1,0,98,1,3,1,0,3,5
46,"MUNICIPIUL BUCUREŞTI - SECTOR 3","ŞCOALA GIMNAZIALĂ NR.200;",568,"BUCUREŞTI SECTORUL 3",179169,1,PART,PRCNCT,PCJ,PG_SV,"2025-12-07 22:21:02",1691,1676,9,6,0,634,628,0,6,0,628,6,1800,1166,133,108,2,233,54,2,0,0,0,1,88,0,4,0,2,0,1
46,"MUNICIPIUL BUCUREŞTI - SECTOR 3","ŞCOALA GIMNAZIALĂ NR.200;",562,"BUCUREŞTI SECTORUL 3",179169,1,PART,PRCNCT,PCJ,PG_SV,"2025-12-07 22:21:22",1558,1547,7,4,0,604,600,0,4,0,600,4,1800,1196,79,167,3,160,58,0,0,1,0,2,123,2,1,2,1,0,1
46,"MUNICIPIUL BUCUREŞTI - SECTOR 3","ŞCOALA GIMNAZIALĂ NR.200;",567,"BUCUREŞTI SECTORUL 3",179169,1,PART,PRCNCT,PCJ,PG_SV,"2025-12-07 21:49:14",1276,1253,15,8,0,348,340,0,8,0,346,2,1398,1050,49,75,0,115,18,0,0,0,0,0,85,1,1,1,1,0,0
49,"MUNICIPIUL BUCUREŞTI - SECTOR 6","ŞCOALA GIMNAZIALĂ NR.206",1149,"BUCUREŞTI SECTORUL 6",179196,1,PART,PRCNCT,PCJ,PG_SV,"2025-12-07 22:41:23",1409,1395,5,9,0,472,463,0,9,0,465,7,1398,926,38,92,0,240,20,0,0,0,0,0,74,0,0,0,0,0,1
49,"MUNICIPIUL BUCUREŞTI - SECTOR 6","ŞCOALA GIMNAZIALĂ NR.206",1145,"BUCUREŞTI SECTORUL 6",179196,1,PART,PRCNCT,PCJ,PG_SV,"2025-12-07 23:07:20",1210,1199,3,8,0,459,451,0,8,0,456,3,1201,742,41,67,0,231,20,0,1,1,0,0,92,1,1,1,0,0,0
49,"MUNICIPIUL BUCUREŞTI - SECTOR 6","ŞCOALA GIMNAZIALĂ NR.206",1146,"BUCUREŞTI SECTORUL 6",179196,2,PART,PRCNCT,PCJ,PG_SV,"2025-12-08 03:34:05",1321,1312,3,6,0,462,456,0,6,0,457,5,1400,938,37,66,0,224,22,0,0,0,0,0,106,0,0,2,0,0,0
49,"MUNICIPIUL BUCUREŞTI - SECTOR 6","ŞCOALA GIMNAZIALĂ NR.206",1147,"BUCUREŞTI SECTORUL 6",179196,1,PART,PRCNCT,PCJ,PG_SV,"2025-12-07 22:08:21",1348,1338,3,7,0,431,424,0,7,0,429,2,1400,969,34,71,2,210,21,0,0,1,0,0,82,0,0,1,0,4,3
49,"MUNICIPIUL BUCUREŞTI - SECTOR 6","ŞCOALA GIMNAZIALĂ NR.206",1148,"BUCUREŞTI SECTORUL 6",179196,1,PART,PRCNCT,PCJ,PG_SV,"2025-12-07 22:17:29",1196,1183,5,7,1,499,491,0,7,1,499,0,1199,700,27,83,0,291,16,0,0,0,0,0,80,0,1,0,0,0,1
49,"MUNICIPIUL BUCUREŞTI - SECTOR 6","ŞCOALA GIMNAZIALĂ NR.206",1150,"BUCUREŞTI SECTORUL 6",179196,1,PART,PRCNCT,PCJ,PG_SV,"2025-12-07 22:12:43",1374,1362,4,8,0,532,524,0,8,0,528,4,1400,868,42,92,0,275,22,0,0,0,0,0,93,1,1,1,0,0,1
46,"MUNICIPIUL BUCUREŞTI - SECTOR 3","ŞCOALA GIMNAZIALĂ NR. 22;",576,"BUCUREŞTI SECTORUL 3",179169,1,PART,PRCNCT,PCJ,PG_SV,"2025-12-07 22:08:04",1963,1946,6,7,4,597,586,0,7,4,592,5,2200,1603,76,122,1,187,42,1,1,0,2,1,151,1,5,1,1,0,0
46,"MUNICIPIUL BUCUREŞTI - SECTOR 3","ŞCOALA GIMNAZIALĂ NR. 22;",583,"BUCUREŞTI SECTORUL 3",179169,1,PART,PRCNCT,PCJ,PG_SV,"2025-12-07 22:18:27",1709,1693,4,12,0,526,514,0,12,0,524,2,1800,1274,60,123,1,117,33,0,1,0,0,3,175,1,3,4,1,1,1
46,"MUNICIPIUL BUCUREŞTI - SECTOR 3","ŞCOALA GIMNAZIALĂ NR. 22;",582,"BUCUREŞTI SECTORUL 3",179169,1,PART,PRCNCT,PCJ,PG_SV,"2025-12-07 21:53:18",1679,1653,19,7,0,471,463,1,7,0,467,4,1800,1329,76,75,0,148,56,0,0,1,0,0,106,1,0,2,1,1,0
46,"MUNICIPIUL BUCUREŞTI - SECTOR 3","ŞCOALA GIMNAZIALĂ NR. 22;",581,"BUCUREŞTI SECTORUL 3",179169,1,PART,PRCNCT,PCJ,PG_SV,"2025-12-07 21:45:40",1712,1695,9,8,0,558,550,0,8,0,550,8,1800,1242,94,106,0,126,46,1,1,3,1,1,160,0,4,0,3,0,4
46,"MUNICIPIUL BUCUREŞTI - SECTOR 3","ŞCOALA GIMNAZIALĂ NR. 22;",580,"BUCUREŞTI SECTORUL 3",179169,1,PART,PRCNCT,PCJ,PG_SV,"2025-12-07 22:23:07",1623,1612,7,4,0,462,458,0,4,0,455,7,1800,1338,55,92,5,130,39,0,1,0,0,0,128,1,1,1,1,1,0
46,"MUNICIPIUL BUCUREŞTI - SECTOR 3","ŞCOALA GIMNAZIALĂ NR. 22;",579,"BUCUREŞTI SECTORUL 3",179169,2,PART,PRCNCT,PCJ,PG_SV,"2025-12-08 06:09:28",1687,1676,2,9,0,134,125,0,9,0,131,3,1800,1666,14,37,3,22,8,0,0,0,1,0,44,0,0,0,0,1,1
46,"MUNICIPIUL BUCUREŞTI - SECTOR 3","ŞCOALA GIMNAZIALĂ NR. 22;",578,"BUCUREŞTI SECTORUL 3",179169,2,PART,PRCNCT,PCJ,PG_SV,"2025-12-08 05:49:52",1723,1699,16,8,0,560,552,0,8,0,557,3,1800,1240,108,102,1,195,55,0,0,0,0,0,90,1,0,2,1,1,1
46,"MUNICIPIUL BUCUREŞTI - SECTOR 3","ŞCOALA GIMNAZIALĂ NR. 22;",577,"BUCUREŞTI SECTORUL 3",179169,2,PART,PRCNCT,PCJ,PG_SV,"2025-12-08 01:31:06",1621,1604,9,8,0,506,497,1,8,0,500,6,1800,1294,74,104,1,140,34,0,0,0,1,0,140,1,0,3,0,0,2
45,"MUNICIPIUL BUCUREŞTI - SECTOR 2","ŞCOALA GIMNAZIALĂ NR. 24",337,"BUCUREŞTI SECTORUL 2",179150,1,PART,PRCNCT,PCJ,PG_SV,"2025-12-07 22:39:51",1833,1697,91,9,36,684,643,0,9,32,683,1,1800,1116,108,114,1,287,36,0,0,1,0,0,131,1,1,2,0,1,0
45,"MUNICIPIUL BUCUREŞTI - SECTOR 2","ŞCOALA GIMNAZIALĂ NR. 24",340,"BUCUREŞTI SECTORUL 2",179150,1,PART,PRCNCT,PCJ,PG_SV,"2025-12-07 22:29:24",1528,1431,69,10,18,534,505,1,10,18,532,2,1600,1066,83,93,2,237,23,1,0,1,0,0,84,1,1,3,1,1,1
45,"MUNICIPIUL BUCUREŞTI - SECTOR 2","ŞCOALA GIMNAZIALĂ NR. 24",339,"BUCUREŞTI SECTORUL 2",179150,1,PART,PRCNCT,PCJ,PG_SV,"2025-12-07 22:59:47",1313,1288,17,8,0,444,436,0,8,0,439,5,1600,1156,61,66,0,191,29,0,1,0,0,0,86,0,1,3,1,0,0
45,"MUNICIPIUL BUCUREŞTI - SECTOR 2","ŞCOALA GIMNAZIALĂ NR. 24",338,"BUCUREŞTI SECTORUL 2",179150,1,PART,PRCNCT,PCJ,PG_SV,"2025-12-07 22:17:08",1392,1359,24,8,1,511,502,0,8,1,507,4,1600,1089,68,103,1,198,21,0,1,1,0,0,113,0,1,0,0,0,0
45,"MUNICIPIUL BUCUREŞTI - SECTOR 2","ŞCOALA GIMNAZIALĂ NR. 25",292,"BUCUREŞTI SECTORUL 2",179150,1,PART,PRCNCT,PCJ,PG_SV,"2025-12-07 22:13:39",1706,1634,62,10,0,549,539,0,10,0,547,2,1800,1251,88,139,2,189,22,1,1,0,0,0,100,1,0,3,0,0,1
45,"MUNICIPIUL BUCUREŞTI - SECTOR 2","ŞCOALA GIMNAZIALĂ NR. 25",295,"BUCUREŞTI SECTORUL 2",179150,1,PART,PRCNCT,PCJ,PG_SV,"2025-12-07 23:37:30",2447,2127,309,11,0,867,854,2,11,0,865,2,2400,1533,177,146,2,371,58,0,0,0,1,0,102,0,3,2,2,1,0
45,"MUNICIPIUL BUCUREŞTI - SECTOR 2","ŞCOALA GIMNAZIALĂ NR. 25",294,"BUCUREŞTI SECTORUL 2",179150,1,PART,PRCNCT,PCJ,PG_SV,"2025-12-07 22:32:26",1765,1742,13,10,0,578,568,0,10,0,568,10,2000,1422,70,122,0,182,26,0,0,0,0,0,163,0,1,2,0,2,0
45,"MUNICIPIUL BUCUREŞTI - SECTOR 2","ŞCOALA GIMNAZIALĂ NR. 25",293,"BUCUREŞTI SECTORUL 2",179150,1,PART,PRCNCT,PCJ,PG_SV,"2025-12-07 22:42:20",1811,1787,11,11,2,531,518,0,11,2,527,4,2000,1469,72,93,1,171,30,0,0,2,0,1,151,0,1,1,4,0,0
45,"MUNICIPIUL BUCUREŞTI - SECTOR 2","ŞCOALA GIMNAZIALĂ NR. 25 ( FOSTA GRĂDINITĂ NR. 11)",236,"BUCUREŞTI SECTORUL 2",179150,1,PART,PRCNCT,PCJ,PG_SV,"2025-12-07 22:52:10",1612,1550,48,14,0,490,476,0,14,0,484,6,1800,1310,60,119,3,122,27,2,0,7,0,1,137,0,2,3,1,0,0
45,"MUNICIPIUL BUCUREŞTI - SECTOR 2","ŞCOALA GIMNAZIALĂ NR. 25 ( FOSTA GRĂDINITĂ NR. 11)",235,"BUCUREŞTI SECTORUL 2",179150,1,PART,PRCNCT,PCJ,PG_SV,"2025-12-07 22:09:50",1653,1611,25,17,0,495,478,0,17,0,493,2,1800,1305,65,115,0,135,31,0,1,0,0,0,141,1,2,0,1,1,0
45,"MUNICIPIUL BUCUREŞTI - SECTOR 2","ŞCOALA GIMNAZIALĂ NR. 27",200,"BUCUREŞTI SECTORUL 2",179150,1,PART,PRCNCT,PCJ,PG_SV,"2025-12-07 21:57:52",1026,970,47,9,0,387,378,0,9,0,386,1,1200,813,79,74,0,131,22,0,2,0,0,0,77,0,1,0,0,0,0
45,"MUNICIPIUL BUCUREŞTI - SECTOR 2","ŞCOALA GIMNAZIALĂ NR. 27",197,"BUCUREŞTI SECTORUL 2",179150,1,PART,PRCNCT,PCJ,PG_SV,"2025-12-07 22:49:07",1459,1440,11,8,0,524,516,0,8,0,523,1,1600,1076,79,131,1,178,27,0,0,0,0,0,100,1,1,3,0,1,1
45,"MUNICIPIUL BUCUREŞTI - SECTOR 2","ŞCOALA GIMNAZIALĂ NR. 27",196,"BUCUREŞTI SECTORUL 2",179150,1,PART,PRCNCT,PCJ,PG_SV,"2025-12-07 22:36:13",1352,1329,13,7,3,417,407,0,7,3,415,2,1600,1183,68,94,0,122,31,0,0,0,1,2,93,0,4,0,0,0,0
45,"MUNICIPIUL BUCUREŞTI - SECTOR 2","ŞCOALA GIMNAZIALĂ NR. 27",198,"BUCUREŞTI SECTORUL 2",179150,1,PART,PRCNCT,PCJ,PG_SV,"2025-12-07 21:53:51",1287,1140,139,7,1,395,387,0,7,1,394,1,1400,1005,65,74,0,144,21,1,0,0,0,0,83,1,2,1,1,0,1
45,"MUNICIPIUL BUCUREŞTI - SECTOR 2","ŞCOALA GIMNAZIALĂ NR. 27",199,"BUCUREŞTI SECTORUL 2",179150,1,PART,PRCNCT,PCJ,PG_SV,"2025-12-07 22:56:54",1272,1239,21,12,0,436,424,0,12,0,433,3,1400,964,77,89,0,139,34,1,0,1,0,0,87,0,3,0,1,0,1
49,"MUNICIPIUL BUCUREŞTI - SECTOR 6","ŞCOALA GIMNAZIALĂ NR.279",1130,"BUCUREŞTI SECTORUL 6",179196,2,PART,PRCNCT,PCJ,PG_SV,"2025-12-08 03:13:53",1973,1935,29,9,0,683,674,0,9,0,681,2,2202,1519,78,81,2,380,32,0,0,1,0,0,105,0,1,1,0,0,0
49,"MUNICIPIUL BUCUREŞTI - SECTOR 6","ŞCOALA GIMNAZIALĂ NR.279",1124,"BUCUREŞTI SECTORUL 6",179196,1,PART,PRCNCT,PCJ,PG_SV,"2025-12-07 22:38:55",1987,1977,5,5,0,738,733,0,5,0,735,3,2200,1462,60,102,2,421,31,1,0,0,2,0,112,0,1,1,0,0,2
49,"MUNICIPIUL BUCUREŞTI - SECTOR 6","ŞCOALA GIMNAZIALĂ NR.279",1125,"BUCUREŞTI SECTORUL 6",179196,1,PART,PRCNCT,PCJ,PG_SV,"2025-12-07 22:50:16",2025,2012,7,6,0,673,667,0,6,0,667,6,2200,1527,42,81,0,386,45,0,1,0,1,0,110,0,1,0,0,0,0
49,"MUNICIPIUL BUCUREŞTI - SECTOR 6","ŞCOALA GIMNAZIALĂ NR.279",1126,"BUCUREŞTI SECTORUL 6",179196,2,PART,PRCNCT,PCJ,PG_SV,"2025-12-08 03:02:31",1994,1965,22,7,0,781,774,0,7,0,779,2,2200,1419,74,98,0,455,29,0,0,2,0,0,121,0,0,0,0,0,0
49,"MUNICIPIUL BUCUREŞTI - SECTOR 6","ŞCOALA GIMNAZIALĂ NR.279",1127,"BUCUREŞTI SECTORUL 6",179196,1,PART,PRCNCT,PCJ,PG_SV,"2025-12-07 22:57:42",1874,1860,9,5,0,634,628,1,5,0,632,2,2200,1566,34,107,4,335,30,0,0,1,0,0,116,2,2,0,0,1,0
49,"MUNICIPIUL BUCUREŞTI - SECTOR 6","ŞCOALA GIMNAZIALĂ NR.279",1128,"BUCUREŞTI SECTORUL 6",179196,1,PART,PRCNCT,PCJ,PG_SV,"2025-12-07 22:19:46",1795,1788,2,5,0,728,723,0,5,0,724,4,2200,1472,75,89,0,398,28,0,0,0,2,0,128,0,3,0,0,1,0
49,"MUNICIPIUL BUCUREŞTI - SECTOR 6","ŞCOALA GIMNAZIALĂ NR.279",1129,"BUCUREŞTI SECTORUL 6",179196,2,PART,PRCNCT,PCJ,PG_SV,"2025-12-08 05:24:16",1964,1945,10,9,0,641,632,0,9,0,639,2,2201,1560,53,69,1,385,27,0,0,0,1,0,102,0,0,0,0,1,0
45,"MUNICIPIUL BUCUREŞTI - SECTOR 2","ŞCOALA GIMNAZIALĂ NR. 28",167,"BUCUREŞTI SECTORUL 2",179150,1,PART,PRCNCT,PCJ,PG_SV,"2025-12-07 23:01:54",2591,2538,45,8,0,576,568,0,8,0,571,5,2800,2224,106,105,0,229,24,0,1,2,0,0,100,0,1,1,0,1,1
45,"MUNICIPIUL BUCUREŞTI - SECTOR 2","ŞCOALA GIMNAZIALĂ NR. 28",169,"BUCUREŞTI SECTORUL 2",179150,1,PART,PRCNCT,PCJ,PG_SV,"2025-12-07 22:28:03",1506,1372,118,16,0,531,514,1,16,0,528,3,1600,1069,103,102,0,187,29,2,0,0,0,1,101,0,0,2,0,0,1
45,"MUNICIPIUL BUCUREŞTI - SECTOR 2","ŞCOALA GIMNAZIALĂ NR. 28",168,"BUCUREŞTI SECTORUL 2",179150,1,PART,PRCNCT,PCJ,PG_SV,"2025-12-07 22:43:29",1198,1092,26,12,68,512,438,0,12,62,507,5,1199,687,83,90,0,217,17,0,0,3,0,0,95,2,0,0,0,0,0
48,"MUNICIPIUL BUCUREŞTI - SECTOR 5","ȘCOALA GIMNAZIALĂ NR.280",931,"BUCUREŞTI SECTORUL 5",179187,2,PART,PRCNCT,PCJ,PG_SV,"2025-12-08 01:06:36",1022,1007,5,10,0,390,380,0,10,0,386,4,1004,614,46,81,0,136,29,2,0,0,0,0,89,0,1,1,0,1,0
48,"MUNICIPIUL BUCUREŞTI - SECTOR 5","ȘCOALA GIMNAZIALĂ NR.280",932,"BUCUREŞTI SECTORUL 5",179187,1,PART,PRCNCT,PCJ,PG_SV,"2025-12-07 22:01:38",979,967,2,10,0,353,342,1,10,0,351,2,1000,647,36,83,0,113,27,0,1,0,0,0,87,0,1,2,0,1,0
48,"MUNICIPIUL BUCUREŞTI - SECTOR 5","ȘCOALA GIMNAZIALĂ NR.280",933,"BUCUREŞTI SECTORUL 5",179187,1,PART,PRCNCT,PCJ,PG_SV,"2025-12-07 22:45:05",1140,1131,2,7,0,370,363,0,7,0,367,3,1200,830,47,97,2,113,10,1,0,0,0,0,96,0,0,0,0,1,0
48,"MUNICIPIUL BUCUREŞTI - SECTOR 5","ȘCOALA GIMNAZIALĂ NR.280",928,"BUCUREŞTI SECTORUL 5",179187,1,PART,PRCNCT,PCJ,PG_SV,"2025-12-07 22:28:41",1297,1289,0,8,0,451,443,0,8,0,448,3,1400,949,57,97,1,138,32,0,0,0,0,0,120,0,1,0,1,0,1
48,"MUNICIPIUL BUCUREŞTI - SECTOR 5","ȘCOALA GIMNAZIALĂ NR.280",929,"BUCUREŞTI SECTORUL 5",179187,1,PART,PRCNCT,PCJ,PG_SV,"2025-12-07 22:21:03",1058,1044,1,12,1,352,339,0,12,1,350,2,1200,848,31,92,0,100,18,2,1,3,0,0,102,0,1,0,0,0,0
48,"MUNICIPIUL BUCUREŞTI - SECTOR 5","ȘCOALA GIMNAZIALĂ NR.280",930,"BUCUREŞTI SECTORUL 5",179187,1,PART,PRCNCT,PCJ,PG_SV,"2025-12-07 22:16:35",943,933,3,7,0,316,309,0,7,0,311,5,1000,684,44,71,1,109,11,0,1,0,0,0,72,0,2,0,0,0,0
48,"MUNICIPIUL BUCUREŞTI - SECTOR 5","ȘCOALA GIMNAZIALĂ NR.280",934,"BUCUREŞTI SECTORUL 5",179187,1,PART,PRCNCT,PCJ,PG_SV,"2025-12-07 22:51:28",1117,1101,6,9,1,345,335,0,9,1,342,3,1200,855,44,99,1,97,16,2,0,0,0,0,79,0,1,1,0,2,0
48,"MUNICIPIUL BUCUREŞTI - SECTOR 5","ȘCOALA GIMNAZIALĂ NR.280",935,"BUCUREŞTI SECTORUL 5",179187,1,PART,PRCNCT,PCJ,PG_SV,"2025-12-07 22:25:33",971,960,2,9,0,283,274,0,9,0,280,3,1000,717,41,68,3,67,21,0,0,0,1,1,77,0,0,0,0,1,0
45,"MUNICIPIUL BUCUREŞTI - SECTOR 2","ŞCOALA GIMNAZIALĂ NR. 307",345,"BUCUREŞTI SECTORUL 2",179150,2,PART,PRCNCT,PCJ,PG_SV,"2025-12-08 03:45:13",1237,1219,11,7,0,519,512,0,7,0,514,5,1400,881,93,113,0,173,25,1,0,2,0,0,104,0,0,1,1,1,0
45,"MUNICIPIUL BUCUREŞTI - SECTOR 2","ŞCOALA GIMNAZIALĂ NR. 307",346,"BUCUREŞTI SECTORUL 2",179150,1,PART,PRCNCT,PCJ,PG_SV,"2025-12-07 21:59:22",1051,975,71,5,0,282,277,0,5,0,278,4,1200,918,58,53,0,88,24,0,0,0,2,1,52,0,0,0,0,0,0
45,"MUNICIPIUL BUCUREŞTI - SECTOR 2","ŞCOALA GIMNAZIALĂ NR. 307",347,"BUCUREŞTI SECTORUL 2",179150,1,PART,PRCNCT,PCJ,PG_SV,"2025-12-07 22:43:34",1368,1344,17,7,0,545,538,0,7,0,540,5,1600,1055,81,143,1,200,18,1,0,1,0,1,88,0,4,0,2,0,0
47,"MUNICIPIUL BUCUREŞTI - SECTOR 4","ŞCOALA GIMNAZIALĂ NR. 308",808,"BUCUREŞTI SECTORUL 4",179178,1,PART,PRCNCT,PCJ,PG_SV,"2025-12-07 22:22:10",1228,1217,4,7,0,459,452,0,7,0,452,7,1300,841,48,144,0,86,19,1,0,1,0,1,145,0,2,2,0,3,0
47,"MUNICIPIUL BUCUREŞTI - SECTOR 4","ŞCOALA GIMNAZIALĂ NR. 308",811,"BUCUREŞTI SECTORUL 4",179178,1,PART,PRCNCT,PCJ,PG_SV,"2025-12-07 22:58:36",1424,1416,1,7,0,420,413,0,7,0,417,3,1600,1180,46,135,2,66,23,0,0,1,0,1,141,0,0,0,0,0,2
47,"MUNICIPIUL BUCUREŞTI - SECTOR 4","ŞCOALA GIMNAZIALĂ NR. 308",810,"BUCUREŞTI SECTORUL 4",179178,1,PART,PRCNCT,PCJ,PG_SV,"2025-12-07 22:05:47",1287,1273,4,10,0,409,399,0,10,0,405,4,1400,991,48,122,0,100,17,0,1,0,0,0,110,1,0,1,3,2,0
47,"MUNICIPIUL BUCUREŞTI - SECTOR 4","ŞCOALA GIMNAZIALĂ NR. 308",806,"BUCUREŞTI SECTORUL 4",179178,1,PART,PRCNCT,PCJ,PG_SV,"2025-12-07 22:42:23",1351,1341,5,5,0,417,412,0,5,0,412,5,1500,1083,43,146,0,74,25,0,1,0,1,0,116,0,2,1,1,1,1
47,"MUNICIPIUL BUCUREŞTI - SECTOR 4","ŞCOALA GIMNAZIALĂ NR. 308",809,"BUCUREŞTI SECTORUL 4",179178,2,PART,PRCNCT,PCJ,PG_SV,"2025-12-08 03:49:20",1123,1114,2,7,0,380,373,0,7,0,373,7,1200,820,43,130,1,81,19,0,0,0,2,0,93,1,3,0,0,0,0
47,"MUNICIPIUL BUCUREŞTI - SECTOR 4","ȘCOALA GIMNAZIALĂ NR. 308",807,"BUCUREŞTI SECTORUL 4",179178,1,PART,PRCNCT,PCJ,PG_SV,"2025-12-07 22:21:45",1302,1289,7,6,0,489,483,0,6,0,484,5,1400,911,62,169,0,98,25,1,0,0,0,0,128,1,0,0,0,0,0
49,"MUNICIPIUL BUCUREŞTI - SECTOR 6","ŞCOALA GIMNAZIALĂ NR.309",1163,"BUCUREŞTI SECTORUL 6",179196,1,PART,PRCNCT,PCJ,PG_SV,"2025-12-07 23:11:03",1829,1789,32,8,0,621,613,0,8,0,618,3,1800,1179,60,75,1,309,35,0,0,0,0,0,133,0,2,0,1,1,1
49,"MUNICIPIUL BUCUREŞTI - SECTOR 6","ŞCOALA GIMNAZIALĂ NR.309",1158,"BUCUREŞTI SECTORUL 6",179196,1,PART,PRCNCT,PCJ,PG_SV,"2025-12-07 22:13:19",1393,1383,1,9,0,481,472,0,9,0,479,2,1400,919,43,88,0,224,22,0,0,0,0,0,94,1,1,4,0,2,0
49,"MUNICIPIUL BUCUREŞTI - SECTOR 6","ŞCOALA GIMNAZIALĂ NR.309",1159,"BUCUREŞTI SECTORUL 6",179196,1,PART,PRCNCT,PCJ,PG_SV,"2025-12-07 22:03:34",1387,1375,2,10,0,427,417,0,10,0,424,3,1400,973,50,65,0,183,20,0,0,0,0,1,103,1,0,1,0,0,0
49,"MUNICIPIUL BUCUREŞTI - SECTOR 6","ŞCOALA GIMNAZIALĂ NR.309",1160,"BUCUREŞTI SECTORUL 6",179196,1,PART,PRCNCT,PCJ,PG_SV,"2025-12-07 22:55:24",1345,1336,2,7,0,464,457,0,7,0,460,4,1400,936,47,91,4,194,20,0,0,0,2,0,99,0,2,0,0,0,1
49,"MUNICIPIUL BUCUREŞTI - SECTOR 6","ŞCOALA GIMNAZIALĂ NR.309",1161,"BUCUREŞTI SECTORUL 6",179196,2,PART,PRCNCT,PCJ,PG_SV,"2025-12-07 23:32:56",1481,1472,2,7,0,447,440,0,7,0,446,1,1603,1156,46,72,0,208,13,0,0,3,2,0,100,0,1,1,0,0,0
49,"MUNICIPIUL BUCUREŞTI - SECTOR 6","ŞCOALA GIMNAZIALĂ NR.309",1162,"BUCUREŞTI SECTORUL 6",179196,1,PART,PRCNCT,PCJ,PG_SV,"2025-12-07 22:37:28",1265,1260,1,4,0,438,434,0,4,0,435,3,1400,962,42,75,0,222,26,0,0,1,1,0,68,0,0,0,0,0,0
45,"MUNICIPIUL BUCUREŞTI - SECTOR 2","ŞCOALA GIMNAZIALĂ NR. 31",182,"BUCUREŞTI SECTORUL 2",179150,1,PART,PRCNCT,PCJ,PG_SV,"2025-12-07 22:32:27",1654,1603,43,8,0,617,609,0,8,0,609,8,1800,1183,87,119,1,230,27,0,0,1,0,0,137,2,4,0,0,0,1
45,"MUNICIPIUL BUCUREŞTI - SECTOR 2","ŞCOALA GIMNAZIALĂ NR. 31",181,"BUCUREŞTI SECTORUL 2",179150,2,PART,PRCNCT,PCJ,PG_SV,"2025-12-08 03:24:48",1994,1933,51,9,1,711,699,2,9,1,702,9,2200,1489,95,146,2,266,34,1,1,0,0,0,149,2,1,2,0,1,2
45,"MUNICIPIUL BUCUREŞTI - SECTOR 2","ŞCOALA GIMNAZIALĂ NR. 31",180,"BUCUREŞTI SECTORUL 2",179150,2,PART,PRCNCT,PCJ,PG_SV,"2025-12-08 01:20:44",1350,1341,0,9,0,492,483,0,9,0,485,7,1600,1108,60,114,2,155,28,0,0,4,1,1,117,1,0,0,1,1,0
45,"MUNICIPIUL BUCUREŞTI - SECTOR 2","ŞCOALA GIMNAZIALĂ NR. 31",184,"BUCUREŞTI SECTORUL 2",179150,1,PART,PRCNCT,PCJ,PG_SV,"2025-12-07 22:30:38",1796,1758,31,7,0,585,577,1,7,0,583,2,2000,1415,73,119,0,246,39,0,1,1,0,0,98,0,0,4,1,0,1
45,"MUNICIPIUL BUCUREŞTI - SECTOR 2","ŞCOALA GIMNAZIALĂ NR. 31",183,"BUCUREŞTI SECTORUL 2",179150,1,PART,PRCNCT,PCJ,PG_SV,"2025-12-07 22:39:34",1594,1542,46,6,0,562,556,0,6,0,560,2,1800,1238,99,110,1,201,33,1,0,1,2,0,110,0,1,0,0,1,0
49,"MUNICIPIUL BUCUREŞTI - SECTOR 6","ŞCOALA GIMNAZIALĂ NR.311",1054,"BUCUREŞTI SECTORUL 6",179196,1,PART,PRCNCT,PCJ,PG_SV,"2025-12-07 22:03:49",1322,1310,1,11,0,468,457,0,11,0,466,2,1400,932,44,82,3,216,19,1,1,1,0,0,94,0,1,0,1,3,0
49,"MUNICIPIUL BUCUREŞTI - SECTOR 6","ŞCOALA GIMNAZIALĂ NR.311",1055,"BUCUREŞTI SECTORUL 6",179196,1,PART,PRCNCT,PCJ,PG_SV,"2025-12-07 22:36:45",1372,1363,3,6,0,589,583,0,6,0,585,4,1400,811,47,98,1,313,18,0,0,2,1,0,100,1,1,2,0,1,0
49,"MUNICIPIUL BUCUREŞTI - SECTOR 6","ŞCOALA GIMNAZIALĂ NR.311",1056,"BUCUREŞTI SECTORUL 6",179196,1,PART,PRCNCT,PCJ,PG_SV,"2025-12-07 22:29:44",1349,1338,5,6,0,587,581,0,6,0,582,5,1397,810,54,96,0,306,22,0,0,1,0,0,101,0,0,1,0,1,0
49,"MUNICIPIUL BUCUREŞTI - SECTOR 6","ŞCOALA GIMNAZIALĂ NR.311",1057,"BUCUREŞTI SECTORUL 6",179196,1,PART,PRCNCT,PCJ,PG_SV,"2025-12-07 22:43:42",1200,1194,1,5,0,481,476,0,5,0,479,2,1200,719,42,66,0,224,25,0,1,1,0,0,118,0,1,1,0,0,0
49,"MUNICIPIUL BUCUREŞTI - SECTOR 6","ŞCOALA GIMNAZIALĂ NR.311",1058,"BUCUREŞTI SECTORUL 6",179196,1,PART,PRCNCT,PCJ,PG_SV,"2025-12-07 22:00:28",1095,1080,11,4,0,479,475,0,4,0,474,5,1200,721,39,80,2,250,18,0,1,0,0,0,83,0,1,0,0,0,0
49,"MUNICIPIUL BUCUREŞTI - SECTOR 6","ŞCOALA GIMNAZIALĂ NR.311",1053,"BUCUREŞTI SECTORUL 6",179196,1,PART,PRCNCT,PCJ,PG_SV,"2025-12-07 22:30:27",1389,1376,4,9,0,594,585,0,9,0,592,2,1400,806,78,92,0,252,29,0,0,1,1,0,136,1,1,0,0,1,0
45,"MUNICIPIUL BUCUREŞTI - SECTOR 2","ŞCOALA GIMNAZIALĂ NR. 32",228,"BUCUREŞTI SECTORUL 2",179150,1,PART,PRCNCT,PCJ,PG_SV,"2025-12-07 21:53:27",1838,1677,150,10,1,512,501,0,10,1,511,1,1800,1288,49,129,0,116,27,0,3,1,1,1,176,2,5,1,0,0,0
45,"MUNICIPIUL BUCUREŞTI - SECTOR 2","ŞCOALA GIMNAZIALĂ NR. 32",227,"BUCUREŞTI SECTORUL 2",179150,1,PART,PRCNCT,PCJ,PG_SV,"2025-12-07 22:02:27",1685,1672,6,7,0,523,516,0,7,0,517,6,1800,1277,72,117,2,141,28,0,0,0,1,0,148,0,5,1,0,1,1
45,"MUNICIPIUL BUCUREŞTI - SECTOR 2","ŞCOALA GIMNAZIALĂ NR. 32",226,"BUCUREŞTI SECTORUL 2",179150,1,PART,PRCNCT,PCJ,PG_SV,"2025-12-07 23:03:07",1723,1669,18,11,25,472,440,0,11,21,470,2,1800,1328,60,106,1,92,29,0,2,2,0,1,171,0,2,1,0,3,0
45,"MUNICIPIUL BUCUREŞTI - SECTOR 2","ŞCOALA GIMNAZIALĂ NR. 32",229,"BUCUREŞTI SECTORUL 2",179150,2,PART,PRCNCT,PCJ,PG_SV,"2025-12-07 23:32:20",2300,2007,284,8,1,491,482,0,8,1,486,5,2202,1711,70,119,0,142,22,0,0,0,0,0,127,0,0,0,1,4,1
45,"MUNICIPIUL BUCUREŞTI - SECTOR 2","ŞCOALA GIMNAZIALĂ NR. 32",230,"BUCUREŞTI SECTORUL 2",179150,1,PART,PRCNCT,PCJ,PG_SV,"2025-12-07 22:07:44",1192,1175,9,8,0,337,328,1,8,0,330,7,1400,1063,38,70,0,90,21,0,4,0,1,0,103,0,3,0,0,0,0
45,"MUNICIPIUL BUCUREŞTI - SECTOR 2","ŞCOALA GIMNAZIALĂ NR. 39",216,"BUCUREŞTI SECTORUL 2",179150,1,PART,PRCNCT,PCJ,PG_SV,"2025-12-07 22:42:14",1542,1474,61,7,0,453,445,1,7,0,452,1,1601,1148,58,125,0,148,28,0,0,0,1,0,88,0,2,0,0,1,1
45,"MUNICIPIUL BUCUREŞTI - SECTOR 2","ŞCOALA GIMNAZIALĂ NR. 39",214,"BUCUREŞTI SECTORUL 2",179150,1,PART,PRCNCT,PCJ,PG_SV,"2025-12-07 21:55:01",1649,1522,123,4,0,527,523,0,4,0,523,4,1600,1073,81,144,0,143,20,0,1,0,1,0,124,1,1,3,0,2,2
45,"MUNICIPIUL BUCUREŞTI - SECTOR 2","ŞCOALA GIMNAZIALĂ NR. 39",213,"BUCUREŞTI SECTORUL 2",179150,1,PART,PRCNCT,PCJ,PG_SV,"2025-12-07 21:51:12",1515,1413,98,4,0,469,465,0,4,0,468,1,1600,1131,50,116,0,150,24,1,0,0,0,0,122,1,0,2,2,0,0
45,"MUNICIPIUL BUCUREŞTI - SECTOR 2","ŞCOALA GIMNAZIALĂ NR. 39",215,"BUCUREŞTI SECTORUL 2",179150,1,PART,PRCNCT,PCJ,PG_SV,"2025-12-07 22:59:12",1867,1673,182,12,0,491,478,1,12,0,489,2,1800,1309,84,121,2,131,33,0,0,1,0,0,116,0,1,0,0,0,0
45,"MUNICIPIUL BUCUREŞTI - SECTOR 2","ŞCOALA GIMNAZIALĂ NR. 39",210,"BUCUREŞTI SECTORUL 2",179150,1,PART,PRCNCT,PCJ,PG_SV,"2025-12-07 22:58:35",1743,1642,91,10,0,620,610,0,10,0,617,3,1801,1181,113,136,2,209,23,0,0,0,0,1,126,1,1,0,2,2,1
45,"MUNICIPIUL BUCUREŞTI - SECTOR 2","ŞCOALA GIMNAZIALĂ NR. 39",211,"BUCUREŞTI SECTORUL 2",179150,1,PART,PRCNCT,PCJ,PG_SV,"2025-12-07 22:13:53",1669,1315,343,11,0,457,446,0,11,0,452,5,1400,943,63,96,0,136,29,1,1,1,0,0,118,1,2,1,1,2,0
45,"MUNICIPIUL BUCUREŞTI - SECTOR 2","ŞCOALA GIMNAZIALĂ NR. 39",212,"BUCUREŞTI SECTORUL 2",179150,1,PART,PRCNCT,PCJ,PG_SV,"2025-12-07 22:03:38",1597,1547,33,6,11,427,410,0,6,11,421,6,1800,1373,43,88,0,111,35,1,0,2,0,0,133,2,0,3,0,2,1
45,"MUNICIPIUL BUCUREŞTI - SECTOR 2","ŞCOALA GIMNAZIALĂ NR. 4",287,"BUCUREŞTI SECTORUL 2",179150,1,PART,PRCNCT,PCJ,PG_SV,"2025-12-07 23:03:40",1537,1514,14,9,0,530,521,0,9,0,522,8,1600,1070,85,117,0,172,24,0,0,0,0,1,116,1,4,0,1,0,1
45,"MUNICIPIUL BUCUREŞTI - SECTOR 2","ŞCOALA GIMNAZIALĂ NR. 4",288,"BUCUREŞTI SECTORUL 2",179150,2,PART,PRCNCT,PCJ,PG_SV,"2025-12-08 01:08:20",1564,1533,22,9,0,524,515,0,9,0,520,4,1800,1276,69,141,2,150,28,0,0,1,0,1,119,2,3,1,1,1,1
45,"MUNICIPIUL BUCUREŞTI - SECTOR 2","ŞCOALA GIMNAZIALĂ NR. 4",289,"BUCUREŞTI SECTORUL 2",179150,1,PART,PRCNCT,PCJ,PG_SV,"2025-12-07 22:37:25",1617,1610,0,7,0,577,570,0,7,0,573,4,1800,1223,82,131,1,162,33,0,0,1,2,1,156,0,0,2,0,1,1
45,"MUNICIPIUL BUCUREŞTI - SECTOR 2","ŞCOALA GIMNAZIALĂ NR. 4",290,"BUCUREŞTI SECTORUL 2",179150,2,PART,PRCNCT,PCJ,PG_SV,"2025-12-08 01:37:38",1813,1790,16,7,0,642,635,0,7,0,639,3,2000,1358,102,150,0,216,33,0,0,1,1,1,132,0,1,2,0,0,0
45,"MUNICIPIUL BUCUREŞTI - SECTOR 2","ŞCOALA GIMNAZIALĂ NR. 4",291,"BUCUREŞTI SECTORUL 2",179150,1,PART,PRCNCT,PCJ,PG_SV,"2025-12-07 22:17:12",1339,1327,5,7,0,467,460,0,7,0,463,4,1600,1133,65,125,0,157,24,1,0,0,0,0,87,1,0,2,0,0,1
45,"MUNICIPIUL BUCUREŞTI - SECTOR 2","ŞCOALA GIMNAZIALĂ NR. 40",222,"BUCUREŞTI SECTORUL 2",179150,1,PART,PRCNCT,PCJ,PG_SV,"2025-12-07 22:02:29",1852,1835,15,2,0,488,486,0,2,0,485,3,2000,1512,57,117,1,92,27,0,1,1,2,0,181,1,1,2,0,1,1
45,"MUNICIPIUL BUCUREŞTI - SECTOR 2","ŞCOALA GIMNAZIALĂ NR. 40",219,"BUCUREŞTI SECTORUL 2",179150,1,PART,PRCNCT,PCJ,PG_SV,"2025-12-07 22:11:13",1629,1609,11,9,0,513,504,0,9,0,507,6,1800,1287,64,120,0,127,29,1,3,1,1,0,157,0,0,2,1,1,0
45,"MUNICIPIUL BUCUREŞTI - SECTOR 2","ŞCOALA GIMNAZIALĂ NR. 40",220,"BUCUREŞTI SECTORUL 2",179150,1,PART,PRCNCT,PCJ,PG_SV,"2025-12-07 22:04:39",1650,1561,84,5,0,454,449,0,5,0,451,3,1800,1346,60,84,2,107,19,0,1,1,0,1,172,1,2,0,0,1,0
45,"MUNICIPIUL BUCUREŞTI - SECTOR 2","ŞCOALA GIMNAZIALĂ NR. 40",221,"BUCUREŞTI SECTORUL 2",179150,1,PART,PRCNCT,PCJ,PG_SV,"2025-12-07 22:15:56",1924,1904,19,1,0,517,516,0,1,0,510,7,2000,1483,79,116,0,108,21,0,1,0,1,0,176,1,2,4,1,0,0
45,"MUNICIPIUL BUCUREŞTI - SECTOR 2","ŞCOALA GIMNAZIALĂ NR. 40",217,"BUCUREŞTI SECTORUL 2",179150,1,PART,PRCNCT,PCJ,PG_SV,"2025-12-07 22:27:23",1724,1704,13,7,0,439,432,0,7,0,433,6,1800,1361,49,92,1,82,21,0,0,0,0,1,181,1,1,3,0,0,1
45,"MUNICIPIUL BUCUREŞTI - SECTOR 2","ŞCOALA GIMNAZIALĂ NR. 40",218,"BUCUREŞTI SECTORUL 2",179150,2,PART,PRCNCT,PCJ,PG_SV,"2025-12-08 00:29:42",1642,1636,2,4,0,456,452,0,4,0,451,5,1800,1344,68,121,3,91,13,0,1,1,0,0,149,1,1,1,1,0,0
45,"MUNICIPIUL BUCUREŞTI - SECTOR 2","ŞCOALA GIMNAZIALĂ NR. 41",223,"BUCUREŞTI SECTORUL 2",179150,1,PART,PRCNCT,PCJ,PG_SV,"2025-12-07 21:56:28",1733,1690,35,8,0,407,399,0,8,0,406,1,1800,1393,41,94,3,79,19,0,1,1,0,0,160,1,2,2,2,1,0
45,"MUNICIPIUL BUCUREŞTI - SECTOR 2","ŞCOALA GIMNAZIALĂ NR. 41",225,"BUCUREŞTI SECTORUL 2",179150,2,PART,PRCNCT,PCJ,PG_SV,"2025-12-08 00:24:20",1851,1839,8,4,0,552,548,0,4,0,543,9,1875,1323,72,132,3,114,28,0,1,2,0,0,183,0,5,0,1,0,2
45,"MUNICIPIUL BUCUREŞTI - SECTOR 2","ŞCOALA GIMNAZIALĂ NR. 41",224,"BUCUREŞTI SECTORUL 2",179150,1,PART,PRCNCT,PCJ,PG_SV,"2025-12-07 21:59:12",1842,1834,2,6,0,432,426,0,6,0,426,6,2000,1568,44,76,2,91,23,2,1,1,1,0,177,0,4,2,0,0,2
45,"MUNICIPIUL BUCUREŞTI - SECTOR 2","ŞCOALA GIMNAZIALĂ NR. 46",328,"BUCUREŞTI SECTORUL 2",179150,1,PART,PRCNCT,PCJ,PG_SV,"2025-12-07 22:05:32",1764,1747,7,8,2,731,721,0,8,2,723,8,2000,1269,103,171,0,227,38,2,0,3,2,0,170,2,1,1,0,1,2
45,"MUNICIPIUL BUCUREŞTI - SECTOR 2","ŞCOALA GIMNAZIALĂ NR. 46",327,"BUCUREŞTI SECTORUL 2",179150,1,PART,PRCNCT,PCJ,PG_SV,"2025-12-07 22:09:54",1509,1503,1,5,0,590,585,0,5,0,589,1,1600,1010,75,140,0,192,40,0,0,3,0,0,132,2,2,1,1,0,1
45,"MUNICIPIUL BUCUREŞTI - SECTOR 2","ŞCOALA GIMNAZIALĂ NR. 46",326,"BUCUREŞTI SECTORUL 2",179150,1,PART,PRCNCT,PCJ,PG_SV,"2025-12-07 22:04:32",1408,1385,18,5,0,505,500,0,5,0,501,4,1600,1095,72,119,1,153,31,1,2,0,1,0,111,0,4,3,0,2,1
45,"MUNICIPIUL BUCUREŞTI - SECTOR 2","ŞCOALA GIMNAZIALĂ NR. 46",325,"BUCUREŞTI SECTORUL 2",179150,1,PART,PRCNCT,PCJ,PG_SV,"2025-12-07 22:10:31",1372,1356,5,11,0,505,494,0,11,0,503,2,1600,1095,83,108,2,142,27,0,1,3,1,0,132,0,1,0,1,1,1
46,"MUNICIPIUL BUCUREŞTI - SECTOR 3","ŞCOALA GIMNAZIALĂ NR.47;",650,"BUCUREŞTI SECTORUL 3",179169,1,PART,PRCNCT,PCJ,PG_SV,"2025-12-07 21:46:47",1644,1630,6,8,0,195,187,0,8,0,194,1,1800,1605,18,47,1,20,12,0,1,1,0,0,94,0,0,0,0,0,0
46,"MUNICIPIUL BUCUREŞTI - SECTOR 3","ŞCOALA GIMNAZIALĂ NR.47;",648,"BUCUREŞTI SECTORUL 3",179169,1,PART,PRCNCT,PCJ,PG_SV,"2025-12-07 21:39:00",3046,3041,0,5,0,8,3,0,5,0,8,0,3400,3392,1,2,0,2,0,0,0,1,0,0,2,0,0,0,0,0,0
46,"MUNICIPIUL BUCUREŞTI - SECTOR 3","ŞCOALA GIMNAZIALĂ NR.47;",647,"BUCUREŞTI SECTORUL 3",179169,1,PART,PRCNCT,PCJ,PG_SV,"2025-12-07 21:43:35",1578,1569,1,8,0,85,77,0,8,0,83,2,1800,1715,7,13,0,11,4,0,0,1,0,0,45,1,0,0,0,0,1
46,"MUNICIPIUL BUCUREŞTI - SECTOR 3","ŞCOALA GIMNAZIALĂ NR.47;",646,"BUCUREŞTI SECTORUL 3",179169,1,PART,PRCNCT,PCJ,PG_SV,"2025-12-07 21:40:46",1501,1497,0,4,0,42,38,0,4,0,41,1,1600,1558,2,3,0,1,1,0,1,0,0,0,32,1,0,0,0,0,0
46,"MUNICIPIUL BUCUREŞTI - SECTOR 3","ŞCOALA GIMNAZIALĂ NR.47;",645,"BUCUREŞTI SECTORUL 3",179169,1,PART,PRCNCT,PCJ,PG_SV,"2025-12-07 21:36:35",2147,2143,0,4,0,32,28,0,4,0,32,0,2400,2368,3,5,0,4,5,0,0,0,0,1,13,0,1,0,0,0,0
46,"MUNICIPIUL BUCUREŞTI - SECTOR 3","ŞCOALA GIMNAZIALĂ NR.47;",644,"BUCUREŞTI SECTORUL 3",179169,2,PART,PRCNCT,PCJ,PG_SV,"2025-12-08 01:14:34",1523,1517,0,6,0,40,34,0,6,0,40,0,1600,1560,4,15,0,5,1,0,0,0,0,0,14,0,1,0,0,0,0
46,"MUNICIPIUL BUCUREŞTI - SECTOR 3","ŞCOALA GIMNAZIALĂ NR.47;",643,"BUCUREŞTI SECTORUL 3",179169,1,PART,PRCNCT,PCJ,PG_SV,"2025-12-07 21:41:34",2717,2711,0,6,0,86,80,0,6,0,86,0,3000,2914,9,21,1,11,2,0,0,0,0,0,41,0,0,0,1,0,0
46,"MUNICIPIUL BUCUREŞTI - SECTOR 3","ŞCOALA GIMNAZIALĂ NR.47;",642,"BUCUREŞTI SECTORUL 3",179169,1,PART,PRCNCT,PCJ,PG_SV,"2025-12-07 21:27:56",2669,2663,0,6,0,69,63,0,6,0,69,0,3000,2931,7,19,0,10,1,0,0,2,0,0,30,0,0,0,0,0,0
46,"MUNICIPIUL BUCUREŞTI - SECTOR 3","ŞCOALA GIMNAZIALĂ NR.47;",641,"BUCUREŞTI SECTORUL 3",179169,1,PART,PRCNCT,PCJ,PG_SV,"2025-12-07 21:37:35",3112,3106,0,6,0,31,25,0,6,0,31,0,3400,3369,7,6,0,6,2,0,0,0,0,0,10,0,0,0,0,0,0
46,"MUNICIPIUL BUCUREŞTI - SECTOR 3","ȘCOALA GIMNAZIALĂ NR.47;",649,"BUCUREŞTI SECTORUL 3",179169,2,PART,PRCNCT,PCJ,PG_SV,"2025-12-08 10:07:45",1689,1684,0,5,0,177,172,0,5,0,177,0,1800,1623,16,36,0,25,7,1,0,2,0,0,86,4,0,0,0,0,0
45,"MUNICIPIUL BUCUREŞTI - SECTOR 2","ŞCOALA GIMNAZIALĂ NR. 49",323,"BUCUREŞTI SECTORUL 2",179150,1,PART,PRCNCT,PCJ,PG_SV,"2025-12-07 22:45:34",1186,1140,33,11,2,576,562,1,11,2,573,3,1400,824,102,92,3,251,30,0,0,1,0,1,90,0,1,0,0,1,1
45,"MUNICIPIUL BUCUREŞTI - SECTOR 2","ŞCOALA GIMNAZIALĂ NR. 49",324,"BUCUREŞTI SECTORUL 2",179150,1,PART,PRCNCT,PCJ,PG_SV,"2025-12-07 22:18:20",1138,1118,4,16,0,478,462,0,16,0,474,4,1200,722,77,84,1,188,23,0,0,0,2,0,95,0,1,1,1,1,0
44,"MUNICIPIUL BUCUREŞTI - SECTOR 1","ŞCOALA GIMNAZIALĂ NR.5",76,"BUCUREŞTI SECTORUL 1",179141,1,PART,PRCNCT,PCJ,PG_SV,"2025-12-07 23:53:22",1938,1598,324,16,0,577,560,1,16,0,572,5,2129,1552,91,94,1,252,29,0,2,1,0,0,99,0,0,0,1,0,2
45,"MUNICIPIUL BUCUREŞTI - SECTOR 2","ŞCOALA GIMNAZIALĂ NR. 51",256,"BUCUREŞTI SECTORUL 2",179150,1,PART,PRCNCT,PCJ,PG_SV,"2025-12-07 23:05:37",1366,1335,24,7,0,510,502,1,7,0,509,1,1598,1088,94,109,1,163,29,0,0,1,1,1,104,3,2,1,0,0,0
45,"MUNICIPIUL BUCUREŞTI - SECTOR 2","ŞCOALA GIMNAZIALĂ NR. 51",257,"BUCUREŞTI SECTORUL 2",179150,1,PART,PRCNCT,PCJ,PG_SV,"2025-12-07 21:55:31",1322,1310,1,11,0,313,302,0,11,0,310,3,1400,1087,54,67,3,63,18,0,0,0,1,0,104,0,0,0,0,0,0
45,"MUNICIPIUL BUCUREŞTI - SECTOR 2","ŞCOALA GIMNAZIALĂ NR. 51",258,"BUCUREŞTI SECTORUL 2",179150,1,PART,PRCNCT,PCJ,PG_SV,"2025-12-07 22:52:45",1268,1254,3,11,0,456,445,0,11,0,452,4,1400,944,56,126,2,133,19,0,0,1,0,0,112,1,1,1,0,0,0
46,"MUNICIPIUL BUCUREŞTI - SECTOR 3","ŞCOALA GIMNAZIALĂ NR.54;",511,"BUCUREŞTI SECTORUL 3",179169,1,PART,PRCNCT,PCJ,PG_SV,"2025-12-07 21:55:15",1002,984,3,15,0,321,306,0,15,0,319,2,1000,679,58,74,1,94,24,0,0,0,0,0,66,0,1,0,0,1,0
46,"MUNICIPIUL BUCUREŞTI - SECTOR 3","ŞCOALA GIMNAZIALĂ NR.54;",514,"BUCUREŞTI SECTORUL 3",179169,2,PART,PRCNCT,PCJ,PG_SV,"2025-12-08 04:36:18",1263,1240,12,11,0,474,463,0,11,0,469,5,1400,926,81,103,0,132,34,0,0,3,0,0,110,0,3,0,1,1,1
46,"MUNICIPIUL BUCUREŞTI - SECTOR 3","ŞCOALA GIMNAZIALĂ NR.54;",513,"BUCUREŞTI SECTORUL 3",179169,1,PART,PRCNCT,PCJ,PG_SV,"2025-12-07 22:33:02",1373,1359,2,12,0,452,440,0,12,0,446,6,1600,1148,86,76,0,149,40,0,3,1,1,0,85,3,1,0,0,0,1
46,"MUNICIPIUL BUCUREŞTI - SECTOR 3","ŞCOALA GIMNAZIALĂ NR.54;",515,"BUCUREŞTI SECTORUL 3",179169,1,PART,PRCNCT,PCJ,PG_SV,"2025-12-07 21:54:07",1233,1221,3,9,0,439,430,0,9,0,437,2,1400,961,73,95,1,118,33,0,1,1,0,0,110,2,0,0,0,2,1
46,"MUNICIPIUL BUCUREŞTI - SECTOR 3","ŞCOALA GIMNAZIALĂ NR.54;",516,"BUCUREŞTI SECTORUL 3",179169,1,PART,PRCNCT,PCJ,PG_SV,"2025-12-07 22:17:12",1032,1015,8,9,0,333,324,0,9,0,328,5,1200,867,58,80,1,87,29,0,0,0,0,0,70,0,1,2,0,0,0
46,"MUNICIPIUL BUCUREŞTI - SECTOR 3","ŞCOALA GIMNAZIALĂ NR.54;",517,"BUCUREŞTI SECTORUL 3",179169,2,PART,PRCNCT,PCJ,PG_SV,"2025-12-08 00:43:00",1209,1202,1,6,0,369,363,0,6,0,366,3,1400,1031,66,74,0,100,37,0,0,0,0,0,85,0,1,1,0,1,1
46,"MUNICIPIUL BUCUREŞTI - SECTOR 3","ŞCOALA GIMNAZIALĂ NR.54;",518,"BUCUREŞTI SECTORUL 3",179169,3,PART,PRCNCT,PCJ,PG_SV,"2025-12-08 07:25:27",1082,1060,11,11,0,364,352,1,11,0,359,5,1200,836,63,89,0,107,13,0,0,1,1,1,82,0,0,2,0,0,0
46,"MUNICIPIUL BUCUREŞTI - SECTOR 3","ŞCOALA GIMNAZIALĂ NR.54;",519,"BUCUREŞTI SECTORUL 3",179169,1,PART,PRCNCT,PCJ,PG_SV,"2025-12-07 21:35:42",1217,1147,64,6,0,364,358,0,6,0,363,1,1200,836,50,102,0,91,34,0,2,0,1,0,83,0,0,0,0,0,0
46,"MUNICIPIUL BUCUREŞTI - SECTOR 3","ŞCOALA GIMNAZIALĂ NR.54;",520,"BUCUREŞTI SECTORUL 3",179169,2,PART,PRCNCT,PCJ,PG_SV,"2025-12-08 05:11:19",1362,1354,4,4,0,429,425,0,4,0,427,2,1400,971,64,94,2,106,42,0,0,1,1,0,114,0,1,0,0,2,0
46,"MUNICIPIUL BUCUREŞTI - SECTOR 3","ŞCOALA GIMNAZIALĂ NR.54;",512,"BUCUREŞTI SECTORUL 3",179169,1,PART,PRCNCT,PCJ,PG_SV,"2025-12-07 22:19:42",1309,1299,4,6,0,474,468,0,6,0,469,5,1400,926,88,110,0,126,22,0,0,1,0,0,115,1,5,0,0,1,0
46,"MUNICIPIUL BUCUREŞTI - SECTOR 3","ŞCOALA GIMNAZIALĂ NR.55;",637,"BUCUREŞTI SECTORUL 3",179169,2,PART,PRCNCT,PCJ,PG_SV,"2025-12-08 08:33:39",1773,1768,3,2,0,180,178,0,2,0,179,1,2002,1822,36,32,1,55,7,0,0,0,1,0,46,0,1,0,0,0,0
46,"MUNICIPIUL BUCUREŞTI - SECTOR 3","ŞCOALA GIMNAZIALĂ NR.55;",621,"BUCUREŞTI SECTORUL 3",179169,2,PART,PRCNCT,PCJ,PG_SV,"2025-12-07 23:25:54",2939,2934,2,3,0,13,10,0,3,0,13,0,3200,3187,1,1,1,1,1,0,0,0,0,0,8,0,0,0,0,0,0
46,"MUNICIPIUL BUCUREŞTI - SECTOR 3","ŞCOALA GIMNAZIALĂ NR.55;",622,"BUCUREŞTI SECTORUL 3",179169,2,PART,PRCNCT,PCJ,PG_SV,"2025-12-07 23:12:06",1729,1724,0,5,0,161,156,0,5,0,158,3,1800,1639,22,27,1,20,7,0,1,3,0,0,75,0,0,2,0,0,0
46,"MUNICIPIUL BUCUREŞTI - SECTOR 3","ŞCOALA GIMNAZIALĂ NR.55;",623,"BUCUREŞTI SECTORUL 3",179169,3,PART,PRCNCT,PCJ,PG_SV,"2025-12-08 09:11:22",1630,1619,5,6,0,250,244,0,6,0,244,6,1800,1550,29,63,1,33,7,0,0,1,2,1,105,0,0,1,1,0,0
46,"MUNICIPIUL BUCUREŞTI - SECTOR 3","ŞCOALA GIMNAZIALĂ NR.55;",624,"BUCUREŞTI SECTORUL 3",179169,1,PART,PRCNCT,PCJ,PG_SV,"2025-12-07 21:52:35",1593,1586,1,6,0,121,115,0,6,0,117,4,1800,1679,8,23,2,17,6,0,0,2,0,0,59,0,0,0,0,0,0
46,"MUNICIPIUL BUCUREŞTI - SECTOR 3","ŞCOALA GIMNAZIALĂ NR.55;",625,"BUCUREŞTI SECTORUL 3",179169,1,PART,PRCNCT,PCJ,PG_SV,"2025-12-07 21:35:26",1701,1693,3,5,0,144,139,0,5,0,144,0,1800,1656,20,33,1,17,3,0,1,3,0,0,64,0,0,1,0,1,0
46,"MUNICIPIUL BUCUREŞTI - SECTOR 3","ŞCOALA GIMNAZIALĂ NR.55;",626,"BUCUREŞTI SECTORUL 3",179169,1,PART,PRCNCT,PCJ,PG_SV,"2025-12-07 21:56:46",1738,1732,1,5,0,196,191,0,5,0,195,1,2000,1804,38,36,1,35,14,0,0,0,0,1,67,0,1,2,0,0,0
46,"MUNICIPIUL BUCUREŞTI - SECTOR 3","ŞCOALA GIMNAZIALĂ NR.55;",627,"BUCUREŞTI SECTORUL 3",179169,1,PART,PRCNCT,PCJ,PG_SV,"2025-12-07 21:57:07",3017,3003,7,6,1,230,223,0,6,1,227,3,3402,3172,34,48,0,33,4,0,1,1,0,0,103,0,2,1,0,0,0
46,"MUNICIPIUL BUCUREŞTI - SECTOR 3","ŞCOALA GIMNAZIALĂ NR.55;",628,"BUCUREŞTI SECTORUL 3",179169,1,PART,PRCNCT,PCJ,PG_SV,"2025-12-07 21:35:13",2462,2454,0,8,0,152,144,0,8,0,151,1,2800,2648,25,41,0,22,11,1,2,0,1,0,43,0,0,3,0,2,0
46,"MUNICIPIUL BUCUREŞTI - SECTOR 3","ŞCOALA GIMNAZIALĂ NR.55;",629,"BUCUREŞTI SECTORUL 3",179169,1,PART,PRCNCT,PCJ,PG_SV,"2025-12-07 21:45:39",1906,1802,104,0,0,188,188,0,0,0,186,2,2000,1812,23,37,0,21,11,0,5,0,0,0,85,2,0,0,0,1,1
46,"MUNICIPIUL BUCUREŞTI - SECTOR 3","ŞCOALA GIMNAZIALĂ NR.55;",630,"BUCUREŞTI SECTORUL 3",179169,1,PART,PRCNCT,PCJ,PG_SV,"2025-12-07 21:50:49",3763,3755,1,7,0,212,205,0,7,0,212,0,4200,3988,13,67,2,30,8,0,0,2,1,0,80,1,1,7,0,0,0
46,"MUNICIPIUL BUCUREŞTI - SECTOR 3","ŞCOALA GIMNAZIALĂ NR.55;",631,"BUCUREŞTI SECTORUL 3",179169,1,PART,PRCNCT,PCJ,PG_SV,"2025-12-07 21:50:35",1471,1467,0,4,0,5,1,0,4,0,5,0,1600,1595,1,0,0,1,0,0,0,0,0,0,3,0,0,0,0,0,0
46,"MUNICIPIUL BUCUREŞTI - SECTOR 3","ŞCOALA GIMNAZIALĂ NR.55;",632,"BUCUREŞTI SECTORUL 3",179169,1,PART,PRCNCT,PCJ,PG_SV,"2025-12-07 21:35:49",1618,1610,1,7,0,84,77,0,7,0,83,1,1800,1716,8,24,1,10,1,0,0,1,0,0,38,0,0,0,0,0,0
46,"MUNICIPIUL BUCUREŞTI - SECTOR 3","ŞCOALA GIMNAZIALĂ NR.55;",633,"BUCUREŞTI SECTORUL 3",179169,1,PART,PRCNCT,PCJ,PG_SV,"2025-12-07 21:40:11",1516,1509,1,6,0,106,100,0,6,0,106,0,1600,1494,13,27,0,10,5,0,1,0,1,1,42,1,3,1,0,1,0
46,"MUNICIPIUL BUCUREŞTI - SECTOR 3","ŞCOALA GIMNAZIALĂ NR.55;",634,"BUCUREŞTI SECTORUL 3",179169,1,PART,PRCNCT,PCJ,PG_SV,"2025-12-07 21:54:30",1685,1679,1,5,0,142,137,0,5,0,138,4,1800,1658,15,25,0,11,16,0,0,0,0,0,69,2,0,0,0,0,0
46,"MUNICIPIUL BUCUREŞTI - SECTOR 3","ŞCOALA GIMNAZIALĂ NR.55;",635,"BUCUREŞTI SECTORUL 3",179169,1,PART,PRCNCT,PCJ,PG_SV,"2025-12-07 21:23:33",2142,2139,0,3,0,22,19,0,3,0,22,0,2400,2378,5,1,0,2,3,0,0,0,0,0,11,0,0,0,0,0,0
46,"MUNICIPIUL BUCUREŞTI - SECTOR 3","ŞCOALA GIMNAZIALĂ NR.55;",636,"BUCUREŞTI SECTORUL 3",179169,1,PART,PRCNCT,PCJ,PG_SV,"2025-12-07 21:29:14",1641,1637,2,2,0,135,133,0,2,0,133,2,1800,1665,14,36,0,26,9,0,0,1,0,0,47,0,0,0,0,0,0
46,"MUNICIPIUL BUCUREŞTI - SECTOR 3","ŞCOALA GIMNAZIALĂ NR.55;",638,"BUCUREŞTI SECTORUL 3",179169,1,PART,PRCNCT,PCJ,PG_SV,"2025-12-07 21:41:50",1752,1746,0,6,0,66,60,0,6,0,66,0,2000,1934,11,18,0,4,3,0,0,0,0,0,30,0,0,0,0,0,0
46,"MUNICIPIUL BUCUREŞTI - SECTOR 3","ŞCOALA GIMNAZIALĂ NR.55;",639,"BUCUREŞTI SECTORUL 3",179169,1,PART,PRCNCT,PCJ,PG_SV,"2025-12-07 21:41:19",1503,1494,0,9,0,26,17,0,9,0,26,0,1600,1574,3,7,0,3,0,0,0,0,0,0,12,0,0,1,0,0,0
46,"MUNICIPIUL BUCUREŞTI - SECTOR 3","ȘCOALA GIMNAZIALĂ NR.55;",640,"BUCUREŞTI SECTORUL 3",179169,1,PART,PRCNCT,PCJ,PG_SV,"2025-12-07 21:41:39",2386,2381,0,5,0,45,40,0,5,0,45,0,2600,2555,12,4,0,7,6,0,0,0,0,0,16,0,0,0,0,0,0
45,"MUNICIPIUL BUCUREŞTI - SECTOR 2","ŞCOALA GIMNAZIALĂ NR. 56",362,"BUCUREŞTI SECTORUL 2",179150,2,PART,PRCNCT,PCJ,PG_SV,"2025-12-08 00:49:52",1114,1098,6,10,0,382,372,0,10,0,379,3,1200,818,78,59,1,136,29,0,0,1,0,0,72,0,0,0,0,2,1
45,"MUNICIPIUL BUCUREŞTI - SECTOR 2","ŞCOALA GIMNAZIALĂ NR. 56",361,"BUCUREŞTI SECTORUL 2",179150,2,PART,PRCNCT,PCJ,PG_SV,"2025-12-08 04:29:04",1378,1354,13,11,0,584,573,0,11,0,577,7,1600,1016,98,127,0,211,39,0,0,1,3,0,89,0,2,3,2,2,0
49,"MUNICIPIUL BUCUREŞTI - SECTOR 6","ŞCOALA GIMNAZIALĂ NR.59",1059,"BUCUREŞTI SECTORUL 6",179196,1,PART,PRCNCT,PCJ,PG_SV,"2025-12-07 21:37:20",896,888,5,3,0,392,389,0,3,0,387,5,1002,610,45,64,0,182,16,1,0,1,0,0,74,2,0,2,0,0,0
49,"MUNICIPIUL BUCUREŞTI - SECTOR 6","ŞCOALA GIMNAZIALĂ NR.59",1060,"BUCUREŞTI SECTORUL 6",179196,2,PART,PRCNCT,PCJ,PG_SV,"2025-12-08 00:04:38",1107,1098,6,3,0,489,486,0,3,0,484,5,1200,711,36,106,0,217,22,0,1,2,0,0,96,0,3,0,0,1,0
49,"MUNICIPIUL BUCUREŞTI - SECTOR 6","ŞCOALA GIMNAZIALĂ NR.59",1062,"BUCUREŞTI SECTORUL 6",179196,2,PART,PRCNCT,PCJ,PG_SV,"2025-12-08 03:41:52",1341,1334,2,5,0,531,526,0,5,0,530,1,1400,869,48,102,0,257,16,0,0,1,0,1,102,0,1,1,0,1,0
49,"MUNICIPIUL BUCUREŞTI - SECTOR 6","ŞCOALA GIMNAZIALĂ NR.59",1061,"BUCUREŞTI SECTORUL 6",179196,1,PART,PRCNCT,PCJ,PG_SV,"2025-12-07 22:21:42",1163,1139,17,7,0,457,449,1,7,0,452,5,1200,743,47,54,2,219,32,0,0,1,0,0,91,0,3,0,0,2,1
49,"MUNICIPIUL BUCUREŞTI - SECTOR 6","ŞCOALA GIMNAZIALĂ NR.59",1064,"BUCUREŞTI SECTORUL 6",179196,2,PART,PRCNCT,PCJ,PG_SV,"2025-12-08 02:20:33",1168,1157,4,6,1,509,502,0,6,1,507,2,1198,689,51,98,0,244,12,0,1,0,0,0,94,1,2,2,0,1,1
49,"MUNICIPIUL BUCUREŞTI - SECTOR 6","ŞCOALA GIMNAZIALĂ NR.59",1063,"BUCUREŞTI SECTORUL 6",179196,1,PART,PRCNCT,PCJ,PG_SV,"2025-12-07 22:38:26",1351,1305,33,12,1,568,555,0,12,1,563,5,1398,830,49,99,0,301,20,1,0,0,0,0,86,1,1,1,2,1,1
44,"MUNICIPIUL BUCUREŞTI - SECTOR 1","ŞCOALA GIMNAZIALĂ NR.6",37,"BUCUREŞTI SECTORUL 1",179141,1,PART,PRCNCT,PCJ,PG_SV,"2025-12-07 22:22:32",1150,1111,29,10,0,429,418,1,10,0,426,3,1261,832,61,83,2,168,19,1,0,0,0,0,91,0,1,0,0,0,0
44,"MUNICIPIUL BUCUREŞTI - SECTOR 1","ŞCOALA GIMNAZIALĂ NR.6",36,"BUCUREŞTI SECTORUL 1",179141,1,PART,PRCNCT,PCJ,PG_SV,"2025-12-07 22:32:07",1031,999,13,11,8,434,414,1,11,8,430,4,1110,676,73,75,0,197,21,1,0,2,2,0,57,0,1,1,0,0,0
45,"MUNICIPIUL BUCUREŞTI - SECTOR 2","ŞCOALA GIMNAZIALĂ NR. 62",245,"BUCUREŞTI SECTORUL 2",179150,1,PART,PRCNCT,PCJ,PG_SV,"2025-12-07 22:10:40",1458,1440,9,9,0,448,439,0,9,0,446,2,1598,1150,58,112,2,123,23,1,1,2,0,0,120,0,0,3,0,1,0
45,"MUNICIPIUL BUCUREŞTI - SECTOR 2","ŞCOALA GIMNAZIALĂ NR. 62",248,"BUCUREŞTI SECTORUL 2",179150,1,PART,PRCNCT,PCJ,PG_SV,"2025-12-07 22:24:39",1457,1444,8,5,0,461,456,0,5,0,456,5,1600,1139,78,121,0,98,25,0,0,1,0,2,126,1,0,3,0,1,0
45,"MUNICIPIUL BUCUREŞTI - SECTOR 2","ŞCOALA GIMNAZIALĂ NR. 62",247,"BUCUREŞTI SECTORUL 2",179150,1,PART,PRCNCT,PCJ,PG_SV,"2025-12-07 21:57:00",1243,1227,8,8,0,436,428,0,8,0,433,3,1400,964,42,118,1,131,24,3,0,2,0,0,108,1,0,1,0,2,0
45,"MUNICIPIUL BUCUREŞTI - SECTOR 2","ŞCOALA GIMNAZIALĂ NR. 62",246,"BUCUREŞTI SECTORUL 2",179150,2,PART,PRCNCT,PCJ,PG_SV,"2025-12-08 02:26:42",1513,1289,218,6,0,282,276,0,6,0,274,8,1400,1118,38,56,0,44,10,0,0,2,0,0,122,0,0,0,2,0,0
45,"MUNICIPIUL BUCUREŞTI - SECTOR 2","ŞCOALA GIMNAZIALĂ NR. 62",249,"BUCUREŞTI SECTORUL 2",179150,1,PART,PRCNCT,PCJ,PG_SV,"2025-12-07 21:57:11",1623,1390,225,8,0,398,390,0,8,0,390,8,1600,1202,47,97,0,116,19,0,0,2,0,0,105,0,1,2,0,0,1
45,"MUNICIPIUL BUCUREŞTI - SECTOR 2","ŞCOALA GIMNAZIALĂ NR. 62",250,"BUCUREŞTI SECTORUL 2",179150,1,PART,PRCNCT,PCJ,PG_SV,"2025-12-07 22:08:14",1249,1212,26,11,0,388,377,0,11,0,380,8,1400,1012,46,122,0,99,8,2,0,1,0,0,91,4,3,2,0,1,1
45,"MUNICIPIUL BUCUREŞTI - SECTOR 2","ŞCOALA GIMNAZIALĂ NR. 62",251,"BUCUREŞTI SECTORUL 2",179150,1,PART,PRCNCT,PCJ,PG_SV,"2025-12-07 22:14:52",1077,1067,3,7,0,326,319,0,7,0,319,7,1200,874,44,70,1,104,15,1,0,0,0,0,83,0,0,1,0,0,0
45,"MUNICIPIUL BUCUREŞTI - SECTOR 2","ŞCOALA GIMNAZIALĂ NR. 66",272,"BUCUREŞTI SECTORUL 2",179150,2,PART,PRCNCT,PCJ,PG_SV,"2025-12-08 02:12:40",1615,1604,3,8,0,469,461,0,8,0,461,8,1800,1331,40,108,3,99,22,1,1,1,2,0,175,3,1,1,2,0,2
45,"MUNICIPIUL BUCUREŞTI - SECTOR 2","ŞCOALA GIMNAZIALĂ NR. 66",274,"BUCUREŞTI SECTORUL 2",179150,1,PART,PRCNCT,PCJ,PG_SV,"2025-12-07 22:19:02",1447,1431,6,10,0,378,368,0,10,0,373,5,1600,1222,64,103,0,73,21,1,0,1,0,0,102,0,3,3,2,0,0
45,"MUNICIPIUL BUCUREŞTI - SECTOR 2","ŞCOALA GIMNAZIALĂ NR. 66",273,"BUCUREŞTI SECTORUL 2",179150,1,PART,PRCNCT,PCJ,PG_SV,"2025-12-07 22:19:24",1191,1171,3,6,11,410,393,0,6,11,409,1,1400,990,55,94,1,114,11,1,0,3,0,0,119,3,8,0,0,0,0
45,"MUNICIPIUL BUCUREŞTI - SECTOR 2","ŞCOALA GIMNAZIALĂ NR. 66",275,"BUCUREŞTI SECTORUL 2",179150,1,PART,PRCNCT,PCJ,PG_SV,"2025-12-07 22:05:08",1275,1261,6,6,2,437,429,0,6,2,436,1,1400,963,76,97,0,143,27,0,0,0,1,0,85,1,3,0,1,2,0
45,"MUNICIPIUL BUCUREŞTI - SECTOR 2","ŞCOALA GIMNAZIALĂ NR. 66",276,"BUCUREŞTI SECTORUL 2",179150,1,PART,PRCNCT,PCJ,PG_SV,"2025-12-07 22:01:09",1694,1678,8,8,0,437,429,0,8,0,425,12,1800,1363,47,107,1,100,22,0,1,0,0,0,140,1,2,1,0,3,0
46,"MUNICIPIUL BUCUREŞTI - SECTOR 3","ŞCOALA GIMNAZIALĂ NR.67;",662,"BUCUREŞTI SECTORUL 3",179169,1,PART,PRCNCT,PCJ,PG_SV,"2025-12-07 22:53:13",1784,1746,30,8,0,484,476,0,8,0,472,12,2000,1516,60,120,2,95,24,1,2,3,1,1,157,1,3,2,0,0,0
46,"MUNICIPIUL BUCUREŞTI - SECTOR 3","ŞCOALA GIMNAZIALĂ NR.67;",661,"BUCUREŞTI SECTORUL 3",179169,1,PART,PRCNCT,PCJ,PG_SV,"2025-12-07 22:11:55",1563,1554,2,7,0,473,466,0,7,0,469,4,1800,1327,72,97,1,116,37,0,0,3,0,0,134,1,4,1,2,0,1
44,"MUNICIPIUL BUCUREŞTI - SECTOR 1","ȘCOALA GIMNAZIALĂ NR. 6 - APICULTORILOR SALĂ SPORT",32,"BUCUREŞTI SECTORUL 1",179141,1,PART,PRCNCT,PCJ,PG_SV,"2025-12-07 22:25:20",1604,1559,37,8,0,585,577,0,8,0,583,2,1760,1175,96,114,1,208,34,0,0,2,1,0,123,2,0,2,0,0,0
44,"MUNICIPIUL BUCUREŞTI - SECTOR 1","ȘCOALA GIMNAZIALĂ NR. 6 - APICULTORILOR SALĂ SPORT",35,"BUCUREŞTI SECTORUL 1",179141,2,PART,PRCNCT,PCJ,PG_SV,"2025-12-08 04:43:24",1553,1492,55,6,0,626,620,0,6,0,623,1,1711,1085,93,99,1,309,41,1,0,1,0,0,73,1,1,1,0,2,0
44,"MUNICIPIUL BUCUREŞTI - SECTOR 1","ȘCOALA GIMNAZIALĂ NR. 6 - APICULTORILOR SALĂ SPORT",33,"BUCUREŞTI SECTORUL 1",179141,1,PART,PRCNCT,PCJ,PG_SV,"2025-12-07 22:38:04",1720,1610,102,8,0,576,565,3,8,0,573,3,1880,1304,101,94,1,271,27,0,1,0,0,0,74,0,2,2,0,0,0
44,"MUNICIPIUL BUCUREŞTI - SECTOR 1","ȘCOALA GIMNAZIALĂ NR. 6 - APICULTORILOR SALĂ SPORT",34,"BUCUREŞTI SECTORUL 1",179141,1,PART,PRCNCT,PCJ,PG_SV,"2025-12-07 22:50:16",1525,1483,32,10,0,670,660,0,10,0,669,1,1660,990,129,96,0,323,26,0,0,1,0,0,94,0,0,0,0,0,0
44,"MUNICIPIUL BUCUREŞTI - SECTOR 1","ŞCOALA GIMNAZIALĂ NR.7",41,"BUCUREŞTI SECTORUL 1",179141,1,PART,PRCNCT,PCJ,PG_SV,"2025-12-07 22:20:09",1240,1207,28,5,0,483,478,0,5,0,480,3,1370,887,72,101,1,189,31,0,0,1,0,0,83,0,1,0,1,0,0
44,"MUNICIPIUL BUCUREŞTI - SECTOR 1","ŞCOALA GIMNAZIALĂ NR.7",43,"BUCUREŞTI SECTORUL 1",179141,1,PART,PRCNCT,PCJ,PG_SV,"2025-12-07 23:04:09",1394,1379,4,11,0,567,556,0,11,0,560,7,1520,953,75,106,0,218,29,0,0,0,0,1,127,1,0,2,0,1,0
44,"MUNICIPIUL BUCUREŞTI - SECTOR 1","ŞCOALA GIMNAZIALĂ NR.7",42,"BUCUREŞTI SECTORUL 1",179141,1,PART,PRCNCT,PCJ,PG_SV,"2025-12-07 23:12:46",1424,1405,11,8,0,536,528,0,8,0,530,6,1560,1024,82,91,1,214,31,0,0,1,2,0,105,1,0,1,0,1,0
45,"MUNICIPIUL BUCUREŞTI - SECTOR 2","ŞCOALA GIMNAZIALĂ NR. 71",348,"BUCUREŞTI SECTORUL 2",179150,1,PART,PRCNCT,PCJ,PG_SV,"2025-12-07 22:37:54",1198,1156,33,9,0,376,366,1,9,0,374,2,1400,1024,60,61,1,128,28,0,1,0,1,0,89,0,0,2,1,1,1
45,"MUNICIPIUL BUCUREŞTI - SECTOR 2","ŞCOALA GIMNAZIALĂ NR. 71",349,"BUCUREŞTI SECTORUL 2",179150,2,PART,PRCNCT,PCJ,PG_SV,"2025-12-08 03:17:20",1163,1114,42,7,0,372,360,5,7,0,370,2,1200,828,51,53,0,147,23,0,1,0,0,0,88,0,1,2,1,2,1
45,"MUNICIPIUL BUCUREŞTI - SECTOR 2","ŞCOALA GIMNAZIALĂ NR. 77",266,"BUCUREŞTI SECTORUL 2",179150,1,PART,PRCNCT,PCJ,PG_SV,"2025-12-07 22:24:33",1439,1417,15,7,0,410,403,0,7,0,406,4,1601,1191,51,99,1,108,19,1,0,2,0,0,116,0,4,1,0,2,2
45,"MUNICIPIUL BUCUREŞTI - SECTOR 2","ŞCOALA GIMNAZIALĂ NR. 77",265,"BUCUREŞTI SECTORUL 2",179150,1,PART,PRCNCT,PCJ,PG_SV,"2025-12-07 22:21:59",2188,2133,28,6,21,665,638,0,6,21,658,7,2400,1735,99,162,2,152,36,1,0,0,0,0,198,0,2,4,2,0,0
45,"MUNICIPIUL BUCUREŞTI - SECTOR 2","ŞCOALA GIMNAZIALĂ NR. 77",264,"BUCUREŞTI SECTORUL 2",179150,1,PART,PRCNCT,PCJ,PG_SV,"2025-12-07 22:41:50",2033,1988,35,10,0,794,784,0,10,0,786,8,2200,1406,181,155,1,278,51,1,0,1,1,1,111,2,1,1,0,1,0
45,"MUNICIPIUL BUCUREŞTI - SECTOR 2","ŞCOALA GIMNAZIALĂ NR. 77",263,"BUCUREŞTI SECTORUL 2",179150,1,PART,PRCNCT,PCJ,PG_SV,"2025-12-07 22:42:20",1503,1467,27,8,1,514,505,0,8,1,511,3,1600,1086,69,136,1,138,41,0,0,1,1,0,117,1,1,0,0,3,2
45,"MUNICIPIUL BUCUREŞTI - SECTOR 2","ŞCOALA GIMNAZIALĂ NR. 77",262,"BUCUREŞTI SECTORUL 2",179150,1,PART,PRCNCT,PCJ,PG_SV,"2025-12-07 23:19:11",1337,1318,8,11,0,526,515,0,11,0,522,4,1601,1075,86,113,2,156,23,0,0,0,0,2,129,0,4,3,1,3,0
45,"MUNICIPIUL BUCUREŞTI - SECTOR 2","ŞCOALA GIMNAZIALĂ NR. 77",261,"BUCUREŞTI SECTORUL 2",179150,1,PART,PRCNCT,PCJ,PG_SV,"2025-12-07 22:01:26",1298,1282,7,9,0,398,389,0,9,0,392,6,1400,1002,49,92,0,83,17,0,1,1,0,0,141,0,3,0,0,2,3
46,"MUNICIPIUL BUCUREŞTI - SECTOR 3","ŞCOALA GIMNAZIALĂ NR.78;",654,"BUCUREŞTI SECTORUL 3",179169,1,PART,PRCNCT,PCJ,PG_SV,"2025-12-07 21:41:16",1380,1372,3,5,0,113,108,0,5,0,110,3,1600,1487,17,30,0,14,6,0,0,0,0,0,43,0,0,0,0,0,0
46,"MUNICIPIUL BUCUREŞTI - SECTOR 3","ŞCOALA GIMNAZIALĂ NR.78;",658,"BUCUREŞTI SECTORUL 3",179169,1,PART,PRCNCT,PCJ,PG_SV,"2025-12-07 21:25:20",1570,1564,0,6,0,9,3,0,6,0,9,0,1800,1791,3,1,0,3,1,0,0,0,0,0,1,0,0,0,0,0,0
46,"MUNICIPIUL BUCUREŞTI - SECTOR 3","ŞCOALA GIMNAZIALĂ NR.78;",651,"BUCUREŞTI SECTORUL 3",179169,1,PART,PRCNCT,PCJ,PG_SV,"2025-12-07 21:38:01",1516,1510,1,5,0,248,243,0,5,0,240,8,1600,1352,23,58,3,47,10,0,0,0,0,0,93,0,0,3,0,1,2
46,"MUNICIPIUL BUCUREŞTI - SECTOR 3","ŞCOALA GIMNAZIALĂ NR.78;",656,"BUCUREŞTI SECTORUL 3",179169,2,PART,PRCNCT,PCJ,PG_SV,"2025-12-08 05:46:43",1570,1561,0,9,0,267,258,0,9,0,266,1,1800,1533,27,63,0,40,20,0,0,2,1,0,107,2,1,2,0,1,0
46,"MUNICIPIUL BUCUREŞTI - SECTOR 3","ŞCOALA GIMNAZIALĂ NR.78;",657,"BUCUREŞTI SECTORUL 3",179169,1,PART,PRCNCT,PCJ,PG_SV,"2025-12-07 21:26:50",1731,1724,0,7,0,12,5,0,7,0,12,0,1800,1788,4,2,0,5,0,0,0,0,0,0,1,0,0,0,0,0,0
46,"MUNICIPIUL BUCUREŞTI - SECTOR 3","ŞCOALA GIMNAZIALĂ NR.78;",655,"BUCUREŞTI SECTORUL 3",179169,1,PART,PRCNCT,PCJ,PG_SV,"2025-12-07 22:12:53",1584,1571,5,8,0,56,48,0,8,0,55,1,1800,1744,11,10,0,16,1,0,0,0,0,0,15,0,0,1,0,0,1
46,"MUNICIPIUL BUCUREŞTI - SECTOR 3","ŞCOALA GIMNAZIALĂ NR.78;",653,"BUCUREŞTI SECTORUL 3",179169,1,PART,PRCNCT,PCJ,PG_SV,"2025-12-07 21:41:49",1359,1353,0,6,0,53,47,0,6,0,52,1,1400,1347,7,15,0,13,3,0,0,0,0,0,14,0,0,0,0,0,0
46,"MUNICIPIUL BUCUREŞTI - SECTOR 3","ŞCOALA GIMNAZIALĂ NR.78;",652,"BUCUREŞTI SECTORUL 3",179169,1,PART,PRCNCT,PCJ,PG_SV,"2025-12-07 21:26:47",1776,1770,1,5,0,408,403,0,5,0,406,2,2000,1592,44,83,1,74,32,0,0,0,0,0,165,0,4,1,2,0,0
46,"MUNICIPIUL BUCUREŞTI - SECTOR 3","ȘCOALA GIMNAZIALĂ NR.78;",659,"BUCUREŞTI SECTORUL 3",179169,1,PART,PRCNCT,PCJ,PG_SV,"2025-12-07 21:10:26",1769,1761,0,8,0,8,0,0,8,0,8,0,2000,1992,0,4,0,2,0,0,0,0,0,0,2,0,0,0,0,0,0
46,"MUNICIPIUL BUCUREŞTI - SECTOR 3","ȘCOALA GIMNAZIALĂ NR.78;",660,"BUCUREŞTI SECTORUL 3",179169,1,PART,PRCNCT,PCJ,PG_SV,"2025-12-07 21:23:58",1760,1752,0,8,0,11,3,0,8,0,10,1,2000,1989,1,1,0,3,2,0,0,0,0,0,2,0,0,0,0,1,0
47,"MUNICIPIUL BUCUREŞTI - SECTOR 4","ŞCOALA GIMNAZIALĂ NR. 79",673,"BUCUREŞTI SECTORUL 4",179178,2,PART,PRCNCT,PCJ,PG_SV,"2025-12-08 03:09:01",954,914,30,10,0,366,355,1,10,0,363,3,1000,634,68,72,1,136,18,0,0,0,0,1,63,1,2,1,0,0,0
47,"MUNICIPIUL BUCUREŞTI - SECTOR 4","ŞCOALA GIMNAZIALĂ NR. 79",674,"BUCUREŞTI SECTORUL 4",179178,2,PART,PRCNCT,PCJ,PG_SV,"2025-12-08 03:23:54",1331,1279,40,11,1,472,460,0,11,1,469,3,1500,1028,75,87,1,192,25,0,0,0,0,0,85,0,1,2,0,0,1
47,"MUNICIPIUL BUCUREŞTI - SECTOR 4","ŞCOALA GIMNAZIALĂ NR. 79",672,"BUCUREŞTI SECTORUL 4",179178,1,PART,PRCNCT,PCJ,PG_SV,"2025-12-07 22:04:50",896,841,47,8,0,324,316,0,8,0,320,4,1000,676,40,75,1,116,25,0,1,0,1,0,57,0,1,1,1,0,1
46,"MUNICIPIUL BUCUREŞTI - SECTOR 3","ŞCOALA GIMNAZIALĂ NR.80;",403,"BUCUREŞTI SECTORUL 3",179169,2,PART,PRCNCT,PCJ,PG_SV,"2025-12-08 02:58:31",1077,1058,10,9,0,316,306,1,9,0,316,0,1200,884,44,71,0,128,20,0,0,0,0,0,50,0,2,0,0,1,0
46,"MUNICIPIUL BUCUREŞTI - SECTOR 3","ŞCOALA GIMNAZIALĂ NR.80;",406,"BUCUREŞTI SECTORUL 3",179169,1,PART,PRCNCT,PCJ,PG_SV,"2025-12-07 21:55:05",989,972,9,7,1,391,383,0,7,1,389,2,1000,609,51,106,1,146,32,0,0,1,0,0,50,1,1,0,0,0,0
46,"MUNICIPIUL BUCUREŞTI - SECTOR 3","ŞCOALA GIMNAZIALĂ NR.80;",405,"BUCUREŞTI SECTORUL 3",179169,1,PART,PRCNCT,PCJ,PG_SV,"2025-12-07 22:18:14",1409,1394,9,5,1,555,548,1,5,1,546,9,1600,1045,83,138,0,202,31,0,0,2,0,0,86,0,1,1,1,1,0
46,"MUNICIPIUL BUCUREŞTI - SECTOR 3","ŞCOALA GIMNAZIALĂ NR.80;",402,"BUCUREŞTI SECTORUL 3",179169,2,PART,PRCNCT,PCJ,PG_SV,"2025-12-07 23:52:06",1223,1199,12,11,1,457,445,0,11,1,455,2,1400,943,61,110,0,149,25,1,0,1,0,0,102,0,2,1,0,2,1
46,"MUNICIPIUL BUCUREŞTI - SECTOR 3","ŞCOALA GIMNAZIALĂ NR.80;",408,"BUCUREŞTI SECTORUL 3",179169,2,PART,PRCNCT,PCJ,PG_SV,"2025-12-08 06:10:16",1155,1140,4,11,0,504,493,0,11,0,501,3,1201,697,107,49,1,236,36,0,0,0,2,0,68,1,1,0,0,0,0
46,"MUNICIPIUL BUCUREŞTI - SECTOR 3","ŞCOALA GIMNAZIALĂ NR.80;",407,"BUCUREŞTI SECTORUL 3",179169,2,PART,PRCNCT,PCJ,PG_SV,"2025-12-08 04:10:00",971,955,8,8,0,358,349,1,8,0,358,0,1000,642,66,77,0,115,18,1,3,0,0,0,77,0,0,0,0,1,0
46,"MUNICIPIUL BUCUREŞTI - SECTOR 3","ŞCOALA GIMNAZIALĂ NR.80;",409,"BUCUREŞTI SECTORUL 3",179169,1,PART,PRCNCT,PCJ,PG_SV,"2025-12-07 22:23:57",994,982,4,8,0,356,348,0,8,0,355,1,1000,644,78,54,0,122,32,1,0,0,0,0,64,0,1,0,1,2,0
46,"MUNICIPIUL BUCUREŞTI - SECTOR 3","ŞCOALA GIMNAZIALĂ NR.80;",404,"BUCUREŞTI SECTORUL 3",179169,1,PART,PRCNCT,PCJ,PG_SV,"2025-12-07 22:26:36",1992,1894,93,5,0,726,721,0,5,0,725,1,2000,1274,169,145,2,245,51,1,0,0,0,1,103,1,5,0,0,1,1
46,"MUNICIPIUL BUCUREŞTI - SECTOR 3","ŞCOALA GIMNAZIALĂ NR.81;",410,"BUCUREŞTI SECTORUL 3",179169,1,PART,PRCNCT,PCJ,PG_SV,"2025-12-07 22:59:56",1794,1760,19,15,0,731,716,0,15,0,726,5,2000,1269,91,155,0,276,63,0,0,0,2,0,131,1,2,1,0,3,1
46,"MUNICIPIUL BUCUREŞTI - SECTOR 3","ŞCOALA GIMNAZIALĂ NR.81;",412,"BUCUREŞTI SECTORUL 3",179169,1,PART,PRCNCT,PCJ,PG_SV,"2025-12-07 22:31:49",1337,1324,7,6,0,575,569,0,6,0,567,8,1400,825,102,84,1,213,31,0,2,3,0,1,123,3,0,2,1,1,0
46,"MUNICIPIUL BUCUREŞTI - SECTOR 3","ŞCOALA GIMNAZIALĂ NR.81;",413,"BUCUREŞTI SECTORUL 3",179169,1,PART,PRCNCT,PCJ,PG_SV,"2025-12-07 22:08:12",1008,969,31,8,0,409,401,0,8,0,407,2,1000,591,49,97,1,130,24,1,0,0,0,1,95,1,5,1,0,0,2
46,"MUNICIPIUL BUCUREŞTI - SECTOR 3","ŞCOALA GIMNAZIALĂ NR.81;",414,"BUCUREŞTI SECTORUL 3",179169,2,PART,PRCNCT,PCJ,PG_SV,"2025-12-08 05:42:36",1796,1740,44,12,0,783,771,0,12,0,775,8,2000,1217,126,135,1,312,77,0,2,2,0,1,115,0,1,2,0,0,1
46,"MUNICIPIUL BUCUREŞTI - SECTOR 3","ŞCOALA GIMNAZIALĂ NR.81;",415,"BUCUREŞTI SECTORUL 3",179169,2,PART,PRCNCT,PCJ,PG_SV,"2025-12-08 08:11:08",1431,1403,21,7,0,521,514,0,7,0,518,3,1600,1079,87,96,1,205,33,0,0,1,0,0,91,1,1,1,0,1,0
46,"MUNICIPIUL BUCUREŞTI - SECTOR 3","ŞCOALA GIMNAZIALĂ NR.81;",416,"BUCUREŞTI SECTORUL 3",179169,1,PART,PRCNCT,PCJ,PG_SV,"2025-12-07 22:08:06",1404,1387,6,11,0,541,530,0,11,0,537,4,1600,1059,75,104,0,210,36,1,0,0,0,0,106,1,3,0,0,1,0
46,"MUNICIPIUL BUCUREŞTI - SECTOR 3","ŞCOALA GIMNAZIALĂ NR.81;",417,"BUCUREŞTI SECTORUL 3",179169,1,PART,PRCNCT,PCJ,PG_SV,"2025-12-07 22:36:16",1304,1288,7,9,0,506,496,1,9,0,504,2,1400,894,105,80,1,179,30,0,0,0,0,0,106,2,1,0,0,0,0
46,"MUNICIPIUL BUCUREŞTI - SECTOR 3","ŞCOALA GIMNAZIALĂ NR.81;",418,"BUCUREŞTI SECTORUL 3",179169,1,PART,PRCNCT,PCJ,PG_SV,"2025-12-07 22:33:47",1152,1115,25,11,1,520,508,0,11,1,516,4,1200,680,64,110,2,198,31,0,1,1,0,0,105,1,0,1,2,0,0
46,"MUNICIPIUL BUCUREŞTI - SECTOR 3","ŞCOALA GIMNAZIALĂ NR.81;",411,"BUCUREŞTI SECTORUL 3",179169,1,PART,PRCNCT,PCJ,PG_SV,"2025-12-07 22:19:01",1478,1465,7,6,0,491,485,0,6,0,489,2,1600,1109,71,104,0,185,30,0,0,1,1,0,92,0,1,3,0,1,0
46,"MUNICIPIUL BUCUREŞTI - SECTOR 3","ŞCOALA GIMNAZIALĂ NR. 82;",611,"BUCUREŞTI SECTORUL 3",179169,2,PART,PRCNCT,PCJ,PG_SV,"2025-12-08 03:28:14",1502,1487,7,8,0,528,520,0,8,0,515,13,1599,1071,95,116,1,152,44,1,0,2,0,0,98,0,0,1,3,1,1
46,"MUNICIPIUL BUCUREŞTI - SECTOR 3","ŞCOALA GIMNAZIALĂ NR. 82;",612,"BUCUREŞTI SECTORUL 3",179169,1,PART,PRCNCT,PCJ,PG_SV,"2025-12-07 22:41:05",1830,1823,2,5,0,592,587,0,5,0,590,2,2000,1408,102,102,2,192,47,1,0,2,0,1,135,1,2,1,1,1,0
46,"MUNICIPIUL BUCUREŞTI - SECTOR 3","ŞCOALA GIMNAZIALĂ NR. 82;",607,"BUCUREŞTI SECTORUL 3",179169,2,PART,PRCNCT,PCJ,PG_SV,"2025-12-08 08:40:50",1496,1476,4,6,10,482,466,0,6,10,478,4,1602,1120,62,94,3,147,31,0,1,3,0,1,124,0,2,7,0,2,1
46,"MUNICIPIUL BUCUREŞTI - SECTOR 3","ŞCOALA GIMNAZIALĂ NR. 82;",605,"BUCUREŞTI SECTORUL 3",179169,1,PART,PRCNCT,PCJ,PG_SV,"2025-12-07 22:07:07",2469,2451,10,8,0,833,824,1,8,0,830,3,2801,1968,168,97,2,312,123,2,0,0,0,0,116,2,2,5,0,1,0
46,"MUNICIPIUL BUCUREŞTI - SECTOR 3","ŞCOALA GIMNAZIALĂ NR. 82;",608,"BUCUREŞTI SECTORUL 3",179169,1,PART,PRCNCT,PCJ,PG_SV,"2025-12-07 22:02:51",1475,1467,3,5,0,435,430,0,5,0,428,7,1600,1165,73,88,1,128,31,0,0,0,0,0,101,2,2,0,2,0,0
46,"MUNICIPIUL BUCUREŞTI - SECTOR 3","ŞCOALA GIMNAZIALĂ NR. 82;",606,"BUCUREŞTI SECTORUL 3",179169,2,PART,PRCNCT,PCJ,PG_SV,"2025-12-08 00:14:34",1741,1725,5,11,0,605,594,0,11,0,591,14,2000,1395,101,125,0,172,35,0,0,1,0,0,149,0,2,3,2,1,0
46,"MUNICIPIUL BUCUREŞTI - SECTOR 3","ŞCOALA GIMNAZIALĂ NR. 82;",609,"BUCUREŞTI SECTORUL 3",179169,1,PART,PRCNCT,PCJ,PG_SV,"2025-12-07 23:26:28",1852,1841,3,8,0,686,678,0,8,0,681,5,1997,1311,101,146,0,237,59,0,8,1,1,0,122,1,2,1,0,0,2
46,"MUNICIPIUL BUCUREŞTI - SECTOR 3","ŞCOALA GIMNAZIALĂ NR. 82;",610,"BUCUREŞTI SECTORUL 3",179169,1,PART,PRCNCT,PCJ,PG_SV,"2025-12-07 22:35:54",1945,1919,15,11,0,769,758,0,11,0,762,7,2200,1431,179,86,0,307,70,0,0,2,0,1,106,4,3,2,0,1,1
46,"MUNICIPIUL BUCUREŞTI - SECTOR 3","ŞCOALA GIMNAZIALĂ NR.84",442,"BUCUREŞTI SECTORUL 3",179169,2,PART,PRCNCT,PCJ,PG_SV,"2025-12-08 03:00:49",1452,1433,11,8,0,540,532,0,8,0,537,3,1600,1060,80,102,1,187,29,2,1,0,0,2,128,1,3,0,1,0,0
46,"MUNICIPIUL BUCUREŞTI - SECTOR 3","ŞCOALA GIMNAZIALĂ NR.84",446,"BUCUREŞTI SECTORUL 3",179169,2,PART,PRCNCT,PCJ,PG_SV,"2025-12-08 00:30:01",1264,1254,3,7,0,465,458,0,7,0,463,2,1400,935,46,129,0,150,33,0,1,0,0,0,102,0,0,1,0,0,1
46,"MUNICIPIUL BUCUREŞTI - SECTOR 3","ŞCOALA GIMNAZIALĂ NR.84",445,"BUCUREŞTI SECTORUL 3",179169,1,PART,PRCNCT,PCJ,PG_SV,"2025-12-07 22:20:41",1291,1274,5,12,0,446,434,0,12,0,443,3,1400,954,50,86,1,151,27,0,0,0,0,0,125,1,1,0,0,0,1
46,"MUNICIPIUL BUCUREŞTI - SECTOR 3","ŞCOALA GIMNAZIALĂ NR.84",444,"BUCUREŞTI SECTORUL 3",179169,3,PART,PRCNCT,PCJ,PG_SV,"2025-12-08 06:32:42",1182,1166,8,8,0,405,396,1,8,0,401,4,1198,793,65,84,1,138,28,0,0,0,0,1,81,0,0,1,0,1,1
46,"MUNICIPIUL BUCUREŞTI - SECTOR 3","ŞCOALA GIMNAZIALĂ NR.84",443,"BUCUREŞTI SECTORUL 3",179169,3,PART,PRCNCT,PCJ,PG_SV,"2025-12-08 00:52:57",1242,1231,2,9,0,277,268,0,9,0,275,2,1400,1123,26,56,2,90,27,0,0,0,0,1,67,0,4,0,1,1,0
46,"MUNICIPIUL BUCUREŞTI - SECTOR 3","ŞCOALA GIMNAZIALĂ NR.84;",447,"BUCUREŞTI SECTORUL 3",179169,1,PART,PRCNCT,PCJ,PG_SV,"2025-12-07 22:17:07",1097,1086,4,7,0,344,337,0,7,0,341,3,1200,856,43,89,0,99,17,0,1,0,0,0,89,0,2,0,0,0,1
45,"MUNICIPIUL BUCUREŞTI - SECTOR 2","ŞCOALA GIMNAZIALĂ NR. 85",363,"BUCUREŞTI SECTORUL 2",179150,2,PART,PRCNCT,PCJ,PG_SV,"2025-12-08 02:23:24",952,927,15,10,0,335,325,0,10,0,331,4,1000,665,69,79,0,113,13,0,0,0,0,1,53,1,2,0,0,0,0
45,"MUNICIPIUL BUCUREŞTI - SECTOR 2","ŞCOALA GIMNAZIALĂ NR. 85",366,"BUCUREŞTI SECTORUL 2",179150,1,PART,PRCNCT,PCJ,PG_SV,"2025-12-07 22:13:46",1051,1029,14,8,0,442,434,0,8,0,441,1,1200,758,74,103,0,159,33,0,0,2,0,0,69,0,0,0,1,0,0
45,"MUNICIPIUL BUCUREŞTI - SECTOR 2","ŞCOALA GIMNAZIALĂ NR. 85",364,"BUCUREŞTI SECTORUL 2",179150,1,PART,PRCNCT,PCJ,PG_SV,"2025-12-07 22:53:04",1204,1183,12,7,2,400,390,1,7,2,398,2,1400,1000,61,90,0,160,18,0,0,1,0,0,63,0,2,3,0,0,0
45,"MUNICIPIUL BUCUREŞTI - SECTOR 2","ŞCOALA GIMNAZIALĂ NR. 85",365,"BUCUREŞTI SECTORUL 2",179150,1,PART,PRCNCT,PCJ,PG_SV,"2025-12-07 22:27:05",1200,1182,9,9,0,461,450,2,9,0,457,4,1400,939,77,86,2,170,38,1,0,0,0,0,82,0,0,1,0,0,0
46,"MUNICIPIUL BUCUREŞTI - SECTOR 3","ŞCOALA GIMNAZIALĂ NR.86;",454,"BUCUREŞTI SECTORUL 3",179169,1,PART,PRCNCT,PCJ,PG_SV,"2025-12-07 22:29:20",1593,1557,28,7,1,569,561,0,7,1,562,7,1800,1231,99,87,0,214,54,0,0,0,1,0,100,1,3,1,0,2,0
46,"MUNICIPIUL BUCUREŞTI - SECTOR 3","ŞCOALA GIMNAZIALĂ NR.86;",451,"BUCUREŞTI SECTORUL 3",179169,2,PART,PRCNCT,PCJ,PG_SV,"2025-12-08 07:02:32",1530,1514,4,12,0,583,571,0,12,0,573,10,1598,1015,94,104,3,176,53,2,0,0,0,0,132,0,3,3,1,2,0
46,"MUNICIPIUL BUCUREŞTI - SECTOR 3","ŞCOALA GIMNAZIALĂ NR.86;",452,"BUCUREŞTI SECTORUL 3",179169,1,PART,PRCNCT,PCJ,PG_SV,"2025-12-07 22:03:15",1486,1471,3,12,0,473,461,0,12,0,470,3,1600,1127,83,69,2,154,50,0,0,0,2,1,101,3,1,1,1,1,1
46,"MUNICIPIUL BUCUREŞTI - SECTOR 3","ŞCOALA GIMNAZIALĂ NR.86;",449,"BUCUREŞTI SECTORUL 3",179169,1,PART,PRCNCT,PCJ,PG_SV,"2025-12-07 23:03:11",1794,1756,28,10,0,694,684,0,10,0,691,3,2000,1306,130,112,0,272,61,0,0,0,0,0,111,0,2,0,0,0,3
46,"MUNICIPIUL BUCUREŞTI - SECTOR 3","ŞCOALA GIMNAZIALĂ NR.86;",448,"BUCUREŞTI SECTORUL 3",179169,2,PART,PRCNCT,PCJ,PG_SV,"2025-12-08 06:40:22",1282,1264,6,11,1,471,459,0,11,1,464,7,1400,929,73,81,0,171,43,0,0,1,0,0,90,0,2,2,1,0,0
46,"MUNICIPIUL BUCUREŞTI - SECTOR 3","ŞCOALA GIMNAZIALĂ NR.86;",453,"BUCUREŞTI SECTORUL 3",179169,2,PART,PRCNCT,PCJ,PG_SV,"2025-12-08 02:03:49",1221,1201,9,11,0,411,398,2,11,0,408,3,1400,989,85,75,1,145,34,1,0,0,0,1,61,1,0,1,1,0,2
46,"MUNICIPIUL BUCUREŞTI - SECTOR 3","ŞCOALA GIMNAZIALĂ NR.86;",450,"BUCUREŞTI SECTORUL 3",179169,1,PART,PRCNCT,PCJ,PG_SV,"2025-12-07 22:14:02",1560,1516,35,9,0,536,527,0,9,0,530,6,1600,1064,93,102,1,165,48,0,1,1,2,0,113,0,2,1,0,1,0
46,"MUNICIPIUL BUCUREŞTI - SECTOR 3","ȘCOALA GIMNAZIALĂ NR. 92",529,"BUCUREŞTI SECTORUL 3",179169,1,PART,PRCNCT,PCJ,PG_SV,"2025-12-07 22:34:46",1532,1520,6,6,0,494,488,0,6,0,492,2,1600,1106,85,118,2,155,24,0,0,3,0,1,101,0,0,2,1,0,0
46,"MUNICIPIUL BUCUREŞTI - SECTOR 3","ȘCOALA GIMNAZIALĂ NR. 92",531,"BUCUREŞTI SECTORUL 3",179169,1,PART,PRCNCT,PCJ,PG_SV,"2025-12-07 22:10:12",1729,1722,2,5,0,609,604,0,5,0,605,4,2000,1391,100,135,3,168,57,0,4,1,0,1,130,1,2,1,1,0,1
46,"MUNICIPIUL BUCUREŞTI - SECTOR 3","ȘCOALA GIMNAZIALĂ NR. 92",532,"BUCUREŞTI SECTORUL 3",179169,2,PART,PRCNCT,PCJ,PG_SV,"2025-12-08 03:49:40",1260,1249,2,9,0,406,397,0,9,0,396,10,1400,994,76,68,1,115,33,0,3,2,0,0,94,0,4,0,0,0,0
46,"MUNICIPIUL BUCUREŞTI - SECTOR 3","ȘCOALA GIMNAZIALĂ NR. 92",530,"BUCUREŞTI SECTORUL 3",179169,1,PART,PRCNCT,PCJ,PG_SV,"2025-12-07 21:45:50",1372,1360,4,7,1,442,434,0,7,1,439,3,1600,1158,58,86,1,137,42,0,0,1,0,0,110,1,2,0,1,0,0
46,"MUNICIPIUL BUCUREŞTI - SECTOR 3","ȘCOALA GIMNAZIALĂ NR. 92",537,"BUCUREŞTI SECTORUL 3",179169,1,PART,PRCNCT,PCJ,PG_SV,"2025-12-07 22:28:39",1369,1359,4,6,0,475,469,0,6,0,472,3,1600,1125,86,105,1,106,32,0,1,0,0,0,132,0,3,2,1,2,1
46,"MUNICIPIUL BUCUREŞTI - SECTOR 3","ȘCOALA GIMNAZIALĂ NR. 92",535,"BUCUREŞTI SECTORUL 3",179169,2,PART,PRCNCT,PCJ,PG_SV,"2025-12-08 03:28:03",1384,1373,5,6,0,468,462,0,6,0,464,4,1600,1132,62,109,3,125,27,0,0,1,1,0,134,0,1,0,0,0,1
46,"MUNICIPIUL BUCUREŞTI - SECTOR 3","ȘCOALA GIMNAZIALĂ NR. 92",536,"BUCUREŞTI SECTORUL 3",179169,1,PART,PRCNCT,PCJ,PG_SV,"2025-12-07 22:42:17",1675,1663,8,4,0,612,608,0,4,0,608,4,1800,1188,94,137,2,159,49,0,2,1,0,0,152,4,3,1,0,3,1
46,"MUNICIPIUL BUCUREŞTI - SECTOR 3","ȘCOALA GIMNAZIALĂ NR. 92",534,"BUCUREŞTI SECTORUL 3",179169,1,PART,PRCNCT,PCJ,PG_SV,"2025-12-07 22:13:42",1690,1679,2,7,2,566,557,0,7,2,562,4,1800,1234,104,125,1,163,48,1,1,1,0,0,111,1,2,3,1,0,0
46,"MUNICIPIUL BUCUREŞTI - SECTOR 3","ȘCOALA GIMNAZIALĂ NR. 92",533,"BUCUREŞTI SECTORUL 3",179169,1,PART,PRCNCT,PCJ,PG_SV,"2025-12-07 22:28:35",1830,1804,18,8,0,635,627,0,8,0,631,4,2000,1365,119,99,0,202,52,0,0,2,2,0,134,13,4,0,1,0,3
46,"MUNICIPIUL BUCUREŞTI - SECTOR 3","ŞCOALA GIMNAZIALĂ NR.95;",439,"BUCUREŞTI SECTORUL 3",179169,3,PART,PRCNCT,PCJ,PG_SV,"2025-12-08 05:30:11",1284,1272,3,9,0,490,481,0,9,0,485,5,1400,910,97,91,0,154,30,0,0,1,0,1,102,2,2,0,1,3,1
46,"MUNICIPIUL BUCUREŞTI - SECTOR 3","ŞCOALA GIMNAZIALĂ NR.95;",441,"BUCUREŞTI SECTORUL 3",179169,1,PART,PRCNCT,PCJ,PG_SV,"2025-12-07 22:35:50",1490,1457,26,7,0,526,519,0,7,0,523,3,1600,1074,88,101,1,194,26,0,0,1,0,0,110,0,1,0,0,0,1
46,"MUNICIPIUL BUCUREŞTI - SECTOR 3","ŞCOALA GIMNAZIALĂ NR.95;",432,"BUCUREŞTI SECTORUL 3",179169,2,PART,PRCNCT,PCJ,PG_SV,"2025-12-08 00:47:46",1475,1428,36,11,0,537,524,2,11,0,537,0,1600,1063,92,92,1,199,35,0,0,0,0,0,113,0,1,0,2,2,0
46,"MUNICIPIUL BUCUREŞTI - SECTOR 3","ŞCOALA GIMNAZIALĂ NR.95;",433,"BUCUREŞTI SECTORUL 3",179169,2,PART,PRCNCT,PCJ,PG_SV,"2025-12-08 04:21:23",1937,1858,58,21,0,725,701,3,21,0,725,0,2000,1275,174,98,1,292,63,0,0,1,1,0,93,0,1,0,0,0,1
46,"MUNICIPIUL BUCUREŞTI - SECTOR 3","ŞCOALA GIMNAZIALĂ NR.95;",434,"BUCUREŞTI SECTORUL 3",179169,1,PART,PRCNCT,PCJ,PG_SV,"2025-12-07 22:10:05",1495,1462,20,12,1,445,432,0,12,1,443,2,1600,1155,86,62,1,158,40,2,0,1,1,0,91,0,1,0,0,0,0
46,"MUNICIPIUL BUCUREŞTI - SECTOR 3","ŞCOALA GIMNAZIALĂ NR.95;",435,"BUCUREŞTI SECTORUL 3",179169,2,PART,PRCNCT,PCJ,PG_SV,"2025-12-08 03:20:52",1464,1403,52,9,0,612,603,0,9,0,608,4,1600,988,106,89,1,261,41,0,2,0,2,0,104,1,0,0,1,0,0
46,"MUNICIPIUL BUCUREŞTI - SECTOR 3","ŞCOALA GIMNAZIALĂ NR.95;",436,"BUCUREŞTI SECTORUL 3",179169,2,PART,PRCNCT,PCJ,PG_SV,"2025-12-08 04:10:38",1409,1367,30,12,0,498,485,1,12,0,494,4,1600,1102,83,73,0,208,41,0,1,2,0,1,83,0,1,0,0,1,0
46,"MUNICIPIUL BUCUREŞTI - SECTOR 3","ŞCOALA GIMNAZIALĂ NR.95;",440,"BUCUREŞTI SECTORUL 3",179169,1,PART,PRCNCT,PCJ,PG_SV,"2025-12-07 22:17:34",1355,1330,13,11,1,514,502,0,11,1,509,5,1400,886,91,102,0,177,34,0,1,1,0,0,98,0,1,1,1,2,0
46,"MUNICIPIUL BUCUREŞTI - SECTOR 3","ŞCOALA GIMNAZIALĂ NR.95;",437,"BUCUREŞTI SECTORUL 3",179169,2,PART,PRCNCT,PCJ,PG_SV,"2025-12-08 03:53:03",1349,1330,12,7,0,327,320,0,7,0,323,4,1400,1073,39,70,0,89,30,0,1,0,0,0,88,1,2,1,1,0,1
46,"MUNICIPIUL BUCUREŞTI - SECTOR 3","ŞCOALA GIMNAZIALĂ NR.95;",438,"BUCUREŞTI SECTORUL 3",179169,1,PART,PRCNCT,PCJ,PG_SV,"2025-12-07 23:06:32",1716,1681,29,6,0,721,715,0,6,0,719,2,1800,1079,136,114,1,266,56,2,1,0,0,0,138,0,1,1,2,1,0
47,"MUNICIPIUL BUCUREŞTI - SECTOR 4","ŞCOALA GIMNAZIALĂ NR. 96",752,"BUCUREŞTI SECTORUL 4",179178,1,PART,PRCNCT,PCJ,PG_SV,"2025-12-08 00:17:00",1003,989,1,13,0,324,311,0,13,0,320,4,1100,776,44,85,0,88,19,0,1,0,1,0,79,0,0,1,0,0,2
47,"MUNICIPIUL BUCUREŞTI - SECTOR 4","ŞCOALA GIMNAZIALĂ NR. 96",751,"BUCUREŞTI SECTORUL 4",179178,1,PART,PRCNCT,PCJ,PG_SV,"2025-12-07 22:16:19",1066,1052,4,10,0,424,414,0,10,0,417,7,1200,776,52,95,5,116,21,0,1,0,0,0,122,2,0,3,0,0,0
47,"MUNICIPIUL BUCUREŞTI - SECTOR 4","ŞCOALA GIMNAZIALĂ NR. 96",753,"BUCUREŞTI SECTORUL 4",179178,2,PART,PRCNCT,PCJ,PG_SV,"2025-12-08 00:40:42",1536,1435,91,10,0,528,518,0,10,0,516,12,1700,1172,79,150,2,128,23,1,1,1,1,0,123,1,2,2,0,1,1
47,"MUNICIPIUL BUCUREŞTI - SECTOR 4","ŞCOALA GIMNAZIALĂ NR. 96",754,"BUCUREŞTI SECTORUL 4",179178,1,PART,PRCNCT,PCJ,PG_SV,"2025-12-07 22:17:15",1094,1061,22,11,0,404,393,0,11,0,397,7,1200,796,38,131,3,97,25,0,0,1,0,0,102,0,0,0,0,0,0
47,"MUNICIPIUL BUCUREŞTI - SECTOR 4","ŞCOALA GIMNAZIALĂ NR. 96",750,"BUCUREŞTI SECTORUL 4",179178,1,PART,PRCNCT,PCJ,PG_SV,"2025-12-07 22:04:38",883,870,2,11,0,341,330,0,11,0,337,4,1000,659,46,105,1,95,19,0,1,2,0,0,65,1,0,0,0,1,1
47,"MUNICIPIUL BUCUREŞTI - SECTOR 4","ŞCOALA GIMNAZIALĂ NR. 97",680,"BUCUREŞTI SECTORUL 4",179178,1,PART,PRCNCT,PCJ,PG_SV,"2025-12-07 23:24:24",1121,1092,20,8,1,470,461,0,8,1,468,2,1198,728,106,88,0,185,26,1,1,0,0,0,58,0,0,2,0,1,0
47,"MUNICIPIUL BUCUREŞTI - SECTOR 4","ŞCOALA GIMNAZIALĂ NR. 97",679,"BUCUREŞTI SECTORUL 4",179178,1,PART,PRCNCT,PCJ,PG_SV,"2025-12-07 22:05:45",1103,1091,4,8,0,434,426,0,8,0,434,0,1200,766,85,69,0,172,23,0,0,1,0,0,81,1,2,0,0,0,0
47,"MUNICIPIUL BUCUREŞTI - SECTOR 4","ŞCOALA GIMNAZIALĂ NR. 97",684,"BUCUREŞTI SECTORUL 4",179178,1,PART,PRCNCT,PCJ,PG_SV,"2025-12-07 22:47:34",1149,1130,5,14,0,493,479,0,14,0,492,1,1300,807,72,106,1,191,30,0,0,0,0,0,85,2,1,2,1,1,0
47,"MUNICIPIUL BUCUREŞTI - SECTOR 4","ŞCOALA GIMNAZIALĂ NR. 97",683,"BUCUREŞTI SECTORUL 4",179178,1,PART,PRCNCT,PCJ,PG_SV,"2025-12-07 22:36:24",1345,1323,13,9,0,564,555,0,9,0,559,5,1498,934,104,116,0,226,46,0,0,0,0,0,64,0,2,0,0,1,0
47,"MUNICIPIUL BUCUREŞTI - SECTOR 4","ŞCOALA GIMNAZIALĂ NR. 97",682,"BUCUREŞTI SECTORUL 4",179178,2,PART,PRCNCT,PCJ,PG_SV,"2025-12-08 01:38:51",1036,1000,27,9,0,409,400,0,9,0,409,0,1097,688,64,96,0,165,17,0,1,0,0,0,64,0,2,0,0,0,0
47,"MUNICIPIUL BUCUREŞTI - SECTOR 4","ŞCOALA GIMNAZIALĂ NR. 97",681,"BUCUREŞTI SECTORUL 4",179178,1,PART,PRCNCT,PCJ,PG_SV,"2025-12-07 21:47:17",1111,1091,6,14,0,494,479,1,14,0,494,0,1200,706,100,97,0,200,25,1,0,0,0,0,65,0,5,1,0,0,0
47,"MUNICIPIUL BUCUREŞTI - SECTOR 4","ŞCOALA GIMNAZIALĂ NR. 97",688,"BUCUREŞTI SECTORUL 4",179178,1,PART,PRCNCT,PCJ,PG_SV,"2025-12-07 22:52:33",976,942,24,9,1,480,470,0,9,1,478,2,1097,617,74,105,1,190,31,0,0,0,0,0,71,2,2,1,0,0,1
47,"MUNICIPIUL BUCUREŞTI - SECTOR 4","ŞCOALA GIMNAZIALĂ NR. 97",687,"BUCUREŞTI SECTORUL 4",179178,1,PART,PRCNCT,PCJ,PG_SV,"2025-12-07 22:51:38",1150,1128,8,14,0,556,542,0,14,0,550,6,1300,744,114,115,0,212,27,0,0,0,0,0,80,0,0,0,1,1,0
47,"MUNICIPIUL BUCUREŞTI - SECTOR 4","ŞCOALA GIMNAZIALĂ NR. 97",686,"BUCUREŞTI SECTORUL 4",179178,1,PART,PRCNCT,PCJ,PG_SV,"2025-12-07 21:54:08",1505,1176,314,15,0,565,550,0,15,0,563,2,1602,1037,117,112,0,220,26,0,0,0,2,0,84,0,1,0,0,1,0
47,"MUNICIPIUL BUCUREŞTI - SECTOR 4","ŞCOALA GIMNAZIALĂ NR. 97",685,"BUCUREŞTI SECTORUL 4",179178,1,PART,PRCNCT,PCJ,PG_SV,"2025-12-07 22:59:06",1263,1240,13,10,0,534,523,1,10,0,531,3,1402,868,90,127,2,207,21,0,4,0,1,0,72,4,0,1,2,0,0
47,"MUNICIPIUL BUCUREŞTI - SECTOR 4","ȘCOALA GIMNAZIALĂ NR. 97",692,"BUCUREŞTI SECTORUL 4",179178,2,PART,PRCNCT,PCJ,PG_SV,"2025-12-07 23:57:57",914,891,11,12,0,397,385,0,12,0,394,3,1000,603,73,114,0,126,21,0,0,0,0,0,57,0,0,1,1,1,0
47,"MUNICIPIUL BUCUREŞTI - SECTOR 4","ȘCOALA GIMNAZIALĂ NR. 97",691,"BUCUREŞTI SECTORUL 4",179178,2,PART,PRCNCT,PCJ,PG_SV,"2025-12-08 04:11:17",984,964,7,13,0,418,405,0,13,0,412,6,1100,682,59,93,0,151,22,0,0,0,0,0,85,1,0,0,0,0,1
47,"MUNICIPIUL BUCUREŞTI - SECTOR 4","ȘCOALA GIMNAZIALĂ NR. 97",690,"BUCUREŞTI SECTORUL 4",179178,2,PART,PRCNCT,PCJ,PG_SV,"2025-12-08 03:33:40",1457,1403,44,10,0,575,564,1,10,0,573,2,1600,1025,111,127,2,216,26,0,0,0,1,0,86,0,0,2,0,2,0
47,"MUNICIPIUL BUCUREŞTI - SECTOR 4","ȘCOALA GIMNAZIALĂ NR. 97",689,"BUCUREŞTI SECTORUL 4",179178,1,PART,PRCNCT,PCJ,PG_SV,"2025-12-07 22:38:40",1097,1072,11,13,1,473,459,0,13,1,472,1,1199,726,87,96,2,164,21,0,1,0,0,0,93,3,2,1,0,2,0
47,"MUNICIPIUL BUCUREŞTI - SECTOR 4","ŞCOALA GIMNAZIALĂ NR. 99",847,"BUCUREŞTI SECTORUL 4",179178,1,PART,PRCNCT,PCJ,PG_SV,"2025-12-07 22:24:40",1391,1380,3,8,0,426,418,0,8,0,423,3,1500,1074,28,138,4,78,25,0,0,2,0,1,139,1,4,2,1,0,0
47,"MUNICIPIUL BUCUREŞTI - SECTOR 4","ŞCOALA GIMNAZIALĂ NR. 99",845,"BUCUREŞTI SECTORUL 4",179178,1,PART,PRCNCT,PCJ,PG_SV,"2025-12-07 22:26:06",1419,1397,13,8,1,520,510,1,8,1,519,1,1600,1080,63,164,1,119,32,0,0,0,3,1,130,0,1,1,1,2,1
47,"MUNICIPIUL BUCUREŞTI - SECTOR 4","ŞCOALA GIMNAZIALĂ NR. 99",848,"BUCUREŞTI SECTORUL 4",179178,1,PART,PRCNCT,PCJ,PG_SV,"2025-12-07 21:59:17",1620,1608,5,7,0,489,482,0,7,0,480,9,1800,1311,35,149,0,95,28,1,1,2,1,0,157,0,2,2,4,2,1
47,"MUNICIPIUL BUCUREŞTI - SECTOR 4","ŞCOALA GIMNAZIALĂ NR. 99",846,"BUCUREŞTI SECTORUL 4",179178,1,PART,PRCNCT,PCJ,PG_SV,"2025-12-07 23:20:11",1716,1703,3,10,0,564,554,0,10,0,558,6,1900,1336,49,183,3,120,28,0,2,2,1,1,157,2,4,0,3,1,2
48,"MUNICIPIUL BUCUREŞTI - SECTOR 5","ȘCOALA GIMNAZIALĂ ”PETRACHE POENARU”",918,"BUCUREŞTI SECTORUL 5",179187,2,PART,PRCNCT,PCJ,PG_SV,"2025-12-07 23:39:47",1929,1921,2,6,0,395,389,0,6,0,393,2,2000,1605,27,93,0,77,12,0,1,1,1,0,172,1,2,1,2,1,2
48,"MUNICIPIUL BUCUREŞTI - SECTOR 5","ȘCOALA GIMNAZIALĂ ”PETRACHE POENARU”",913,"BUCUREŞTI SECTORUL 5",179187,1,PART,PRCNCT,PCJ,PG_SV,"2025-12-07 21:54:43",1942,1929,3,10,0,443,433,0,10,0,441,2,2000,1557,43,102,6,94,31,1,0,1,0,0,156,1,0,4,2,0,0
48,"MUNICIPIUL BUCUREŞTI - SECTOR 5","ȘCOALA GIMNAZIALĂ ”PETRACHE POENARU”",917,"BUCUREŞTI SECTORUL 5",179187,2,PART,PRCNCT,PCJ,PG_SV,"2025-12-08 03:47:21",1633,1624,3,6,0,279,273,0,6,0,277,2,1800,1521,24,84,1,44,11,0,2,3,0,1,102,0,1,1,0,3,0
48,"MUNICIPIUL BUCUREŞTI - SECTOR 5","ȘCOALA GIMNAZIALĂ ”PETRACHE POENARU”",914,"BUCUREŞTI SECTORUL 5",179187,1,PART,PRCNCT,PCJ,PG_SV,"2025-12-07 21:56:03",1702,1689,2,11,0,429,418,0,11,0,421,8,1800,1371,60,90,0,117,14,0,3,0,2,0,132,1,2,0,0,0,0
48,"MUNICIPIUL BUCUREŞTI - SECTOR 5","ȘCOALA GIMNAZIALĂ ”PETRACHE POENARU”",916,"BUCUREŞTI SECTORUL 5",179187,2,PART,PRCNCT,PCJ,PG_SV,"2025-12-08 03:57:50",1819,1797,14,8,0,417,409,0,8,0,412,5,2000,1583,33,118,2,71,21,0,0,1,0,1,156,0,3,4,1,0,1
48,"MUNICIPIUL BUCUREŞTI - SECTOR 5","ȘCOALA GIMNAZIALĂ ”PETRACHE POENARU”",919,"BUCUREŞTI SECTORUL 5",179187,1,PART,PRCNCT,PCJ,PG_SV,"2025-12-07 22:18:57",1685,1674,7,4,0,406,402,0,4,0,400,6,1800,1394,58,97,0,90,13,0,0,1,1,0,134,0,3,0,1,1,1
48,"MUNICIPIUL BUCUREŞTI - SECTOR 5","ȘCOALA GIMNAZIALĂ ”PETRACHE POENARU”",912,"BUCUREŞTI SECTORUL 5",179187,1,PART,PRCNCT,PCJ,PG_SV,"2025-12-07 22:20:03",1648,1639,3,6,0,288,282,0,6,0,286,2,1802,1514,39,68,0,56,11,1,2,0,0,0,108,0,0,1,0,0,0
48,"MUNICIPIUL BUCUREŞTI - SECTOR 5","ȘCOALA GIMNAZIALĂ ”PETRACHE POENARU”",915,"BUCUREŞTI SECTORUL 5",179187,1,PART,PRCNCT,PCJ,PG_SV,"2025-12-07 21:50:12",1858,1850,2,6,0,413,407,0,6,0,408,5,2000,1587,40,107,1,67,26,1,0,0,0,0,160,2,1,2,0,1,0
48,"MUNICIPIUL BUCUREŞTI - SECTOR 5","ȘCOALA GIMNAZIALĂ ”PETRACHE POENARU”",911,"BUCUREŞTI SECTORUL 5",179187,1,PART,PRCNCT,PCJ,PG_SV,"2025-12-07 21:45:29",1591,1583,1,7,0,302,295,0,7,0,297,5,1800,1498,26,73,2,51,14,0,0,2,1,0,127,1,0,0,0,0,0
45,"MUNICIPIUL BUCUREŞTI - SECTOR 2","ŞCOALA GIMNAZIALĂ ”PETRE GHELMEZ”",282,"BUCUREŞTI SECTORUL 2",179150,1,PART,PRCNCT,PCJ,PG_SV,"2025-12-07 22:34:30",1573,1556,7,10,0,512,502,0,10,0,510,2,1800,1288,87,121,2,126,25,0,0,1,2,0,143,0,3,0,0,0,0
45,"MUNICIPIUL BUCUREŞTI - SECTOR 2","ŞCOALA GIMNAZIALĂ ”PETRE GHELMEZ”",283,"BUCUREŞTI SECTORUL 2",179150,1,PART,PRCNCT,PCJ,PG_SV,"2025-12-07 22:25:49",1763,1736,16,10,1,789,777,1,10,1,785,4,2000,1211,162,115,1,342,52,0,0,0,0,0,108,0,2,1,1,0,1
45,"MUNICIPIUL BUCUREŞTI - SECTOR 2","ŞCOALA GIMNAZIALĂ ”PETRE GHELMEZ”",284,"BUCUREŞTI SECTORUL 2",179150,1,PART,PRCNCT,PCJ,PG_SV,"2025-12-07 21:52:23",1283,1238,37,8,0,393,385,0,8,0,388,5,1400,1007,62,78,0,140,26,0,0,0,0,0,81,0,0,0,0,1,0
45,"MUNICIPIUL BUCUREŞTI - SECTOR 2","ŞCOALA GIMNAZIALĂ ”PETRE GHELMEZ”",285,"BUCUREŞTI SECTORUL 2",179150,2,PART,PRCNCT,PCJ,PG_SV,"2025-12-08 02:25:01",1553,1541,8,4,0,513,508,1,4,0,509,4,1801,1288,66,121,0,112,28,0,0,0,0,0,177,2,3,0,0,0,0
45,"MUNICIPIUL BUCUREŞTI - SECTOR 2","ŞCOALA GIMNAZIALĂ ”PETRE GHELMEZ”",281,"BUCUREŞTI SECTORUL 2",179150,1,PART,PRCNCT,PCJ,PG_SV,"2025-12-07 22:27:41",1498,1465,27,6,0,530,524,0,6,0,520,10,1600,1070,78,109,1,173,31,0,3,0,0,0,122,2,0,1,0,0,0
45,"MUNICIPIUL BUCUREŞTI - SECTOR 2","ŞCOALA GIMNAZIALĂ ”PETRE GHELMEZ”",286,"BUCUREŞTI SECTORUL 2",179150,1,PART,PRCNCT,PCJ,PG_SV,"2025-12-07 22:49:25",1419,1400,11,8,0,521,513,0,8,0,509,12,1600,1079,74,133,1,152,26,1,0,1,0,0,116,1,2,0,2,0,0
44,"MUNICIPIUL BUCUREŞTI - SECTOR 1","ŞCOALA GIMNAZIALĂ ”PETRE ISPIRESCU”",132,"BUCUREŞTI SECTORUL 1",179141,1,PART,PRCNCT,PCJ,PG_SV,"2025-12-07 22:02:50",1058,1031,18,9,0,450,441,0,9,0,443,7,1150,700,52,69,0,209,19,0,0,2,0,0,90,0,1,0,0,1,0
44,"MUNICIPIUL BUCUREŞTI - SECTOR 1","ŞCOALA GIMNAZIALĂ ”PETRE ISPIRESCU”",130,"BUCUREŞTI SECTORUL 1",179141,1,PART,PRCNCT,PCJ,PG_SV,"2025-12-07 22:14:09",1529,1314,204,11,0,570,559,0,11,0,567,3,1670,1100,94,104,0,238,27,0,0,0,0,0,100,1,1,0,0,1,1
44,"MUNICIPIUL BUCUREŞTI - SECTOR 1","ŞCOALA GIMNAZIALĂ ”PETRE ISPIRESCU”",129,"BUCUREŞTI SECTORUL 1",179141,1,PART,PRCNCT,PCJ,PG_SV,"2025-12-07 22:53:32",1304,1289,7,8,0,568,560,0,8,0,565,3,1428,860,90,94,1,265,24,0,0,1,0,1,86,0,2,0,0,1,0
44,"MUNICIPIUL BUCUREŞTI - SECTOR 1","ŞCOALA GIMNAZIALĂ ”PETRE ISPIRESCU”",133,"BUCUREŞTI SECTORUL 1",179141,1,PART,PRCNCT,PCJ,PG_SV,"2025-12-07 22:14:18",1072,1055,6,11,0,484,472,1,11,0,479,5,1170,686,56,109,1,184,20,0,1,0,0,0,103,4,0,1,0,0,0
44,"MUNICIPIUL BUCUREŞTI - SECTOR 1","ŞCOALA GIMNAZIALĂ ”PETRE ISPIRESCU”",131,"BUCUREŞTI SECTORUL 1",179141,1,PART,PRCNCT,PCJ,PG_SV,"2025-12-07 22:27:55",1413,1289,116,8,0,543,535,0,8,0,542,1,1549,1006,71,100,0,265,23,1,0,0,1,0,78,0,1,0,1,1,0
44,"MUNICIPIUL BUCUREŞTI - SECTOR 1","ŞCOALA GIMNAZIALĂ ”PIA BRĂTIANU”",60,"BUCUREŞTI SECTORUL 1",179141,1,PART,PRCNCT,PCJ,PG_SV,"2025-12-07 23:09:04",1328,1249,66,13,0,541,527,1,13,0,538,3,1450,909,84,82,1,286,37,0,1,0,2,0,42,0,1,2,0,0,0
44,"MUNICIPIUL BUCUREŞTI - SECTOR 1","ŞCOALA GIMNAZIALĂ ”PIA BRĂTIANU”",59,"BUCUREŞTI SECTORUL 1",179141,3,PART,PRCNCT,PCJ,PG_SV,"2025-12-08 04:40:41",1310,1247,53,10,0,568,558,0,10,0,554,6,1437,869,89,108,0,263,25,0,0,0,0,0,65,0,2,1,0,0,1
48,"MUNICIPIUL BUCUREŞTI - SECTOR 5","ȘCOALA GIMNAZIALĂ ”PRINCIPESA MARGARETA”",923,"BUCUREŞTI SECTORUL 5",179187,1,PART,PRCNCT,PCJ,PG_SV,"2025-12-07 22:25:43",1056,1028,15,13,0,359,346,0,13,0,356,3,1200,841,63,72,0,104,35,0,0,1,0,0,78,1,0,1,0,1,0
48,"MUNICIPIUL BUCUREŞTI - SECTOR 5","ȘCOALA GIMNAZIALĂ ”PRINCIPESA MARGARETA”",920,"BUCUREŞTI SECTORUL 5",179187,2,PART,PRCNCT,PCJ,PG_SV,"2025-12-08 04:49:33",975,964,1,10,0,349,339,0,10,0,346,3,1000,651,51,71,0,139,15,2,0,0,1,1,61,2,0,1,2,0,0
48,"MUNICIPIUL BUCUREŞTI - SECTOR 5","ȘCOALA GIMNAZIALĂ ”PRINCIPESA MARGARETA”",921,"BUCUREŞTI SECTORUL 5",179187,1,PART,PRCNCT,PCJ,PG_SV,"2025-12-07 22:17:08",1076,1064,5,7,0,246,239,0,7,0,241,5,1200,954,35,40,2,59,16,0,2,0,0,0,85,1,0,1,0,0,0
48,"MUNICIPIUL BUCUREŞTI - SECTOR 5","ȘCOALA GIMNAZIALĂ ”PRINCIPESA MARGARETA”",922,"BUCUREŞTI SECTORUL 5",179187,1,PART,PRCNCT,PCJ,PG_SV,"2025-12-07 21:53:40",1651,1639,0,12,0,227,215,0,12,0,225,2,1800,1573,19,52,1,51,11,2,0,0,1,0,85,1,0,1,0,0,1
49,"MUNICIPIUL BUCUREŞTI - SECTOR 6","ŞCOALA GIMNAZIALĂ ”REGELE MIHAI I”",1199,"BUCUREŞTI SECTORUL 6",179196,1,PART,PRCNCT,PCJ,PG_SV,"2025-12-07 22:40:35",1338,1330,1,7,0,532,525,0,7,0,525,7,1400,868,45,90,0,245,27,2,0,2,0,0,108,1,0,3,0,1,1
49,"MUNICIPIUL BUCUREŞTI - SECTOR 6","ŞCOALA GIMNAZIALĂ ”REGELE MIHAI I”",1202,"BUCUREŞTI SECTORUL 6",179196,3,PART,PRCNCT,PCJ,PG_SV,"2025-12-08 01:48:37",940,929,1,10,0,382,372,0,10,0,380,2,1000,618,36,67,1,191,13,0,0,0,0,0,70,0,2,0,0,0,0
49,"MUNICIPIUL BUCUREŞTI - SECTOR 6","ŞCOALA GIMNAZIALĂ ”REGELE MIHAI I”",1201,"BUCUREŞTI SECTORUL 6",179196,1,PART,PRCNCT,PCJ,PG_SV,"2025-12-07 21:57:55",698,691,1,6,0,275,269,0,6,0,270,5,800,525,29,47,1,121,11,1,0,0,1,0,58,0,1,0,0,0,0
49,"MUNICIPIUL BUCUREŞTI - SECTOR 6","ŞCOALA GIMNAZIALĂ ”REGELE MIHAI I”",1200,"BUCUREŞTI SECTORUL 6",179196,1,PART,PRCNCT,PCJ,PG_SV,"2025-12-07 22:21:23",1145,1136,0,8,1,439,430,0,8,1,436,3,1203,764,49,62,0,199,18,0,0,1,0,1,106,0,0,0,0,0,0
47,"MUNICIPIUL BUCUREŞTI - SECTOR 4","ŞCOALA GIMNAZIALĂ ”ŞERBAN VODĂ”",801,"BUCUREŞTI SECTORUL 4",179178,1,PART,PRCNCT,PCJ,PG_SV,"2025-12-07 22:07:29",1527,1518,2,7,0,465,457,1,7,0,462,3,1700,1235,64,117,1,134,24,0,0,1,0,0,118,0,1,0,0,2,0
47,"MUNICIPIUL BUCUREŞTI - SECTOR 4","ŞCOALA GIMNAZIALĂ ”ŞERBAN VODĂ”",805,"BUCUREŞTI SECTORUL 4",179178,1,PART,PRCNCT,PCJ,PG_SV,"2025-12-07 22:59:16",1325,1303,13,9,0,535,526,0,9,0,532,3,1503,968,68,138,1,147,22,0,2,1,0,1,147,1,0,2,0,2,0
47,"MUNICIPIUL BUCUREŞTI - SECTOR 4","ŞCOALA GIMNAZIALĂ ”ŞERBAN VODĂ”",804,"BUCUREŞTI SECTORUL 4",179178,2,PART,PRCNCT,PCJ,PG_SV,"2025-12-08 02:43:20",1448,1360,82,6,0,491,485,0,6,0,489,2,1600,1109,78,119,1,113,23,1,0,0,0,1,146,3,0,2,2,0,0
47,"MUNICIPIUL BUCUREŞTI - SECTOR 4","ŞCOALA GIMNAZIALĂ ”ŞERBAN VODĂ”",803,"BUCUREŞTI SECTORUL 4",179178,2,PART,PRCNCT,PCJ,PG_SV,"2025-12-08 00:56:32",1429,1411,8,10,0,493,483,0,10,0,483,10,1600,1107,42,144,3,107,29,1,1,0,0,1,151,0,0,3,0,1,0
47,"MUNICIPIUL BUCUREŞTI - SECTOR 4","ŞCOALA GIMNAZIALĂ ”ŞERBAN VODĂ”",802,"BUCUREŞTI SECTORUL 4",179178,1,PART,PRCNCT,PCJ,PG_SV,"2025-12-07 22:24:23",1799,1780,5,14,0,631,617,0,14,0,629,2,2004,1373,63,166,1,158,41,2,0,1,0,2,189,1,3,0,1,0,1
49,"MUNICIPIUL BUCUREŞTI - SECTOR 6","ŞCOALA GIMNAZIALĂ ”SF. ANDREI”",1142,"BUCUREŞTI SECTORUL 6",179196,2,PART,PRCNCT,PCJ,PG_SV,"2025-12-08 03:03:43",1870,1859,5,6,0,751,745,0,6,0,744,7,2000,1249,46,118,1,439,19,0,0,1,0,0,114,2,1,2,0,0,1
49,"MUNICIPIUL BUCUREŞTI - SECTOR 6","ŞCOALA GIMNAZIALĂ ”SF. ANDREI”",1140,"BUCUREŞTI SECTORUL 6",179196,1,PART,PRCNCT,PCJ,PG_SV,"2025-12-07 22:44:21",1357,1344,7,5,1,500,494,0,5,1,493,7,1400,900,44,68,0,254,18,0,0,0,1,0,103,0,3,0,0,1,1
49,"MUNICIPIUL BUCUREŞTI - SECTOR 6","ŞCOALA GIMNAZIALĂ ”SF. ANDREI”",1139,"BUCUREŞTI SECTORUL 6",179196,1,PART,PRCNCT,PCJ,PG_SV,"2025-12-08 00:07:48",1746,1727,13,6,0,699,693,0,6,0,695,4,1798,1099,49,87,2,396,24,0,0,1,0,0,133,0,1,0,0,0,2
49,"MUNICIPIUL BUCUREŞTI - SECTOR 6","ŞCOALA GIMNAZIALĂ ”SF. ANDREI”",1138,"BUCUREŞTI SECTORUL 6",179196,1,PART,PRCNCT,PCJ,PG_SV,"2025-12-07 21:56:42",1448,1438,6,4,0,557,553,0,4,0,553,4,1400,843,41,95,1,287,16,0,1,0,0,0,106,1,0,2,0,2,1
49,"MUNICIPIUL BUCUREŞTI - SECTOR 6","ŞCOALA GIMNAZIALĂ ”SF. ANDREI”",1137,"BUCUREŞTI SECTORUL 6",179196,1,PART,PRCNCT,PCJ,PG_SV,"2025-12-07 23:31:02",1326,1319,2,5,0,540,535,0,5,0,538,2,1400,860,43,89,1,286,20,0,0,1,0,0,95,0,0,1,0,1,1
49,"MUNICIPIUL BUCUREŞTI - SECTOR 6","ŞCOALA GIMNAZIALĂ ”SF. ANDREI”",1136,"BUCUREŞTI SECTORUL 6",179196,1,PART,PRCNCT,PCJ,PG_SV,"2025-12-07 22:59:05",1467,1453,2,12,0,466,454,0,12,0,458,8,1600,1134,33,53,1,242,17,1,2,2,2,1,103,0,1,0,0,0,0
49,"MUNICIPIUL BUCUREŞTI - SECTOR 6","ŞCOALA GIMNAZIALĂ ”SF. ANDREI”",1135,"BUCUREŞTI SECTORUL 6",179196,1,PART,PRCNCT,PCJ,PG_SV,"2025-12-07 22:23:36",1927,1913,5,9,0,769,760,0,9,0,769,0,2000,1231,63,91,1,447,37,0,0,0,2,1,124,2,0,0,0,1,0
49,"MUNICIPIUL BUCUREŞTI - SECTOR 6","ŞCOALA GIMNAZIALĂ ”SF. ANDREI”",1143,"BUCUREŞTI SECTORUL 6",179196,2,PART,PRCNCT,PCJ,PG_SV,"2025-12-08 04:39:05",1966,1953,5,8,0,798,790,0,8,0,792,6,2199,1401,73,81,0,465,21,0,1,1,0,0,148,0,0,1,0,0,1
49,"MUNICIPIUL BUCUREŞTI - SECTOR 6","ŞCOALA GIMNAZIALĂ ”SF. ANDREI”",1141,"BUCUREŞTI SECTORUL 6",179196,1,PART,PRCNCT,PCJ,PG_SV,"2025-12-07 23:25:03",1346,1336,1,9,0,574,565,0,9,0,570,4,1399,825,50,86,0,348,10,1,2,2,0,0,69,0,0,0,0,2,0
49,"MUNICIPIUL BUCUREŞTI - SECTOR 6","ŞCOALA GIMNAZIALĂ ”SF. ANDREI”",1144,"BUCUREŞTI SECTORUL 6",179196,1,PART,PRCNCT,PCJ,PG_SV,"2025-12-07 23:24:06",2052,2006,36,10,0,894,884,0,10,0,893,1,2200,1306,92,58,0,595,62,2,0,0,0,0,81,0,1,2,0,0,0
49,"MUNICIPIUL BUCUREŞTI - SECTOR 6","ŞCOALA GIMNAZIALĂ ”SFÂNTA TREIME”",1182,"BUCUREŞTI SECTORUL 6",179196,1,PART,PRCNCT,PCJ,PG_SV,"2025-12-07 23:20:02",1788,1773,7,8,0,622,614,0,8,0,614,8,1800,1178,59,97,1,269,37,0,0,0,0,0,140,1,4,1,2,3,0
49,"MUNICIPIUL BUCUREŞTI - SECTOR 6","ŞCOALA GIMNAZIALĂ ”SFÂNTA TREIME”",1181,"BUCUREŞTI SECTORUL 6",179196,1,PART,PRCNCT,PCJ,PG_SV,"2025-12-07 22:36:53",1567,1552,4,10,1,521,510,0,10,1,519,2,1598,1077,46,66,1,250,16,1,2,1,3,0,130,0,0,0,0,1,2
49,"MUNICIPIUL BUCUREŞTI - SECTOR 6","ȘCOALA GIMNAZIALĂ ”SFÂNTA TREIME”",1179,"BUCUREŞTI SECTORUL 6",179196,1,PART,PRCNCT,PCJ,PG_SV,"2025-12-07 23:50:54",2024,1996,14,14,0,718,704,0,14,0,716,2,2200,1482,55,100,0,349,45,0,1,2,0,0,151,2,1,3,4,2,1
49,"MUNICIPIUL BUCUREŞTI - SECTOR 6","ȘCOALA GIMNAZIALĂ ”SFÂNTA TREIME”",1180,"BUCUREŞTI SECTORUL 6",179196,2,PART,PRCNCT,PCJ,PG_SV,"2025-12-08 04:40:36",1795,1776,10,9,0,626,616,1,9,0,619,7,1800,1174,59,103,1,272,38,0,0,0,1,0,141,0,2,1,1,0,0
49,"MUNICIPIUL BUCUREŞTI - SECTOR 6","ŞCOALA GIMNAZIALĂ ”SF. CONSTANTIN ŞI ELENA”",1151,"BUCUREŞTI SECTORUL 6",179196,1,PART,PRCNCT,PCJ,PG_SV,"2025-12-07 22:10:56",1181,1162,9,10,0,394,384,0,10,0,390,4,1200,806,29,58,0,198,19,0,1,1,0,0,81,0,1,0,2,0,0
49,"MUNICIPIUL BUCUREŞTI - SECTOR 6","ŞCOALA GIMNAZIALĂ ”SF. CONSTANTIN ŞI ELENA”",1152,"BUCUREŞTI SECTORUL 6",179196,2,PART,PRCNCT,PCJ,PG_SV,"2025-12-08 04:44:51",1379,1373,1,5,0,471,466,0,5,0,471,0,1400,929,29,72,0,247,19,0,0,1,0,1,97,0,1,0,2,0,2
49,"MUNICIPIUL BUCUREŞTI - SECTOR 6","ŞCOALA GIMNAZIALĂ ”SF. CONSTANTIN ŞI ELENA”",1156,"BUCUREŞTI SECTORUL 6",179196,1,PART,PRCNCT,PCJ,PG_SV,"2025-12-07 22:12:35",1061,1030,22,9,0,337,328,0,9,0,337,0,1000,663,34,48,0,152,21,0,0,0,1,0,80,0,0,0,0,1,0
49,"MUNICIPIUL BUCUREŞTI - SECTOR 6","ŞCOALA GIMNAZIALĂ ”SF. CONSTANTIN ŞI ELENA”",1155,"BUCUREŞTI SECTORUL 6",179196,2,PART,PRCNCT,PCJ,PG_SV,"2025-12-08 01:00:31",1425,1412,3,10,0,565,555,0,10,0,560,5,1400,835,50,87,0,279,17,0,0,0,0,2,119,0,2,0,0,4,0
49,"MUNICIPIUL BUCUREŞTI - SECTOR 6","ŞCOALA GIMNAZIALĂ ”SF. CONSTANTIN ŞI ELENA”",1154,"BUCUREŞTI SECTORUL 6",179196,1,PART,PRCNCT,PCJ,PG_SV,"2025-12-07 23:42:09",1186,1173,6,7,0,540,533,0,7,0,537,3,1200,660,41,110,0,271,16,0,0,0,0,0,97,1,0,1,0,0,0
49,"MUNICIPIUL BUCUREŞTI - SECTOR 6","ŞCOALA GIMNAZIALĂ ”SF. CONSTANTIN ŞI ELENA”",1153,"BUCUREŞTI SECTORUL 6",179196,2,PART,PRCNCT,PCJ,PG_SV,"2025-12-08 01:01:53",1312,1299,7,6,0,512,506,0,6,0,507,5,1400,888,32,84,2,273,22,0,1,0,0,0,89,0,1,1,2,0,0
49,"MUNICIPIUL BUCUREŞTI - SECTOR 6","SCOALA GIMNAZIALA SFINTII CONSTANTIN SI ELENA",1157,"BUCUREŞTI SECTORUL 6",179196,1,PART,PRCNCT,PCJ,PG_SV,"2025-12-07 22:15:00",1911,1881,17,13,0,740,726,1,13,0,740,0,2000,1260,72,71,1,436,43,0,0,1,0,0,113,1,0,1,1,0,0
44,"MUNICIPIUL BUCUREŞTI - SECTOR 1","ŞCOALA GIMNAZIALĂ ”SFINŢII VOIEVOZI”",116,"BUCUREŞTI SECTORUL 1",179141,1,PART,PRCNCT,PCJ,PG_SV,"2025-12-07 22:28:36",1445,1386,50,8,1,473,464,0,8,1,472,1,1590,1117,83,81,0,182,37,1,2,1,2,0,79,0,1,0,2,1,0
44,"MUNICIPIUL BUCUREŞTI - SECTOR 1","ŞCOALA GIMNAZIALĂ ”SFINŢII VOIEVOZI”",118,"BUCUREŞTI SECTORUL 1",179141,2,PART,PRCNCT,PCJ,PG_SV,"2025-12-07 23:21:11",1467,1314,141,12,0,477,464,1,12,0,475,2,1610,1133,63,100,0,175,33,5,2,1,2,1,90,0,1,1,1,0,0
44,"MUNICIPIUL BUCUREŞTI - SECTOR 1","ŞCOALA GIMNAZIALĂ ”SFINŢII VOIEVOZI”",117,"BUCUREŞTI SECTORUL 1",179141,1,PART,PRCNCT,PCJ,PG_SV,"2025-12-07 22:31:09",1123,1085,32,6,0,383,377,0,6,0,377,6,1230,847,55,82,0,105,35,2,0,0,1,0,95,0,1,0,0,1,0
44,"MUNICIPIUL BUCUREŞTI - SECTOR 1","ŞCOALA GIMNAZIALĂ ”SFINŢII VOIEVOZI”",115,"BUCUREŞTI SECTORUL 1",179141,1,PART,PRCNCT,PCJ,PG_SV,"2025-12-07 22:59:53",1191,1081,70,11,29,361,326,0,11,24,359,2,1270,909,54,82,0,116,31,0,2,1,0,1,68,1,1,0,1,1,0
44,"MUNICIPIUL BUCUREŞTI - SECTOR 1","ŞCOALA GIMNAZIALĂ ”SF.NICOLAE”",135,"BUCUREŞTI SECTORUL 1",179141,1,PART,PRCNCT,PCJ,PG_SV,"2025-12-07 23:40:36",1232,1210,15,7,0,423,416,0,7,0,420,3,1350,927,61,93,1,172,24,0,0,1,0,0,61,3,1,0,2,0,1
44,"MUNICIPIUL BUCUREŞTI - SECTOR 1","ŞCOALA GIMNAZIALĂ ”SF.NICOLAE”",134,"BUCUREŞTI SECTORUL 1",179141,1,PART,PRCNCT,PCJ,PG_SV,"2025-12-07 22:26:14",1412,1388,11,12,1,500,486,1,12,1,498,2,1541,1041,83,97,1,206,20,0,0,1,0,0,86,0,0,0,2,1,1
49,"MUNICIPIUL BUCUREŞTI - SECTOR 6","ŞCOALA GIMNAZIALĂ SPECIALĂ ”CONSTANTIN PĂUNESCU”",1132,"BUCUREŞTI SECTORUL 6",179196,1,PART,PRCNCT,PCJ,PG_SV,"2025-12-07 22:52:58",1424,1409,2,13,0,567,554,0,13,0,564,3,1600,1033,43,87,0,314,26,0,0,1,0,0,90,2,0,0,0,0,1
49,"MUNICIPIUL BUCUREŞTI - SECTOR 6","ŞCOALA GIMNAZIALĂ SPECIALĂ ”CONSTANTIN PĂUNESCU”",1131,"BUCUREŞTI SECTORUL 6",179196,1,PART,PRCNCT,PCJ,PG_SV,"2025-12-07 22:51:34",1571,1560,3,8,0,567,559,0,8,0,560,7,1600,1033,41,89,1,277,22,0,1,2,0,2,116,1,3,0,2,3,0
47,"MUNICIPIUL BUCUREŞTI - SECTOR 4","ȘCOALA GIMNAZIALĂ SPECIALĂ NR.4",711,"BUCUREŞTI SECTORUL 4",179178,1,PART,PRCNCT,PCJ,PG_SV,"2025-12-07 23:27:44",1564,1521,7,9,27,515,479,0,9,27,511,4,1700,1185,90,125,5,140,32,1,0,2,0,1,111,1,2,0,1,0,0
47,"MUNICIPIUL BUCUREŞTI - SECTOR 4","ȘCOALA GIMNAZIALĂ SPECIALĂ NR.4",709,"BUCUREŞTI SECTORUL 4",179178,1,PART,PRCNCT,PCJ,PG_SV,"2025-12-07 22:33:33",1789,1746,32,11,0,633,622,0,11,0,630,3,2000,1367,120,139,3,195,44,0,0,2,0,0,119,0,1,3,1,0,3
47,"MUNICIPIUL BUCUREŞTI - SECTOR 4","ȘCOALA GIMNAZIALĂ SPECIALĂ NR.4",710,"BUCUREŞTI SECTORUL 4",179178,2,PART,PRCNCT,PCJ,PG_SV,"2025-12-08 02:50:46",1727,1708,13,6,0,531,525,0,6,0,525,6,1900,1369,73,136,2,122,32,0,1,3,2,0,151,0,1,0,1,0,1
47,"MUNICIPIUL BUCUREŞTI - SECTOR 4","ȘCOALA GIMNAZIALĂ SPECIALĂ NR.4",712,"BUCUREŞTI SECTORUL 4",179178,1,PART,PRCNCT,PCJ,PG_SV,"2025-12-07 22:15:21",1664,1649,4,11,0,589,577,1,11,0,586,3,1800,1211,123,139,0,151,39,0,0,0,0,2,120,3,0,3,0,2,4
44,"MUNICIPIUL BUCUREŞTI - SECTOR 1","ŞCOALA GIMNAZIALĂ SPECIALĂ NR.8",28,"BUCUREŞTI SECTORUL 1",179141,1,PART,PRCNCT,PCJ,PG_SV,"2025-12-07 22:16:09",1384,1335,39,10,0,557,547,0,10,0,553,4,1520,963,109,101,2,243,31,0,0,1,0,1,64,0,0,0,0,0,1
44,"MUNICIPIUL BUCUREŞTI - SECTOR 1","ŞCOALA GIMNAZIALĂ SPECIALĂ NR.8",26,"BUCUREŞTI SECTORUL 1",179141,2,PART,PRCNCT,PCJ,PG_SV,"2025-12-08 00:55:21",1472,1422,38,12,0,563,551,0,12,0,561,2,1610,1047,86,84,0,261,37,0,0,0,0,0,92,0,0,0,0,1,0
44,"MUNICIPIUL BUCUREŞTI - SECTOR 1","ŞCOALA GIMNAZIALĂ SPECIALĂ NR.8",25,"BUCUREŞTI SECTORUL 1",179141,2,PART,PRCNCT,PCJ,PG_SV,"2025-12-08 00:50:25",1420,1393,17,9,1,429,419,0,9,1,425,4,1546,1117,74,62,2,141,33,1,0,0,0,0,106,1,3,2,0,0,0
44,"MUNICIPIUL BUCUREŞTI - SECTOR 1","ȘCOALA GIMNAZIALĂ SPECIALĂ NR.8",27,"BUCUREŞTI SECTORUL 1",179141,1,PART,PRCNCT,PCJ,PG_SV,"2025-12-07 22:57:50",1369,1329,28,12,0,529,517,0,12,0,527,2,1500,971,89,73,0,236,36,0,1,2,0,0,86,0,3,0,0,0,1
49,"MUNICIPIUL BUCUREŞTI - SECTOR 6","ŞCOALA GIMNAZIALĂ SPECIALĂ PENTRU DEFICIENŢI DE AUZ ”SF. MARIA”",1134,"BUCUREŞTI SECTORUL 6",179196,1,PART,PRCNCT,PCJ,PG_SV,"2025-12-07 23:09:35",1755,1705,38,12,0,763,751,0,12,0,762,1,1798,1035,66,71,1,489,31,0,1,0,0,0,98,0,1,2,0,1,1
49,"MUNICIPIUL BUCUREŞTI - SECTOR 6","ŞCOALA GIMNAZIALĂ SPECIALĂ PENTRU DEFICIENŢI DE AUZ ”SF. MARIA”",1133,"BUCUREŞTI SECTORUL 6",179196,2,PART,PRCNCT,PCJ,PG_SV,"2025-12-08 04:43:12",1798,1784,6,8,0,661,653,0,8,0,654,7,1800,1139,50,105,1,359,22,0,2,1,0,0,111,0,2,0,1,0,0
44,"MUNICIPIUL BUCUREŞTI - SECTOR 1","ŞCOALA GIMNAZIALĂ ”TITU MAIORESCU”",67,"BUCUREŞTI SECTORUL 1",179141,1,PART,PRCNCT,PCJ,PG_SV,"2025-12-07 22:52:37",1429,1365,51,13,0,591,577,1,13,0,587,4,1562,971,81,131,0,235,26,1,0,0,0,0,108,0,4,1,0,0,0
44,"MUNICIPIUL BUCUREŞTI - SECTOR 1","ŞCOALA GIMNAZIALĂ ”TITU MAIORESCU”",68,"BUCUREŞTI SECTORUL 1",179141,1,PART,PRCNCT,PCJ,PG_SV,"2025-12-07 22:50:46",1289,1252,28,9,0,506,496,1,9,0,503,3,1420,914,64,96,0,231,27,0,0,1,0,0,80,0,2,1,1,0,0
45,"MUNICIPIUL BUCUREŞTI - SECTOR 2","ŞCOALA GIMNAZIALĂ TUDOR ARGHEZI (FOSTA ȘCOALĂ NR. 19)",329,"BUCUREŞTI SECTORUL 2",179150,2,PART,PRCNCT,PCJ,PG_SV,"2025-12-08 01:15:01",1049,977,61,10,1,348,337,0,10,1,345,3,1200,852,49,54,1,156,18,0,0,1,0,0,62,0,2,0,2,0,0
45,"MUNICIPIUL BUCUREŞTI - SECTOR 2","ŞCOALA GIMNAZIALĂ TUDOR ARGHEZI (FOSTA ȘCOALĂ NR. 19)",330,"BUCUREŞTI SECTORUL 2",179150,1,PART,PRCNCT,PCJ,PG_SV,"2025-12-07 22:07:33",895,863,24,8,0,315,306,1,8,0,312,3,1200,885,48,51,0,132,17,1,0,0,3,0,59,0,0,1,0,0,0
44,"MUNICIPIUL BUCUREŞTI - SECTOR 1","ŞCOALA GIMNAZIALĂ ”URUGUAY”",108,"BUCUREŞTI SECTORUL 1",179141,1,PART,PRCNCT,PCJ,PG_SV,"2025-12-07 22:27:04",1238,1211,16,11,0,534,523,0,11,0,530,4,1350,816,88,97,1,224,28,0,0,1,1,0,84,0,2,0,1,1,2
44,"MUNICIPIUL BUCUREŞTI - SECTOR 1","ŞCOALA GIMNAZIALĂ ”URUGUAY”",107,"BUCUREŞTI SECTORUL 1",179141,1,PART,PRCNCT,PCJ,PG_SV,"2025-12-07 22:26:30",1291,1205,40,15,31,476,434,0,15,27,473,3,1370,894,76,79,0,195,37,0,0,0,1,0,81,0,1,2,1,0,0
44,"MUNICIPIUL BUCUREŞTI - SECTOR 1","ȘCOALA GIMNAZIALĂ ”URUGUAY”",105,"BUCUREŞTI SECTORUL 1",179141,1,PART,PRCNCT,PCJ,PG_SV,"2025-12-07 22:15:50",1221,1199,13,8,1,398,387,2,8,1,395,3,1340,942,66,46,1,182,21,0,0,0,0,0,76,0,0,0,0,1,2
44,"MUNICIPIUL BUCUREŞTI - SECTOR 1","ȘCOALA GIMNAZIALĂ ”URUGUAY”",106,"BUCUREŞTI SECTORUL 1",179141,1,PART,PRCNCT,PCJ,PG_SV,"2025-12-07 22:39:16",1240,1169,20,6,45,331,286,0,6,39,328,3,1310,979,33,80,1,109,12,1,1,1,0,0,84,3,1,1,0,1,0
44,"MUNICIPIUL BUCUREŞTI - SECTOR 1","ȘCOALA GIMNAZIALĂ ”URUGUAY”",109,"BUCUREŞTI SECTORUL 1",179141,1,PART,PRCNCT,PCJ,PG_SV,"2025-12-07 21:58:17",1223,1177,41,5,0,326,321,0,5,0,321,5,1350,1024,38,82,0,106,8,3,0,1,0,0,83,0,0,0,0,0,0
49,"MUNICIPIUL BUCUREŞTI - SECTOR 6","SCOALA NR. 161",1289,"BUCUREŞTI SECTORUL 6",179196,1,PART,PRCNCT,PCJ,PG_SV,"2025-12-07 22:01:59",1290,1282,2,6,0,324,318,0,6,0,319,5,1400,1076,22,55,1,112,12,1,0,3,0,0,109,0,0,1,1,2,0
45,"MUNICIPIUL BUCUREŞTI - SECTOR 2","ŞCOALA PROFESIONALĂ SPECIALĂ NR. 3",344,"BUCUREŞTI SECTORUL 2",179150,1,PART,PRCNCT,PCJ,PG_SV,"2025-12-07 22:29:04",1227,1179,35,13,0,419,406,0,13,0,419,0,1400,981,60,81,0,176,23,0,0,0,1,0,78,0,0,0,0,0,0
45,"MUNICIPIUL BUCUREŞTI - SECTOR 2","ŞCOALA PROFESIONALĂ SPECIALĂ NR. 3",343,"BUCUREŞTI SECTORUL 2",179150,2,PART,PRCNCT,PCJ,PG_SV,"2025-12-08 04:08:12",1578,1537,31,9,1,549,535,4,9,1,548,1,1800,1251,79,93,3,195,45,3,0,1,0,0,126,1,0,1,1,0,0
49,"MUNICIPIUL BUCUREŞTI - SECTOR 6","SERVICIUL STARE CIVILĂ SECTOR 6",1052,"BUCUREŞTI SECTORUL 6",179196,1,PART,PRCNCT,PCJ,PG_SV,"2025-12-07 22:39:50",1208,1182,17,8,1,520,510,1,8,1,517,3,1200,680,55,73,0,257,16,0,1,1,1,0,108,1,1,1,1,1,0
49,"MUNICIPIUL BUCUREŞTI - SECTOR 6","SERVICIUL STARE CIVILĂ SECTOR 6",1051,"BUCUREŞTI SECTORUL 6",179196,1,PART,PRCNCT,PCJ,PG_SV,"2025-12-07 22:50:10",875,864,2,9,0,354,345,0,9,0,353,1,798,444,53,54,0,164,24,0,0,0,0,0,54,1,2,1,0,0,0
49,"MUNICIPIUL BUCUREŞTI - SECTOR 6","UNIVERSITATEA BUCUREȘTI - FACULTATEA DE FILOSOFIE",1245,"BUCUREŞTI SECTORUL 6",179196,2,PART,PRCNCT,PCJ,PG_SV,"2025-12-08 02:19:33",1505,1442,47,15,1,674,658,0,15,1,672,2,1400,726,102,66,0,386,61,1,0,0,0,1,55,0,0,0,0,0,0
44,"MUNICIPIUL BUCUREŞTI - SECTOR 1","UNIVERSITATEA DE ARHITECTURĂ ŞI URBANISM ION MINCU",74,"BUCUREŞTI SECTORUL 1",179141,1,PART,PRCNCT,PCJ,PG_SV,"2025-12-07 22:24:53",1546,831,702,13,0,280,267,0,13,0,275,5,1690,1410,44,59,0,113,13,0,0,2,0,0,42,0,1,0,1,0,0
44,"MUNICIPIUL BUCUREŞTI - SECTOR 1","UNIVERSITATEA DE ARHITECTURĂ ŞI URBANISM ION MINCU",75,"BUCUREŞTI SECTORUL 1",179141,1,PART,PRCNCT,PCJ,PG_SV,"2025-12-07 22:45:12",1050,909,137,4,0,282,277,1,4,0,280,2,1160,878,34,61,0,91,23,0,0,1,0,0,68,2,0,0,0,0,0
44,"MUNICIPIUL BUCUREŞTI - SECTOR 1","UNIVERSITATEA DE ŞTIINŢE AGRONOMICE ŞI MEDICINĂ VETERINARĂ BUCUREŞTI",39,"BUCUREŞTI SECTORUL 1",179141,2,PART,PRCNCT,PCJ,PG_SV,"2025-12-08 05:23:45",1291,1198,73,11,9,515,497,0,11,7,512,3,1410,895,90,84,1,230,23,0,0,0,0,1,77,1,3,0,0,2,0
44,"MUNICIPIUL BUCUREŞTI - SECTOR 1","UNIVERSITATEA DE ȘTIINȚE AGRONOMICE ȘI MEDICINĂ VETERINARĂ BUCUREȘTI",38,"BUCUREŞTI SECTORUL 1",179141,1,PART,PRCNCT,PCJ,PG_SV,"2025-12-07 22:50:57",1386,1292,45,17,32,536,486,1,17,32,534,2,1470,934,78,86,0,251,24,0,0,1,0,0,88,0,0,4,1,1,0
44,"MUNICIPIUL BUCUREŞTI - SECTOR 1","UNIVERSITATEA NAŢIONALĂ DE MUZICĂ DIN BUCUREŞTI",83,"BUCUREŞTI SECTORUL 1",179141,2,PART,PRCNCT,PCJ,PG_SV,"2025-12-08 04:14:05",898,840,52,6,0,283,274,3,6,0,281,2,992,709,44,44,1,98,20,0,0,0,0,0,70,0,1,0,0,2,1
44,"MUNICIPIUL BUCUREŞTI - SECTOR 1","UNIVERSITATEA NAŢIONALĂ DE MUZICĂ DIN BUCUREŞTI",84,"BUCUREŞTI SECTORUL 1",179141,1,PART,PRCNCT,PCJ,PG_SV,"2025-12-07 22:03:50",870,825,33,12,0,330,316,2,12,0,328,2,950,620,62,52,1,128,26,0,0,0,0,0,55,1,1,1,1,0,0
45,"MUNICIPIUL BUCUREŞTI - SECTOR 2","UNIVERSITATEA TEHNICĂ DE CONSTRUCŢII BUCUREŞTI",193,"BUCUREŞTI SECTORUL 2",179150,1,PART,PRCNCT,PCJ,PG_SV,"2025-12-07 22:39:59",1571,1548,17,6,0,636,630,0,6,0,626,10,1800,1164,100,81,2,253,58,0,0,1,0,1,124,1,1,2,0,1,1
45,"MUNICIPIUL BUCUREŞTI - SECTOR 2","UNIVERSITATEA TEHNICĂ DE CONSTRUCŢII BUCUREŞTI",190,"BUCUREŞTI SECTORUL 2",179150,1,PART,PRCNCT,PCJ,PG_SV,"2025-12-07 22:02:01",1788,1719,60,9,0,578,569,0,9,0,576,2,2200,1622,73,123,0,192,31,0,0,0,0,0,146,1,2,3,0,4,1
45,"MUNICIPIUL BUCUREŞTI - SECTOR 2","UNIVERSITATEA TEHNICĂ DE CONSTRUCŢII BUCUREŞTI",191,"BUCUREŞTI SECTORUL 2",179150,1,PART,PRCNCT,PCJ,PG_SV,"2025-12-07 23:10:52",1430,1387,35,7,1,421,413,0,7,1,419,2,1600,1179,71,89,1,140,28,0,0,1,0,0,83,0,2,2,1,0,1
45,"MUNICIPIUL BUCUREŞTI - SECTOR 2","UNIVERSITATEA TEHNICĂ DE CONSTRUCŢII BUCUREŞTI",192,"BUCUREŞTI SECTORUL 2",179150,1,PART,PRCNCT,PCJ,PG_SV,"2025-12-07 21:59:49",1222,1213,2,7,0,283,276,0,7,0,281,2,1600,1317,35,49,0,81,15,0,0,0,0,1,93,1,4,2,0,0,0
45,"MUNICIPIUL BUCUREŞTI - SECTOR 2","UNIVERSITATEA TEHNICĂ DE CONSTRUCŢII BUCUREŞTI",189,"BUCUREŞTI SECTORUL 2",179150,3,PART,PRCNCT,PCJ,PG_SV,"2025-12-08 04:51:38",1627,1604,17,5,1,550,544,0,5,1,550,0,1798,1248,91,108,1,184,36,0,0,2,0,0,119,2,3,0,1,1,2
45,"MUNICIPIUL BUCUREŞTI - SECTOR 2","UNIVERSITATEA TEHNICĂ DE CONSTRUCŢII BUCUREŞTI",194,"BUCUREŞTI SECTORUL 2",179150,1,PART,PRCNCT,PCJ,PG_SV,"2025-12-07 22:59:11",1600,1566,26,8,0,368,360,0,8,0,366,2,1800,1432,70,69,1,97,25,1,1,0,0,0,96,0,1,5,0,0,0
45,"MUNICIPIUL BUCUREŞTI - SECTOR 2","UNIVERSITATEA TEHNICĂ DE CONSTRUCŢII BUCUREŞTI",185,"BUCUREŞTI SECTORUL 2",179150,1,PART,PRCNCT,PCJ,PG_SV,"2025-12-07 22:26:51",1655,1603,30,8,14,663,641,0,8,14,660,3,1800,1137,94,147,0,253,37,0,2,0,1,0,119,2,1,2,1,1,0
45,"MUNICIPIUL BUCUREŞTI - SECTOR 2","UNIVERSITATEA TEHNICĂ DE CONSTRUCŢII BUCUREŞTI",186,"BUCUREŞTI SECTORUL 2",179150,1,PART,PRCNCT,PCJ,PG_SV,"2025-12-07 22:50:55",1581,1533,42,6,0,444,438,0,6,0,439,5,1800,1356,65,97,1,115,23,0,0,1,0,3,131,0,0,2,0,0,1
45,"MUNICIPIUL BUCUREŞTI - SECTOR 2","UNIVERSITATEA TEHNICĂ DE CONSTRUCŢII BUCUREŞTI",187,"BUCUREŞTI SECTORUL 2",179150,2,PART,PRCNCT,PCJ,PG_SV,"2025-12-08 00:52:53",1613,1587,18,8,0,483,474,1,8,0,479,4,1800,1317,58,108,1,157,44,0,0,0,1,0,104,1,1,1,2,1,0
45,"MUNICIPIUL BUCUREŞTI - SECTOR 2","UNIVERSITATEA TEHNICĂ DE CONSTRUCŢII BUCUREŞTI",188,"BUCUREŞTI SECTORUL 2",179150,1,PART,PRCNCT,PCJ,PG_SV,"2025-12-07 21:56:39",1584,1492,86,6,0,515,509,0,6,0,511,4,1800,1285,101,111,1,155,30,0,0,0,0,3,105,0,1,0,3,0,1
